{"type": "FeatureCollection", "features": [{"type": "Feature", "properties": {"state": "Kelantan", "seat": "N.01 Pengkalan Kubor", "seat_name": "Pengkalan Kubor"}, "geometry": {"type": "MultiPolygon", "coordinates": [[[[102.11315, 6.22643], [102.12996, 6.21794], [102.14546, 6.22154], [102.15963, 6.22163], [102.16563, 6.22063], [102.16819, 6.21927], [102.16182, 6.2208], [102.15749, 6.2198], [102.15261, 6.21607], [102.1526, 6.21973], [102.14712, 6.2196], [102.14315, 6.21689], [102.13916, 6.21778], [102.13481, 6.21455], [102.13408, 6.2154], [102.13637, 6.21704], [102.1327, 6.21545], [102.13292, 6.21673], [102.12574, 6.21611], [102.132, 6.21215], [102.12832, 6.20513], [102.1268, 6.20494], [102.12872, 6.20307], [102.11895, 6.20029], [102.11829, 6.19837], [102.12221, 6.19709], [102.12464, 6.19968], [102.13265, 6.1961], [102.1339, 6.19699], [102.13954, 6.19467], [102.13818, 6.1889], [102.14323, 6.18856], [102.14098, 6.18541], [102.13578, 6.16631], [102.13206, 6.16801], [102.12979, 6.16509], [102.13183, 6.16305], [102.1312, 6.15899], [102.13302, 6.15842], [102.13159, 6.1537], [102.12895, 6.14898], [102.09873, 6.14929], [102.09311, 6.14767], [102.09021, 6.15084], [102.09172, 6.15445], [102.08946, 6.15893], [102.08515, 6.15832], [102.08443, 6.1621], [102.08609, 6.16522], [102.08306, 6.16867], [102.08376, 6.17141], [102.07908, 6.17159], [102.08112, 6.18075], [102.07795, 6.1905], [102.07807, 6.19768], [102.0807, 6.20251], [102.07949, 6.20981], [102.08157, 6.21972], [102.08074, 6.22488], [102.09272, 6.23423], [102.09195, 6.23968], [102.08677, 6.24396], [102.09009, 6.24321], [102.11315, 6.22643]]]]}}, {"type": "Feature", "properties": {"state": "Kelantan", "seat": "N.02 Kelaboran", "seat_name": "Kelaboran"}, "geometry": {"type": "MultiPolygon", "coordinates": [[[[102.21886, 6.21877], [102.22364, 6.21868], [102.22633, 6.2088], [102.23241, 6.20116], [102.23387, 6.18802], [102.23747, 6.18399], [102.23519, 6.18052], [102.23797, 6.17409], [102.23195, 6.17128], [102.23241, 6.16853], [102.22879, 6.16681], [102.22797, 6.17007], [102.22561, 6.16743], [102.22093, 6.16582], [102.22002, 6.17011], [102.21486, 6.17366], [102.20851, 6.17337], [102.20466, 6.17076], [102.20421, 6.17193], [102.19901, 6.16854], [102.1985, 6.16533], [102.20494, 6.15873], [102.20543, 6.15315], [102.20167, 6.15535], [102.19874, 6.15505], [102.19614, 6.14784], [102.18129, 6.15121], [102.18046, 6.15444], [102.17761, 6.15713], [102.17875, 6.15853], [102.1677, 6.16285], [102.16471, 6.16281], [102.16401, 6.16141], [102.16124, 6.16231], [102.1609, 6.16007], [102.15766, 6.15816], [102.15689, 6.16158], [102.15364, 6.16304], [102.15167, 6.16608], [102.15278, 6.17081], [102.13946, 6.1771], [102.14098, 6.18541], [102.14323, 6.18856], [102.13818, 6.1889], [102.13954, 6.19467], [102.12464, 6.19968], [102.12221, 6.19709], [102.11829, 6.19837], [102.11895, 6.20029], [102.12872, 6.20307], [102.1268, 6.20494], [102.12832, 6.20513], [102.132, 6.21215], [102.14741, 6.20562], [102.14793, 6.20685], [102.15597, 6.20595], [102.16076, 6.20354], [102.15913, 6.20232], [102.15167, 6.20441], [102.15271, 6.20277], [102.16184, 6.20079], [102.16333, 6.20114], [102.16248, 6.20321], [102.1646, 6.20344], [102.1655, 6.20086], [102.17395, 6.20006], [102.18023, 6.20508], [102.18351, 6.20584], [102.182, 6.20789], [102.17685, 6.2095], [102.17703, 6.21363], [102.18682, 6.21647], [102.18805, 6.21293], [102.18908, 6.21771], [102.19624, 6.21646], [102.19904, 6.21854], [102.19889, 6.21719], [102.20841, 6.21621], [102.21699, 6.21704], [102.21886, 6.21877]]]]}}, {"type": "Feature", "properties": {"state": "Kelantan", "seat": "N.03 Pasir Pekan", "seat_name": "Pasir Pekan"}, "geometry": {"type": "MultiPolygon", "coordinates": [[[[102.24759, 6.17438], [102.24663, 6.16694], [102.23688, 6.15725], [102.23412, 6.15205], [102.23126, 6.14246], [102.23248, 6.1349], [102.23104, 6.12127], [102.2274, 6.11317], [102.21967, 6.10341], [102.21849, 6.09646], [102.21954, 6.08872], [102.20751, 6.08907], [102.2083, 6.0909], [102.20702, 6.09154], [102.18847, 6.09712], [102.18862, 6.10113], [102.18528, 6.10201], [102.18571, 6.10578], [102.19552, 6.11384], [102.20134, 6.1117], [102.2062, 6.12093], [102.20615, 6.12356], [102.20838, 6.1254], [102.20825, 6.13154], [102.2068, 6.13211], [102.20786, 6.13609], [102.20423, 6.14275], [102.20562, 6.1565], [102.19861, 6.16492], [102.19888, 6.16838], [102.20851, 6.17337], [102.21486, 6.17366], [102.22002, 6.17011], [102.22093, 6.16582], [102.22561, 6.16743], [102.22797, 6.17007], [102.22879, 6.16681], [102.23241, 6.16853], [102.23195, 6.17128], [102.23797, 6.17409], [102.23519, 6.18052], [102.23747, 6.18399], [102.24446, 6.18019], [102.24759, 6.17438]]]]}}, {"type": "Feature", "properties": {"state": "Kelantan", "seat": "N.04 Wakaf Bharu", "seat_name": "Wakaf Bharu"}, "geometry": {"type": "MultiPolygon", "coordinates": [[[[102.14611, 6.17377], [102.15278, 6.17081], [102.15222, 6.16468], [102.15689, 6.16158], [102.1562, 6.16054], [102.15838, 6.1578], [102.15927, 6.16022], [102.1609, 6.16007], [102.16025, 6.16178], [102.1677, 6.16285], [102.17875, 6.15853], [102.17761, 6.15713], [102.18046, 6.15444], [102.18129, 6.15121], [102.19596, 6.14785], [102.19874, 6.15505], [102.20167, 6.15535], [102.20543, 6.15315], [102.20423, 6.14275], [102.20786, 6.13609], [102.2068, 6.13211], [102.20825, 6.13154], [102.20846, 6.12618], [102.20134, 6.1117], [102.19552, 6.11384], [102.18809, 6.10778], [102.18578, 6.11167], [102.17601, 6.11268], [102.1749, 6.11416], [102.16435, 6.1155], [102.16441, 6.11652], [102.15325, 6.11367], [102.1493, 6.11406], [102.14378, 6.11795], [102.14412, 6.12071], [102.14075, 6.1242], [102.14096, 6.12583], [102.13793, 6.1274], [102.13271, 6.12518], [102.12957, 6.12788], [102.12449, 6.1272], [102.12498, 6.13166], [102.12268, 6.13219], [102.12307, 6.13452], [102.12056, 6.13569], [102.12115, 6.13742], [102.12362, 6.13793], [102.12493, 6.14122], [102.12753, 6.14079], [102.12678, 6.13896], [102.13349, 6.13805], [102.13269, 6.14017], [102.13465, 6.14178], [102.12865, 6.14502], [102.12724, 6.1491], [102.12895, 6.14898], [102.13302, 6.15842], [102.1312, 6.15899], [102.13183, 6.16305], [102.12979, 6.16509], [102.13206, 6.16801], [102.13578, 6.16631], [102.13946, 6.1771], [102.14611, 6.17377]]]]}}, {"type": "Feature", "properties": {"state": "Kelantan", "seat": "N.05 Kijang", "seat_name": "Kijang"}, "geometry": {"type": "MultiPolygon", "coordinates": [[[[102.22173, 6.22534], [102.25908, 6.2048], [102.26639, 6.20319], [102.28253, 6.19234], [102.27996, 6.18836], [102.27816, 6.18925], [102.27637, 6.18383], [102.27113, 6.18622], [102.26937, 6.18384], [102.26639, 6.18563], [102.26315, 6.17959], [102.25997, 6.17867], [102.25661, 6.18045], [102.25268, 6.17536], [102.25909, 6.1749], [102.25903, 6.17351], [102.26173, 6.17307], [102.26127, 6.17013], [102.26751, 6.16784], [102.26374, 6.16111], [102.26273, 6.14765], [102.25885, 6.14998], [102.25602, 6.14499], [102.25054, 6.14603], [102.2498, 6.15134], [102.24716, 6.15159], [102.24545, 6.14765], [102.23949, 6.14455], [102.23505, 6.13475], [102.23248, 6.1349], [102.2312, 6.14076], [102.23412, 6.15205], [102.23688, 6.15725], [102.24663, 6.16694], [102.24777, 6.17349], [102.24446, 6.18019], [102.23447, 6.18661], [102.23257, 6.20076], [102.22633, 6.2088], [102.22364, 6.21868], [102.23091, 6.21493], [102.23274, 6.21539], [102.2358, 6.21122], [102.23629, 6.21613], [102.22158, 6.224], [102.22173, 6.22534]]]]}}, {"type": "Feature", "properties": {"state": "Kelantan", "seat": "N.06 Chempaka", "seat_name": "Chempaka"}, "geometry": {"type": "MultiPolygon", "coordinates": [[[[102.28677, 6.19062], [102.29619, 6.1903], [102.32343, 6.18114], [102.33788, 6.17225], [102.33923, 6.16875], [102.3409, 6.16858], [102.34035, 6.17031], [102.34252, 6.1674], [102.3422, 6.16412], [102.33319, 6.15516], [102.32062, 6.13768], [102.31846, 6.1375], [102.31814, 6.14079], [102.32186, 6.15071], [102.3267, 6.15566], [102.32659, 6.16189], [102.31596, 6.16061], [102.31502, 6.16177], [102.31463, 6.16034], [102.31211, 6.15995], [102.31265, 6.16182], [102.2998, 6.16196], [102.29453, 6.16513], [102.2843, 6.16315], [102.28217, 6.15818], [102.28207, 6.15532], [102.28867, 6.14909], [102.29008, 6.1429], [102.28914, 6.14064], [102.28576, 6.13741], [102.26752, 6.13715], [102.26909, 6.14952], [102.26426, 6.15109], [102.26314, 6.1531], [102.26378, 6.16126], [102.26751, 6.16784], [102.26127, 6.17013], [102.26173, 6.17307], [102.25903, 6.17351], [102.25909, 6.1749], [102.25268, 6.17536], [102.25661, 6.18045], [102.25997, 6.17867], [102.26315, 6.17959], [102.26639, 6.18563], [102.26937, 6.18384], [102.27113, 6.18622], [102.27637, 6.18383], [102.27816, 6.18925], [102.27996, 6.18836], [102.28253, 6.19234], [102.28677, 6.19062]]]]}}, {"type": "Feature", "properties": {"state": "Kelantan", "seat": "N.07 Panchor", "seat_name": "Panchor"}, "geometry": {"type": "MultiPolygon", "coordinates": [[[[102.29558, 6.16476], [102.2998, 6.16196], [102.31265, 6.16182], [102.31211, 6.15995], [102.31463, 6.16034], [102.31502, 6.16177], [102.31596, 6.16061], [102.32659, 6.16189], [102.3268, 6.15593], [102.32159, 6.15018], [102.31813, 6.13842], [102.31939, 6.1371], [102.32169, 6.13851], [102.32881, 6.14817], [102.331, 6.14586], [102.33148, 6.14071], [102.33595, 6.13756], [102.33401, 6.13337], [102.33536, 6.12816], [102.33482, 6.11234], [102.32805, 6.1149], [102.31994, 6.11301], [102.31763, 6.11476], [102.30884, 6.11378], [102.30499, 6.10214], [102.29999, 6.10098], [102.2928, 6.10315], [102.29068, 6.10611], [102.29397, 6.11503], [102.2909, 6.11753], [102.28749, 6.11631], [102.28074, 6.12117], [102.28122, 6.12242], [102.27687, 6.12369], [102.27481, 6.12756], [102.27098, 6.12774], [102.26982, 6.13456], [102.26753, 6.13716], [102.28576, 6.13741], [102.28978, 6.14163], [102.28845, 6.14951], [102.28206, 6.15535], [102.2843, 6.16315], [102.29558, 6.16476]]]]}}, {"type": "Feature", "properties": {"state": "Kelantan", "seat": "N.08 Tanjong Mas", "seat_name": "Tanjong Mas"}, "geometry": {"type": "MultiPolygon", "coordinates": [[[[102.26602, 6.15048], [102.26909, 6.14952], [102.26689, 6.13924], [102.26982, 6.13456], [102.27098, 6.12774], [102.27481, 6.12756], [102.27687, 6.12369], [102.28122, 6.12242], [102.28074, 6.12117], [102.28749, 6.11631], [102.2909, 6.11753], [102.29397, 6.11503], [102.29151, 6.11], [102.28621, 6.11112], [102.28461, 6.10939], [102.27624, 6.10878], [102.26922, 6.10571], [102.2666, 6.09959], [102.24717, 6.11608], [102.25108, 6.11597], [102.2513, 6.13423], [102.23746, 6.14079], [102.23973, 6.14483], [102.24545, 6.14765], [102.24732, 6.15165], [102.2498, 6.15134], [102.25009, 6.14628], [102.25554, 6.14491], [102.25856, 6.14991], [102.26268, 6.14759], [102.26314, 6.1531], [102.26602, 6.15048]]]]}}, {"type": "Feature", "properties": {"state": "Kelantan", "seat": "N.09 Kota Lama", "seat_name": "Kota Lama"}, "geometry": {"type": "MultiPolygon", "coordinates": [[[[102.25025, 6.13479], [102.25151, 6.12915], [102.25079, 6.1157], [102.24226, 6.11737], [102.23468, 6.1154], [102.22912, 6.11631], [102.23122, 6.12213], [102.23248, 6.1349], [102.23505, 6.13475], [102.23746, 6.14079], [102.25025, 6.13479]]]]}}, {"type": "Feature", "properties": {"state": "Kelantan", "seat": "N.10 Bunut Payong", "seat_name": "Bunut Payong"}, "geometry": {"type": "MultiPolygon", "coordinates": [[[[102.24459, 6.11684], [102.24717, 6.11624], [102.2666, 6.09959], [102.26514, 6.09648], [102.25683, 6.09417], [102.25185, 6.09001], [102.24005, 6.08473], [102.23918, 6.08226], [102.23844, 6.08486], [102.22701, 6.08355], [102.22024, 6.08492], [102.21853, 6.09729], [102.22156, 6.10698], [102.22878, 6.11637], [102.23448, 6.11539], [102.24459, 6.11684]]]]}}, {"type": "Feature", "properties": {"state": "Kelantan", "seat": "N.11 Tendong", "seat_name": "Tendong"}, "geometry": {"type": "MultiPolygon", "coordinates": [[[[102.1187, 6.14882], [102.12724, 6.1491], [102.12865, 6.14502], [102.13465, 6.14178], [102.13269, 6.14017], [102.13349, 6.13805], [102.12678, 6.13896], [102.12753, 6.14079], [102.12493, 6.14122], [102.12362, 6.13793], [102.12115, 6.13742], [102.12056, 6.13569], [102.12307, 6.13452], [102.12268, 6.13219], [102.12498, 6.13166], [102.12449, 6.1272], [102.12957, 6.12788], [102.13271, 6.12518], [102.13793, 6.1274], [102.14096, 6.12583], [102.14075, 6.1242], [102.14412, 6.12071], [102.14378, 6.11795], [102.1493, 6.11406], [102.15325, 6.11367], [102.16441, 6.11652], [102.16435, 6.1155], [102.1749, 6.11416], [102.17601, 6.11268], [102.18578, 6.11167], [102.18812, 6.10821], [102.18571, 6.10578], [102.18528, 6.10201], [102.18862, 6.10113], [102.18847, 6.09712], [102.20702, 6.09154], [102.2083, 6.0909], [102.20751, 6.08907], [102.21954, 6.08872], [102.22138, 6.07213], [102.21913, 6.06495], [102.21482, 6.05871], [102.2037, 6.04954], [102.19218, 6.04414], [102.18598, 6.05502], [102.18486, 6.06048], [102.1821, 6.05752], [102.17591, 6.05685], [102.17086, 6.05212], [102.16931, 6.06461], [102.17123, 6.06469], [102.17078, 6.06707], [102.17249, 6.07177], [102.1741, 6.07238], [102.17266, 6.07353], [102.17525, 6.07857], [102.16977, 6.07907], [102.16942, 6.07546], [102.16572, 6.0741], [102.16315, 6.07582], [102.15878, 6.07564], [102.15529, 6.0828], [102.15217, 6.08413], [102.15197, 6.08646], [102.15002, 6.08504], [102.13196, 6.08461], [102.13224, 6.07936], [102.13113, 6.07915], [102.12596, 6.08665], [102.12653, 6.09702], [102.12492, 6.10713], [102.1187, 6.1076], [102.11814, 6.10598], [102.1167, 6.10642], [102.1137, 6.10891], [102.11202, 6.11344], [102.1054, 6.11699], [102.10577, 6.12334], [102.10168, 6.13526], [102.10299, 6.1427], [102.10009, 6.14851], [102.1187, 6.14882]]]]}}, {"type": "Feature", "properties": {"state": "Kelantan", "seat": "N.12 Pengkalan Pasir", "seat_name": "Pengkalan Pasir"}, "geometry": {"type": "MultiPolygon", "coordinates": [[[[102.15197, 6.08646], [102.15217, 6.08413], [102.15529, 6.0828], [102.15878, 6.07564], [102.16315, 6.07582], [102.16572, 6.0741], [102.16942, 6.07546], [102.16977, 6.07907], [102.17525, 6.07857], [102.17266, 6.07353], [102.1741, 6.07238], [102.17249, 6.07177], [102.17078, 6.06707], [102.17123, 6.06469], [102.16931, 6.06461], [102.17086, 6.05212], [102.17591, 6.05685], [102.1821, 6.05752], [102.18486, 6.06048], [102.18598, 6.05502], [102.19218, 6.04414], [102.15437, 6.04465], [102.14751, 6.04103], [102.14447, 6.03638], [102.14026, 6.03827], [102.13684, 6.03636], [102.12286, 6.03432], [102.12232, 6.03791], [102.11812, 6.03901], [102.11494, 6.04753], [102.1199, 6.04815], [102.12287, 6.05333], [102.12107, 6.05715], [102.11714, 6.05716], [102.11699, 6.05872], [102.12067, 6.06099], [102.11955, 6.06347], [102.12116, 6.06367], [102.12227, 6.06174], [102.12508, 6.06163], [102.12547, 6.06292], [102.12703, 6.06167], [102.13379, 6.06324], [102.13499, 6.06513], [102.1311, 6.0743], [102.13258, 6.07449], [102.13106, 6.07882], [102.13224, 6.07936], [102.13196, 6.08461], [102.15002, 6.08504], [102.15197, 6.08646]]]]}}, {"type": "Feature", "properties": {"state": "Kelantan", "seat": "N.13 Meranti", "seat_name": "Meranti"}, "geometry": {"type": "MultiPolygon", "coordinates": [[[[102.09949, 6.14907], [102.10295, 6.14296], [102.10158, 6.13613], [102.10577, 6.12334], [102.10509, 6.1175], [102.11202, 6.11344], [102.1137, 6.10891], [102.1167, 6.10642], [102.11814, 6.10598], [102.1187, 6.1076], [102.12492, 6.10713], [102.12653, 6.09702], [102.12596, 6.08665], [102.13121, 6.08016], [102.13258, 6.07449], [102.1311, 6.0743], [102.13164, 6.07227], [102.1352, 6.06561], [102.13379, 6.06324], [102.12703, 6.06167], [102.12547, 6.06292], [102.12508, 6.06163], [102.12227, 6.06174], [102.12116, 6.06367], [102.11955, 6.06347], [102.12067, 6.06099], [102.11699, 6.05872], [102.11728, 6.0568], [102.12107, 6.05715], [102.12287, 6.05333], [102.1199, 6.04815], [102.11494, 6.04753], [102.11812, 6.03901], [102.12232, 6.03791], [102.12286, 6.03432], [102.05643, 6.02647], [102.04164, 6.028], [102.03815, 6.03326], [102.03471, 6.04527], [102.0305, 6.0437], [102.03006, 6.04904], [102.02532, 6.05218], [102.02542, 6.05744], [102.0272, 6.06005], [102.02523, 6.06314], [102.02965, 6.06502], [102.03197, 6.07121], [102.03409, 6.06951], [102.04427, 6.07417], [102.04398, 6.07636], [102.05462, 6.08041], [102.05835, 6.09132], [102.06125, 6.09119], [102.05917, 6.09743], [102.06127, 6.09675], [102.06044, 6.09897], [102.0618, 6.10334], [102.06551, 6.10727], [102.06688, 6.10686], [102.06785, 6.10998], [102.07046, 6.10895], [102.07167, 6.11485], [102.07439, 6.11563], [102.0731, 6.11817], [102.07545, 6.118], [102.07439, 6.11965], [102.07607, 6.12459], [102.079, 6.12465], [102.07781, 6.12804], [102.08197, 6.12925], [102.08278, 6.13621], [102.08861, 6.13832], [102.08758, 6.14074], [102.09311, 6.14767], [102.09949, 6.14907]]]]}}, {"type": "Feature", "properties": {"state": "Kelantan", "seat": "N.14 Chetok", "seat_name": "Chetok"}, "geometry": {"type": "MultiPolygon", "coordinates": [[[[102.14078, 6.03802], [102.14447, 6.03638], [102.14574, 6.0323], [102.1512, 6.02698], [102.17556, 6.01454], [102.18241, 6.00927], [102.18739, 6.00308], [102.1911, 5.99291], [102.19904, 5.98448], [102.20623, 5.97113], [102.20702, 5.96473], [102.20537, 5.95225], [102.20012, 5.93638], [102.19539, 5.91216], [102.18191, 5.88644], [102.17375, 5.88859], [102.17143, 5.88573], [102.16906, 5.88908], [102.16924, 5.89301], [102.16423, 5.89455], [102.161, 5.89792], [102.1512, 5.89911], [102.15073, 5.89802], [102.14948, 5.89943], [102.14984, 5.9042], [102.1461, 5.9043], [102.14564, 5.90614], [102.14268, 5.90651], [102.14182, 5.90404], [102.13327, 5.89658], [102.12631, 5.89726], [102.12674, 5.91245], [102.12982, 5.91364], [102.13294, 5.91769], [102.13574, 5.91738], [102.1358, 5.92465], [102.12891, 5.92906], [102.12699, 5.93381], [102.1301, 5.93828], [102.13558, 5.9418], [102.13902, 5.94749], [102.13822, 5.95025], [102.13521, 5.95089], [102.13382, 5.95401], [102.14149, 5.95837], [102.14314, 5.96219], [102.15127, 5.96118], [102.15414, 5.96246], [102.15641, 5.96677], [102.15552, 5.96795], [102.15733, 5.96897], [102.15642, 5.97143], [102.15787, 5.97176], [102.15534, 5.97258], [102.15626, 5.97529], [102.15764, 5.97507], [102.15587, 5.97829], [102.15638, 5.98183], [102.16112, 5.98891], [102.15616, 5.99748], [102.16033, 6.00051], [102.16016, 6.00635], [102.15576, 6.00797], [102.15632, 6.00939], [102.15275, 6.01107], [102.15142, 6.01425], [102.15376, 6.01629], [102.15216, 6.01985], [102.15322, 6.02095], [102.13273, 6.02038], [102.13387, 6.03074], [102.1297, 6.03547], [102.14078, 6.03802]]]]}}, {"type": "Feature", "properties": {"state": "Kelantan", "seat": "N.15 Gual Periok", "seat_name": "Gual Periok"}, "geometry": {"type": "MultiPolygon", "coordinates": [[[[102.02523, 6.0524], [102.03006, 6.04904], [102.0305, 6.0437], [102.03471, 6.04527], [102.03815, 6.03326], [102.04164, 6.028], [102.05119, 6.02685], [102.05661, 6.01891], [102.0563, 5.98435], [102.05509, 5.98249], [102.05644, 5.98174], [102.05497, 5.97996], [102.05692, 5.96969], [102.05415, 5.96936], [102.05725, 5.96874], [102.05742, 5.96233], [102.05243, 5.95197], [102.05283, 5.94414], [102.05153, 5.94364], [102.05314, 5.94278], [102.05277, 5.9313], [102.0387, 5.93264], [102.03623, 5.93233], [102.03584, 5.92942], [102.02918, 5.92864], [102.02738, 5.93054], [102.0211, 5.92936], [102.02088, 5.92777], [102.01752, 5.92952], [102.01533, 5.9278], [102.01197, 5.92902], [102.01, 5.92355], [102.00742, 5.92443], [102.0071, 5.92279], [102.00442, 5.92271], [102.00246, 5.92053], [101.99743, 5.92074], [101.98863, 5.92619], [101.98285, 5.9322], [101.97267, 5.9349], [101.93995, 5.90695], [101.93541, 5.90401], [101.93286, 5.90465], [101.9327, 5.90668], [101.93056, 5.90492], [101.93064, 5.90962], [101.92777, 5.9103], [101.92594, 5.90863], [101.92288, 5.91032], [101.92172, 5.91772], [101.92473, 5.92113], [101.92398, 5.92392], [101.92775, 5.92348], [101.9313, 5.93208], [101.92969, 5.9348], [101.93182, 5.93607], [101.92963, 5.93823], [101.93209, 5.94487], [101.92946, 5.94465], [101.92976, 5.94884], [101.93709, 5.94808], [101.94317, 5.95312], [101.9447, 5.95643], [101.94311, 5.95879], [101.94091, 5.9578], [101.94281, 5.96461], [101.94022, 5.97246], [101.94667, 5.97734], [101.94488, 5.97721], [101.946, 5.97951], [101.94308, 5.98095], [101.94635, 5.98685], [101.94872, 5.98372], [101.94782, 5.98967], [101.94953, 5.9905], [101.95214, 5.98722], [101.95287, 5.99048], [101.95512, 5.99173], [101.95421, 5.99476], [101.95789, 5.99298], [101.95942, 5.99655], [101.96443, 5.99658], [101.96472, 6.0001], [101.97198, 6.00532], [101.97314, 6.00949], [101.97125, 6.01059], [101.97237, 6.01456], [101.97099, 6.01859], [101.97776, 6.02677], [101.97631, 6.03175], [101.98023, 6.02894], [101.98358, 6.02944], [101.98423, 6.03268], [101.99116, 6.04022], [101.99844, 6.03953], [102.004, 6.04396], [102.00315, 6.04991], [102.01156, 6.05117], [102.01586, 6.05395], [102.02007, 6.05233], [102.02195, 6.0608], [102.02523, 6.06314], [102.0272, 6.06005], [102.02544, 6.05752], [102.02523, 6.0524]]]]}}, {"type": "Feature", "properties": {"state": "Kelantan", "seat": "N.16 Apam Putra", "seat_name": "Apam Putra"}, "geometry": {"type": "MultiPolygon", "coordinates": [[[[102.1297, 6.03547], [102.13387, 6.03074], [102.13303, 6.01976], [102.15322, 6.02095], [102.15216, 6.01985], [102.15376, 6.01629], [102.15142, 6.01425], [102.15275, 6.01107], [102.15632, 6.00939], [102.15576, 6.00797], [102.16016, 6.00635], [102.16033, 6.00051], [102.15616, 5.99748], [102.16112, 5.98891], [102.15638, 5.98183], [102.15587, 5.97829], [102.15764, 5.97507], [102.15626, 5.97529], [102.15534, 5.97258], [102.15787, 5.97176], [102.15642, 5.97143], [102.15733, 5.96897], [102.15552, 5.96795], [102.15641, 5.96677], [102.15414, 5.96246], [102.15127, 5.96118], [102.14314, 5.96219], [102.14149, 5.95837], [102.13382, 5.95401], [102.13521, 5.95089], [102.13822, 5.95025], [102.13902, 5.94749], [102.13558, 5.9418], [102.1301, 5.93828], [102.12699, 5.93381], [102.12891, 5.92906], [102.1358, 5.92465], [102.13574, 5.91738], [102.13294, 5.91769], [102.12982, 5.91364], [102.12674, 5.91245], [102.12683, 5.90469], [102.12392, 5.90508], [102.12087, 5.90325], [102.11063, 5.90641], [102.10824, 5.90358], [102.10831, 5.89683], [102.10507, 5.8968], [102.10448, 5.89857], [102.10126, 5.89672], [102.0986, 5.89948], [102.09172, 5.89377], [102.09027, 5.89492], [102.08167, 5.89234], [102.07772, 5.89395], [102.05502, 5.89237], [102.04785, 5.89475], [102.03139, 5.89516], [102.00558, 5.91508], [102.00246, 5.92053], [102.00442, 5.92271], [102.0071, 5.92279], [102.00742, 5.92443], [102.01, 5.92355], [102.01197, 5.92902], [102.01533, 5.9278], [102.01752, 5.92952], [102.02088, 5.92777], [102.0211, 5.92936], [102.02738, 5.93054], [102.02918, 5.92864], [102.03584, 5.92942], [102.03623, 5.93233], [102.0387, 5.93264], [102.05277, 5.9313], [102.05314, 5.94278], [102.05153, 5.94364], [102.05283, 5.94414], [102.05243, 5.95197], [102.05742, 5.96233], [102.05725, 5.96874], [102.05415, 5.96936], [102.05692, 5.96969], [102.05497, 5.97996], [102.05644, 5.98174], [102.05509, 5.98249], [102.0563, 5.98435], [102.05543, 5.9936], [102.0572, 6.01543], [102.05521, 6.02254], [102.05119, 6.02685], [102.1297, 6.03547]]]]}}, {"type": "Feature", "properties": {"state": "Kelantan", "seat": "N.17 Salor", "seat_name": "Salor"}, "geometry": {"type": "MultiPolygon", "coordinates": [[[[102.22288, 6.08495], [102.22701, 6.08355], [102.23871, 6.08478], [102.23918, 6.05682], [102.23738, 6.05677], [102.23421, 6.04617], [102.23674, 6.04353], [102.24039, 6.04617], [102.24266, 6.04527], [102.24276, 6.04304], [102.24725, 6.03782], [102.24049, 6.03719], [102.2386, 6.03464], [102.23549, 6.03437], [102.2408, 6.02329], [102.23374, 6.02411], [102.23694, 6.01646], [102.23433, 6.01086], [102.23514, 6.0063], [102.23039, 6.00547], [102.22732, 6.00809], [102.22542, 6.00604], [102.2285, 6.00186], [102.22791, 5.99625], [102.22549, 5.98935], [102.22158, 5.98734], [102.21973, 5.98296], [102.22085, 5.97746], [102.206, 5.97187], [102.19904, 5.98448], [102.1919, 5.99164], [102.18739, 6.00308], [102.18241, 6.00927], [102.17556, 6.01454], [102.15088, 6.02721], [102.14562, 6.03248], [102.14453, 6.0369], [102.14751, 6.04103], [102.15362, 6.0445], [102.18845, 6.04336], [102.20323, 6.04924], [102.21425, 6.05813], [102.2186, 6.06392], [102.22165, 6.07439], [102.22024, 6.08492], [102.22288, 6.08495]]]]}}, {"type": "Feature", "properties": {"state": "Kelantan", "seat": "N.18 Pasir Tumboh", "seat_name": "Pasir Tumboh"}, "geometry": {"type": "MultiPolygon", "coordinates": [[[[102.26621, 6.09623], [102.26947, 6.09141], [102.27036, 6.08547], [102.27312, 6.08032], [102.27197, 6.07016], [102.27712, 6.06062], [102.28277, 6.05976], [102.29019, 6.06121], [102.29288, 6.06382], [102.29434, 6.06849], [102.29749, 6.06744], [102.29798, 6.06994], [102.30343, 6.06728], [102.30581, 6.06912], [102.30743, 6.0659], [102.31457, 6.06335], [102.31013, 6.05974], [102.31126, 6.05464], [102.30942, 6.05152], [102.31248, 6.0466], [102.31578, 6.04599], [102.31665, 6.04093], [102.31521, 6.03857], [102.31675, 6.02989], [102.31916, 6.02705], [102.31777, 6.02243], [102.30619, 6.02023], [102.30073, 6.02591], [102.29848, 6.02589], [102.29573, 6.02845], [102.29579, 6.03014], [102.29271, 6.03029], [102.29301, 6.03188], [102.29107, 6.03233], [102.28371, 6.02922], [102.28251, 6.02552], [102.28046, 6.02655], [102.28019, 6.02437], [102.27556, 6.0247], [102.27476, 6.02352], [102.27016, 6.0263], [102.26773, 6.02268], [102.26528, 6.0233], [102.26353, 6.02138], [102.25977, 6.02308], [102.25973, 6.025], [102.25779, 6.02363], [102.25239, 6.02393], [102.2535, 6.02127], [102.24064, 6.02205], [102.23549, 6.03437], [102.2386, 6.03464], [102.24049, 6.03719], [102.24725, 6.03782], [102.24276, 6.04304], [102.24266, 6.04527], [102.24039, 6.04617], [102.23674, 6.04353], [102.23421, 6.04617], [102.23738, 6.05677], [102.23918, 6.05682], [102.23947, 6.08397], [102.25185, 6.09001], [102.25762, 6.09457], [102.26621, 6.09623]]]]}}, {"type": "Feature", "properties": {"state": "Kelantan", "seat": "N.19 Demit", "seat_name": "Demit"}, "geometry": {"type": "MultiPolygon", "coordinates": [[[[102.28631, 6.11111], [102.29151, 6.11], [102.29054, 6.10657], [102.2928, 6.10315], [102.29999, 6.10098], [102.30413, 6.10181], [102.31667, 6.09533], [102.32131, 6.09091], [102.32077, 6.08885], [102.31933, 6.08898], [102.32358, 6.0865], [102.32311, 6.08432], [102.33502, 6.08097], [102.33646, 6.07425], [102.34047, 6.07339], [102.34074, 6.07135], [102.3431, 6.07223], [102.3443, 6.06709], [102.34124, 6.06164], [102.34765, 6.06391], [102.34396, 6.05985], [102.34473, 6.05776], [102.34287, 6.05471], [102.34064, 6.05463], [102.34003, 6.05285], [102.33244, 6.05266], [102.32972, 6.04884], [102.32676, 6.05018], [102.32654, 6.05216], [102.32065, 6.05039], [102.32017, 6.04901], [102.31802, 6.04971], [102.31845, 6.04693], [102.31588, 6.04304], [102.31578, 6.04599], [102.31248, 6.0466], [102.30942, 6.05152], [102.31126, 6.05464], [102.31013, 6.05974], [102.31464, 6.06324], [102.30743, 6.0659], [102.30581, 6.06912], [102.30344, 6.06728], [102.29798, 6.06994], [102.29749, 6.06744], [102.29434, 6.06849], [102.29288, 6.06382], [102.29012, 6.06118], [102.28277, 6.05976], [102.27705, 6.06067], [102.27193, 6.07034], [102.27308, 6.08047], [102.27036, 6.08547], [102.26947, 6.09141], [102.26503, 6.09805], [102.26922, 6.10571], [102.27624, 6.10878], [102.28461, 6.10939], [102.28631, 6.11111]]]]}}, {"type": "Feature", "properties": {"state": "Kelantan", "seat": "N.20 Tawang", "seat_name": "Tawang"}, "geometry": {"type": "MultiPolygon", "coordinates": [[[[102.36509, 6.13956], [102.37101, 6.13117], [102.36918, 6.12855], [102.36361, 6.12657], [102.35832, 6.12194], [102.35892, 6.11735], [102.36383, 6.10926], [102.3674, 6.10766], [102.36988, 6.10156], [102.37468, 6.09888], [102.37178, 6.09416], [102.37301, 6.08652], [102.37732, 6.07801], [102.38238, 6.07661], [102.38181, 6.07174], [102.37906, 6.06789], [102.38537, 6.06092], [102.38531, 6.05569], [102.39039, 6.04281], [102.38708, 6.03838], [102.37319, 6.03594], [102.37297, 6.03356], [102.37658, 6.03079], [102.37235, 6.02853], [102.3746, 6.02406], [102.37085, 6.02212], [102.36795, 6.02247], [102.36228, 6.01709], [102.3622, 6.01934], [102.35938, 6.02023], [102.35739, 6.02382], [102.35372, 6.02505], [102.35062, 6.03101], [102.3487, 6.03089], [102.34752, 6.0334], [102.33338, 6.03316], [102.32925, 6.0282], [102.32964, 6.02669], [102.32621, 6.02477], [102.32493, 6.02798], [102.32193, 6.02814], [102.32072, 6.03258], [102.31719, 6.03204], [102.31521, 6.03857], [102.31847, 6.047], [102.31765, 6.04947], [102.32017, 6.04901], [102.32065, 6.05039], [102.32654, 6.05216], [102.32676, 6.05018], [102.32972, 6.04884], [102.33244, 6.05266], [102.34003, 6.05285], [102.34064, 6.05463], [102.34287, 6.05471], [102.34473, 6.05776], [102.34396, 6.05985], [102.34769, 6.06372], [102.34649, 6.06448], [102.34129, 6.06158], [102.3443, 6.06709], [102.34299, 6.07242], [102.34074, 6.07135], [102.34047, 6.07339], [102.33646, 6.07425], [102.33629, 6.07927], [102.33398, 6.08168], [102.32311, 6.08432], [102.32358, 6.0865], [102.31933, 6.08898], [102.32077, 6.08885], [102.32129, 6.0906], [102.31926, 6.09181], [102.3198, 6.09299], [102.30413, 6.10181], [102.30884, 6.11378], [102.31763, 6.11476], [102.31994, 6.11301], [102.32805, 6.1149], [102.33482, 6.11234], [102.33536, 6.12816], [102.33401, 6.13337], [102.33595, 6.13756], [102.33148, 6.14071], [102.33169, 6.1443], [102.32881, 6.14817], [102.33319, 6.15516], [102.34266, 6.16478], [102.34035, 6.17031], [102.34826, 6.16244], [102.36509, 6.13956]]]]}}, {"type": "Feature", "properties": {"state": "Kelantan", "seat": "N.21 Pantai Irama", "seat_name": "Pantai Irama"}, "geometry": {"type": "MultiPolygon", "coordinates": [[[[102.37321, 6.12374], [102.37155, 6.12758], [102.37036, 6.12828], [102.37203, 6.12922], [102.40069, 6.06839], [102.40011, 6.06519], [102.40455, 6.05882], [102.40956, 6.04617], [102.40874, 6.04464], [102.41064, 6.0435], [102.41893, 6.02436], [102.41803, 6.02287], [102.42078, 6.02094], [102.43887, 5.98505], [102.44972, 5.95689], [102.46995, 5.91754], [102.44733, 5.90712], [102.4437, 5.91078], [102.43303, 5.93068], [102.42735, 5.94804], [102.42446, 5.94931], [102.42047, 5.95809], [102.40665, 5.94889], [102.40264, 5.95369], [102.3841, 5.99043], [102.38473, 5.99425], [102.38349, 5.99396], [102.37926, 6.00229], [102.37756, 6.01401], [102.3807, 6.0212], [102.37841, 6.02421], [102.37262, 6.02709], [102.37269, 6.02908], [102.37658, 6.03062], [102.37273, 6.03494], [102.37377, 6.0363], [102.38708, 6.03838], [102.39034, 6.04343], [102.38531, 6.05569], [102.38537, 6.06092], [102.37906, 6.06789], [102.38181, 6.07174], [102.38238, 6.07661], [102.37732, 6.07801], [102.37301, 6.08652], [102.37178, 6.09416], [102.37468, 6.09888], [102.3706, 6.1008], [102.36733, 6.10775], [102.36383, 6.10926], [102.35805, 6.12089], [102.36351, 6.1265], [102.36987, 6.12942], [102.36987, 6.12757], [102.37321, 6.12374]]]]}}, {"type": "Feature", "properties": {"state": "Kelantan", "seat": "N.22 Jelawat", "seat_name": "Jelawat"}, "geometry": {"type": "MultiPolygon", "coordinates": [[[[102.34598, 6.03344], [102.35062, 6.03101], [102.35372, 6.02505], [102.35856, 6.02301], [102.35938, 6.02023], [102.3622, 6.01934], [102.36228, 6.01709], [102.36795, 6.02247], [102.37085, 6.02212], [102.37472, 6.02507], [102.37875, 6.02388], [102.3807, 6.0212], [102.37756, 6.01401], [102.37926, 6.00229], [102.38349, 5.99396], [102.38473, 5.99425], [102.3841, 5.99043], [102.40264, 5.95369], [102.40665, 5.94889], [102.42047, 5.95809], [102.42446, 5.94931], [102.42735, 5.94804], [102.43055, 5.93908], [102.42972, 5.9378], [102.4464, 5.90673], [102.43196, 5.90151], [102.41772, 5.88997], [102.4029, 5.88435], [102.39541, 5.88994], [102.38965, 5.89037], [102.38375, 5.90132], [102.38077, 5.90141], [102.37935, 5.90561], [102.38013, 5.90825], [102.37842, 5.90797], [102.37724, 5.90992], [102.37419, 5.90833], [102.37164, 5.90891], [102.36726, 5.9146], [102.36445, 5.91393], [102.35646, 5.92882], [102.34513, 5.94145], [102.34296, 5.94092], [102.34223, 5.93896], [102.33971, 5.93946], [102.33942, 5.93828], [102.33589, 5.93852], [102.33446, 5.93651], [102.32835, 5.93576], [102.3283, 5.93678], [102.32458, 5.93594], [102.32377, 5.93818], [102.31905, 5.9368], [102.31819, 5.93902], [102.31585, 5.93715], [102.30456, 5.93932], [102.30266, 5.93916], [102.30093, 5.93574], [102.2961, 5.93622], [102.29454, 5.93431], [102.29331, 5.94048], [102.2845, 5.94018], [102.28138, 5.93858], [102.27812, 5.95207], [102.27913, 5.95332], [102.28422, 5.9543], [102.28438, 5.95265], [102.29457, 5.95183], [102.29821, 5.95589], [102.2966, 5.96106], [102.30333, 5.96688], [102.31066, 5.96944], [102.31673, 5.96847], [102.32693, 5.97063], [102.33193, 5.97817], [102.33234, 5.9812], [102.3321, 6.00077], [102.33337, 6.00146], [102.33353, 6.00575], [102.33145, 6.00969], [102.34179, 6.00865], [102.33926, 6.01567], [102.33457, 6.01627], [102.33281, 6.02074], [102.32657, 6.02492], [102.32964, 6.02669], [102.32925, 6.0282], [102.33338, 6.03316], [102.34598, 6.03344]]]]}}, {"type": "Feature", "properties": {"state": "Kelantan", "seat": "N.23 Melor", "seat_name": "Melor"}, "geometry": {"type": "MultiPolygon", "coordinates": [[[[102.32072, 6.03258], [102.32193, 6.02814], [102.32493, 6.02798], [102.3268, 6.02392], [102.32973, 6.02367], [102.33457, 6.01627], [102.33926, 6.01567], [102.34179, 6.00865], [102.33145, 6.00969], [102.33353, 6.00575], [102.33337, 6.00146], [102.3321, 6.00077], [102.33234, 5.9812], [102.33193, 5.97817], [102.32678, 5.97041], [102.31673, 5.96847], [102.31066, 5.96944], [102.30333, 5.96688], [102.2966, 5.96106], [102.29821, 5.95589], [102.29453, 5.95182], [102.28438, 5.95265], [102.28344, 5.9543], [102.27913, 5.95332], [102.27812, 5.95207], [102.27934, 5.95083], [102.27291, 5.95021], [102.27177, 5.95275], [102.26952, 5.95191], [102.26872, 5.95396], [102.26348, 5.95481], [102.26382, 5.95594], [102.27243, 5.95711], [102.27804, 5.96802], [102.27442, 5.9726], [102.27002, 5.97308], [102.27383, 5.98225], [102.26992, 5.98567], [102.27027, 5.99229], [102.26741, 5.99533], [102.26822, 6.00028], [102.2646, 6.00631], [102.26534, 6.00838], [102.26351, 6.00921], [102.26684, 6.01354], [102.26493, 6.01602], [102.26678, 6.01742], [102.26685, 6.021], [102.26859, 6.0205], [102.26744, 6.02251], [102.26877, 6.02489], [102.26975, 6.02444], [102.27019, 6.0263], [102.27476, 6.02352], [102.27556, 6.0247], [102.28019, 6.02437], [102.28046, 6.02655], [102.28251, 6.02552], [102.28371, 6.02922], [102.29124, 6.03233], [102.29301, 6.03188], [102.29271, 6.03029], [102.29579, 6.03014], [102.29573, 6.02845], [102.29848, 6.02589], [102.30073, 6.02591], [102.30619, 6.02023], [102.31227, 6.02054], [102.31283, 6.022], [102.31903, 6.02349], [102.31694, 6.03194], [102.32072, 6.03258]]]]}}, {"type": "Feature", "properties": {"state": "Kelantan", "seat": "N.24 Kadok", "seat_name": "Kadok"}, "geometry": {"type": "MultiPolygon", "coordinates": [[[[102.26022, 6.02405], [102.25977, 6.02308], [102.26332, 6.02137], [102.26681, 6.02308], [102.26862, 6.02061], [102.26665, 6.02059], [102.26678, 6.01742], [102.26493, 6.01602], [102.26684, 6.01354], [102.26346, 6.0096], [102.26534, 6.00838], [102.2646, 6.00631], [102.26822, 6.00028], [102.26741, 5.99533], [102.27027, 5.99229], [102.26992, 5.98567], [102.27383, 5.98225], [102.27002, 5.97308], [102.2736, 5.97311], [102.278, 5.96916], [102.27564, 5.96492], [102.27724, 5.96431], [102.27352, 5.96094], [102.27345, 5.95818], [102.27153, 5.95639], [102.26192, 5.95572], [102.25037, 5.95975], [102.25013, 5.96236], [102.24507, 5.96385], [102.24235, 5.96151], [102.23288, 5.96048], [102.23102, 5.96744], [102.2295, 5.96791], [102.22582, 5.96595], [102.21375, 5.96678], [102.21196, 5.95452], [102.21507, 5.95304], [102.21491, 5.94812], [102.21278, 5.94835], [102.2122, 5.94325], [102.20338, 5.94534], [102.20692, 5.9631], [102.206, 5.97187], [102.22085, 5.97746], [102.21973, 5.98296], [102.22158, 5.98734], [102.22549, 5.98935], [102.22791, 5.99625], [102.2285, 6.00186], [102.22542, 6.00604], [102.22732, 6.00809], [102.23039, 6.00547], [102.23524, 6.00649], [102.23425, 6.0104], [102.23694, 6.01646], [102.23374, 6.02411], [102.23981, 6.02401], [102.24064, 6.02205], [102.2535, 6.02127], [102.25239, 6.02393], [102.26022, 6.02405]]]]}}, {"type": "Feature", "properties": {"state": "Kelantan", "seat": "N.25 Kok Lanas", "seat_name": "Kok Lanas"}, "geometry": {"type": "MultiPolygon", "coordinates": [[[[102.2295, 5.96789], [102.23102, 5.96744], [102.23288, 5.96048], [102.24235, 5.96151], [102.24507, 5.96385], [102.25013, 5.96236], [102.25037, 5.95975], [102.26689, 5.95474], [102.26952, 5.95191], [102.27177, 5.95275], [102.27291, 5.95021], [102.27942, 5.95061], [102.28173, 5.93755], [102.2786, 5.93799], [102.27821, 5.93425], [102.27709, 5.93443], [102.27795, 5.93283], [102.27967, 5.93314], [102.27995, 5.93134], [102.2746, 5.93103], [102.27484, 5.92923], [102.27037, 5.93061], [102.27256, 5.91177], [102.26921, 5.90631], [102.27279, 5.90452], [102.27256, 5.90295], [102.27059, 5.90023], [102.26782, 5.90066], [102.26718, 5.89884], [102.26316, 5.89814], [102.26252, 5.89422], [102.26049, 5.89464], [102.25891, 5.89732], [102.25484, 5.89821], [102.25592, 5.89109], [102.24662, 5.89291], [102.24705, 5.89502], [102.24092, 5.89612], [102.23964, 5.88911], [102.23602, 5.88886], [102.23755, 5.8935], [102.23637, 5.89492], [102.23335, 5.89524], [102.23357, 5.89373], [102.2216, 5.89696], [102.2174, 5.9006], [102.21629, 5.89985], [102.21481, 5.90188], [102.21566, 5.90369], [102.21272, 5.90617], [102.21127, 5.90518], [102.21075, 5.90772], [102.20825, 5.90452], [102.20682, 5.90828], [102.20584, 5.90834], [102.20507, 5.90783], [102.20462, 5.90786], [102.20802, 5.91329], [102.19616, 5.91556], [102.20012, 5.93638], [102.20338, 5.94534], [102.2122, 5.94325], [102.21278, 5.94835], [102.21491, 5.94812], [102.21507, 5.95304], [102.21196, 5.95452], [102.21375, 5.96678], [102.22582, 5.96595], [102.2295, 5.96789]]]]}}, {"type": "Feature", "properties": {"state": "Kelantan", "seat": "N.26 Bukit Panau", "seat_name": "Bukit Panau"}, "geometry": {"type": "MultiPolygon", "coordinates": [[[[102.14573, 5.9046], [102.14984, 5.9042], [102.14948, 5.89943], [102.15073, 5.89802], [102.1512, 5.89911], [102.161, 5.89792], [102.16423, 5.89455], [102.16924, 5.89301], [102.16906, 5.88908], [102.17143, 5.88573], [102.17375, 5.88859], [102.18191, 5.88644], [102.17706, 5.85699], [102.18169, 5.84761], [102.17779, 5.83952], [102.17237, 5.83455], [102.16795, 5.83301], [102.16372, 5.82518], [102.16421, 5.82021], [102.17143, 5.81013], [102.17067, 5.80054], [102.15388, 5.78753], [102.14938, 5.76532], [102.14323, 5.76506], [102.14391, 5.76247], [102.13958, 5.75998], [102.13691, 5.76031], [102.13549, 5.76781], [102.12918, 5.7699], [102.13028, 5.7842], [102.12922, 5.78623], [102.13238, 5.78989], [102.12969, 5.79406], [102.11958, 5.79615], [102.11908, 5.79363], [102.11637, 5.79296], [102.10405, 5.79713], [102.09645, 5.7951], [102.09103, 5.79642], [102.09004, 5.79538], [102.08332, 5.8002], [102.08033, 5.80029], [102.08018, 5.80241], [102.07589, 5.80212], [102.0715, 5.8079], [102.07513, 5.81843], [102.07527, 5.83257], [102.07889, 5.8337], [102.0789, 5.83504], [102.08103, 5.83416], [102.08139, 5.83657], [102.08328, 5.83633], [102.09021, 5.84583], [102.09194, 5.84526], [102.09322, 5.84771], [102.09701, 5.84841], [102.09862, 5.8513], [102.10214, 5.85025], [102.11085, 5.85212], [102.11771, 5.85159], [102.13506, 5.84873], [102.1385, 5.84953], [102.1396, 5.84792], [102.14307, 5.84839], [102.14345, 5.84995], [102.14606, 5.84944], [102.14659, 5.85143], [102.14858, 5.8518], [102.15021, 5.85869], [102.14838, 5.85917], [102.1474, 5.86255], [102.14426, 5.86403], [102.14066, 5.86103], [102.13713, 5.86064], [102.13339, 5.86607], [102.13296, 5.87119], [102.13474, 5.87195], [102.13567, 5.87722], [102.13366, 5.88134], [102.13417, 5.88526], [102.12956, 5.89239], [102.1222, 5.89344], [102.12273, 5.89562], [102.11079, 5.89623], [102.10873, 5.89483], [102.10789, 5.89818], [102.1083, 5.90378], [102.11063, 5.90641], [102.12087, 5.90325], [102.12392, 5.90508], [102.12683, 5.90469], [102.12631, 5.89726], [102.13278, 5.89644], [102.14182, 5.90404], [102.14268, 5.90651], [102.14564, 5.90614], [102.14573, 5.9046]]]]}}, {"type": "Feature", "properties": {"state": "Kelantan", "seat": "N.27 Gual Ipoh", "seat_name": "Gual Ipoh"}, "geometry": {"type": "MultiPolygon", "coordinates": [[[[102.07282, 5.8072], [102.07589, 5.80212], [102.08018, 5.80241], [102.08033, 5.80029], [102.08332, 5.8002], [102.09004, 5.79538], [102.09103, 5.79642], [102.09645, 5.7951], [102.10405, 5.79713], [102.11637, 5.79296], [102.11908, 5.79363], [102.11958, 5.79615], [102.12969, 5.79406], [102.13238, 5.78989], [102.12922, 5.78623], [102.13028, 5.7842], [102.12926, 5.76971], [102.13549, 5.76781], [102.13691, 5.76031], [102.14147, 5.7605], [102.14232, 5.76262], [102.14391, 5.76247], [102.14323, 5.76506], [102.14938, 5.76532], [102.14566, 5.75458], [102.14844, 5.7436], [102.14834, 5.73507], [102.14192, 5.71841], [102.14701, 5.70648], [102.14642, 5.69385], [102.1451, 5.69], [102.14231, 5.68832], [102.12316, 5.69353], [102.11356, 5.69218], [102.10906, 5.68924], [102.10515, 5.66891], [102.11301, 5.64004], [102.1104, 5.63903], [102.10595, 5.63231], [102.10728, 5.62884], [102.10545, 5.62465], [102.1024, 5.62468], [102.10299, 5.62291], [102.09789, 5.62052], [102.09581, 5.62191], [102.09485, 5.61977], [102.09524, 5.61014], [102.09956, 5.59936], [102.09553, 5.59502], [102.08815, 5.5943], [102.08744, 5.58578], [102.08489, 5.58625], [102.07563, 5.58087], [102.07334, 5.58335], [102.06464, 5.5824], [102.05926, 5.5841], [102.05306, 5.58066], [102.04714, 5.57168], [102.04491, 5.57112], [102.04415, 5.55913], [102.03955, 5.55343], [102.03416, 5.55092], [102.03763, 5.54445], [102.03441, 5.5376], [102.02905, 5.53301], [102.03082, 5.52785], [102.0296, 5.52215], [102.03123, 5.51795], [102.01565, 5.51233], [102.01337, 5.51753], [102.00505, 5.52368], [101.99973, 5.53254], [101.99466, 5.52872], [101.98981, 5.5307], [101.98676, 5.52882], [101.98566, 5.53541], [101.98017, 5.54059], [101.97387, 5.54155], [101.97276, 5.53739], [101.97041, 5.53802], [101.96484, 5.5448], [101.96446, 5.54966], [101.96855, 5.54966], [101.97167, 5.55655], [101.9736, 5.55655], [101.97188, 5.56875], [101.96766, 5.57058], [101.96255, 5.59447], [101.95441, 5.59904], [101.9494, 5.59901], [101.94768, 5.60611], [101.9442, 5.61045], [101.94662, 5.61636], [101.94618, 5.6213], [101.94997, 5.62681], [101.9551, 5.62334], [101.95905, 5.62296], [101.96378, 5.62502], [101.96602, 5.63172], [101.96644, 5.64566], [101.96897, 5.64754], [101.96861, 5.64937], [101.97322, 5.65034], [101.97568, 5.65283], [101.97137, 5.65953], [101.97138, 5.6631], [101.96945, 5.66549], [101.97049, 5.66638], [101.96522, 5.67072], [101.96391, 5.6754], [101.95971, 5.67907], [101.95995, 5.68413], [101.95718, 5.69047], [101.95851, 5.69575], [101.95557, 5.7029], [101.96032, 5.70953], [101.96865, 5.71405], [101.97053, 5.71683], [101.96979, 5.72023], [101.96613, 5.72432], [101.96772, 5.72766], [101.97431, 5.7283], [101.97833, 5.73108], [101.9886, 5.72975], [102.00371, 5.7392], [102.00403, 5.7439], [102.01004, 5.75154], [102.00942, 5.75837], [102.01301, 5.76297], [102.01112, 5.76795], [102.01427, 5.77111], [102.00968, 5.77804], [102.01133, 5.78414], [102.02281, 5.78826], [102.02196, 5.79138], [102.02512, 5.79369], [102.0294, 5.79293], [102.0341, 5.7945], [102.03984, 5.79303], [102.04868, 5.79512], [102.04868, 5.7894], [102.05293, 5.78929], [102.05291, 5.79201], [102.05509, 5.79192], [102.05535, 5.79661], [102.05747, 5.79654], [102.06007, 5.8023], [102.06273, 5.80227], [102.06282, 5.80488], [102.06811, 5.80802], [102.06956, 5.80701], [102.07064, 5.80873], [102.07282, 5.8072]]]]}}, {"type": "Feature", "properties": {"state": "Kelantan", "seat": "N.28 Kemahang", "seat_name": "Kemahang"}, "geometry": {"type": "MultiPolygon", "coordinates": [[[[101.99555, 5.92165], [102.00237, 5.92071], [102.00558, 5.91508], [102.03301, 5.89481], [102.04785, 5.89475], [102.05752, 5.89221], [102.07772, 5.89395], [102.08167, 5.89234], [102.09027, 5.89492], [102.09172, 5.89377], [102.0986, 5.89948], [102.10126, 5.89672], [102.10503, 5.89857], [102.10507, 5.8968], [102.10831, 5.89683], [102.10873, 5.89483], [102.11079, 5.89623], [102.12273, 5.89562], [102.1222, 5.89344], [102.12956, 5.89239], [102.13417, 5.88526], [102.13366, 5.88134], [102.13567, 5.87722], [102.13474, 5.87195], [102.13296, 5.87119], [102.13339, 5.86607], [102.13713, 5.86064], [102.14066, 5.86103], [102.14426, 5.86403], [102.1474, 5.86255], [102.14838, 5.85917], [102.15021, 5.85869], [102.14902, 5.85263], [102.14606, 5.84944], [102.14345, 5.84995], [102.14307, 5.84839], [102.1396, 5.84792], [102.1385, 5.84953], [102.13506, 5.84873], [102.11771, 5.85159], [102.11085, 5.85212], [102.10214, 5.85025], [102.09862, 5.8513], [102.09701, 5.84841], [102.09322, 5.84771], [102.09194, 5.84526], [102.09021, 5.84583], [102.08328, 5.83633], [102.08139, 5.83657], [102.08103, 5.83416], [102.0789, 5.83504], [102.07889, 5.8337], [102.07527, 5.83257], [102.07513, 5.81843], [102.07165, 5.8082], [102.06691, 5.80749], [102.06282, 5.80488], [102.06273, 5.80227], [102.06007, 5.8023], [102.05747, 5.79654], [102.05535, 5.79661], [102.05509, 5.79192], [102.05291, 5.79201], [102.05293, 5.78929], [102.04868, 5.7894], [102.04868, 5.79512], [102.03984, 5.79303], [102.0341, 5.7945], [102.0294, 5.79293], [102.02512, 5.79369], [102.02196, 5.79138], [102.02281, 5.78826], [102.01133, 5.78414], [102.00565, 5.80369], [102.00756, 5.8083], [102.02409, 5.81959], [102.02352, 5.82281], [102.01905, 5.83026], [102.01244, 5.82864], [102.00541, 5.83021], [102.00391, 5.82829], [101.99936, 5.82986], [101.99773, 5.82816], [101.99481, 5.83045], [101.99295, 5.8291], [101.99142, 5.83605], [101.99139, 5.83972], [101.99267, 5.84041], [101.99082, 5.84205], [101.99036, 5.84823], [101.98784, 5.8484], [101.98782, 5.85184], [101.9865, 5.85124], [101.9814, 5.85448], [101.9764, 5.85417], [101.97598, 5.85652], [101.97478, 5.85639], [101.97454, 5.86575], [101.97141, 5.86955], [101.97202, 5.87114], [101.96832, 5.87879], [101.97017, 5.87984], [101.96764, 5.88262], [101.9675, 5.88679], [101.96461, 5.89016], [101.96573, 5.89039], [101.96319, 5.89168], [101.96348, 5.89488], [101.96025, 5.89864], [101.96002, 5.92407], [101.97267, 5.9349], [101.98285, 5.9322], [101.99555, 5.92165]]]]}}, {"type": "Feature", "properties": {"state": "Kelantan", "seat": "N.29 Selising", "seat_name": "Selising"}, "geometry": {"type": "MultiPolygon", "coordinates": [[[[102.34512, 5.94135], [102.35646, 5.92882], [102.36445, 5.91393], [102.36726, 5.9146], [102.37164, 5.90891], [102.37355, 5.90922], [102.37336, 5.90575], [102.37212, 5.90527], [102.37322, 5.89558], [102.37015, 5.89327], [102.36148, 5.89364], [102.36097, 5.88882], [102.36262, 5.88863], [102.36251, 5.88623], [102.36025, 5.88295], [102.35989, 5.87669], [102.36142, 5.87654], [102.36132, 5.87444], [102.35895, 5.86639], [102.34892, 5.86597], [102.34464, 5.86162], [102.33976, 5.86233], [102.33766, 5.85841], [102.33494, 5.85906], [102.33426, 5.85735], [102.33328, 5.85954], [102.33298, 5.85824], [102.32798, 5.85788], [102.32721, 5.85255], [102.32449, 5.85065], [102.32288, 5.84404], [102.32275, 5.83877], [102.32487, 5.83813], [102.32467, 5.83512], [102.32661, 5.83432], [102.32727, 5.831], [102.32503, 5.82851], [102.32255, 5.82696], [102.32029, 5.82871], [102.31817, 5.82722], [102.31604, 5.83331], [102.30965, 5.83662], [102.30368, 5.83681], [102.29797, 5.83431], [102.29773, 5.80803], [102.2953, 5.80598], [102.29602, 5.80406], [102.2927, 5.80265], [102.27836, 5.81676], [102.27943, 5.82343], [102.27766, 5.82433], [102.28124, 5.83122], [102.27676, 5.83898], [102.27424, 5.85717], [102.27546, 5.86249], [102.28038, 5.86776], [102.27945, 5.8712], [102.28165, 5.87531], [102.27751, 5.88335], [102.26632, 5.89005], [102.26352, 5.89352], [102.26316, 5.89814], [102.26718, 5.89884], [102.26782, 5.90066], [102.27059, 5.90023], [102.27279, 5.90371], [102.26921, 5.90631], [102.27256, 5.91177], [102.27037, 5.93061], [102.27484, 5.92923], [102.2746, 5.93103], [102.27995, 5.93134], [102.27967, 5.93314], [102.27795, 5.93283], [102.27709, 5.93443], [102.27821, 5.93425], [102.2786, 5.93799], [102.28173, 5.93755], [102.28325, 5.93989], [102.29047, 5.9411], [102.29331, 5.94048], [102.29454, 5.93431], [102.2961, 5.93622], [102.30093, 5.93574], [102.30266, 5.93916], [102.31585, 5.93715], [102.31819, 5.93902], [102.31905, 5.9368], [102.32377, 5.93818], [102.32458, 5.93594], [102.3283, 5.93678], [102.32835, 5.93576], [102.33446, 5.93651], [102.33589, 5.93852], [102.33942, 5.93828], [102.33971, 5.93946], [102.34223, 5.93896], [102.34296, 5.94092], [102.34512, 5.94135]]]]}}, {"type": "Feature", "properties": {"state": "Kelantan", "seat": "N.30 Limbongan", "seat_name": "Limbongan"}, "geometry": {"type": "MultiPolygon", "coordinates": [[[[102.37623, 5.90997], [102.3804, 5.90799], [102.37935, 5.90561], [102.38077, 5.90141], [102.38375, 5.90132], [102.38965, 5.89037], [102.39541, 5.88994], [102.40285, 5.88455], [102.39986, 5.87878], [102.40438, 5.87464], [102.40135, 5.87255], [102.40799, 5.86889], [102.40213, 5.86109], [102.4011, 5.85591], [102.40464, 5.85289], [102.412, 5.8526], [102.41427, 5.85568], [102.41645, 5.85421], [102.41618, 5.85092], [102.41212, 5.84497], [102.41291, 5.84031], [102.40906, 5.83882], [102.41066, 5.83569], [102.4175, 5.83586], [102.4173, 5.82336], [102.42312, 5.81889], [102.42229, 5.81629], [102.41727, 5.81286], [102.41733, 5.81074], [102.41703, 5.8122], [102.41567, 5.81091], [102.41329, 5.81205], [102.41187, 5.80866], [102.40682, 5.80612], [102.40554, 5.80717], [102.40367, 5.80441], [102.40433, 5.80291], [102.40008, 5.80177], [102.39656, 5.80273], [102.39525, 5.80044], [102.3926, 5.79994], [102.39161, 5.79621], [102.38982, 5.79537], [102.38624, 5.79834], [102.38429, 5.79769], [102.38409, 5.79917], [102.38021, 5.7998], [102.37909, 5.80237], [102.37184, 5.80283], [102.36945, 5.80492], [102.36457, 5.80459], [102.36362, 5.8068], [102.36083, 5.80775], [102.35837, 5.8039], [102.35132, 5.80842], [102.34745, 5.80896], [102.3438, 5.80303], [102.34232, 5.80454], [102.34321, 5.80125], [102.34055, 5.7986], [102.34137, 5.79704], [102.33691, 5.79464], [102.3277, 5.8051], [102.32476, 5.80197], [102.30357, 5.8041], [102.30287, 5.80827], [102.30042, 5.80981], [102.29773, 5.80803], [102.29797, 5.83431], [102.30368, 5.83681], [102.30965, 5.83662], [102.31604, 5.83331], [102.31817, 5.82722], [102.32029, 5.82871], [102.32255, 5.82696], [102.32503, 5.82851], [102.32727, 5.831], [102.32661, 5.83432], [102.32467, 5.83512], [102.32487, 5.83813], [102.32275, 5.83877], [102.32288, 5.84404], [102.32449, 5.85065], [102.32721, 5.85255], [102.32798, 5.85788], [102.33298, 5.85824], [102.33328, 5.85954], [102.33426, 5.85735], [102.33494, 5.85906], [102.33766, 5.85841], [102.33976, 5.86233], [102.34464, 5.86162], [102.34892, 5.86597], [102.35895, 5.86639], [102.36132, 5.87444], [102.36142, 5.87654], [102.35989, 5.87669], [102.36025, 5.88295], [102.36251, 5.88623], [102.36262, 5.88863], [102.36097, 5.88882], [102.36148, 5.89364], [102.37195, 5.89385], [102.37366, 5.89797], [102.37212, 5.90527], [102.37336, 5.90575], [102.37357, 5.90932], [102.37419, 5.90833], [102.37623, 5.90997]]]]}}, {"type": "Feature", "properties": {"state": "Kelantan", "seat": "N.31 Semerak", "seat_name": "Semerak"}, "geometry": {"type": "MultiPolygon", "coordinates": [[[[102.46995, 5.91754], [102.48094, 5.90115], [102.49775, 5.88062], [102.53638, 5.84655], [102.48807, 5.79057], [102.47485, 5.77916], [102.47336, 5.7823], [102.46765, 5.78542], [102.46715, 5.78816], [102.4644, 5.78518], [102.45816, 5.78437], [102.45386, 5.78605], [102.45325, 5.78401], [102.44498, 5.78744], [102.44415, 5.7898], [102.43903, 5.78936], [102.43899, 5.79087], [102.43701, 5.79096], [102.43776, 5.80008], [102.43953, 5.80312], [102.44321, 5.80414], [102.44372, 5.8097], [102.44156, 5.80953], [102.4391, 5.8132], [102.43674, 5.81253], [102.43594, 5.81454], [102.43432, 5.8143], [102.43352, 5.8186], [102.43079, 5.82152], [102.43315, 5.82351], [102.43218, 5.82711], [102.43404, 5.82721], [102.43455, 5.83289], [102.43158, 5.83697], [102.42866, 5.83384], [102.42388, 5.8321], [102.42229, 5.83307], [102.42475, 5.83525], [102.42349, 5.83764], [102.41497, 5.83531], [102.41035, 5.83592], [102.40907, 5.83928], [102.41291, 5.84031], [102.41212, 5.84497], [102.41666, 5.8537], [102.41446, 5.85569], [102.41083, 5.85246], [102.40413, 5.85298], [102.40176, 5.85458], [102.40186, 5.86051], [102.408, 5.86942], [102.40139, 5.87246], [102.40106, 5.87356], [102.40439, 5.87501], [102.39986, 5.87878], [102.4029, 5.88435], [102.41772, 5.88997], [102.43196, 5.90151], [102.45467, 5.90983], [102.46995, 5.91754]]]]}}, {"type": "Feature", "properties": {"state": "Kelantan", "seat": "N.32 Gaal", "seat_name": "Gaal"}, "geometry": {"type": "MultiPolygon", "coordinates": [[[[102.42375, 5.8321], [102.43203, 5.83673], [102.4351, 5.8311], [102.43404, 5.82721], [102.43218, 5.82711], [102.43315, 5.82351], [102.43079, 5.82152], [102.43352, 5.8186], [102.43432, 5.8143], [102.43594, 5.81454], [102.43674, 5.81253], [102.4391, 5.8132], [102.44156, 5.80953], [102.44372, 5.8097], [102.44321, 5.80414], [102.43953, 5.80312], [102.43776, 5.80008], [102.43701, 5.79096], [102.43899, 5.79087], [102.43903, 5.78936], [102.44415, 5.7898], [102.44498, 5.78744], [102.45325, 5.78401], [102.45386, 5.78605], [102.45816, 5.78437], [102.4644, 5.78518], [102.46715, 5.78816], [102.46765, 5.78542], [102.47336, 5.7823], [102.47485, 5.77916], [102.45692, 5.7637], [102.43124, 5.74547], [102.42706, 5.74714], [102.42643, 5.74375], [102.41544, 5.74793], [102.41228, 5.74629], [102.40993, 5.74189], [102.40509, 5.74056], [102.40408, 5.74576], [102.40581, 5.74669], [102.40568, 5.75068], [102.40759, 5.75296], [102.40368, 5.75623], [102.39866, 5.75421], [102.39423, 5.74774], [102.39527, 5.75689], [102.39296, 5.75953], [102.39798, 5.75995], [102.39946, 5.76735], [102.39982, 5.77321], [102.3969, 5.77385], [102.38819, 5.77019], [102.387, 5.77277], [102.3832, 5.77386], [102.38143, 5.77104], [102.37239, 5.76607], [102.37743, 5.76122], [102.37366, 5.75932], [102.37534, 5.75246], [102.37875, 5.74708], [102.37506, 5.74253], [102.37029, 5.74659], [102.36805, 5.74545], [102.36782, 5.74832], [102.36332, 5.75137], [102.36044, 5.75044], [102.35693, 5.74621], [102.35346, 5.74583], [102.3514, 5.74655], [102.35108, 5.74922], [102.34644, 5.75011], [102.34437, 5.74763], [102.33755, 5.75257], [102.33047, 5.75232], [102.33004, 5.75057], [102.32608, 5.74853], [102.32104, 5.75489], [102.31399, 5.75647], [102.31058, 5.76073], [102.31046, 5.76634], [102.31242, 5.76802], [102.3124, 5.77099], [102.30939, 5.77374], [102.30898, 5.78197], [102.30068, 5.78332], [102.30202, 5.78919], [102.30129, 5.79429], [102.30291, 5.7941], [102.30403, 5.79648], [102.30357, 5.8041], [102.32476, 5.80197], [102.3277, 5.8051], [102.33691, 5.79464], [102.34137, 5.79704], [102.34055, 5.7986], [102.34321, 5.80125], [102.34232, 5.80454], [102.3438, 5.80303], [102.34745, 5.80896], [102.35132, 5.80842], [102.35837, 5.8039], [102.36083, 5.80775], [102.36362, 5.8068], [102.36457, 5.80459], [102.36945, 5.80492], [102.37184, 5.80283], [102.37909, 5.80237], [102.38021, 5.7998], [102.38409, 5.79917], [102.38429, 5.79769], [102.38624, 5.79834], [102.38982, 5.79537], [102.39161, 5.79621], [102.3926, 5.79994], [102.39525, 5.80044], [102.39656, 5.80273], [102.40008, 5.80177], [102.40433, 5.80291], [102.40367, 5.80441], [102.40554, 5.80717], [102.40682, 5.80612], [102.41187, 5.80866], [102.41296, 5.8119], [102.41567, 5.81091], [102.41703, 5.8122], [102.41733, 5.81074], [102.41727, 5.81286], [102.42229, 5.81629], [102.42312, 5.81889], [102.41762, 5.82211], [102.41673, 5.82804], [102.41794, 5.8293], [102.41651, 5.82919], [102.4175, 5.83586], [102.42378, 5.83752], [102.42471, 5.83512], [102.42229, 5.83314], [102.42375, 5.8321]]]]}}, {"type": "Feature", "properties": {"state": "Kelantan", "seat": "N.33 Pulai Chondong", "seat_name": "Pulai Chondong"}, "geometry": {"type": "MultiPolygon", "coordinates": [[[[102.20684, 5.91329], [102.20805, 5.91301], [102.20672, 5.90944], [102.20462, 5.90786], [102.20682, 5.90828], [102.20715, 5.90506], [102.20851, 5.90459], [102.20883, 5.90684], [102.21067, 5.90776], [102.21127, 5.90518], [102.21272, 5.90617], [102.21566, 5.90369], [102.21481, 5.90188], [102.21629, 5.89985], [102.2174, 5.9006], [102.22188, 5.89682], [102.23357, 5.89373], [102.23335, 5.89524], [102.23637, 5.89492], [102.23755, 5.8935], [102.23602, 5.88886], [102.23964, 5.88911], [102.24092, 5.89612], [102.24705, 5.89502], [102.24662, 5.89291], [102.25592, 5.89109], [102.25484, 5.89821], [102.2565, 5.89835], [102.26021, 5.89649], [102.26107, 5.89418], [102.2634, 5.89459], [102.26548, 5.89069], [102.27024, 5.88725], [102.27751, 5.88335], [102.28165, 5.87531], [102.27945, 5.8712], [102.28038, 5.86776], [102.27546, 5.86249], [102.27424, 5.85717], [102.27676, 5.83898], [102.28124, 5.83122], [102.27766, 5.82433], [102.27943, 5.82343], [102.27836, 5.81676], [102.2927, 5.80265], [102.29602, 5.80406], [102.29569, 5.8067], [102.30042, 5.80981], [102.30287, 5.80827], [102.30403, 5.79648], [102.30291, 5.7941], [102.30129, 5.79429], [102.30202, 5.78919], [102.30068, 5.78332], [102.30898, 5.78197], [102.30939, 5.77374], [102.30291, 5.77371], [102.30291, 5.77258], [102.29629, 5.77345], [102.27918, 5.7802], [102.27326, 5.77951], [102.27296, 5.77562], [102.25922, 5.77979], [102.25488, 5.77952], [102.25523, 5.77825], [102.24026, 5.77872], [102.23757, 5.78342], [102.22906, 5.78401], [102.23008, 5.78931], [102.22761, 5.78944], [102.22773, 5.79604], [102.22962, 5.79871], [102.22467, 5.79807], [102.2203, 5.80007], [102.21805, 5.79659], [102.21383, 5.7961], [102.2136, 5.80026], [102.20129, 5.80057], [102.20149, 5.80784], [102.1964, 5.80624], [102.19485, 5.80865], [102.18828, 5.8103], [102.18542, 5.81478], [102.1819, 5.81627], [102.17555, 5.81592], [102.17579, 5.81387], [102.17066, 5.81211], [102.16462, 5.81961], [102.16372, 5.82518], [102.16795, 5.83301], [102.17546, 5.83711], [102.18137, 5.84565], [102.18118, 5.85045], [102.17706, 5.85619], [102.1771, 5.85857], [102.18277, 5.88889], [102.19371, 5.90786], [102.19616, 5.91556], [102.20684, 5.91329]]]]}}, {"type": "Feature", "properties": {"state": "Kelantan", "seat": "N.34 Temangan", "seat_name": "Temangan"}, "geometry": {"type": "MultiPolygon", "coordinates": [[[[102.17931, 5.81639], [102.18364, 5.81589], [102.18828, 5.8103], [102.19485, 5.80865], [102.1964, 5.80624], [102.20149, 5.80784], [102.20224, 5.79711], [102.20042, 5.79677], [102.201, 5.79374], [102.19975, 5.7939], [102.20092, 5.78658], [102.20308, 5.78599], [102.20135, 5.78299], [102.193, 5.78358], [102.19437, 5.78057], [102.19244, 5.78025], [102.19246, 5.77679], [102.19414, 5.77519], [102.19438, 5.77101], [102.19591, 5.77122], [102.19762, 5.76317], [102.2, 5.76384], [102.20143, 5.76065], [102.20318, 5.75271], [102.20619, 5.74721], [102.20832, 5.74721], [102.21095, 5.73253], [102.21263, 5.7329], [102.21344, 5.71743], [102.21142, 5.71339], [102.21538, 5.71228], [102.21028, 5.70277], [102.21265, 5.68953], [102.20262, 5.68969], [102.20059, 5.6881], [102.2017, 5.68605], [102.1957, 5.6837], [102.19605, 5.67486], [102.19483, 5.67436], [102.19426, 5.66886], [102.18974, 5.66903], [102.19022, 5.66618], [102.19232, 5.66547], [102.19465, 5.6506], [102.19764, 5.65199], [102.19976, 5.64914], [102.19849, 5.64688], [102.19487, 5.64563], [102.18995, 5.64668], [102.19038, 5.64168], [102.19314, 5.64093], [102.19373, 5.63562], [102.18067, 5.63769], [102.17063, 5.62964], [102.16892, 5.63341], [102.16721, 5.63274], [102.16389, 5.63815], [102.16189, 5.65149], [102.15746, 5.65072], [102.15892, 5.64348], [102.14342, 5.64095], [102.1212, 5.62713], [102.11313, 5.63972], [102.10608, 5.66332], [102.10509, 5.67072], [102.10763, 5.68642], [102.11154, 5.69141], [102.12021, 5.69329], [102.12568, 5.6932], [102.14126, 5.68828], [102.14548, 5.69059], [102.14719, 5.70537], [102.14192, 5.71841], [102.14834, 5.73507], [102.14844, 5.7436], [102.14568, 5.7551], [102.15066, 5.76961], [102.15254, 5.78496], [102.15556, 5.78928], [102.16967, 5.79899], [102.17194, 5.80534], [102.17066, 5.81211], [102.17579, 5.81387], [102.17555, 5.81592], [102.17931, 5.81639]]]]}}, {"type": "Feature", "properties": {"state": "Kelantan", "seat": "N.35 Kemuning", "seat_name": "Kemuning"}, "geometry": {"type": "MultiPolygon", "coordinates": [[[[102.21377, 5.7972], [102.21383, 5.7961], [102.21805, 5.79659], [102.2203, 5.80007], [102.22467, 5.79807], [102.22962, 5.79871], [102.22773, 5.79604], [102.22761, 5.78944], [102.23008, 5.78931], [102.22906, 5.78401], [102.23757, 5.78342], [102.24026, 5.77872], [102.25523, 5.77825], [102.25488, 5.77952], [102.25922, 5.77979], [102.27296, 5.77562], [102.27326, 5.77951], [102.27918, 5.7802], [102.29629, 5.77345], [102.30291, 5.77258], [102.30291, 5.77371], [102.31002, 5.77382], [102.3124, 5.77099], [102.31242, 5.76802], [102.31046, 5.76634], [102.31058, 5.76073], [102.31399, 5.75647], [102.32104, 5.75489], [102.32608, 5.74853], [102.33004, 5.75057], [102.33047, 5.75232], [102.33755, 5.75257], [102.34437, 5.74763], [102.34644, 5.75011], [102.35108, 5.74922], [102.3514, 5.74655], [102.35346, 5.74583], [102.35693, 5.74621], [102.36044, 5.75044], [102.36332, 5.75137], [102.36782, 5.74832], [102.36805, 5.74545], [102.37029, 5.74659], [102.3758, 5.74274], [102.37875, 5.74708], [102.37534, 5.75246], [102.37366, 5.75932], [102.37743, 5.76122], [102.37239, 5.76607], [102.38143, 5.77104], [102.3832, 5.77386], [102.387, 5.77277], [102.38819, 5.77019], [102.3969, 5.77385], [102.39982, 5.77321], [102.39946, 5.76735], [102.39798, 5.75995], [102.39296, 5.75953], [102.39527, 5.75689], [102.39423, 5.74774], [102.39866, 5.75421], [102.40368, 5.75623], [102.40759, 5.75296], [102.40568, 5.75068], [102.40581, 5.74669], [102.40408, 5.74576], [102.40509, 5.74056], [102.40993, 5.74189], [102.41228, 5.74629], [102.41544, 5.74793], [102.42643, 5.74375], [102.42706, 5.74714], [102.43124, 5.74547], [102.41677, 5.72209], [102.41209, 5.72117], [102.40709, 5.71357], [102.40342, 5.71207], [102.39752, 5.69742], [102.39561, 5.69661], [102.39235, 5.70001], [102.38714, 5.69727], [102.38523, 5.69443], [102.37994, 5.69198], [102.37903, 5.6825], [102.36806, 5.68261], [102.36453, 5.67564], [102.35899, 5.67055], [102.34523, 5.66807], [102.33656, 5.6717], [102.33325, 5.67036], [102.3286, 5.66371], [102.32337, 5.6654], [102.32101, 5.66804], [102.30875, 5.67017], [102.30252, 5.66694], [102.30062, 5.66328], [102.28869, 5.66687], [102.28818, 5.66531], [102.28229, 5.66311], [102.27906, 5.65779], [102.28017, 5.6553], [102.27648, 5.65425], [102.24248, 5.6613], [102.24255, 5.6703], [102.2408, 5.6706], [102.23985, 5.66912], [102.23865, 5.67059], [102.2377, 5.66984], [102.23736, 5.66769], [102.23567, 5.66836], [102.22351, 5.66427], [102.22214, 5.66122], [102.21867, 5.66477], [102.212, 5.66437], [102.21214, 5.66546], [102.20658, 5.66635], [102.2066, 5.66746], [102.19426, 5.66886], [102.19483, 5.67436], [102.19605, 5.67486], [102.1957, 5.6837], [102.2017, 5.68605], [102.20059, 5.6881], [102.20262, 5.68969], [102.21265, 5.68953], [102.21028, 5.70277], [102.21538, 5.71228], [102.21142, 5.71339], [102.21344, 5.71743], [102.21263, 5.7329], [102.21095, 5.73253], [102.20866, 5.74621], [102.20619, 5.74721], [102.20318, 5.75271], [102.2, 5.76384], [102.19762, 5.76317], [102.19244, 5.78025], [102.19437, 5.78057], [102.193, 5.78358], [102.20135, 5.78299], [102.20308, 5.78599], [102.20092, 5.78658], [102.19975, 5.7939], [102.201, 5.79374], [102.20042, 5.79677], [102.20224, 5.79711], [102.20196, 5.80055], [102.2136, 5.80026], [102.21377, 5.7972]]]]}}, {"type": "Feature", "properties": {"state": "Kelantan", "seat": "N.36 Bukit Bunga", "seat_name": "Bukit Bunga"}, "geometry": {"type": "MultiPolygon", "coordinates": [[[[101.95966, 5.91297], [101.96025, 5.89864], [101.96348, 5.89488], [101.96319, 5.89168], [101.96573, 5.89039], [101.96461, 5.89016], [101.9675, 5.88679], [101.96764, 5.88262], [101.97017, 5.87984], [101.96832, 5.87879], [101.97202, 5.87114], [101.97141, 5.86955], [101.97454, 5.86575], [101.97478, 5.85639], [101.97598, 5.85652], [101.9764, 5.85417], [101.9814, 5.85448], [101.9865, 5.85124], [101.98782, 5.85184], [101.98784, 5.8484], [101.99036, 5.84823], [101.99082, 5.84205], [101.99267, 5.84041], [101.99139, 5.83972], [101.99142, 5.83605], [101.99295, 5.8291], [101.99481, 5.83045], [101.99773, 5.82816], [101.99936, 5.82986], [102.00391, 5.82829], [102.00541, 5.83021], [102.01244, 5.82864], [102.01905, 5.83026], [102.02409, 5.81959], [102.00756, 5.8083], [102.00565, 5.80369], [102.01133, 5.78414], [102.00968, 5.77804], [102.01427, 5.77111], [102.01112, 5.76795], [102.01301, 5.76297], [102.00942, 5.75837], [102.01004, 5.75154], [102.00403, 5.7439], [102.00371, 5.7392], [101.9886, 5.72975], [101.97833, 5.73108], [101.97431, 5.7283], [101.96772, 5.72766], [101.96613, 5.72432], [101.96979, 5.72023], [101.97053, 5.71683], [101.96865, 5.71405], [101.96032, 5.70953], [101.95557, 5.7029], [101.95851, 5.69575], [101.95718, 5.69047], [101.95995, 5.68413], [101.95971, 5.67907], [101.96391, 5.6754], [101.96522, 5.67072], [101.97049, 5.66638], [101.96945, 5.66549], [101.97138, 5.6631], [101.97137, 5.65953], [101.97568, 5.65283], [101.97322, 5.65034], [101.96861, 5.64937], [101.95113, 5.65636], [101.95132, 5.65828], [101.94708, 5.66029], [101.9299, 5.6594], [101.92713, 5.66577], [101.92206, 5.6686], [101.92879, 5.67719], [101.92994, 5.68867], [101.9348, 5.69561], [101.93593, 5.706], [101.93743, 5.70637], [101.93628, 5.71328], [101.93774, 5.71328], [101.93774, 5.71649], [101.93445, 5.719], [101.93634, 5.72064], [101.93533, 5.72404], [101.93673, 5.72559], [101.93422, 5.7276], [101.93377, 5.73057], [101.92941, 5.73326], [101.92511, 5.73305], [101.92449, 5.73009], [101.92212, 5.73], [101.9226, 5.73245], [101.92043, 5.73525], [101.92154, 5.73906], [101.91971, 5.73977], [101.92039, 5.74236], [101.91596, 5.7488], [101.91725, 5.75053], [101.91303, 5.7542], [101.91043, 5.7507], [101.91164, 5.77357], [101.91062, 5.77353], [101.90989, 5.78455], [101.90776, 5.78954], [101.91042, 5.79488], [101.8982, 5.79503], [101.89244, 5.79673], [101.89072, 5.79312], [101.88391, 5.8011], [101.88302, 5.80888], [101.8792, 5.8139], [101.88003, 5.81618], [101.87699, 5.8203], [101.87969, 5.83116], [101.88451, 5.83477], [101.88399, 5.83725], [101.88707, 5.83903], [101.89138, 5.83786], [101.89589, 5.84535], [101.89681, 5.84305], [101.89941, 5.84397], [101.90529, 5.84119], [101.91633, 5.84264], [101.91691, 5.84501], [101.92027, 5.84559], [101.92942, 5.85273], [101.92735, 5.85704], [101.93103, 5.86142], [101.93672, 5.86259], [101.94167, 5.86722], [101.9412, 5.87005], [101.94396, 5.8724], [101.94004, 5.87907], [101.94128, 5.88365], [101.94049, 5.8889], [101.93746, 5.88871], [101.93899, 5.89135], [101.93519, 5.89711], [101.9363, 5.89888], [101.93389, 5.89986], [101.93465, 5.90203], [101.93286, 5.90465], [101.93541, 5.90401], [101.93995, 5.90695], [101.96002, 5.92407], [101.95966, 5.91297]]]]}}, {"type": "Feature", "properties": {"state": "Kelantan", "seat": "N.37 Air Lanas", "seat_name": "Air Lanas"}, "geometry": {"type": "MultiPolygon", "coordinates": [[[[101.88149, 5.81001], [101.88302, 5.80888], [101.88391, 5.8011], [101.89072, 5.79312], [101.89244, 5.79673], [101.8982, 5.79503], [101.91042, 5.79488], [101.90776, 5.78954], [101.90989, 5.78455], [101.91062, 5.77353], [101.91164, 5.77357], [101.91043, 5.7507], [101.91303, 5.7542], [101.91725, 5.75053], [101.91596, 5.7488], [101.92039, 5.74236], [101.91971, 5.73977], [101.92154, 5.73906], [101.92043, 5.73525], [101.9226, 5.73245], [101.92212, 5.73], [101.92449, 5.73009], [101.92511, 5.73305], [101.92941, 5.73326], [101.93377, 5.73057], [101.93422, 5.7276], [101.93673, 5.72559], [101.93533, 5.72404], [101.93634, 5.72064], [101.93445, 5.719], [101.93774, 5.71649], [101.93774, 5.71328], [101.93628, 5.71328], [101.93743, 5.70637], [101.93593, 5.706], [101.9348, 5.69561], [101.92994, 5.68867], [101.92879, 5.67719], [101.92206, 5.6686], [101.92713, 5.66577], [101.9299, 5.6594], [101.94708, 5.66029], [101.95132, 5.65828], [101.95113, 5.65636], [101.96857, 5.64945], [101.96897, 5.64754], [101.96644, 5.64566], [101.9655, 5.62821], [101.96378, 5.62502], [101.95905, 5.62296], [101.9551, 5.62334], [101.94997, 5.62681], [101.94618, 5.6213], [101.94662, 5.61636], [101.9442, 5.61045], [101.94211, 5.6106], [101.94124, 5.61681], [101.93465, 5.6228], [101.92841, 5.6202], [101.92432, 5.62154], [101.92141, 5.62043], [101.92046, 5.62258], [101.91831, 5.6226], [101.90783, 5.61993], [101.90413, 5.62276], [101.89944, 5.62321], [101.89945, 5.62546], [101.88878, 5.63394], [101.88645, 5.63402], [101.88503, 5.63121], [101.88188, 5.63221], [101.87844, 5.62965], [101.87833, 5.62246], [101.87427, 5.62212], [101.87098, 5.61965], [101.86266, 5.62063], [101.85911, 5.61754], [101.85107, 5.61818], [101.84184, 5.61412], [101.83415, 5.61506], [101.82535, 5.63335], [101.82032, 5.63619], [101.81677, 5.63327], [101.81015, 5.63106], [101.80532, 5.6237], [101.80266, 5.62251], [101.79958, 5.62333], [101.79391, 5.61775], [101.78948, 5.61602], [101.7842, 5.62116], [101.77843, 5.63218], [101.77494, 5.6343], [101.77439, 5.64124], [101.77863, 5.648], [101.78619, 5.65543], [101.78589, 5.65792], [101.78807, 5.65994], [101.78595, 5.66599], [101.7935, 5.66775], [101.79862, 5.67266], [101.79636, 5.69657], [101.79048, 5.70204], [101.78641, 5.69786], [101.77365, 5.69672], [101.76953, 5.68401], [101.76581, 5.68083], [101.74372, 5.68174], [101.7435, 5.69859], [101.7404, 5.71289], [101.74133, 5.71705], [101.73736, 5.71802], [101.73779, 5.72768], [101.72936, 5.72902], [101.72828, 5.7312], [101.71949, 5.73363], [101.71264, 5.73314], [101.69959, 5.72434], [101.69273, 5.72278], [101.68858, 5.72526], [101.69254, 5.72797], [101.69343, 5.73111], [101.69013, 5.74808], [101.69162, 5.75465], [101.70203, 5.75216], [101.70712, 5.75469], [101.71089, 5.76201], [101.7149, 5.76348], [101.71785, 5.78095], [101.71709, 5.78644], [101.71849, 5.78797], [101.71976, 5.7882], [101.72249, 5.77985], [101.72744, 5.78547], [101.73965, 5.78238], [101.74409, 5.78961], [101.74411, 5.79353], [101.74856, 5.79326], [101.75406, 5.79705], [101.76097, 5.79536], [101.76574, 5.78974], [101.77692, 5.78328], [101.77438, 5.7732], [101.77544, 5.76877], [101.78956, 5.75329], [101.79267, 5.7505], [101.7992, 5.75047], [101.80442, 5.74399], [101.81124, 5.74179], [101.81599, 5.73296], [101.82078, 5.73358], [101.82379, 5.73211], [101.82635, 5.73372], [101.82679, 5.73749], [101.8237, 5.74765], [101.81767, 5.75475], [101.82494, 5.76539], [101.82649, 5.77076], [101.83515, 5.78443], [101.83602, 5.78872], [101.84083, 5.79002], [101.84037, 5.79155], [101.84293, 5.78876], [101.85532, 5.79129], [101.85643, 5.79395], [101.85782, 5.79191], [101.86545, 5.79068], [101.86702, 5.79256], [101.86435, 5.79331], [101.86294, 5.79858], [101.8606, 5.79898], [101.86137, 5.80134], [101.86604, 5.8039], [101.86738, 5.80228], [101.8697, 5.80524], [101.87259, 5.8032], [101.87166, 5.80206], [101.87312, 5.80252], [101.87684, 5.80618], [101.87688, 5.80864], [101.88067, 5.81013], [101.88058, 5.8121], [101.88149, 5.81001]]]]}}, {"type": "Feature", "properties": {"state": "Kelantan", "seat": "N.38 Kuala Balah", "seat_name": "Kuala Balah"}, "geometry": {"type": "MultiPolygon", "coordinates": [[[[101.71949, 5.73363], [101.72828, 5.7312], [101.72936, 5.72902], [101.73779, 5.72768], [101.73736, 5.71802], [101.74133, 5.71705], [101.7404, 5.71289], [101.7435, 5.69859], [101.74372, 5.68174], [101.76581, 5.68083], [101.76953, 5.68401], [101.77365, 5.69672], [101.78641, 5.69786], [101.79048, 5.70204], [101.79636, 5.69657], [101.79862, 5.67266], [101.7935, 5.66775], [101.78595, 5.66599], [101.78807, 5.65994], [101.78589, 5.65792], [101.78619, 5.65543], [101.77863, 5.648], [101.77439, 5.64124], [101.77494, 5.6343], [101.77843, 5.63218], [101.7842, 5.62116], [101.78948, 5.61602], [101.79391, 5.61775], [101.79958, 5.62333], [101.80266, 5.62251], [101.80532, 5.6237], [101.81015, 5.63106], [101.8212, 5.63625], [101.82535, 5.63335], [101.83415, 5.61506], [101.84184, 5.61412], [101.85107, 5.61818], [101.85911, 5.61754], [101.86266, 5.62063], [101.87098, 5.61965], [101.87427, 5.62212], [101.87833, 5.62246], [101.87831, 5.62949], [101.88188, 5.63221], [101.88503, 5.63121], [101.88645, 5.63402], [101.89022, 5.63344], [101.89945, 5.62546], [101.89944, 5.62321], [101.90413, 5.62276], [101.90783, 5.61993], [101.91831, 5.6226], [101.92046, 5.62258], [101.92141, 5.62043], [101.92432, 5.62154], [101.92841, 5.6202], [101.93465, 5.6228], [101.94124, 5.61681], [101.94211, 5.6106], [101.94518, 5.61038], [101.9494, 5.59901], [101.95441, 5.59904], [101.96255, 5.59447], [101.96585, 5.5806], [101.96491, 5.57874], [101.96766, 5.57058], [101.97188, 5.56875], [101.9736, 5.55655], [101.97167, 5.55655], [101.96855, 5.54966], [101.96446, 5.54966], [101.96484, 5.5448], [101.97041, 5.53802], [101.97276, 5.53739], [101.97387, 5.54155], [101.98017, 5.54059], [101.98566, 5.53541], [101.98676, 5.52882], [101.98981, 5.5307], [101.99466, 5.52872], [101.9907, 5.51517], [101.99228, 5.51048], [101.98885, 5.50823], [101.98811, 5.50343], [101.98849, 5.49284], [101.99263, 5.49056], [101.99412, 5.47527], [101.98821, 5.47326], [101.98842, 5.46525], [101.99047, 5.46181], [101.98885, 5.45769], [101.95934, 5.4556], [101.96158, 5.43438], [101.97543, 5.43523], [101.95546, 5.40981], [101.95165, 5.411], [101.94893, 5.40418], [101.94548, 5.40331], [101.94561, 5.40023], [101.94382, 5.40112], [101.94255, 5.39957], [101.94252, 5.39771], [101.90441, 5.34769], [101.88282, 5.35098], [101.85345, 5.35208], [101.74121, 5.3957], [101.73851, 5.39822], [101.74259, 5.40722], [101.7447, 5.41957], [101.74014, 5.42856], [101.74023, 5.45327], [101.73678, 5.45508], [101.73576, 5.45839], [101.74305, 5.46934], [101.74803, 5.47247], [101.74907, 5.47634], [101.74997, 5.48513], [101.74784, 5.49621], [101.74839, 5.50153], [101.74506, 5.50666], [101.74089, 5.50976], [101.73335, 5.5043], [101.73063, 5.49848], [101.7285, 5.49839], [101.72409, 5.50123], [101.72327, 5.50659], [101.72117, 5.50749], [101.72213, 5.5127], [101.71132, 5.51173], [101.70158, 5.50724], [101.6977, 5.50032], [101.69294, 5.49922], [101.69112, 5.50397], [101.68348, 5.50634], [101.68038, 5.5109], [101.67289, 5.51163], [101.66493, 5.50794], [101.65537, 5.52037], [101.65786, 5.52574], [101.66368, 5.53046], [101.663, 5.53392], [101.66575, 5.53405], [101.66476, 5.53988], [101.67123, 5.54269], [101.67468, 5.548], [101.67242, 5.55027], [101.67252, 5.55714], [101.67917, 5.56215], [101.67943, 5.5674], [101.67768, 5.57047], [101.68674, 5.58617], [101.68202, 5.59147], [101.67845, 5.59135], [101.67635, 5.59892], [101.67298, 5.59793], [101.6713, 5.6007], [101.66578, 5.60122], [101.66324, 5.60353], [101.66129, 5.60289], [101.65895, 5.60714], [101.65354, 5.60898], [101.65628, 5.61134], [101.65515, 5.62063], [101.66338, 5.6314], [101.66268, 5.63523], [101.65767, 5.63959], [101.65679, 5.6436], [101.65982, 5.65488], [101.65989, 5.66057], [101.65845, 5.66265], [101.65982, 5.66862], [101.66506, 5.66858], [101.67728, 5.68705], [101.6885, 5.69369], [101.69427, 5.70253], [101.69303, 5.70784], [101.69118, 5.70899], [101.69237, 5.7118], [101.69158, 5.71961], [101.68853, 5.72379], [101.68817, 5.72474], [101.68869, 5.72589], [101.69273, 5.72278], [101.69527, 5.72267], [101.71264, 5.73314], [101.71949, 5.73363]]]]}}, {"type": "Feature", "properties": {"state": "Kelantan", "seat": "N.39 Mengkebang", "seat_name": "Mengkebang"}, "geometry": {"type": "MultiPolygon", "coordinates": [[[[102.37925, 5.68202], [102.3817, 5.6809], [102.38256, 5.67774], [102.38589, 5.67624], [102.38653, 5.67429], [102.38526, 5.6672], [102.38762, 5.66239], [102.38553, 5.65921], [102.38668, 5.65515], [102.38518, 5.65278], [102.3896, 5.64091], [102.38744, 5.63531], [102.38787, 5.63146], [102.3942, 5.6274], [102.39373, 5.62188], [102.39767, 5.62023], [102.40175, 5.6134], [102.39885, 5.60732], [102.39686, 5.60683], [102.39801, 5.60593], [102.39616, 5.58188], [102.40033, 5.57524], [102.40004, 5.57142], [102.40396, 5.56089], [102.40303, 5.55631], [102.40589, 5.55333], [102.40555, 5.54958], [102.40788, 5.54487], [102.40419, 5.54575], [102.39965, 5.5432], [102.40169, 5.53877], [102.40057, 5.53872], [102.39975, 5.53384], [102.39037, 5.52247], [102.38252, 5.5225], [102.38104, 5.51995], [102.38144, 5.51533], [102.38356, 5.51207], [102.38637, 5.51142], [102.39222, 5.49918], [102.39024, 5.48835], [102.38656, 5.48525], [102.37922, 5.48319], [102.37742, 5.47909], [102.37477, 5.4786], [102.37176, 5.48065], [102.36551, 5.47991], [102.35866, 5.47207], [102.35313, 5.46892], [102.34305, 5.4548], [102.33872, 5.45443], [102.3368, 5.45081], [102.32863, 5.44554], [102.31575, 5.45031], [102.30399, 5.45791], [102.30305, 5.46108], [102.30426, 5.46161], [102.30499, 5.46996], [102.30041, 5.4739], [102.30048, 5.48389], [102.29422, 5.48717], [102.28803, 5.48564], [102.28405, 5.4927], [102.27651, 5.4935], [102.27668, 5.49846], [102.27432, 5.49927], [102.27125, 5.50785], [102.27181, 5.51342], [102.27461, 5.51799], [102.27429, 5.53066], [102.27187, 5.53953], [102.2662, 5.54818], [102.26927, 5.56166], [102.24942, 5.56221], [102.24453, 5.56166], [102.24298, 5.558], [102.2317, 5.55766], [102.23176, 5.56416], [102.23399, 5.56556], [102.23402, 5.56786], [102.23279, 5.56794], [102.22951, 5.56404], [102.22581, 5.56546], [102.22561, 5.56391], [102.22129, 5.56329], [102.22087, 5.56048], [102.21956, 5.56257], [102.21566, 5.56172], [102.21563, 5.56301], [102.21288, 5.56148], [102.2088, 5.5622], [102.20827, 5.56443], [102.20119, 5.56438], [102.19272, 5.5586], [102.18852, 5.55741], [102.18098, 5.55906], [102.17935, 5.55758], [102.17122, 5.55932], [102.15603, 5.57724], [102.15159, 5.57589], [102.14867, 5.57784], [102.14686, 5.57287], [102.1492, 5.57179], [102.1503, 5.57226], [102.14943, 5.57412], [102.15139, 5.57383], [102.15289, 5.56482], [102.15931, 5.55105], [102.15401, 5.55272], [102.15219, 5.55105], [102.14052, 5.55041], [102.13507, 5.55222], [102.11107, 5.52369], [102.10635, 5.52402], [102.10672, 5.51802], [102.08848, 5.4903], [102.08214, 5.50174], [102.07785, 5.50388], [102.06539, 5.50559], [102.06372, 5.50802], [102.06399, 5.51107], [102.05929, 5.51258], [102.05894, 5.51542], [102.05422, 5.51895], [102.04978, 5.51866], [102.04694, 5.5215], [102.03851, 5.51847], [102.03777, 5.51521], [102.03493, 5.51387], [102.03123, 5.51795], [102.0296, 5.52215], [102.03082, 5.52785], [102.02905, 5.53301], [102.03441, 5.5376], [102.03763, 5.54445], [102.03461, 5.55179], [102.03955, 5.55343], [102.04415, 5.55913], [102.04491, 5.57112], [102.04714, 5.57168], [102.05306, 5.58066], [102.05926, 5.5841], [102.06464, 5.5824], [102.07334, 5.58335], [102.07563, 5.58087], [102.08489, 5.58625], [102.08744, 5.58578], [102.08815, 5.5943], [102.09553, 5.59502], [102.09956, 5.59936], [102.09524, 5.61014], [102.09485, 5.61977], [102.09581, 5.62191], [102.09789, 5.62052], [102.10299, 5.62291], [102.1024, 5.62468], [102.10545, 5.62465], [102.10728, 5.62884], [102.10595, 5.63231], [102.11155, 5.63978], [102.11301, 5.64004], [102.1212, 5.62713], [102.14342, 5.64095], [102.15892, 5.64348], [102.15746, 5.65072], [102.16189, 5.65149], [102.16389, 5.63815], [102.16721, 5.63274], [102.16892, 5.63341], [102.17063, 5.62964], [102.18067, 5.63769], [102.19373, 5.63562], [102.19314, 5.64093], [102.19038, 5.64168], [102.18995, 5.64668], [102.19487, 5.64563], [102.19963, 5.64775], [102.19764, 5.65199], [102.19465, 5.6506], [102.19232, 5.66547], [102.19022, 5.66618], [102.18974, 5.66903], [102.2066, 5.66746], [102.20658, 5.66635], [102.21214, 5.66546], [102.212, 5.66437], [102.21867, 5.66477], [102.22214, 5.66122], [102.22351, 5.66427], [102.23567, 5.66836], [102.23736, 5.66769], [102.2377, 5.66984], [102.23865, 5.67059], [102.23985, 5.66912], [102.2408, 5.6706], [102.24255, 5.6703], [102.24248, 5.6613], [102.27648, 5.65425], [102.28017, 5.6553], [102.27906, 5.65779], [102.28229, 5.66311], [102.28818, 5.66531], [102.28869, 5.66687], [102.30062, 5.66328], [102.30252, 5.66694], [102.30875, 5.67017], [102.32101, 5.66804], [102.32337, 5.6654], [102.3286, 5.66371], [102.33325, 5.67036], [102.33656, 5.6717], [102.34523, 5.66807], [102.35549, 5.66939], [102.35899, 5.67055], [102.36453, 5.67564], [102.36806, 5.68261], [102.37925, 5.68202]]]]}}, {"type": "Feature", "properties": {"state": "Kelantan", "seat": "N.40 Guchil", "seat_name": "Guchil"}, "geometry": {"type": "MultiPolygon", "coordinates": [[[[102.15109, 5.57615], [102.15603, 5.57724], [102.17122, 5.55932], [102.17935, 5.55758], [102.18098, 5.55906], [102.18852, 5.55741], [102.19272, 5.5586], [102.20119, 5.56438], [102.20827, 5.56443], [102.2088, 5.5622], [102.21288, 5.56148], [102.21563, 5.56301], [102.21566, 5.56172], [102.21956, 5.56257], [102.22087, 5.56048], [102.22129, 5.56329], [102.22561, 5.56391], [102.22581, 5.56546], [102.22951, 5.56404], [102.23279, 5.56794], [102.23402, 5.56786], [102.23399, 5.56556], [102.23176, 5.56416], [102.2317, 5.55766], [102.24298, 5.558], [102.24453, 5.56166], [102.24942, 5.56221], [102.26927, 5.56166], [102.2662, 5.54818], [102.27187, 5.53953], [102.27429, 5.53066], [102.27461, 5.51799], [102.27181, 5.51342], [102.27125, 5.50785], [102.27432, 5.49927], [102.27668, 5.49846], [102.27651, 5.4935], [102.26965, 5.49467], [102.26456, 5.49145], [102.25973, 5.49313], [102.25698, 5.48484], [102.25264, 5.48436], [102.24504, 5.48576], [102.2443, 5.48793], [102.24018, 5.4875], [102.24052, 5.47657], [102.23606, 5.47409], [102.23112, 5.47622], [102.22881, 5.46858], [102.23194, 5.46531], [102.23246, 5.4549], [102.23756, 5.45084], [102.23886, 5.4465], [102.22846, 5.44546], [102.22633, 5.45133], [102.22316, 5.45032], [102.22142, 5.45257], [102.2112, 5.4528], [102.20983, 5.44737], [102.21076, 5.43738], [102.20757, 5.42988], [102.19311, 5.44973], [102.1865, 5.45079], [102.1834, 5.44876], [102.18129, 5.45141], [102.17898, 5.45097], [102.17955, 5.45327], [102.17512, 5.45818], [102.17074, 5.454], [102.1656, 5.45438], [102.13184, 5.42336], [102.12983, 5.42365], [102.12801, 5.43021], [102.12288, 5.43519], [102.11604, 5.43657], [102.11229, 5.43456], [102.10678, 5.43599], [102.10326, 5.44119], [102.10131, 5.44739], [102.10624, 5.45612], [102.10303, 5.46251], [102.10009, 5.46552], [102.09592, 5.46676], [102.09543, 5.48447], [102.0927, 5.48524], [102.09218, 5.48993], [102.08848, 5.4903], [102.10672, 5.51802], [102.10635, 5.52402], [102.11107, 5.52369], [102.13507, 5.55222], [102.14052, 5.55041], [102.15219, 5.55105], [102.15401, 5.55272], [102.15931, 5.55105], [102.15289, 5.56482], [102.15139, 5.57383], [102.14943, 5.57412], [102.1503, 5.57226], [102.1492, 5.57179], [102.14686, 5.57287], [102.14867, 5.57784], [102.15109, 5.57615]]]]}}, {"type": "Feature", "properties": {"state": "Kelantan", "seat": "N.41 Manek Urai", "seat_name": "Manek Urai"}, "geometry": {"type": "MultiPolygon", "coordinates": [[[[102.27926, 5.49261], [102.28405, 5.4927], [102.28803, 5.48564], [102.29422, 5.48717], [102.30048, 5.48389], [102.30041, 5.4739], [102.30499, 5.46996], [102.30426, 5.46161], [102.30305, 5.46108], [102.30399, 5.45791], [102.31575, 5.45031], [102.32863, 5.44554], [102.3368, 5.45081], [102.33872, 5.45443], [102.34305, 5.4548], [102.35313, 5.46892], [102.35866, 5.47207], [102.36551, 5.47991], [102.37176, 5.48065], [102.37477, 5.4786], [102.37742, 5.47909], [102.37922, 5.48319], [102.38656, 5.48525], [102.39024, 5.48835], [102.38853, 5.47397], [102.39548, 5.46948], [102.39975, 5.46178], [102.39735, 5.45545], [102.40114, 5.44423], [102.40309, 5.44254], [102.4021, 5.43812], [102.397, 5.43356], [102.39344, 5.42572], [102.38707, 5.42775], [102.38511, 5.42526], [102.38377, 5.41565], [102.38511, 5.41028], [102.38857, 5.40879], [102.39167, 5.40961], [102.3938, 5.40466], [102.39919, 5.40121], [102.39931, 5.39856], [102.40503, 5.39546], [102.40906, 5.39602], [102.41306, 5.38969], [102.41772, 5.38976], [102.42074, 5.39174], [102.41887, 5.38439], [102.42253, 5.38198], [102.42932, 5.3689], [102.43828, 5.37091], [102.44178, 5.36456], [102.43847, 5.35537], [102.43046, 5.35603], [102.42667, 5.35061], [102.4293, 5.34585], [102.4273, 5.338], [102.42947, 5.32332], [102.42761, 5.31964], [102.42163, 5.31757], [102.42281, 5.31516], [102.41856, 5.30609], [102.41961, 5.30401], [102.41846, 5.29905], [102.3495, 5.2941], [102.29237, 5.2551], [102.28299, 5.25472], [102.28178, 5.25985], [102.27288, 5.26585], [102.26513, 5.27586], [102.26672, 5.29333], [102.27077, 5.30049], [102.25861, 5.30919], [102.25558, 5.31319], [102.25338, 5.32609], [102.25044, 5.33226], [102.25046, 5.34556], [102.24113, 5.35049], [102.23173, 5.34814], [102.22922, 5.34491], [102.22322, 5.34684], [102.22286, 5.34552], [102.2082, 5.34809], [102.20712, 5.35008], [102.20829, 5.35349], [102.20605, 5.35783], [102.20144, 5.35965], [102.19981, 5.36372], [102.19853, 5.36297], [102.1864, 5.3719], [102.17834, 5.37236], [102.17557, 5.37466], [102.17331, 5.3847], [102.16985, 5.391], [102.16559, 5.39248], [102.16145, 5.39716], [102.15651, 5.39735], [102.15454, 5.40216], [102.15541, 5.40522], [102.14245, 5.42088], [102.13945, 5.41798], [102.1362, 5.4187], [102.13475, 5.42014], [102.13547, 5.42195], [102.13174, 5.42327], [102.1656, 5.45438], [102.17074, 5.454], [102.17512, 5.45818], [102.17955, 5.45327], [102.17898, 5.45097], [102.18129, 5.45141], [102.1834, 5.44876], [102.1865, 5.45079], [102.19311, 5.44973], [102.20757, 5.42988], [102.21076, 5.43738], [102.20983, 5.44737], [102.2112, 5.4528], [102.22142, 5.45257], [102.22316, 5.45032], [102.22633, 5.45133], [102.22846, 5.44546], [102.23886, 5.4465], [102.23756, 5.45084], [102.23246, 5.4549], [102.23194, 5.46531], [102.22881, 5.46858], [102.23112, 5.47622], [102.23606, 5.47409], [102.24052, 5.47657], [102.24018, 5.4875], [102.2443, 5.48793], [102.24504, 5.48576], [102.25264, 5.48436], [102.25698, 5.48484], [102.25981, 5.49316], [102.26477, 5.49147], [102.27025, 5.49472], [102.27926, 5.49261]]]]}}, {"type": "Feature", "properties": {"state": "Kelantan", "seat": "N.42 Dabong", "seat_name": "Dabong"}, "geometry": {"type": "MultiPolygon", "coordinates": [[[[102.01553, 5.51262], [102.03044, 5.51794], [102.03602, 5.51395], [102.03851, 5.51847], [102.04694, 5.5215], [102.04978, 5.51866], [102.05422, 5.51895], [102.05894, 5.51542], [102.05929, 5.51258], [102.06399, 5.51107], [102.06372, 5.50802], [102.06539, 5.50559], [102.08062, 5.50292], [102.08848, 5.4903], [102.09218, 5.48993], [102.0927, 5.48524], [102.09543, 5.48447], [102.09592, 5.46676], [102.10009, 5.46552], [102.10303, 5.46251], [102.10624, 5.45612], [102.10131, 5.44739], [102.10678, 5.43599], [102.11229, 5.43456], [102.11604, 5.43657], [102.12288, 5.43519], [102.12801, 5.43021], [102.12983, 5.42365], [102.13547, 5.42195], [102.13475, 5.42014], [102.1362, 5.4187], [102.13945, 5.41798], [102.14245, 5.42088], [102.15541, 5.40522], [102.15454, 5.40216], [102.15651, 5.39735], [102.16145, 5.39716], [102.16559, 5.39248], [102.16985, 5.391], [102.17331, 5.3847], [102.17557, 5.37466], [102.17834, 5.37236], [102.1864, 5.3719], [102.19853, 5.36297], [102.19981, 5.36372], [102.20144, 5.35965], [102.20605, 5.35783], [102.20829, 5.35349], [102.20712, 5.35008], [102.2082, 5.34809], [102.22286, 5.34552], [102.22322, 5.34684], [102.22922, 5.34491], [102.23173, 5.34814], [102.24113, 5.35049], [102.25029, 5.34573], [102.25044, 5.33226], [102.25338, 5.32609], [102.25558, 5.31319], [102.25861, 5.30919], [102.27077, 5.30049], [102.26672, 5.29333], [102.26513, 5.27586], [102.27288, 5.26585], [102.28178, 5.25985], [102.28299, 5.25472], [102.25325, 5.25279], [102.13221, 5.25496], [102.13893, 5.17517], [102.0822, 5.17541], [102.03034, 5.18493], [102.01129, 5.18664], [102.0122, 5.19009], [101.88224, 5.26709], [101.82131, 5.28888], [101.78694, 5.35802], [101.74122, 5.3957], [101.85345, 5.35208], [101.88282, 5.35098], [101.90441, 5.34769], [101.94252, 5.39771], [101.94255, 5.39957], [101.94382, 5.40112], [101.94561, 5.40023], [101.94548, 5.40331], [101.94893, 5.40418], [101.95165, 5.411], [101.95546, 5.40981], [101.97543, 5.43523], [101.96158, 5.43438], [101.95934, 5.4556], [101.98885, 5.45769], [101.99047, 5.46181], [101.98842, 5.46525], [101.98821, 5.47326], [101.99412, 5.47527], [101.99263, 5.49056], [101.98849, 5.49284], [101.98811, 5.50343], [101.98885, 5.50823], [101.99228, 5.51048], [101.9907, 5.51517], [101.99466, 5.52872], [101.99973, 5.53254], [102.00385, 5.52507], [102.0116, 5.51763], [102.01337, 5.51753], [102.01553, 5.51262]]]]}}, {"type": "Feature", "properties": {"state": "Kelantan", "seat": "N.43 Nenggiri", "seat_name": "Nenggiri"}, "geometry": {"type": "MultiPolygon", "coordinates": [[[[101.76713, 5.37481], [101.78694, 5.35802], [101.82131, 5.28888], [101.88224, 5.26709], [102.0122, 5.19009], [102.01129, 5.18664], [102.03034, 5.18493], [102.0822, 5.17541], [102.13893, 5.17517], [102.15036, 5.06744], [102.13413, 5.00598], [102.13651, 5.00453], [102.13219, 5.00343], [102.12849, 4.9933], [102.12823, 4.9857], [102.11757, 4.95526], [102.11238, 4.92293], [102.10781, 4.90512], [102.09686, 4.89079], [102.09065, 4.89497], [102.07873, 4.89765], [102.07349, 4.89524], [102.06203, 4.9018], [102.05552, 4.90189], [102.05559, 4.90913], [102.03237, 4.9155], [102.0324, 4.92246], [102.0257, 4.91718], [102.02053, 4.91853], [102.00382, 4.91856], [101.9935, 4.91258], [101.98123, 4.91257], [101.978, 4.91579], [101.97453, 4.90843], [101.97291, 4.90865], [101.96965, 4.91589], [101.96135, 4.91314], [101.95618, 4.91334], [101.9523, 4.91959], [101.9384, 4.92416], [101.93514, 4.93329], [101.93108, 4.9358], [101.9197, 4.9313], [101.90828, 4.93437], [101.90072, 4.93005], [101.87869, 4.93399], [101.86072, 4.959], [101.87728, 4.99139], [101.90893, 5.00772], [101.90395, 5.00957], [101.88833, 5.00851], [101.86643, 5.00955], [101.85695, 5.00751], [101.85162, 4.99792], [101.84265, 4.99776], [101.83468, 5.00224], [101.80433, 5.00932], [101.79919, 5.01769], [101.79557, 5.01665], [101.78235, 5.02073], [101.76321, 5.0216], [101.76607, 5.01797], [101.76235, 5.0132], [101.76071, 5.00754], [101.76535, 5.00655], [101.77046, 4.99258], [101.75702, 4.98749], [101.73827, 4.97726], [101.72002, 4.97425], [101.71006, 4.97487], [101.68902, 4.99237], [101.68129, 4.99678], [101.67181, 4.99915], [101.63391, 5.01863], [101.62672, 5.02503], [101.62766, 5.02654], [101.62653, 5.02823], [101.59414, 5.05851], [101.58562, 5.05849], [101.58164, 5.05622], [101.56838, 5.05675], [101.5644, 5.05975], [101.55209, 5.06444], [101.53258, 5.07853], [101.53031, 5.07815], [101.52695, 5.08407], [101.52523, 5.08374], [101.50819, 5.09643], [101.49325, 5.10464], [101.48102, 5.11526], [101.48427, 5.12083], [101.48469, 5.12995], [101.48694, 5.13364], [101.48117, 5.14286], [101.48133, 5.14856], [101.48371, 5.15518], [101.48968, 5.16136], [101.48569, 5.16714], [101.48544, 5.17383], [101.49013, 5.17251], [101.49287, 5.17651], [101.49127, 5.18082], [101.49476, 5.18684], [101.50386, 5.19176], [101.50652, 5.19703], [101.51005, 5.19997], [101.50869, 5.20417], [101.51512, 5.21554], [101.51094, 5.22299], [101.50921, 5.23169], [101.52202, 5.2442], [101.52336, 5.25007], [101.52235, 5.25231], [101.51928, 5.25359], [101.52201, 5.26478], [101.52075, 5.26934], [101.52234, 5.27061], [101.52534, 5.26988], [101.52834, 5.2731], [101.53169, 5.26988], [101.53168, 5.26636], [101.53435, 5.26263], [101.53838, 5.26197], [101.5435, 5.26455], [101.54621, 5.2628], [101.54778, 5.26771], [101.54643, 5.27223], [101.54728, 5.28002], [101.5572, 5.28376], [101.56112, 5.29006], [101.56693, 5.28625], [101.56929, 5.28736], [101.57033, 5.29041], [101.57292, 5.29109], [101.56955, 5.3014], [101.57208, 5.30496], [101.57343, 5.31775], [101.57515, 5.3205], [101.57385, 5.32525], [101.57677, 5.32921], [101.58311, 5.33123], [101.59043, 5.32951], [101.59417, 5.33232], [101.60024, 5.332], [101.59953, 5.33459], [101.60404, 5.33892], [101.60671, 5.34665], [101.61066, 5.34871], [101.61555, 5.34845], [101.62042, 5.35123], [101.62546, 5.34797], [101.62884, 5.34241], [101.63448, 5.34113], [101.63586, 5.33934], [101.64104, 5.33919], [101.64254, 5.34192], [101.6468, 5.34411], [101.65056, 5.34367], [101.66071, 5.33439], [101.66468, 5.33374], [101.66868, 5.32592], [101.67166, 5.32555], [101.6748, 5.32743], [101.67886, 5.33422], [101.6897, 5.33391], [101.69562, 5.3316], [101.70046, 5.33272], [101.70288, 5.33484], [101.70428, 5.33987], [101.71067, 5.34387], [101.71982, 5.34553], [101.72562, 5.35082], [101.73804, 5.35274], [101.74433, 5.36165], [101.74429, 5.36441], [101.75266, 5.37198], [101.75334, 5.37402], [101.74384, 5.38048], [101.7443, 5.38364], [101.74046, 5.3874], [101.7408, 5.39142], [101.7384, 5.39368], [101.73856, 5.39777], [101.76713, 5.37481]]]]}}, {"type": "Feature", "properties": {"state": "Kelantan", "seat": "N.44 Paloh", "seat_name": "Paloh"}, "geometry": {"type": "MultiPolygon", "coordinates": [[[[102.41602, 5.25341], [102.41681, 5.24114], [102.41485, 5.22888], [102.42099, 5.21947], [102.42215, 5.20405], [102.41893, 5.19815], [102.41835, 5.19275], [102.41364, 5.18974], [102.41373, 5.18573], [102.41131, 5.18161], [102.41564, 5.17887], [102.425, 5.17977], [102.4302, 5.17775], [102.43698, 5.17808], [102.44385, 5.16759], [102.45278, 5.16611], [102.45711, 5.16809], [102.46478, 5.16491], [102.46528, 5.16015], [102.47415, 5.15784], [102.47496, 5.15287], [102.48413, 5.14569], [102.48725, 5.13521], [102.49603, 5.13368], [102.50815, 5.12719], [102.51522, 5.12569], [102.51506, 5.11993], [102.51919, 5.11466], [102.5283, 5.10811], [102.52802, 5.10471], [102.5183, 5.09725], [102.51823, 5.0879], [102.51406, 5.08406], [102.51047, 5.08555], [102.50585, 5.08431], [102.49818, 5.07347], [102.50572, 5.0701], [102.50703, 5.0601], [102.51048, 5.05866], [102.51318, 5.05526], [102.5129, 5.05202], [102.5093, 5.04718], [102.51009, 5.04066], [102.51594, 5.03415], [102.51428, 5.03003], [102.52006, 5.02544], [102.51364, 5.01503], [102.51192, 5.0092], [102.50141, 5.0078], [102.4988, 5.00532], [102.50096, 5], [102.49823, 4.99241], [102.50175, 4.9871], [102.504, 4.97829], [102.50749, 4.97726], [102.50973, 4.97037], [102.52187, 4.96061], [102.51359, 4.95147], [102.51536, 4.9472], [102.51941, 4.946], [102.52057, 4.94371], [102.5197, 4.94027], [102.51527, 4.93944], [102.51231, 4.93509], [102.51358, 4.91919], [102.51037, 4.91656], [102.51123, 4.91164], [102.50662, 4.90624], [102.50519, 4.90195], [102.51598, 4.90006], [102.52776, 4.89413], [102.53204, 4.89652], [102.53679, 4.90496], [102.53945, 4.90526], [102.54584, 4.90098], [102.55458, 4.89995], [102.55974, 4.89599], [102.56329, 4.89624], [102.5652, 4.89367], [102.57293, 4.89357], [102.57575, 4.88824], [102.57931, 4.88798], [102.58671, 4.88029], [102.58671, 4.87827], [102.59196, 4.8718], [102.60529, 4.87294], [102.61647, 4.85956], [102.62147, 4.86055], [102.62711, 4.8552], [102.6343, 4.85467], [102.63674, 4.8512], [102.64472, 4.84723], [102.64858, 4.84939], [102.65256, 4.84065], [102.65151, 4.83562], [102.64803, 4.83244], [102.64411, 4.82417], [102.64546, 4.82137], [102.64385, 4.81548], [102.64673, 4.81374], [102.65042, 4.81388], [102.65739, 4.80484], [102.65971, 4.79867], [102.65862, 4.79501], [102.66066, 4.79137], [102.65989, 4.78829], [102.66633, 4.7814], [102.66417, 4.77146], [102.66019, 4.76787], [102.65768, 4.76173], [102.65383, 4.7617], [102.65092, 4.76394], [102.63614, 4.766], [102.6283, 4.77455], [102.61915, 4.77692], [102.61492, 4.78035], [102.61104, 4.78111], [102.60613, 4.77432], [102.59952, 4.76995], [102.60364, 4.76445], [102.60307, 4.76066], [102.60513, 4.7577], [102.59963, 4.75194], [102.6001, 4.74962], [102.59754, 4.74577], [102.59827, 4.74119], [102.59463, 4.73805], [102.60172, 4.7305], [102.60311, 4.72406], [102.60247, 4.71599], [102.60558, 4.70059], [102.6037, 4.69678], [102.60299, 4.68745], [102.59762, 4.68648], [102.58153, 4.69584], [102.57108, 4.69102], [102.56795, 4.69525], [102.56252, 4.69825], [102.55684, 4.70641], [102.54978, 4.71073], [102.54564, 4.70727], [102.54557, 4.70135], [102.5435, 4.69575], [102.53557, 4.68672], [102.53259, 4.68673], [102.53012, 4.68284], [102.52975, 4.67704], [102.52578, 4.67744], [102.51714, 4.67414], [102.51218, 4.66833], [102.50417, 4.66989], [102.50108, 4.66809], [102.4827, 4.68455], [102.46709, 4.69311], [102.45699, 4.70061], [102.45867, 4.70569], [102.44803, 4.71225], [102.43728, 4.71263], [102.42752, 4.71039], [102.4191, 4.71445], [102.40735, 4.71601], [102.40605, 4.71339], [102.40444, 4.71384], [102.40171, 4.71101], [102.39104, 4.71341], [102.37906, 4.7136], [102.37582, 4.71028], [102.37037, 4.71091], [102.36646, 4.7092], [102.36091, 4.70239], [102.36233, 4.69645], [102.37149, 4.69139], [102.37114, 4.68351], [102.36492, 4.67708], [102.36346, 4.66925], [102.35456, 4.66481], [102.34542, 4.65413], [102.34268, 4.64787], [102.34355, 4.64161], [102.33921, 4.64076], [102.33607, 4.64337], [102.33189, 4.63747], [102.31797, 4.63578], [102.3147, 4.63901], [102.29676, 4.64615], [102.28732, 4.65455], [102.27159, 4.66158], [102.26352, 4.65634], [102.24967, 4.65594], [102.24619, 4.65287], [102.23832, 4.64997], [102.23255, 4.65094], [102.22974, 4.64516], [102.23495, 4.633], [102.22505, 4.62749], [102.22177, 4.62743], [102.21517, 4.62997], [102.21084, 4.63368], [102.20141, 4.63625], [102.19518, 4.64165], [102.18925, 4.65189], [102.18149, 4.65677], [102.17494, 4.65818], [102.17367, 4.66375], [102.17593, 4.66676], [102.17579, 4.67262], [102.17471, 4.67653], [102.16987, 4.68278], [102.16252, 4.68713], [102.16063, 4.69222], [102.15474, 4.69572], [102.1488, 4.70382], [102.13148, 4.71215], [102.12424, 4.72208], [102.12637, 4.72642], [102.12698, 4.73818], [102.12278, 4.74476], [102.11653, 4.76125], [102.09482, 4.75888], [102.091, 4.75393], [102.08769, 4.75396], [102.0766, 4.74455], [102.06394, 4.73897], [102.05749, 4.74307], [102.05024, 4.73508], [102.05182, 4.73236], [102.05017, 4.7254], [102.04632, 4.72723], [102.04374, 4.72638], [102.04003, 4.73202], [102.03443, 4.7323], [102.02855, 4.74186], [102.02995, 4.74603], [102.03114, 4.74592], [102.0317, 4.75126], [102.06349, 4.84605], [102.10781, 4.90512], [102.11238, 4.92293], [102.11757, 4.95526], [102.12823, 4.9857], [102.12849, 4.9933], [102.13219, 5.00343], [102.13651, 5.00453], [102.13413, 5.00598], [102.15036, 5.06744], [102.13221, 5.25496], [102.25325, 5.25279], [102.29237, 5.2551], [102.3495, 5.2941], [102.41846, 5.29905], [102.41502, 5.2931], [102.41796, 5.28837], [102.41561, 5.28406], [102.41554, 5.27985], [102.41923, 5.27243], [102.41601, 5.26435], [102.41486, 5.25738], [102.41602, 5.25341]]]]}}, {"type": "Feature", "properties": {"state": "Kelantan", "seat": "N.45 Galas", "seat_name": "Galas"}, "geometry": {"type": "MultiPolygon", "coordinates": [[[[101.52056, 5.0877], [101.52523, 5.08374], [101.52695, 5.08407], [101.53031, 5.07815], [101.53258, 5.07853], [101.55209, 5.06444], [101.5644, 5.05975], [101.56838, 5.05675], [101.58164, 5.05622], [101.58562, 5.05849], [101.59414, 5.05851], [101.62653, 5.02823], [101.62766, 5.02654], [101.62672, 5.02503], [101.63391, 5.01863], [101.67181, 4.99915], [101.68129, 4.99678], [101.69736, 4.98654], [101.70572, 4.97769], [101.71354, 4.97401], [101.73827, 4.97726], [101.75702, 4.98749], [101.77046, 4.99258], [101.76535, 5.00655], [101.76071, 5.00754], [101.76235, 5.0132], [101.76607, 5.01797], [101.76321, 5.0216], [101.78235, 5.02073], [101.79557, 5.01665], [101.79919, 5.01769], [101.80433, 5.00932], [101.83468, 5.00224], [101.84265, 4.99776], [101.85162, 4.99792], [101.85695, 5.00751], [101.86643, 5.00955], [101.88833, 5.00851], [101.90395, 5.00957], [101.90893, 5.00772], [101.87728, 4.99139], [101.86072, 4.959], [101.87869, 4.93399], [101.90072, 4.93005], [101.90828, 4.93437], [101.9197, 4.9313], [101.93108, 4.9358], [101.93514, 4.93329], [101.9384, 4.92416], [101.9523, 4.91959], [101.95618, 4.91334], [101.96135, 4.91314], [101.96965, 4.91589], [101.97291, 4.90865], [101.97453, 4.90843], [101.978, 4.91579], [101.98123, 4.91257], [101.9935, 4.91258], [102.00382, 4.91856], [102.02053, 4.91853], [102.0257, 4.91718], [102.0324, 4.92246], [102.03237, 4.9155], [102.05559, 4.90913], [102.05552, 4.90189], [102.06203, 4.9018], [102.07349, 4.89524], [102.07873, 4.89765], [102.09065, 4.89497], [102.09686, 4.89079], [102.06349, 4.84605], [102.0317, 4.75126], [102.03114, 4.74592], [102.02995, 4.74603], [102.02855, 4.74186], [102.023, 4.74181], [102.02315, 4.73771], [102.02088, 4.73339], [102.01211, 4.73688], [102.00779, 4.74651], [102.00393, 4.74818], [102.00128, 4.76328], [101.99572, 4.76031], [101.99215, 4.7609], [101.9898, 4.75892], [101.98854, 4.76012], [101.98717, 4.75834], [101.98843, 4.75238], [101.98489, 4.74852], [101.98619, 4.74079], [101.97838, 4.74468], [101.9744, 4.75043], [101.97024, 4.75068], [101.96868, 4.7602], [101.96557, 4.76192], [101.96434, 4.76537], [101.95005, 4.75756], [101.94918, 4.74932], [101.95275, 4.73495], [101.95118, 4.72953], [101.95323, 4.71331], [101.94458, 4.68477], [101.94356, 4.67961], [101.94522, 4.67679], [101.94325, 4.66716], [101.93823, 4.65896], [101.92805, 4.65779], [101.92636, 4.65607], [101.9235, 4.65006], [101.92305, 4.64388], [101.91557, 4.63231], [101.91315, 4.62345], [101.91368, 4.61455], [101.91149, 4.60967], [101.90012, 4.60982], [101.89427, 4.61565], [101.89319, 4.6284], [101.88918, 4.63567], [101.88854, 4.6431], [101.89321, 4.65062], [101.89049, 4.65576], [101.89382, 4.6617], [101.88777, 4.66604], [101.88794, 4.67279], [101.87827, 4.6784], [101.86803, 4.67978], [101.86537, 4.68305], [101.86298, 4.69293], [101.85952, 4.6914], [101.85808, 4.68763], [101.85327, 4.68424], [101.8493, 4.68522], [101.84552, 4.69611], [101.84656, 4.70525], [101.84126, 4.7206], [101.83494, 4.7212], [101.83227, 4.71696], [101.82967, 4.71595], [101.82327, 4.71866], [101.81959, 4.72574], [101.82227, 4.74889], [101.82122, 4.75266], [101.81876, 4.75393], [101.81537, 4.75982], [101.8113, 4.7612], [101.80775, 4.76047], [101.80067, 4.76311], [101.79659, 4.762], [101.79773, 4.75802], [101.79527, 4.75711], [101.7795, 4.75937], [101.77936, 4.75659], [101.77495, 4.75024], [101.77386, 4.72465], [101.77557, 4.71388], [101.7745, 4.71004], [101.77518, 4.70742], [101.77723, 4.70633], [101.77084, 4.69901], [101.77087, 4.69282], [101.77223, 4.69209], [101.76943, 4.67884], [101.77369, 4.67223], [101.77413, 4.66135], [101.76852, 4.65348], [101.7679, 4.6345], [101.76447, 4.62235], [101.7597, 4.62525], [101.75375, 4.62229], [101.75371, 4.61999], [101.75584, 4.61885], [101.75399, 4.61642], [101.75503, 4.61206], [101.75082, 4.61041], [101.74801, 4.61269], [101.74248, 4.6122], [101.73926, 4.61414], [101.7343, 4.61884], [101.73255, 4.6229], [101.72662, 4.62217], [101.72481, 4.6162], [101.72638, 4.6103], [101.72039, 4.60971], [101.71798, 4.60676], [101.71394, 4.60961], [101.71075, 4.6051], [101.70034, 4.60162], [101.69075, 4.60044], [101.67835, 4.59428], [101.674, 4.59495], [101.66821, 4.58251], [101.66723, 4.57371], [101.66862, 4.57115], [101.6662, 4.5711], [101.66111, 4.56361], [101.65157, 4.55697], [101.6442, 4.55709], [101.64089, 4.55959], [101.63664, 4.5593], [101.62352, 4.5463], [101.61884, 4.54802], [101.61372, 4.56039], [101.60901, 4.56161], [101.60518, 4.55924], [101.60002, 4.56035], [101.5943, 4.55891], [101.58994, 4.55279], [101.58569, 4.55746], [101.58548, 4.56288], [101.57908, 4.56358], [101.57279, 4.5746], [101.56707, 4.57846], [101.56385, 4.57974], [101.55813, 4.57916], [101.55652, 4.57732], [101.55068, 4.57641], [101.54805, 4.57957], [101.5435, 4.5946], [101.5347, 4.60058], [101.53313, 4.60459], [101.52455, 4.60627], [101.5228, 4.61277], [101.51954, 4.61296], [101.51664, 4.60804], [101.50983, 4.60903], [101.50731, 4.60783], [101.50115, 4.61409], [101.50117, 4.60998], [101.49667, 4.6057], [101.49485, 4.60141], [101.48895, 4.59944], [101.48558, 4.60199], [101.48092, 4.6012], [101.4779, 4.59521], [101.47815, 4.59048], [101.47662, 4.58978], [101.47778, 4.58758], [101.47581, 4.58207], [101.47631, 4.57466], [101.47072, 4.57347], [101.4644, 4.57723], [101.45997, 4.57433], [101.44857, 4.57607], [101.44582, 4.57852], [101.44353, 4.58819], [101.43973, 4.58962], [101.43648, 4.5939], [101.43302, 4.59477], [101.42621, 4.6061], [101.41433, 4.6108], [101.41206, 4.61446], [101.40744, 4.6146], [101.40505, 4.61716], [101.40086, 4.6183], [101.39788, 4.61421], [101.38508, 4.60939], [101.38357, 4.61152], [101.37215, 4.6145], [101.37091, 4.62249], [101.37707, 4.63078], [101.37079, 4.63522], [101.36646, 4.6344], [101.36392, 4.63674], [101.3621, 4.65114], [101.35814, 4.66041], [101.35349, 4.66198], [101.35132, 4.66453], [101.34991, 4.67043], [101.34553, 4.67195], [101.34213, 4.67742], [101.33437, 4.68293], [101.33292, 4.69454], [101.33532, 4.69777], [101.34018, 4.70024], [101.33965, 4.70562], [101.34301, 4.71238], [101.34701, 4.7124], [101.35054, 4.70568], [101.35487, 4.7055], [101.35984, 4.70808], [101.36458, 4.71393], [101.36774, 4.71375], [101.37019, 4.7128], [101.37191, 4.70802], [101.37533, 4.70675], [101.37928, 4.7085], [101.3821, 4.7146], [101.38747, 4.71996], [101.38647, 4.72305], [101.38759, 4.72526], [101.38454, 4.73512], [101.38226, 4.74019], [101.37969, 4.74185], [101.3794, 4.75041], [101.37367, 4.76095], [101.38034, 4.76076], [101.38751, 4.76419], [101.39742, 4.76325], [101.39616, 4.77436], [101.40566, 4.78868], [101.40641, 4.79394], [101.40993, 4.79637], [101.41354, 4.80512], [101.41487, 4.81268], [101.41043, 4.81665], [101.40626, 4.82733], [101.39942, 4.8339], [101.40326, 4.83974], [101.40251, 4.84331], [101.41188, 4.84468], [101.40993, 4.85051], [101.41152, 4.856], [101.41349, 4.85643], [101.41825, 4.8531], [101.42174, 4.85465], [101.42375, 4.85218], [101.43146, 4.85939], [101.43668, 4.86009], [101.44141, 4.8573], [101.44604, 4.85893], [101.44383, 4.86262], [101.43725, 4.86682], [101.43875, 4.86996], [101.43628, 4.87464], [101.43656, 4.87944], [101.44562, 4.87855], [101.44629, 4.88423], [101.45372, 4.892], [101.45109, 4.90183], [101.45413, 4.9048], [101.45514, 4.91055], [101.45411, 4.92339], [101.44427, 4.94236], [101.44892, 4.94734], [101.44862, 4.95354], [101.44593, 4.95575], [101.44537, 4.95929], [101.43771, 4.96188], [101.43585, 4.96559], [101.42572, 4.9725], [101.4266, 4.97758], [101.4236, 4.984], [101.43368, 4.99338], [101.43864, 4.99401], [101.44152, 4.99652], [101.44518, 4.99458], [101.44678, 4.99544], [101.44949, 5.00285], [101.45252, 5.00478], [101.45234, 5.00825], [101.44782, 5.01395], [101.45616, 5.02316], [101.46079, 5.0322], [101.45898, 5.03835], [101.46088, 5.04477], [101.45975, 5.04921], [101.46468, 5.05997], [101.46282, 5.06359], [101.46342, 5.06946], [101.46709, 5.07658], [101.473, 5.07988], [101.47673, 5.0802], [101.48557, 5.09009], [101.47887, 5.10059], [101.47958, 5.1068], [101.47761, 5.11012], [101.48102, 5.11526], [101.49325, 5.10464], [101.52056, 5.0877]]]]}}], "_provenance": {"source": "https://github.com/atifmustaffa/malaysia-geojson (malaysia.dun.geojson)", "licence": "MIT (c) 2026 Atif Mustaffa — see LICENSE in this directory", "downloaded": "2026-08-29", "simplification": "none (original coordinates)", "modified_by": "HitungKerusi 222 research pipeline (seat-name normalisation, per-state split)"}}