{"type": "FeatureCollection", "features": [{"type": "Feature", "properties": {"state": "Johor", "seat": "N.01 Buloh Kasap", "seat_name": "Buloh Kasap"}, "geometry": {"type": "MultiPolygon", "coordinates": [[[[102.71346, 2.82949], [102.7945, 2.80362], [102.89183, 2.6851], [102.84578, 2.62605], [102.83896, 2.61184], [102.83408, 2.6113], [102.83184, 2.60587], [102.83584, 2.59909], [102.83392, 2.59558], [102.82997, 2.59504], [102.8294, 2.59045], [102.82506, 2.58276], [102.82704, 2.58037], [102.82655, 2.57377], [102.82783, 2.57328], [102.82579, 2.56767], [102.826, 2.56313], [102.82319, 2.55531], [102.82128, 2.55445], [102.82169, 2.55198], [102.82014, 2.55142], [102.82071, 2.5493], [102.81721, 2.54615], [102.81496, 2.5466], [102.8144, 2.54951], [102.80891, 2.55103], [102.80396, 2.55468], [102.80253, 2.55154], [102.80525, 2.54977], [102.80512, 2.54605], [102.80235, 2.54721], [102.8006, 2.54479], [102.79383, 2.54419], [102.79221, 2.54561], [102.79168, 2.54304], [102.78247, 2.53217], [102.77375, 2.53604], [102.76928, 2.54013], [102.76909, 2.53562], [102.7671, 2.53431], [102.76409, 2.53343], [102.76168, 2.53524], [102.75691, 2.53545], [102.75535, 2.53208], [102.75358, 2.54465], [102.75616, 2.5478], [102.75513, 2.54983], [102.75708, 2.55309], [102.73046, 2.56899], [102.72034, 2.57846], [102.69028, 2.58385], [102.68271, 2.58272], [102.67669, 2.58388], [102.65874, 2.58332], [102.64947, 2.5853], [102.61701, 2.58156], [102.61974, 2.5834], [102.62374, 2.58348], [102.62368, 2.58721], [102.62567, 2.59037], [102.62849, 2.59032], [102.63178, 2.58637], [102.63297, 2.58674], [102.63423, 2.58893], [102.63305, 2.59293], [102.63893, 2.59893], [102.63872, 2.60883], [102.62774, 2.61568], [102.62632, 2.63142], [102.70101, 2.83184], [102.70187, 2.83317], [102.71346, 2.82949]]]]}}, {"type": "Feature", "properties": {"state": "Johor", "seat": "N.02 Jementah", "seat_name": "Jementah"}, "geometry": {"type": "MultiPolygon", "coordinates": [[[[102.65545, 2.58459], [102.65874, 2.58332], [102.67669, 2.58388], [102.68075, 2.58273], [102.69028, 2.58385], [102.72034, 2.57846], [102.73046, 2.56899], [102.75708, 2.55309], [102.75513, 2.54983], [102.75616, 2.5478], [102.75358, 2.54465], [102.75551, 2.53197], [102.75691, 2.53545], [102.76168, 2.53524], [102.76409, 2.53343], [102.7671, 2.53431], [102.76909, 2.53562], [102.76928, 2.54013], [102.77375, 2.53604], [102.78439, 2.53085], [102.80106, 2.51737], [102.80747, 2.5157], [102.81358, 2.52008], [102.81452, 2.51842], [102.81594, 2.51961], [102.82077, 2.51729], [102.82093, 2.51077], [102.81816, 2.5081], [102.82035, 2.5046], [102.82588, 2.50902], [102.82643, 2.51227], [102.83031, 2.51217], [102.82983, 2.50869], [102.83382, 2.50749], [102.8313, 2.50542], [102.83032, 2.50695], [102.82676, 2.50516], [102.83073, 2.50314], [102.82836, 2.49862], [102.82332, 2.50118], [102.82166, 2.49796], [102.8197, 2.49914], [102.8188, 2.49693], [102.81384, 2.49706], [102.81388, 2.49901], [102.81539, 2.49898], [102.81351, 2.50059], [102.81204, 2.49882], [102.80929, 2.49968], [102.80875, 2.49757], [102.80506, 2.49675], [102.80437, 2.49472], [102.80073, 2.49308], [102.79716, 2.48475], [102.79542, 2.486], [102.79089, 2.4834], [102.79009, 2.47998], [102.78901, 2.48122], [102.78665, 2.47969], [102.78015, 2.48283], [102.77877, 2.48121], [102.77616, 2.48283], [102.77496, 2.48026], [102.77819, 2.47739], [102.7768, 2.47489], [102.778, 2.47081], [102.78053, 2.46912], [102.78115, 2.4656], [102.7847, 2.46095], [102.79135, 2.46169], [102.79421, 2.46007], [102.79138, 2.4557], [102.79173, 2.45249], [102.7948, 2.45381], [102.79383, 2.44969], [102.79731, 2.44721], [102.79686, 2.44548], [102.79955, 2.44554], [102.79909, 2.44126], [102.80167, 2.44083], [102.79912, 2.43602], [102.79697, 2.43523], [102.79871, 2.43341], [102.80223, 2.43311], [102.79883, 2.43178], [102.80198, 2.42809], [102.80061, 2.42646], [102.79814, 2.42686], [102.80231, 2.42069], [102.80012, 2.41884], [102.80334, 2.41787], [102.80101, 2.41645], [102.8038, 2.41471], [102.81045, 2.40364], [102.80878, 2.40076], [102.81043, 2.39878], [102.80613, 2.39604], [102.80769, 2.39452], [102.80704, 2.39282], [102.80483, 2.39324], [102.80268, 2.39123], [102.79814, 2.39975], [102.79789, 2.39693], [102.79683, 2.39766], [102.79703, 2.39601], [102.79471, 2.39437], [102.79311, 2.39601], [102.7903, 2.39504], [102.77801, 2.39861], [102.77711, 2.40849], [102.76641, 2.4148], [102.75001, 2.41379], [102.74251, 2.40882], [102.74052, 2.41014], [102.72932, 2.40979], [102.72472, 2.4121], [102.71504, 2.42908], [102.70456, 2.41794], [102.69819, 2.41503], [102.70044, 2.40908], [102.69303, 2.41459], [102.69182, 2.4115], [102.68882, 2.41027], [102.69195, 2.40723], [102.68771, 2.40541], [102.69052, 2.39723], [102.68291, 2.39509], [102.6787, 2.40067], [102.67022, 2.40558], [102.66927, 2.41388], [102.67189, 2.42061], [102.66941, 2.4207], [102.66946, 2.42232], [102.66689, 2.42344], [102.66614, 2.4209], [102.65329, 2.40882], [102.62921, 2.43206], [102.62924, 2.44252], [102.62115, 2.44641], [102.63229, 2.46305], [102.63115, 2.48099], [102.61461, 2.48058], [102.61399, 2.4858], [102.61105, 2.49058], [102.60896, 2.49029], [102.60634, 2.49984], [102.60461, 2.50101], [102.60761, 2.5055], [102.60664, 2.50918], [102.61373, 2.51187], [102.61978, 2.52023], [102.61285, 2.52919], [102.61311, 2.53164], [102.60904, 2.54026], [102.60875, 2.54488], [102.61113, 2.54695], [102.61233, 2.55295], [102.61412, 2.55253], [102.61481, 2.55457], [102.61187, 2.56171], [102.60914, 2.56221], [102.60799, 2.56646], [102.61274, 2.56924], [102.61436, 2.57533], [102.61664, 2.57618], [102.61578, 2.57892], [102.61701, 2.58156], [102.64692, 2.58518], [102.65545, 2.58459]]]]}}, {"type": "Feature", "properties": {"state": "Johor", "seat": "N.03 Pemanis", "seat_name": "Pemanis"}, "geometry": {"type": "MultiPolygon", "coordinates": [[[[102.93984, 2.62852], [102.96909, 2.5959], [102.96175, 2.5642], [102.95262, 2.56076], [102.94844, 2.56336], [102.9475, 2.56564], [102.9444, 2.5636], [102.94143, 2.5646], [102.9364, 2.55843], [102.93167, 2.56118], [102.92727, 2.5572], [102.9268, 2.54932], [102.92333, 2.54482], [102.91622, 2.54209], [102.91912, 2.53611], [102.92456, 2.53673], [102.92226, 2.53289], [102.92301, 2.5309], [102.92773, 2.53065], [102.93084, 2.52766], [102.93485, 2.52752], [102.93894, 2.52294], [102.93639, 2.51542], [102.91699, 2.48231], [102.91554, 2.482], [102.91468, 2.48587], [102.90103, 2.49758], [102.88636, 2.50167], [102.88359, 2.496], [102.87967, 2.50043], [102.8779, 2.50071], [102.87662, 2.49804], [102.87284, 2.49909], [102.87023, 2.50374], [102.85644, 2.50551], [102.85422, 2.50385], [102.84651, 2.50334], [102.84164, 2.50068], [102.83526, 2.50192], [102.82945, 2.49804], [102.82836, 2.49862], [102.83073, 2.50314], [102.82676, 2.50516], [102.83032, 2.50695], [102.8313, 2.50542], [102.83382, 2.50749], [102.82983, 2.50869], [102.83031, 2.51217], [102.82643, 2.51227], [102.82588, 2.50902], [102.82035, 2.5046], [102.81816, 2.5081], [102.82093, 2.51077], [102.82077, 2.51729], [102.81594, 2.51961], [102.81452, 2.51842], [102.81358, 2.52008], [102.80747, 2.5157], [102.80106, 2.51737], [102.78247, 2.53217], [102.79168, 2.54304], [102.79221, 2.54561], [102.79383, 2.54419], [102.8006, 2.54479], [102.80235, 2.54721], [102.80512, 2.54605], [102.80525, 2.54977], [102.80253, 2.55154], [102.80396, 2.55468], [102.80891, 2.55103], [102.8144, 2.54951], [102.81496, 2.5466], [102.81721, 2.54615], [102.82071, 2.5493], [102.82014, 2.55142], [102.82169, 2.55198], [102.82128, 2.55445], [102.82319, 2.55531], [102.826, 2.56313], [102.82579, 2.56767], [102.82783, 2.57328], [102.82655, 2.57377], [102.82704, 2.58037], [102.82506, 2.58276], [102.8294, 2.59045], [102.82997, 2.59504], [102.83392, 2.59558], [102.83584, 2.59909], [102.83184, 2.60587], [102.83408, 2.6113], [102.83896, 2.61184], [102.84578, 2.62605], [102.89183, 2.6851], [102.93984, 2.62852]]]]}}, {"type": "Feature", "properties": {"state": "Johor", "seat": "N.04 Kemelah", "seat_name": "Kemelah"}, "geometry": {"type": "MultiPolygon", "coordinates": [[[[103.05142, 2.56145], [103.05506, 2.55973], [103.05575, 2.5162], [103.05459, 2.51469], [103.05594, 2.48472], [103.05723, 2.48436], [103.05594, 2.4836], [103.0564, 2.4784], [103.05477, 2.47465], [103.04932, 2.47703], [103.04417, 2.47513], [103.04326, 2.47646], [103.03914, 2.47532], [103.03568, 2.47855], [103.02944, 2.47558], [103.02842, 2.47327], [103.02009, 2.47233], [103.01601, 2.47492], [103.01184, 2.47434], [103.00675, 2.4829], [103.00052, 2.48146], [102.99968, 2.48416], [102.99623, 2.48476], [102.99506, 2.48241], [102.99069, 2.48073], [102.98873, 2.48215], [102.97952, 2.48138], [102.97904, 2.48307], [102.97249, 2.48456], [102.96886, 2.4918], [102.96673, 2.49192], [102.96496, 2.4944], [102.95401, 2.49051], [102.95154, 2.49395], [102.95137, 2.4982], [102.9445, 2.49922], [102.9507, 2.48963], [102.94983, 2.4875], [102.95275, 2.48706], [102.95315, 2.48512], [102.95028, 2.4862], [102.94991, 2.48466], [102.94766, 2.48424], [102.94979, 2.48138], [102.94791, 2.48096], [102.94687, 2.4784], [102.95028, 2.4775], [102.955, 2.46952], [102.95785, 2.4683], [102.95661, 2.46554], [102.94521, 2.47188], [102.9248, 2.43475], [102.92219, 2.37675], [102.92059, 2.38412], [102.91703, 2.38896], [102.91334, 2.38942], [102.90807, 2.39539], [102.9058, 2.39514], [102.90687, 2.39621], [102.8995, 2.3972], [102.90022, 2.39372], [102.89443, 2.39572], [102.89219, 2.39458], [102.89032, 2.3994], [102.88799, 2.39833], [102.8818, 2.40256], [102.88304, 2.40511], [102.88125, 2.40633], [102.8824, 2.40994], [102.87659, 2.41084], [102.87426, 2.41308], [102.87281, 2.41157], [102.86873, 2.4145], [102.86114, 2.40868], [102.86174, 2.41244], [102.85899, 2.41494], [102.85654, 2.41315], [102.85418, 2.40761], [102.85258, 2.40829], [102.85431, 2.40461], [102.85319, 2.40203], [102.84885, 2.40281], [102.84906, 2.39896], [102.85027, 2.39851], [102.84742, 2.39646], [102.85066, 2.39226], [102.84922, 2.38852], [102.84575, 2.38613], [102.84386, 2.38863], [102.84241, 2.38798], [102.84438, 2.38542], [102.84285, 2.38382], [102.8409, 2.3841], [102.8409, 2.38751], [102.83916, 2.38733], [102.83783, 2.38274], [102.8401, 2.37638], [102.83368, 2.37481], [102.83228, 2.37844], [102.82864, 2.38013], [102.82592, 2.37112], [102.82466, 2.37158], [102.82235, 2.36913], [102.82157, 2.37181], [102.81976, 2.37229], [102.81695, 2.36836], [102.81579, 2.3692], [102.81798, 2.37094], [102.81748, 2.37262], [102.8127, 2.37155], [102.80526, 2.37418], [102.80397, 2.37696], [102.80006, 2.37932], [102.80283, 2.38324], [102.80428, 2.37894], [102.80495, 2.38152], [102.80794, 2.38178], [102.80589, 2.38388], [102.80935, 2.3862], [102.80529, 2.38621], [102.8051, 2.38938], [102.80702, 2.39123], [102.80384, 2.39239], [102.80753, 2.39334], [102.80613, 2.39604], [102.81043, 2.39878], [102.80878, 2.40076], [102.81045, 2.40364], [102.8038, 2.41471], [102.80101, 2.41645], [102.80334, 2.41787], [102.80012, 2.41884], [102.80231, 2.42069], [102.79814, 2.42686], [102.80061, 2.42646], [102.80198, 2.42809], [102.79883, 2.43178], [102.80223, 2.43311], [102.79871, 2.43341], [102.79693, 2.43573], [102.79912, 2.43602], [102.80182, 2.44024], [102.79909, 2.44126], [102.79955, 2.44554], [102.79686, 2.44548], [102.79731, 2.44721], [102.79383, 2.44969], [102.7948, 2.45381], [102.79173, 2.45249], [102.79138, 2.4557], [102.79421, 2.46007], [102.79135, 2.46169], [102.7847, 2.46095], [102.78115, 2.4656], [102.78053, 2.46912], [102.778, 2.47081], [102.7768, 2.47489], [102.77819, 2.47739], [102.77498, 2.47978], [102.77582, 2.48262], [102.77877, 2.48121], [102.78126, 2.48264], [102.78706, 2.47958], [102.78954, 2.48121], [102.79009, 2.47998], [102.79089, 2.4834], [102.79542, 2.486], [102.79716, 2.48475], [102.80073, 2.49308], [102.80437, 2.49472], [102.80506, 2.49675], [102.80875, 2.49757], [102.80929, 2.49968], [102.81204, 2.49882], [102.81351, 2.50059], [102.81539, 2.49898], [102.81388, 2.49901], [102.81384, 2.49706], [102.81874, 2.49692], [102.8197, 2.49914], [102.82273, 2.49855], [102.82332, 2.50118], [102.82945, 2.49804], [102.83526, 2.50192], [102.84164, 2.50068], [102.84651, 2.50334], [102.85422, 2.50385], [102.85644, 2.50551], [102.86127, 2.50389], [102.86417, 2.50551], [102.87023, 2.50374], [102.87146, 2.49994], [102.87389, 2.4985], [102.87662, 2.49804], [102.8779, 2.50071], [102.87967, 2.50043], [102.88359, 2.496], [102.88635, 2.50167], [102.90103, 2.49758], [102.91468, 2.48587], [102.91554, 2.482], [102.91699, 2.48231], [102.93639, 2.51542], [102.93894, 2.52294], [102.93485, 2.52752], [102.93084, 2.52766], [102.92773, 2.53065], [102.92301, 2.5309], [102.92226, 2.53289], [102.92456, 2.53673], [102.91912, 2.53611], [102.91622, 2.54209], [102.92333, 2.54482], [102.9268, 2.54932], [102.92727, 2.5572], [102.93167, 2.56118], [102.9364, 2.55843], [102.94143, 2.5646], [102.9444, 2.5636], [102.9475, 2.56564], [102.94844, 2.56336], [102.95262, 2.56076], [102.96175, 2.5642], [102.96909, 2.5959], [103.05142, 2.56145]]]]}}, {"type": "Feature", "properties": {"state": "Johor", "seat": "N.05 Tenang", "seat_name": "Tenang"}, "geometry": {"type": "MultiPolygon", "coordinates": [[[[103.14629, 2.51968], [103.07502, 2.39239], [103.07645, 2.37768], [103.05601, 2.34934], [103.04896, 2.35054], [103.04205, 2.35423], [103.03982, 2.35752], [103.03518, 2.35755], [103.03323, 2.3689], [103.0299, 2.36893], [103.02686, 2.37275], [103.02957, 2.37633], [103.02689, 2.37828], [103.02848, 2.38048], [103.01868, 2.38452], [103.01986, 2.38604], [103.01903, 2.39539], [103.01592, 2.39551], [103.01637, 2.39319], [103.01255, 2.39174], [103.01413, 2.38895], [103.01078, 2.3843], [103.00521, 2.38837], [102.99901, 2.37973], [102.98293, 2.39125], [102.97215, 2.37599], [103.00111, 2.35603], [103.00182, 2.35259], [102.99891, 2.34562], [102.99489, 2.34234], [102.98925, 2.33244], [102.98042, 2.33485], [102.97996, 2.3323], [102.97635, 2.33097], [102.97115, 2.3342], [102.96868, 2.332], [102.95878, 2.33528], [102.95361, 2.34082], [102.95349, 2.34406], [102.95039, 2.34857], [102.94797, 2.35024], [102.94634, 2.34946], [102.93676, 2.3577], [102.93116, 2.36724], [102.92369, 2.37319], [102.92177, 2.37659], [102.9248, 2.43475], [102.94521, 2.47188], [102.95661, 2.46554], [102.95785, 2.4683], [102.955, 2.46952], [102.95028, 2.4775], [102.94687, 2.4784], [102.94791, 2.48096], [102.94979, 2.48138], [102.94766, 2.48424], [102.94991, 2.48466], [102.95028, 2.4862], [102.95315, 2.48512], [102.95275, 2.48706], [102.94983, 2.4875], [102.9507, 2.48963], [102.9445, 2.49922], [102.95137, 2.4982], [102.95154, 2.49395], [102.95401, 2.49051], [102.96496, 2.4944], [102.96673, 2.49192], [102.96886, 2.4918], [102.97249, 2.48456], [102.97904, 2.48307], [102.97952, 2.48138], [102.98873, 2.48215], [102.99069, 2.48073], [102.99506, 2.48241], [102.99623, 2.48476], [102.99968, 2.48416], [103.00052, 2.48146], [103.00675, 2.4829], [103.01184, 2.47434], [103.01601, 2.47492], [103.02009, 2.47233], [103.02842, 2.47327], [103.02944, 2.47558], [103.03568, 2.47855], [103.03914, 2.47532], [103.04326, 2.47646], [103.04417, 2.47513], [103.04932, 2.47703], [103.05477, 2.47465], [103.0564, 2.4784], [103.05594, 2.4836], [103.05723, 2.48436], [103.05594, 2.48472], [103.05459, 2.51469], [103.05575, 2.5162], [103.05505, 2.55993], [103.13758, 2.52549], [103.14629, 2.51968]]]]}}, {"type": "Feature", "properties": {"state": "Johor", "seat": "N.06 Bekok", "seat_name": "Bekok"}, "geometry": {"type": "MultiPolygon", "coordinates": [[[[103.37889, 2.37922], [103.30118, 2.30321], [103.18686, 2.26045], [103.17486, 2.24832], [103.15076, 2.25099], [103.1499, 2.24327], [103.10587, 2.21565], [103.10463, 2.16741], [103.08501, 2.17026], [103.03927, 2.17003], [103.00856, 2.17959], [102.99638, 2.17992], [102.96208, 2.20291], [103.02473, 2.30252], [102.9901, 2.32784], [102.98897, 2.33143], [102.99103, 2.33695], [102.99891, 2.34562], [103.00167, 2.35453], [102.97215, 2.37599], [102.98293, 2.39125], [102.99901, 2.37973], [103.00521, 2.38837], [103.01078, 2.3843], [103.01413, 2.38895], [103.01255, 2.39174], [103.01637, 2.39319], [103.01592, 2.39551], [103.01903, 2.39539], [103.01986, 2.38604], [103.01868, 2.38452], [103.02848, 2.38048], [103.02689, 2.37828], [103.02957, 2.37633], [103.02686, 2.37275], [103.0299, 2.36893], [103.03323, 2.3689], [103.03518, 2.35755], [103.03982, 2.35752], [103.04205, 2.35423], [103.04896, 2.35054], [103.05601, 2.34934], [103.07645, 2.37768], [103.07502, 2.39239], [103.14667, 2.5209], [103.28981, 2.57743], [103.37889, 2.37922]]]]}}, {"type": "Feature", "properties": {"state": "Johor", "seat": "N.07 Bukit Kepong", "seat_name": "Bukit Kepong"}, "geometry": {"type": "MultiPolygon", "coordinates": [[[[102.72527, 2.41182], [102.72932, 2.40979], [102.74052, 2.41014], [102.74251, 2.40882], [102.75001, 2.41379], [102.76221, 2.41505], [102.77111, 2.41315], [102.77772, 2.40739], [102.77801, 2.39861], [102.7903, 2.39504], [102.79311, 2.39601], [102.79471, 2.39437], [102.79879, 2.39947], [102.80197, 2.3919], [102.80692, 2.39148], [102.8051, 2.38938], [102.80529, 2.38621], [102.80935, 2.3862], [102.806, 2.38419], [102.80796, 2.38184], [102.8049, 2.38148], [102.80486, 2.37891], [102.803, 2.38016], [102.80283, 2.38324], [102.80006, 2.37932], [102.80397, 2.37696], [102.80526, 2.37418], [102.8127, 2.37155], [102.81748, 2.37262], [102.81798, 2.37094], [102.81578, 2.36911], [102.81718, 2.36836], [102.81976, 2.37229], [102.82157, 2.37181], [102.82235, 2.36913], [102.82466, 2.37158], [102.82592, 2.37112], [102.82864, 2.38013], [102.83228, 2.37844], [102.83368, 2.37481], [102.8401, 2.37638], [102.83783, 2.38274], [102.83916, 2.38733], [102.8409, 2.38751], [102.8409, 2.3841], [102.84285, 2.38382], [102.84438, 2.38542], [102.84241, 2.38798], [102.84386, 2.38863], [102.84575, 2.38613], [102.84922, 2.38852], [102.85066, 2.39226], [102.84742, 2.39646], [102.85027, 2.39851], [102.84906, 2.39896], [102.84885, 2.40281], [102.85319, 2.40203], [102.85431, 2.40461], [102.85256, 2.40824], [102.85418, 2.40761], [102.85678, 2.41337], [102.85899, 2.41494], [102.86153, 2.4128], [102.86114, 2.40868], [102.86849, 2.41444], [102.87287, 2.41155], [102.87447, 2.41302], [102.87659, 2.41084], [102.88263, 2.40977], [102.88125, 2.40689], [102.88304, 2.40511], [102.8818, 2.40256], [102.88799, 2.39833], [102.89032, 2.3994], [102.89197, 2.39468], [102.89443, 2.39572], [102.90005, 2.3937], [102.89935, 2.39718], [102.90468, 2.39553], [102.90653, 2.39636], [102.9058, 2.39514], [102.90807, 2.39539], [102.91334, 2.38942], [102.91697, 2.38902], [102.92059, 2.38412], [102.92369, 2.37319], [102.93116, 2.36724], [102.93676, 2.3577], [102.94634, 2.34946], [102.94797, 2.35024], [102.95039, 2.34857], [102.95349, 2.34406], [102.95361, 2.34082], [102.95878, 2.33528], [102.96868, 2.332], [102.97115, 2.3342], [102.97635, 2.33097], [102.97996, 2.3323], [102.98042, 2.33485], [102.9881, 2.33352], [102.99159, 2.32577], [103.02473, 2.30252], [102.88998, 2.08588], [102.88707, 2.08237], [102.87622, 2.08394], [102.87351, 2.08667], [102.87135, 2.08605], [102.87242, 2.08502], [102.86768, 2.07728], [102.87421, 2.0615], [102.86254, 2.04073], [102.85997, 2.04209], [102.85285, 2.0383], [102.85324, 2.03679], [102.83803, 2.01746], [102.78126, 2.04161], [102.77631, 2.04519], [102.77705, 2.04667], [102.77351, 2.04769], [102.77283, 2.04659], [102.7582, 2.05532], [102.75796, 2.0568], [102.76105, 2.05911], [102.75994, 2.06038], [102.76171, 2.06258], [102.76371, 2.06252], [102.76906, 2.07626], [102.77062, 2.0758], [102.77195, 2.07793], [102.77075, 2.07856], [102.77085, 2.085], [102.77414, 2.09378], [102.7737, 2.1023], [102.77176, 2.10495], [102.77789, 2.11209], [102.77512, 2.11466], [102.77358, 2.11291], [102.7708, 2.11541], [102.77622, 2.12231], [102.77411, 2.12571], [102.77609, 2.1298], [102.77384, 2.13307], [102.77527, 2.13394], [102.77295, 2.14099], [102.76947, 2.14223], [102.76837, 2.14108], [102.76641, 2.14452], [102.76888, 2.14663], [102.76677, 2.14932], [102.76703, 2.15337], [102.76912, 2.15257], [102.76946, 2.15363], [102.7676, 2.15606], [102.76682, 2.15468], [102.76456, 2.15884], [102.76734, 2.16441], [102.76901, 2.16497], [102.76857, 2.16677], [102.77318, 2.16554], [102.77646, 2.16802], [102.77821, 2.16686], [102.77914, 2.16923], [102.77588, 2.16849], [102.77209, 2.17097], [102.76865, 2.17792], [102.76756, 2.17729], [102.76609, 2.17985], [102.76905, 2.18237], [102.76775, 2.18405], [102.7625, 2.18243], [102.76079, 2.185], [102.76196, 2.18484], [102.76167, 2.19083], [102.75774, 2.19504], [102.76038, 2.20098], [102.75231, 2.2019], [102.74957, 2.20086], [102.74738, 2.18698], [102.74103, 2.17996], [102.73314, 2.18115], [102.71276, 2.17374], [102.70828, 2.17457], [102.70622, 2.17897], [102.70765, 2.18427], [102.7157, 2.1961], [102.71447, 2.2013], [102.71035, 2.20619], [102.70567, 2.20662], [102.69363, 2.20031], [102.6877, 2.18774], [102.68419, 2.18427], [102.68215, 2.18733], [102.67794, 2.18832], [102.67821, 2.19033], [102.68036, 2.19098], [102.68206, 2.1992], [102.67932, 2.20058], [102.67968, 2.20702], [102.68692, 2.21104], [102.68522, 2.2167], [102.69172, 2.21715], [102.69223, 2.22499], [102.68529, 2.22606], [102.69032, 2.24837], [102.70069, 2.26771], [102.70424, 2.2686], [102.70239, 2.27114], [102.71028, 2.28352], [102.71182, 2.29015], [102.71786, 2.29517], [102.70509, 2.30329], [102.70178, 2.29023], [102.68427, 2.30116], [102.67181, 2.3117], [102.67788, 2.32493], [102.6788, 2.33172], [102.66944, 2.35145], [102.67282, 2.35349], [102.67264, 2.35517], [102.66536, 2.3655], [102.61028, 2.37147], [102.65605, 2.41129], [102.66744, 2.4237], [102.66941, 2.4207], [102.67189, 2.42061], [102.66927, 2.41388], [102.67023, 2.40556], [102.6787, 2.40067], [102.68291, 2.39509], [102.69052, 2.39723], [102.68771, 2.40541], [102.69195, 2.40723], [102.68882, 2.41027], [102.69182, 2.4115], [102.69303, 2.41459], [102.70044, 2.40908], [102.69819, 2.41503], [102.70456, 2.41794], [102.71504, 2.42908], [102.72527, 2.41182]]]]}}, {"type": "Feature", "properties": {"state": "Johor", "seat": "N.08 Bukit Pasir", "seat_name": "Bukit Pasir"}, "geometry": {"type": "MultiPolygon", "coordinates": [[[[102.71297, 2.20311], [102.71562, 2.19911], [102.7157, 2.1961], [102.70659, 2.18161], [102.70641, 2.17778], [102.70828, 2.17457], [102.71276, 2.17374], [102.73314, 2.18115], [102.74103, 2.17996], [102.74738, 2.18698], [102.74899, 2.20012], [102.75499, 2.20172], [102.76038, 2.20098], [102.75774, 2.19504], [102.76167, 2.19083], [102.76196, 2.18484], [102.76079, 2.185], [102.76228, 2.18258], [102.76775, 2.18405], [102.76905, 2.18237], [102.76609, 2.17985], [102.76756, 2.17729], [102.76865, 2.17792], [102.77209, 2.17097], [102.77588, 2.16849], [102.77914, 2.16923], [102.77821, 2.16686], [102.77646, 2.16802], [102.77318, 2.16554], [102.76857, 2.16677], [102.76901, 2.16497], [102.76734, 2.16441], [102.76456, 2.15884], [102.76682, 2.15468], [102.7676, 2.15606], [102.76946, 2.15363], [102.76912, 2.15257], [102.76703, 2.15337], [102.76677, 2.14932], [102.76888, 2.14663], [102.76641, 2.14452], [102.76837, 2.14108], [102.76947, 2.14223], [102.77295, 2.14099], [102.77527, 2.13394], [102.77384, 2.13307], [102.77609, 2.1298], [102.77411, 2.12571], [102.77622, 2.12231], [102.7708, 2.11541], [102.77358, 2.11291], [102.77512, 2.11466], [102.77789, 2.11209], [102.77176, 2.10495], [102.7737, 2.1023], [102.77414, 2.09378], [102.77085, 2.085], [102.77075, 2.07856], [102.77195, 2.07793], [102.77062, 2.0758], [102.76906, 2.07626], [102.76371, 2.06252], [102.76171, 2.06258], [102.75994, 2.06038], [102.76105, 2.05911], [102.75816, 2.05557], [102.75609, 2.05707], [102.75507, 2.0554], [102.72708, 2.04537], [102.72065, 2.0408], [102.70172, 2.03803], [102.68893, 2.0404], [102.68764, 2.04181], [102.68973, 2.05257], [102.69433, 2.05268], [102.70069, 2.06488], [102.69727, 2.06657], [102.68252, 2.06714], [102.67429, 2.07054], [102.67629, 2.07428], [102.66861, 2.07499], [102.66552, 2.07246], [102.66033, 2.07633], [102.65652, 2.0746], [102.65181, 2.08613], [102.64264, 2.08336], [102.61806, 2.07116], [102.62231, 2.06668], [102.61903, 2.06179], [102.61595, 2.06403], [102.61129, 2.05977], [102.60757, 2.06141], [102.60736, 2.06449], [102.60582, 2.06477], [102.60206, 2.07126], [102.5988, 2.06854], [102.59796, 2.07337], [102.58872, 2.07505], [102.58453, 2.07738], [102.5847, 2.0801], [102.58069, 2.08175], [102.57987, 2.07893], [102.5717, 2.078], [102.5723, 2.0793], [102.56708, 2.08274], [102.5688, 2.09827], [102.57287, 2.10518], [102.57608, 2.10545], [102.57889, 2.10361], [102.58696, 2.0912], [102.59058, 2.08855], [102.59598, 2.08955], [102.60133, 2.09496], [102.60268, 2.09972], [102.59996, 2.10457], [102.59627, 2.10567], [102.58741, 2.10354], [102.58311, 2.10642], [102.58204, 2.10901], [102.58301, 2.11273], [102.58978, 2.12219], [102.58734, 2.12912], [102.59314, 2.13098], [102.59628, 2.13427], [102.59498, 2.14334], [102.59865, 2.14851], [102.60383, 2.15037], [102.6136, 2.15033], [102.61949, 2.14791], [102.62347, 2.14368], [102.62327, 2.13984], [102.62132, 2.13748], [102.61147, 2.13726], [102.60763, 2.13477], [102.60559, 2.13102], [102.60371, 2.12384], [102.60411, 2.11794], [102.60613, 2.11521], [102.61146, 2.11294], [102.61602, 2.11741], [102.61882, 2.12848], [102.62143, 2.13188], [102.63715, 2.12561], [102.6458, 2.13025], [102.64688, 2.13312], [102.64595, 2.13588], [102.63456, 2.14323], [102.63254, 2.14749], [102.63469, 2.15303], [102.64189, 2.15806], [102.64789, 2.16038], [102.65253, 2.15967], [102.65352, 2.14255], [102.65516, 2.13891], [102.65721, 2.13768], [102.66701, 2.13769], [102.67872, 2.14409], [102.6819, 2.15178], [102.68192, 2.15988], [102.68068, 2.16306], [102.67824, 2.16402], [102.66418, 2.161], [102.66096, 2.16221], [102.65896, 2.16485], [102.6594, 2.17248], [102.67243, 2.17663], [102.68192, 2.18182], [102.6877, 2.18774], [102.69424, 2.20074], [102.70784, 2.20692], [102.71297, 2.20311]]]]}}, {"type": "Feature", "properties": {"state": "Johor", "seat": "N.09 Gambir", "seat_name": "Gambir"}, "geometry": {"type": "MultiPolygon", "coordinates": [[[[102.6634, 2.36513], [102.66536, 2.3655], [102.66969, 2.36095], [102.67264, 2.35517], [102.67282, 2.35349], [102.66944, 2.35145], [102.6788, 2.33172], [102.67788, 2.32493], [102.67181, 2.3117], [102.68427, 2.30116], [102.70178, 2.29023], [102.70509, 2.30329], [102.71786, 2.29517], [102.71182, 2.29015], [102.71028, 2.28352], [102.70239, 2.27114], [102.70424, 2.2686], [102.70069, 2.26771], [102.69032, 2.24837], [102.68529, 2.22606], [102.69223, 2.22499], [102.69172, 2.21715], [102.68522, 2.2167], [102.68692, 2.21104], [102.67968, 2.20702], [102.67923, 2.20357], [102.67932, 2.20058], [102.68206, 2.1992], [102.68036, 2.19098], [102.67821, 2.19033], [102.67794, 2.18832], [102.68215, 2.18733], [102.68419, 2.18427], [102.67689, 2.17875], [102.6594, 2.17248], [102.65896, 2.16485], [102.66269, 2.16125], [102.67745, 2.16402], [102.68068, 2.16306], [102.68192, 2.15988], [102.68146, 2.14971], [102.67654, 2.14253], [102.66701, 2.13769], [102.66077, 2.13739], [102.65721, 2.13768], [102.65393, 2.14091], [102.65308, 2.15905], [102.64812, 2.16041], [102.64189, 2.15806], [102.63883, 2.16354], [102.63726, 2.16388], [102.63371, 2.17529], [102.62915, 2.17826], [102.63083, 2.18161], [102.62757, 2.1864], [102.62266, 2.18213], [102.61336, 2.16847], [102.61384, 2.17574], [102.61235, 2.18118], [102.61581, 2.21389], [102.59513, 2.22966], [102.57447, 2.23435], [102.57426, 2.23768], [102.57486, 2.23958], [102.59824, 2.25084], [102.60142, 2.25053], [102.6052, 2.25295], [102.6099, 2.25348], [102.60931, 2.25564], [102.61257, 2.25793], [102.59615, 2.29387], [102.59055, 2.29708], [102.59747, 2.30646], [102.5953, 2.30922], [102.59598, 2.31082], [102.59405, 2.31191], [102.59314, 2.32977], [102.59575, 2.32977], [102.59723, 2.33353], [102.60154, 2.33662], [102.61162, 2.33935], [102.61028, 2.37147], [102.6634, 2.36513]]]]}}, {"type": "Feature", "properties": {"state": "Johor", "seat": "N.10 Tangkak", "seat_name": "Tangkak"}, "geometry": {"type": "MultiPolygon", "coordinates": [[[[102.6314, 2.46885], [102.63229, 2.46305], [102.62115, 2.44641], [102.62924, 2.44252], [102.62921, 2.43206], [102.65329, 2.40882], [102.61028, 2.37147], [102.61162, 2.33935], [102.60154, 2.33662], [102.59723, 2.33353], [102.59575, 2.32977], [102.59314, 2.32977], [102.59405, 2.31191], [102.59598, 2.31082], [102.5953, 2.30922], [102.59747, 2.30646], [102.59055, 2.29708], [102.59615, 2.29387], [102.61257, 2.25793], [102.60931, 2.25564], [102.6099, 2.25348], [102.6052, 2.25295], [102.60142, 2.25053], [102.59824, 2.25084], [102.57486, 2.23958], [102.57463, 2.23455], [102.57006, 2.2321], [102.57047, 2.22179], [102.56877, 2.22034], [102.56893, 2.21626], [102.56641, 2.22164], [102.56198, 2.22501], [102.56147, 2.22877], [102.55831, 2.22584], [102.55517, 2.22568], [102.55037, 2.21907], [102.54413, 2.21824], [102.54329, 2.22069], [102.54123, 2.22059], [102.52575, 2.21534], [102.5246, 2.21531], [102.52518, 2.21874], [102.52219, 2.2206], [102.5207, 2.2165], [102.5163, 2.21698], [102.51299, 2.21846], [102.51332, 2.22302], [102.51031, 2.22086], [102.50648, 2.22165], [102.5056, 2.22414], [102.50478, 2.22208], [102.50276, 2.22179], [102.49987, 2.22431], [102.49623, 2.22445], [102.49679, 2.23844], [102.49002, 2.24618], [102.49273, 2.2502], [102.49306, 2.26493], [102.49749, 2.27089], [102.50127, 2.2911], [102.50623, 2.29756], [102.50647, 2.30181], [102.50952, 2.30469], [102.50776, 2.31166], [102.50928, 2.3175], [102.51548, 2.32518], [102.50924, 2.33987], [102.51209, 2.35438], [102.51373, 2.35641], [102.51633, 2.35588], [102.52426, 2.35954], [102.52548, 2.36567], [102.53377, 2.3701], [102.53614, 2.37795], [102.53511, 2.38265], [102.53848, 2.39073], [102.55496, 2.39613], [102.56542, 2.39619], [102.59433, 2.40937], [102.59309, 2.41485], [102.595, 2.41669], [102.59474, 2.41922], [102.5917, 2.42055], [102.59049, 2.42865], [102.59419, 2.43611], [102.5929, 2.44025], [102.59533, 2.44618], [102.59427, 2.44969], [102.59522, 2.45459], [102.59905, 2.45835], [102.60433, 2.4589], [102.60462, 2.4635], [102.61607, 2.46838], [102.61657, 2.4741], [102.61461, 2.48058], [102.63115, 2.48099], [102.6314, 2.46885]]]]}}, {"type": "Feature", "properties": {"state": "Johor", "seat": "N.11 Serom", "seat_name": "Serom"}, "geometry": {"type": "MultiPolygon", "coordinates": [[[[102.57601, 2.23406], [102.59513, 2.22966], [102.61581, 2.21389], [102.61235, 2.18118], [102.61384, 2.17574], [102.61323, 2.16872], [102.62266, 2.18213], [102.62757, 2.1864], [102.63083, 2.18161], [102.62915, 2.17826], [102.63371, 2.17529], [102.63726, 2.16388], [102.63883, 2.16354], [102.64189, 2.15806], [102.63348, 2.15147], [102.63287, 2.14607], [102.63851, 2.13993], [102.64572, 2.13614], [102.64686, 2.13281], [102.64527, 2.12965], [102.63715, 2.12561], [102.62143, 2.13188], [102.61882, 2.12848], [102.61576, 2.11695], [102.61264, 2.11318], [102.60975, 2.11341], [102.60554, 2.11569], [102.60394, 2.11862], [102.60386, 2.12492], [102.60601, 2.13205], [102.61188, 2.13742], [102.62132, 2.13748], [102.62327, 2.13984], [102.62347, 2.14368], [102.61949, 2.14791], [102.6136, 2.15033], [102.60383, 2.15037], [102.59865, 2.14851], [102.59498, 2.14334], [102.59628, 2.13427], [102.59314, 2.13098], [102.58734, 2.12912], [102.58978, 2.12219], [102.58301, 2.11273], [102.58204, 2.10901], [102.58311, 2.10642], [102.58741, 2.10354], [102.59627, 2.10567], [102.59978, 2.1047], [102.60266, 2.09986], [102.60143, 2.0952], [102.59598, 2.08955], [102.59058, 2.08855], [102.58696, 2.0912], [102.57823, 2.10417], [102.57502, 2.10556], [102.57129, 2.104], [102.5688, 2.09827], [102.56708, 2.08274], [102.56319, 2.08154], [102.55608, 2.0836], [102.55291, 2.08097], [102.55421, 2.07638], [102.56043, 2.06826], [102.57204, 2.05744], [102.56757, 2.05006], [102.56218, 2.04767], [102.5598, 2.04836], [102.56043, 2.05026], [102.55801, 2.0535], [102.55062, 2.05802], [102.53861, 2.06026], [102.52843, 2.0736], [102.52006, 2.08046], [102.49427, 2.09462], [102.48885, 2.10119], [102.48905, 2.10584], [102.49356, 2.10573], [102.49284, 2.10996], [102.48839, 2.11376], [102.48542, 2.11372], [102.48477, 2.11095], [102.48268, 2.11273], [102.48282, 2.11531], [102.48936, 2.11638], [102.49039, 2.11999], [102.503, 2.11825], [102.50364, 2.12078], [102.50066, 2.12456], [102.50256, 2.12661], [102.50602, 2.1262], [102.50704, 2.12081], [102.51387, 2.12107], [102.51597, 2.11958], [102.51451, 2.11495], [102.51531, 2.11268], [102.52044, 2.11755], [102.5194, 2.12313], [102.52279, 2.12097], [102.52261, 2.1185], [102.52536, 2.11845], [102.52696, 2.12077], [102.52872, 2.11873], [102.53035, 2.11922], [102.52945, 2.12225], [102.53263, 2.12487], [102.52903, 2.12942], [102.53148, 2.12937], [102.53241, 2.1315], [102.53996, 2.13654], [102.53574, 2.13785], [102.53907, 2.14048], [102.53528, 2.14216], [102.53809, 2.14426], [102.53626, 2.14478], [102.53281, 2.15307], [102.53491, 2.15769], [102.53047, 2.15998], [102.5306, 2.16666], [102.52625, 2.16523], [102.52312, 2.16632], [102.51724, 2.16297], [102.51625, 2.16878], [102.51079, 2.1664], [102.50637, 2.16654], [102.50452, 2.16851], [102.50542, 2.17056], [102.50351, 2.17065], [102.50109, 2.1754], [102.4952, 2.17205], [102.49589, 2.17543], [102.49286, 2.17595], [102.4933, 2.18089], [102.4916, 2.18254], [102.48619, 2.17778], [102.4817, 2.18098], [102.47581, 2.18245], [102.47583, 2.18436], [102.47918, 2.18621], [102.47858, 2.19079], [102.47317, 2.19787], [102.47127, 2.19711], [102.46822, 2.19868], [102.47194, 2.2049], [102.4811, 2.20888], [102.4847, 2.21338], [102.49031, 2.216], [102.49523, 2.22088], [102.49623, 2.22445], [102.49987, 2.22431], [102.50276, 2.22179], [102.50478, 2.22208], [102.5056, 2.22414], [102.50648, 2.22165], [102.51031, 2.22086], [102.51332, 2.22302], [102.51299, 2.21846], [102.5163, 2.21698], [102.5207, 2.2165], [102.52219, 2.2206], [102.52518, 2.21874], [102.5246, 2.21531], [102.52575, 2.21534], [102.54123, 2.22059], [102.54329, 2.22069], [102.54413, 2.21824], [102.55037, 2.21907], [102.55517, 2.22568], [102.55831, 2.22584], [102.56147, 2.22877], [102.56198, 2.22501], [102.56641, 2.22164], [102.56893, 2.21626], [102.56877, 2.22034], [102.57047, 2.22179], [102.57006, 2.2321], [102.57063, 2.2334], [102.57601, 2.23406]]]]}}, {"type": "Feature", "properties": {"state": "Johor", "seat": "N.12 Bentayan", "seat_name": "Bentayan"}, "geometry": {"type": "MultiPolygon", "coordinates": [[[[102.56078, 2.08216], [102.56708, 2.08274], [102.5723, 2.0793], [102.5717, 2.078], [102.57987, 2.07893], [102.58069, 2.08175], [102.5847, 2.0801], [102.58453, 2.07738], [102.58736, 2.0764], [102.58855, 2.07351], [102.58404, 2.07379], [102.58343, 2.07591], [102.58061, 2.07529], [102.58275, 2.06893], [102.57806, 2.06829], [102.57744, 2.06588], [102.59597, 2.06654], [102.59659, 2.05822], [102.59487, 2.05771], [102.59469, 2.05971], [102.58263, 2.05804], [102.57964, 2.05116], [102.58019, 2.04894], [102.58647, 2.048], [102.58041, 2.04218], [102.57228, 2.03736], [102.56353, 2.04656], [102.56356, 2.04817], [102.57044, 2.05337], [102.57204, 2.05744], [102.56043, 2.06826], [102.55287, 2.08026], [102.55608, 2.0836], [102.56078, 2.08216]]]]}}, {"type": "Feature", "properties": {"state": "Johor", "seat": "N.13 Simpang Jeram", "seat_name": "Simpang Jeram"}, "geometry": {"type": "MultiPolygon", "coordinates": [[[[102.65652, 2.0746], [102.66033, 2.07633], [102.66552, 2.07246], [102.65443, 2.06516], [102.64378, 2.05432], [102.64889, 2.05292], [102.64813, 2.04708], [102.64496, 2.04016], [102.64217, 2.04065], [102.64017, 2.02819], [102.63857, 2.02689], [102.63751, 2.02835], [102.63685, 2.02685], [102.63067, 2.02733], [102.62901, 2.03392], [102.62645, 2.03499], [102.60207, 2.01891], [102.59053, 2.03014], [102.59021, 2.03256], [102.58662, 2.03605], [102.5834, 2.03888], [102.58222, 2.03768], [102.58101, 2.03851], [102.58254, 2.03928], [102.58081, 2.0425], [102.58647, 2.048], [102.58019, 2.04894], [102.57964, 2.05116], [102.58263, 2.05804], [102.59469, 2.05971], [102.59487, 2.05771], [102.59659, 2.05822], [102.59597, 2.06654], [102.57743, 2.06589], [102.57806, 2.06829], [102.58275, 2.06893], [102.58061, 2.07529], [102.58343, 2.07591], [102.58404, 2.07379], [102.58855, 2.07351], [102.58865, 2.0751], [102.59796, 2.07337], [102.5988, 2.06854], [102.60206, 2.07126], [102.60582, 2.06477], [102.60736, 2.06449], [102.60757, 2.06141], [102.61129, 2.05977], [102.61595, 2.06403], [102.61903, 2.06179], [102.62231, 2.06668], [102.61806, 2.07116], [102.64824, 2.08534], [102.65181, 2.08613], [102.65652, 2.0746]]]]}}, {"type": "Feature", "properties": {"state": "Johor", "seat": "N.14 Bukit Naning", "seat_name": "Bukit Naning"}, "geometry": {"type": "MultiPolygon", "coordinates": [[[[102.67045, 2.07396], [102.67629, 2.07428], [102.67429, 2.07054], [102.68252, 2.06714], [102.69727, 2.06657], [102.70069, 2.06488], [102.69433, 2.05268], [102.68973, 2.05257], [102.68764, 2.04181], [102.68893, 2.0404], [102.70172, 2.03803], [102.72065, 2.0408], [102.72708, 2.04537], [102.75507, 2.0554], [102.75609, 2.05707], [102.77283, 2.04659], [102.77351, 2.04769], [102.77705, 2.04667], [102.77631, 2.04519], [102.78126, 2.04161], [102.83803, 2.01746], [102.83026, 2.00799], [102.82755, 2.00079], [102.79934, 1.95626], [102.7967, 1.9592], [102.78648, 1.96076], [102.77423, 1.95564], [102.77393, 1.9528], [102.76196, 1.9597], [102.75589, 1.96132], [102.75568, 1.96672], [102.74925, 1.9662], [102.74188, 1.99879], [102.72552, 1.98857], [102.72051, 1.98128], [102.71961, 1.98313], [102.71706, 1.98071], [102.71498, 1.98116], [102.71704, 1.983], [102.7155, 1.98546], [102.71183, 1.98217], [102.71207, 1.98628], [102.71055, 1.98735], [102.7066, 1.9852], [102.70075, 1.98718], [102.69961, 1.98489], [102.6966, 1.98482], [102.69317, 1.98211], [102.68463, 1.98361], [102.68297, 1.98469], [102.68535, 1.99044], [102.68139, 1.99542], [102.67425, 1.99961], [102.67223, 2.00579], [102.67324, 2.00799], [102.68096, 2.01183], [102.6878, 2.01867], [102.678, 2.02544], [102.67702, 2.01976], [102.65403, 2.02418], [102.64801, 2.02695], [102.64565, 2.02692], [102.64459, 2.02391], [102.6446, 2.02608], [102.63857, 2.02689], [102.64017, 2.02819], [102.64217, 2.04065], [102.64496, 2.04016], [102.64813, 2.04708], [102.64889, 2.05292], [102.64378, 2.05432], [102.65503, 2.06565], [102.66861, 2.07499], [102.67045, 2.07396]]]]}}, {"type": "Feature", "properties": {"state": "Johor", "seat": "N.15 Maharani", "seat_name": "Maharani"}, "geometry": {"type": "MultiPolygon", "coordinates": [[[[102.56093, 2.04798], [102.56356, 2.04817], [102.56374, 2.04606], [102.57228, 2.03736], [102.58081, 2.0425], [102.58254, 2.03928], [102.58101, 2.03851], [102.58222, 2.03768], [102.5834, 2.03888], [102.58662, 2.03605], [102.59021, 2.03256], [102.59053, 2.03014], [102.60207, 2.01891], [102.62645, 2.03499], [102.62901, 2.03392], [102.63067, 2.02733], [102.6367, 2.02683], [102.63696, 2.02837], [102.63872, 2.02826], [102.63857, 2.02689], [102.6446, 2.02608], [102.64459, 2.02391], [102.64565, 2.02692], [102.64801, 2.02695], [102.65403, 2.02418], [102.67702, 2.01976], [102.678, 2.02544], [102.6878, 2.01867], [102.68096, 2.01183], [102.67324, 2.00799], [102.67283, 2.00498], [102.66825, 2.00253], [102.66804, 1.99862], [102.66336, 1.99615], [102.66138, 1.99295], [102.64239, 1.97897], [102.63545, 1.97746], [102.61672, 1.96318], [102.60186, 1.98134], [102.58344, 1.99515], [102.56823, 2.01017], [102.55071, 2.02456], [102.5524, 2.02641], [102.54821, 2.03002], [102.54592, 2.03494], [102.54723, 2.03666], [102.54705, 2.04301], [102.55038, 2.04756], [102.54894, 2.04832], [102.55061, 2.05126], [102.56093, 2.04798]]]]}}, {"type": "Feature", "properties": {"state": "Johor", "seat": "N.16 Sungai Balang", "seat_name": "Sungai Balang"}, "geometry": {"type": "MultiPolygon", "coordinates": [[[[102.67235, 2.00417], [102.67425, 1.99961], [102.68139, 1.99542], [102.68535, 1.99044], [102.68297, 1.98469], [102.69317, 1.98211], [102.6966, 1.98482], [102.69961, 1.98489], [102.70075, 1.98718], [102.7066, 1.9852], [102.71055, 1.98735], [102.71207, 1.98628], [102.71183, 1.98217], [102.7155, 1.98546], [102.71704, 1.983], [102.71498, 1.98116], [102.71706, 1.98071], [102.71961, 1.98313], [102.72051, 1.98128], [102.72552, 1.98857], [102.74188, 1.99879], [102.74925, 1.9662], [102.75568, 1.96672], [102.75589, 1.96132], [102.76196, 1.9597], [102.77393, 1.9528], [102.77423, 1.95564], [102.78648, 1.96076], [102.79484, 1.95977], [102.79837, 1.95761], [102.79942, 1.95619], [102.79477, 1.92385], [102.7828, 1.88587], [102.77808, 1.8753], [102.77649, 1.86644], [102.77086, 1.86686], [102.7682, 1.86914], [102.76764, 1.86672], [102.76452, 1.86615], [102.74172, 1.86875], [102.73211, 1.86703], [102.72589, 1.86301], [102.72438, 1.86344], [102.72414, 1.86116], [102.7197, 1.85844], [102.72064, 1.85702], [102.7188, 1.85635], [102.71752, 1.85302], [102.71308, 1.85221], [102.71213, 1.85459], [102.71071, 1.85287], [102.7073, 1.85354], [102.69949, 1.85919], [102.69377, 1.8599], [102.68339, 1.86654], [102.68343, 1.87092], [102.6813, 1.86958], [102.67412, 1.87979], [102.67494, 1.88226], [102.67281, 1.88202], [102.66841, 1.88891], [102.66281, 1.90122], [102.66385, 1.90307], [102.66166, 1.90213], [102.65626, 1.90774], [102.65295, 1.91359], [102.65389, 1.91478], [102.65105, 1.91564], [102.64271, 1.93278], [102.63725, 1.93871], [102.63768, 1.94024], [102.63128, 1.94956], [102.62904, 1.95001], [102.61672, 1.96318], [102.63545, 1.97746], [102.64018, 1.97778], [102.64422, 1.98009], [102.66804, 1.99862], [102.66976, 2.00414], [102.67172, 2.00526], [102.67235, 2.00417]]]]}}, {"type": "Feature", "properties": {"state": "Johor", "seat": "N.17 Semerah", "seat_name": "Semerah"}, "geometry": {"type": "MultiPolygon", "coordinates": [[[[102.8592, 1.95673], [102.87154, 1.95134], [102.86643, 1.93213], [102.87319, 1.92112], [102.87668, 1.91855], [102.88177, 1.91874], [102.88505, 1.91646], [102.89697, 1.90378], [102.89372, 1.89497], [102.89448, 1.88801], [102.89858, 1.88563], [102.91004, 1.88524], [102.91391, 1.86805], [102.92307, 1.86029], [102.93054, 1.8589], [102.92793, 1.84966], [102.93355, 1.84795], [102.92966, 1.83548], [102.92793, 1.83607], [102.92602, 1.83396], [102.92763, 1.83188], [102.92697, 1.83017], [102.92474, 1.83016], [102.92478, 1.83579], [102.92141, 1.83645], [102.9179, 1.82812], [102.90763, 1.82149], [102.89649, 1.82275], [102.89382, 1.82174], [102.89081, 1.8124], [102.88012, 1.81692], [102.86793, 1.82517], [102.84977, 1.84075], [102.83181, 1.85136], [102.80328, 1.86115], [102.77649, 1.86644], [102.77808, 1.8753], [102.79439, 1.9223], [102.79939, 1.95667], [102.81573, 1.98225], [102.82638, 1.97336], [102.8592, 1.95673]]]]}}, {"type": "Feature", "properties": {"state": "Johor", "seat": "N.18 Sri Medan", "seat_name": "Sri Medan"}, "geometry": {"type": "MultiPolygon", "coordinates": [[[[102.95829, 2.09122], [102.96719, 2.08838], [103.01115, 2.05246], [103.01162, 2.04987], [103.01806, 2.04803], [103.0205, 2.04406], [103.00919, 2.03238], [103.00371, 2.0322], [103.00158, 2.02389], [102.99961, 2.02397], [102.99622, 2.01702], [102.99265, 2.01457], [102.99672, 2.00911], [103.00324, 2.00801], [103.00724, 1.99994], [103.01509, 1.99938], [103.02256, 1.98789], [103.02456, 1.9873], [103.02057, 1.98385], [103.02004, 1.98052], [103.02511, 1.97624], [103.02133, 1.97308], [103.02358, 1.97111], [103.02234, 1.96829], [103.00979, 1.95777], [103.0152, 1.9472], [102.97386, 1.94789], [102.97171, 1.94446], [102.97378, 1.94179], [102.96842, 1.93703], [102.96737, 1.93882], [102.96595, 1.9374], [102.96181, 1.93955], [102.95625, 1.93987], [102.957, 1.94998], [102.93374, 1.96767], [102.93163, 1.96506], [102.93229, 1.95961], [102.928, 1.95875], [102.92595, 1.9619], [102.91909, 1.94972], [102.91379, 1.9514], [102.91363, 1.9492], [102.91166, 1.948], [102.9126, 1.94135], [102.89617, 1.92123], [102.90189, 1.91544], [102.89311, 1.90848], [102.88177, 1.91874], [102.87668, 1.91855], [102.87397, 1.9204], [102.86683, 1.93053], [102.87154, 1.95134], [102.82638, 1.97336], [102.81573, 1.98225], [102.82755, 2.00079], [102.83026, 2.00799], [102.85324, 2.03679], [102.85285, 2.0383], [102.85997, 2.04209], [102.86254, 2.04073], [102.87421, 2.0615], [102.86768, 2.07728], [102.87242, 2.08502], [102.87135, 2.08605], [102.87351, 2.08667], [102.87622, 2.08394], [102.88707, 2.08237], [102.92055, 2.13653], [102.95632, 2.09517], [102.95829, 2.09122]]]]}}, {"type": "Feature", "properties": {"state": "Johor", "seat": "N.19 Yong Peng", "seat_name": "Yong Peng"}, "geometry": {"type": "MultiPolygon", "coordinates": [[[[102.99036, 2.18395], [102.99638, 2.17992], [103.00856, 2.17959], [103.03927, 2.17003], [103.08501, 2.17026], [103.10463, 2.16741], [103.16794, 2.15078], [103.16502, 2.14127], [103.16246, 2.13952], [103.17365, 2.12574], [103.17177, 2.09855], [103.23993, 1.99732], [103.24532, 2], [103.25411, 1.98843], [103.24495, 1.98185], [103.23014, 1.97439], [103.22167, 1.96397], [103.21624, 1.96429], [103.20994, 1.96028], [103.20775, 1.94331], [103.19974, 1.9381], [103.19775, 1.93812], [103.18459, 1.95142], [103.17434, 1.95553], [103.16667, 1.9518], [103.16501, 1.944], [103.16083, 1.93884], [103.15381, 1.94519], [103.14915, 1.94609], [103.14179, 1.95235], [103.14374, 1.95435], [103.14536, 1.95354], [103.14759, 1.95852], [103.1383, 1.96313], [103.13073, 1.97597], [103.12896, 1.9773], [103.12726, 1.97647], [103.12524, 1.98013], [103.11242, 1.97981], [103.10215, 1.98475], [103.10025, 1.98322], [103.09206, 1.99286], [103.08226, 1.99555], [103.0794, 1.99778], [103.07755, 1.99454], [103.07249, 1.99355], [103.06819, 1.98485], [103.06938, 1.98165], [103.07732, 1.97767], [103.07643, 1.96521], [103.07263, 1.95896], [103.06782, 1.96401], [103.06065, 1.97592], [103.05399, 1.97684], [103.05176, 1.97887], [103.05011, 1.97702], [103.04431, 1.97945], [103.042, 1.98381], [103.03748, 1.98533], [103.02673, 1.98324], [103.02057, 1.98385], [103.02456, 1.9873], [103.02256, 1.98789], [103.01509, 1.99938], [103.00724, 1.99994], [103.00324, 2.00801], [102.99672, 2.00911], [102.99265, 2.01457], [102.99622, 2.01702], [102.99961, 2.02397], [103.00158, 2.02389], [103.00371, 2.0322], [103.00919, 2.03238], [103.0205, 2.04406], [103.01846, 2.0476], [103.01162, 2.04987], [103.01115, 2.05246], [102.96719, 2.08838], [102.95829, 2.09122], [102.95632, 2.09517], [102.92055, 2.13653], [102.96208, 2.20291], [102.99036, 2.18395]]]]}}, {"type": "Feature", "properties": {"state": "Johor", "seat": "N.20 Semarang", "seat_name": "Semarang"}, "geometry": {"type": "MultiPolygon", "coordinates": [[[[103.0888, 1.99453], [103.09206, 1.99286], [103.10025, 1.98322], [103.10215, 1.98475], [103.11242, 1.97981], [103.12437, 1.98036], [103.12726, 1.97647], [103.12896, 1.9773], [103.13073, 1.97597], [103.1383, 1.96313], [103.14759, 1.95852], [103.14536, 1.95354], [103.14374, 1.95435], [103.14179, 1.95235], [103.14915, 1.94609], [103.15381, 1.94519], [103.16083, 1.93884], [103.16501, 1.944], [103.16667, 1.9518], [103.17434, 1.95553], [103.18459, 1.95142], [103.19775, 1.93812], [103.19179, 1.934], [103.1863, 1.93292], [103.18383, 1.92922], [103.18367, 1.92393], [103.18564, 1.92383], [103.18666, 1.91443], [103.1934, 1.91062], [103.19986, 1.90913], [103.20297, 1.90664], [103.20481, 1.90157], [103.19986, 1.89524], [103.1983, 1.89532], [103.18918, 1.87835], [103.19978, 1.86883], [103.19624, 1.86533], [103.19157, 1.86843], [103.1935, 1.86389], [103.19025, 1.86077], [103.18897, 1.85555], [103.18898, 1.83657], [103.16299, 1.82001], [103.16357, 1.82313], [103.15591, 1.82216], [103.15137, 1.81998], [103.15136, 1.81789], [103.14004, 1.81468], [103.13019, 1.82344], [103.12755, 1.83098], [103.12232, 1.83432], [103.12222, 1.84572], [103.12866, 1.84621], [103.12731, 1.85185], [103.12573, 1.85136], [103.11901, 1.86735], [103.1225, 1.86861], [103.11915, 1.87131], [103.12361, 1.87279], [103.12184, 1.87498], [103.11964, 1.87426], [103.11787, 1.87683], [103.11329, 1.87716], [103.10657, 1.87041], [103.10498, 1.8712], [103.10578, 1.87502], [103.10437, 1.87724], [103.09742, 1.8758], [103.0952, 1.87719], [103.09411, 1.88068], [103.09669, 1.8893], [103.09065, 1.89462], [103.08788, 1.90669], [103.08917, 1.90938], [103.07598, 1.90986], [103.07401, 1.92182], [103.06684, 1.92969], [103.04284, 1.93231], [103.04702, 1.94112], [103.05179, 1.94618], [103.05209, 1.94944], [103.04229, 1.95653], [103.03591, 1.95803], [103.02209, 1.96664], [103.02358, 1.97111], [103.02133, 1.97308], [103.02511, 1.97624], [103.02004, 1.98052], [103.02057, 1.98385], [103.02673, 1.98324], [103.03748, 1.98533], [103.042, 1.98381], [103.04431, 1.97945], [103.05011, 1.97702], [103.05176, 1.97887], [103.05399, 1.97684], [103.06065, 1.97592], [103.06782, 1.96401], [103.07263, 1.95896], [103.07643, 1.96521], [103.07735, 1.97745], [103.06938, 1.98165], [103.06819, 1.98485], [103.06929, 1.98782], [103.07249, 1.99355], [103.07755, 1.99454], [103.0794, 1.99778], [103.08226, 1.99555], [103.0888, 1.99453]]]]}}, {"type": "Feature", "properties": {"state": "Johor", "seat": "N.21 Parit Yaani", "seat_name": "Parit Yaani"}, "geometry": {"type": "MultiPolygon", "coordinates": [[[[102.93374, 1.96767], [102.957, 1.94998], [102.95625, 1.93987], [102.96181, 1.93955], [102.96595, 1.9374], [102.96737, 1.93882], [102.96842, 1.93703], [102.97378, 1.94179], [102.97171, 1.94446], [102.97386, 1.94789], [103.0152, 1.9472], [103.00979, 1.95777], [103.02179, 1.96751], [103.03591, 1.95803], [103.04229, 1.95653], [103.05209, 1.94944], [103.05179, 1.94618], [103.04702, 1.94112], [103.04284, 1.93231], [103.06684, 1.92969], [103.07307, 1.92351], [103.07598, 1.90986], [103.07382, 1.89325], [103.06905, 1.88808], [103.05917, 1.88257], [103.05655, 1.87915], [103.05617, 1.87424], [103.05209, 1.87121], [103.03079, 1.87152], [103.02527, 1.8742], [103.02145, 1.87823], [103.00789, 1.88272], [102.99777, 1.87844], [102.99247, 1.86902], [102.98767, 1.87076], [102.98828, 1.86948], [102.98507, 1.86766], [102.98389, 1.86746], [102.98325, 1.86979], [102.96655, 1.86386], [102.95211, 1.86165], [102.94024, 1.86884], [102.94073, 1.87055], [102.94391, 1.87183], [102.94489, 1.87494], [102.94766, 1.87424], [102.94864, 1.87896], [102.95138, 1.87858], [102.95198, 1.88377], [102.95718, 1.88279], [102.96247, 1.89047], [102.96306, 1.89918], [102.94549, 1.90211], [102.93517, 1.90086], [102.92428, 1.89689], [102.91004, 1.88524], [102.89699, 1.88599], [102.89343, 1.89114], [102.89724, 1.9032], [102.89311, 1.90848], [102.90189, 1.91544], [102.89617, 1.92123], [102.9126, 1.94135], [102.91166, 1.948], [102.91363, 1.9492], [102.91379, 1.9514], [102.91909, 1.94972], [102.92595, 1.9619], [102.928, 1.95875], [102.93229, 1.95961], [102.93163, 1.96506], [102.93374, 1.96767]]]]}}, {"type": "Feature", "properties": {"state": "Johor", "seat": "N.22 Parit Raja", "seat_name": "Parit Raja"}, "geometry": {"type": "MultiPolygon", "coordinates": [[[[103.08839, 1.9095], [103.09065, 1.89462], [103.09669, 1.8893], [103.09411, 1.88068], [103.09481, 1.87759], [103.09742, 1.8758], [103.10437, 1.87724], [103.10578, 1.87502], [103.10498, 1.8712], [103.10657, 1.87041], [103.11329, 1.87716], [103.11787, 1.87683], [103.11964, 1.87426], [103.12184, 1.87498], [103.12362, 1.87277], [103.11915, 1.87131], [103.1225, 1.86861], [103.11901, 1.86735], [103.12573, 1.85136], [103.12731, 1.85185], [103.12866, 1.84621], [103.12222, 1.84572], [103.12232, 1.83432], [103.12755, 1.83098], [103.13019, 1.82344], [103.14078, 1.81389], [103.13787, 1.81004], [103.13855, 1.80825], [103.12897, 1.80229], [103.12922, 1.80032], [103.12659, 1.79739], [103.12719, 1.79454], [103.10348, 1.78557], [103.08884, 1.7869], [103.09016, 1.79073], [103.08325, 1.79192], [103.07823, 1.79711], [103.07409, 1.79836], [103.06538, 1.79381], [103.06358, 1.78745], [103.05267, 1.79975], [103.04201, 1.80016], [103.03594, 1.8041], [103.03658, 1.80619], [102.98793, 1.8075], [102.97773, 1.83767], [102.96322, 1.84754], [102.96076, 1.85231], [102.96035, 1.86327], [102.96655, 1.86386], [102.98325, 1.86979], [102.98389, 1.86746], [102.98507, 1.86766], [102.98828, 1.86948], [102.98767, 1.87076], [102.99247, 1.86902], [102.99777, 1.87844], [103.00789, 1.88272], [103.02145, 1.87823], [103.02527, 1.8742], [103.03079, 1.87152], [103.05209, 1.87121], [103.05617, 1.87424], [103.05655, 1.87915], [103.05917, 1.88257], [103.06905, 1.88808], [103.07374, 1.89312], [103.07598, 1.90986], [103.08839, 1.9095]]]]}}, {"type": "Feature", "properties": {"state": "Johor", "seat": "N.23 Penggaram", "seat_name": "Penggaram"}, "geometry": {"type": "MultiPolygon", "coordinates": [[[[102.95975, 1.8993], [102.96306, 1.89918], [102.96321, 1.89378], [102.96121, 1.88816], [102.95718, 1.88279], [102.95198, 1.88377], [102.95138, 1.87858], [102.94864, 1.87896], [102.94766, 1.87424], [102.94489, 1.87494], [102.94391, 1.87183], [102.94073, 1.87055], [102.94024, 1.86884], [102.95211, 1.86165], [102.96035, 1.86327], [102.96076, 1.85231], [102.96322, 1.84754], [102.96017, 1.84808], [102.96123, 1.83749], [102.95867, 1.83317], [102.95922, 1.8285], [102.9529, 1.82767], [102.9512, 1.83177], [102.94688, 1.82912], [102.9436, 1.83281], [102.93477, 1.83176], [102.93059, 1.82938], [102.92599, 1.83381], [102.92793, 1.83607], [102.92966, 1.83548], [102.93355, 1.84795], [102.92793, 1.84966], [102.93054, 1.8589], [102.92307, 1.86029], [102.91561, 1.86547], [102.91291, 1.86988], [102.91004, 1.88524], [102.92349, 1.89632], [102.92974, 1.89953], [102.94549, 1.90211], [102.95975, 1.8993]]]]}}, {"type": "Feature", "properties": {"state": "Johor", "seat": "N.24 Senggarang", "seat_name": "Senggarang"}, "geometry": {"type": "MultiPolygon", "coordinates": [[[[102.96061, 1.84776], [102.97644, 1.83971], [102.98793, 1.8075], [103.03658, 1.80619], [103.03594, 1.8041], [103.04201, 1.80016], [103.05267, 1.79975], [103.06358, 1.78745], [103.06538, 1.79381], [103.07409, 1.79836], [103.07823, 1.79711], [103.08325, 1.79192], [103.09016, 1.79073], [103.08884, 1.7869], [103.10348, 1.78557], [103.12719, 1.79454], [103.12782, 1.79067], [103.1203, 1.78696], [103.12068, 1.77352], [103.11459, 1.7613], [103.11282, 1.76175], [103.11193, 1.74179], [103.10793, 1.72971], [103.08538, 1.70808], [103.08642, 1.70413], [103.08272, 1.69491], [103.05915, 1.71048], [103.02743, 1.72515], [103.02761, 1.72627], [103.00134, 1.73616], [102.98764, 1.73751], [102.97893, 1.74189], [102.96306, 1.74425], [102.94446, 1.74236], [102.94006, 1.73754], [102.93676, 1.73898], [102.89216, 1.78374], [102.89316, 1.78604], [102.89122, 1.78892], [102.8885, 1.78862], [102.88587, 1.79284], [102.89083, 1.79704], [102.89302, 1.80113], [102.89372, 1.81113], [102.89081, 1.8124], [102.89296, 1.82103], [102.89649, 1.82275], [102.90763, 1.82149], [102.9179, 1.82812], [102.92141, 1.83645], [102.92478, 1.83579], [102.92474, 1.83016], [102.92697, 1.83017], [102.92742, 1.83152], [102.93059, 1.82938], [102.93477, 1.83176], [102.9436, 1.83281], [102.94688, 1.82912], [102.9512, 1.83177], [102.9529, 1.82767], [102.95922, 1.8285], [102.95867, 1.83317], [102.96123, 1.83749], [102.96061, 1.84776]]]]}}, {"type": "Feature", "properties": {"state": "Johor", "seat": "N.25 Rengit", "seat_name": "Rengit"}, "geometry": {"type": "MultiPolygon", "coordinates": [[[[103.18883, 1.82288], [103.18862, 1.78365], [103.2261, 1.76707], [103.21457, 1.73736], [103.2066, 1.72898], [103.19686, 1.70069], [103.19406, 1.6758], [103.19954, 1.65242], [103.19891, 1.64507], [103.20144, 1.64166], [103.2029, 1.63429], [103.201, 1.62971], [103.19774, 1.62732], [103.18878, 1.63006], [103.18727, 1.6241], [103.16804, 1.63358], [103.13724, 1.65421], [103.13524, 1.6542], [103.12004, 1.66497], [103.10934, 1.67573], [103.10594, 1.67685], [103.08271, 1.69491], [103.08642, 1.70413], [103.08538, 1.70808], [103.10793, 1.72971], [103.11193, 1.74179], [103.11282, 1.76175], [103.11459, 1.7613], [103.12068, 1.77352], [103.1203, 1.78696], [103.12782, 1.79067], [103.12659, 1.79739], [103.12922, 1.80032], [103.12897, 1.80229], [103.13855, 1.80825], [103.13787, 1.81004], [103.14015, 1.81196], [103.14005, 1.81482], [103.15136, 1.81789], [103.15137, 1.81998], [103.15591, 1.82216], [103.16357, 1.82313], [103.16299, 1.82001], [103.18898, 1.83657], [103.18883, 1.82288]]]]}}, {"type": "Feature", "properties": {"state": "Johor", "seat": "N.26 Machap", "seat_name": "Machap"}, "geometry": {"type": "MultiPolygon", "coordinates": [[[[103.26514, 1.98478], [103.27784, 1.96771], [103.28345, 1.97206], [103.28694, 1.96719], [103.27924, 1.96129], [103.29079, 1.94497], [103.29298, 1.94684], [103.29528, 1.94371], [103.29797, 1.94614], [103.30016, 1.94341], [103.30286, 1.94553], [103.30603, 1.94121], [103.30297, 1.93822], [103.3052, 1.93534], [103.30082, 1.93177], [103.30386, 1.92796], [103.30258, 1.92691], [103.30697, 1.91938], [103.29734, 1.91289], [103.30893, 1.89763], [103.30835, 1.89579], [103.31216, 1.89429], [103.31446, 1.88841], [103.31649, 1.88716], [103.31814, 1.87904], [103.32121, 1.87688], [103.32116, 1.87325], [103.32652, 1.86349], [103.32404, 1.85656], [103.30454, 1.84312], [103.30728, 1.83206], [103.30882, 1.82988], [103.31127, 1.83122], [103.31339, 1.82868], [103.3122, 1.82757], [103.31458, 1.82565], [103.31451, 1.82259], [103.31932, 1.8176], [103.32534, 1.80676], [103.33254, 1.80055], [103.33691, 1.79398], [103.34994, 1.7875], [103.35565, 1.78655], [103.35732, 1.7838], [103.36371, 1.78047], [103.36605, 1.78261], [103.36766, 1.79037], [103.37248, 1.78961], [103.37825, 1.7847], [103.38384, 1.79145], [103.39574, 1.78108], [103.3909, 1.77666], [103.3942, 1.7705], [103.39315, 1.7655], [103.3986, 1.76269], [103.39898, 1.76061], [103.40595, 1.76256], [103.36335, 1.70987], [103.27927, 1.74868], [103.26071, 1.75186], [103.18862, 1.78365], [103.18897, 1.85555], [103.19025, 1.86077], [103.1935, 1.86389], [103.19157, 1.86843], [103.19624, 1.86533], [103.19978, 1.86883], [103.18918, 1.87835], [103.1983, 1.89532], [103.19986, 1.89524], [103.20481, 1.90157], [103.20297, 1.90664], [103.19986, 1.90913], [103.1934, 1.91062], [103.18617, 1.91498], [103.18711, 1.91662], [103.18564, 1.92383], [103.18368, 1.9238], [103.18383, 1.92922], [103.18694, 1.93331], [103.19179, 1.934], [103.19702, 1.93823], [103.20022, 1.9383], [103.20775, 1.94331], [103.20947, 1.95971], [103.21624, 1.96429], [103.22167, 1.96397], [103.23014, 1.97439], [103.24495, 1.98185], [103.25923, 1.99277], [103.26514, 1.98478]]]]}}, {"type": "Feature", "properties": {"state": "Johor", "seat": "N.27 Layang-Layang", "seat_name": "Layang-Layang"}, "geometry": {"type": "MultiPolygon", "coordinates": [[[[103.43736, 1.92055], [103.44734, 1.90523], [103.45957, 1.90004], [103.45288, 1.89417], [103.46594, 1.88442], [103.49899, 1.90536], [103.51827, 1.87936], [103.55296, 1.90293], [103.55375, 1.89659], [103.5556, 1.89355], [103.55844, 1.89294], [103.55791, 1.89067], [103.56021, 1.88673], [103.56422, 1.88679], [103.56789, 1.88127], [103.57484, 1.88046], [103.57539, 1.87681], [103.57856, 1.8757], [103.58033, 1.86979], [103.58999, 1.85945], [103.59254, 1.85353], [103.60029, 1.85011], [103.60106, 1.84358], [103.60672, 1.83636], [103.61451, 1.83241], [103.61463, 1.83382], [103.61686, 1.83363], [103.62152, 1.82914], [103.62104, 1.82633], [103.62352, 1.82136], [103.626, 1.82198], [103.62881, 1.8156], [103.63129, 1.81418], [103.63051, 1.80801], [103.63377, 1.80609], [103.63209, 1.80226], [103.63991, 1.79279], [103.63041, 1.79166], [103.62248, 1.79721], [103.6122, 1.80102], [103.57475, 1.79484], [103.56983, 1.78907], [103.55464, 1.79073], [103.54564, 1.7962], [103.54253, 1.79605], [103.5397, 1.79951], [103.53282, 1.80012], [103.52643, 1.80441], [103.51715, 1.80269], [103.50181, 1.80583], [103.49926, 1.80389], [103.49149, 1.80452], [103.48595, 1.80373], [103.44521, 1.77221], [103.43705, 1.78375], [103.435, 1.78222], [103.43252, 1.78578], [103.40595, 1.76256], [103.39898, 1.76061], [103.3986, 1.76269], [103.39315, 1.7655], [103.3942, 1.7705], [103.39091, 1.77576], [103.39574, 1.78108], [103.38384, 1.79145], [103.37825, 1.7847], [103.37248, 1.78961], [103.36766, 1.79037], [103.36605, 1.78261], [103.36371, 1.78047], [103.35732, 1.7838], [103.35565, 1.78655], [103.34994, 1.7875], [103.33691, 1.79398], [103.33254, 1.80055], [103.32534, 1.80676], [103.31932, 1.8176], [103.31451, 1.82259], [103.31458, 1.82565], [103.3122, 1.82757], [103.31339, 1.82868], [103.31127, 1.83122], [103.30882, 1.82988], [103.30597, 1.83549], [103.30454, 1.84312], [103.32404, 1.85656], [103.32632, 1.86199], [103.32018, 1.87842], [103.33424, 1.88871], [103.34414, 1.87563], [103.38667, 1.90632], [103.38919, 1.90559], [103.43221, 1.93823], [103.43995, 1.92792], [103.43558, 1.92463], [103.43736, 1.92055]]]]}}, {"type": "Feature", "properties": {"state": "Johor", "seat": "N.28 Mengkibol", "seat_name": "Mengkibol"}, "geometry": {"type": "MultiPolygon", "coordinates": [[[[103.29839, 2.06377], [103.29652, 2.06174], [103.29429, 2.06336], [103.28947, 2.06301], [103.29392, 2.05067], [103.29056, 2.0501], [103.29289, 2.03738], [103.2911, 2.03566], [103.29267, 2.02778], [103.28947, 2.0272], [103.29001, 2.02469], [103.28643, 2.02399], [103.28833, 2.01431], [103.30973, 2.02126], [103.31788, 2.02943], [103.32797, 2.03312], [103.33124, 2.03599], [103.32969, 2.04513], [103.33588, 2.04701], [103.33632, 2.04508], [103.33824, 2.04508], [103.34059, 2.04771], [103.34253, 2.04538], [103.34126, 2.044], [103.34688, 2.03613], [103.35176, 2.03929], [103.35327, 2.03722], [103.36159, 2.03543], [103.36716, 2.0384], [103.37411, 2.02644], [103.37778, 2.02497], [103.37868, 2.02272], [103.38279, 2.02394], [103.38479, 2.02223], [103.39054, 2.01166], [103.38799, 2.00155], [103.3878, 1.98634], [103.38598, 1.98209], [103.3449, 1.95234], [103.35675, 1.9365], [103.36854, 1.92627], [103.37639, 1.91564], [103.37917, 1.9112], [103.37938, 1.90119], [103.34414, 1.87563], [103.33424, 1.88871], [103.31978, 1.87811], [103.31814, 1.87904], [103.31649, 1.88716], [103.31446, 1.88841], [103.31216, 1.89429], [103.30835, 1.89579], [103.30893, 1.89763], [103.29734, 1.91289], [103.30697, 1.91938], [103.30258, 1.92691], [103.30386, 1.92796], [103.30082, 1.93177], [103.3052, 1.93534], [103.30297, 1.93822], [103.30603, 1.94121], [103.30286, 1.94553], [103.30016, 1.94341], [103.29797, 1.94614], [103.29528, 1.94371], [103.29298, 1.94684], [103.29079, 1.94497], [103.27924, 1.96129], [103.28694, 1.96719], [103.28345, 1.97206], [103.27784, 1.96771], [103.25923, 1.99277], [103.25411, 1.98843], [103.24532, 2], [103.23993, 1.99732], [103.21833, 2.02876], [103.22979, 2.03719], [103.23361, 2.03172], [103.24379, 2.03885], [103.24563, 2.03577], [103.25294, 2.04078], [103.25088, 2.04352], [103.25859, 2.04886], [103.25434, 2.05846], [103.26494, 2.06682], [103.26825, 2.06234], [103.2825, 2.07324], [103.27921, 2.07759], [103.28124, 2.08508], [103.28391, 2.08871], [103.30014, 2.06478], [103.29839, 2.06377]]]]}}, {"type": "Feature", "properties": {"state": "Johor", "seat": "N.29 Mahkota", "seat_name": "Mahkota"}, "geometry": {"type": "MultiPolygon", "coordinates": [[[[103.30784, 2.10514], [103.30869, 2.10262], [103.30674, 2.09676], [103.31076, 2.08748], [103.32521, 2.08321], [103.33912, 2.08163], [103.34346, 2.07834], [103.343, 2.07697], [103.35172, 2.07101], [103.35646, 2.07073], [103.36372, 2.0639], [103.36672, 2.06355], [103.36659, 2.06116], [103.36873, 2.05914], [103.3769, 2.05941], [103.38262, 2.05505], [103.38472, 2.05262], [103.38345, 2.05173], [103.38476, 2.04813], [103.3905, 2.03908], [103.39929, 2.03198], [103.39655, 2.02641], [103.40054, 2.02206], [103.39942, 2.02105], [103.40104, 2.01837], [103.4011, 2.00924], [103.39781, 2.00496], [103.39792, 2.00222], [103.38821, 2.00283], [103.39054, 2.01166], [103.38823, 2.01747], [103.38279, 2.02394], [103.37868, 2.02272], [103.37778, 2.02497], [103.37411, 2.02644], [103.36716, 2.0384], [103.36159, 2.03543], [103.35327, 2.03722], [103.35176, 2.03929], [103.34688, 2.03613], [103.34126, 2.044], [103.34253, 2.04538], [103.34059, 2.04771], [103.33824, 2.04508], [103.33632, 2.04508], [103.33588, 2.04701], [103.32969, 2.04513], [103.33124, 2.03599], [103.32797, 2.03312], [103.31788, 2.02943], [103.30973, 2.02126], [103.28833, 2.01431], [103.28643, 2.02399], [103.29001, 2.02469], [103.28947, 2.0272], [103.29267, 2.02778], [103.2911, 2.03566], [103.29289, 2.03738], [103.29056, 2.0501], [103.29392, 2.05067], [103.28947, 2.06301], [103.29429, 2.06336], [103.29652, 2.06174], [103.30014, 2.06478], [103.28511, 2.08714], [103.30132, 2.10445], [103.30579, 2.10504], [103.30608, 2.10775], [103.30811, 2.10918], [103.30784, 2.10514]]]]}}, {"type": "Feature", "properties": {"state": "Johor", "seat": "N.30 Paloh", "seat_name": "Paloh"}, "geometry": {"type": "MultiPolygon", "coordinates": [[[[103.43816, 2.25015], [103.48146, 2.15399], [103.47319, 2.14591], [103.47283, 2.14205], [103.46196, 2.13854], [103.45926, 2.12905], [103.45399, 2.12461], [103.4645, 2.12687], [103.46464, 2.1216], [103.4639, 2.11826], [103.45592, 2.11393], [103.4558, 2.11025], [103.45229, 2.10846], [103.45225, 2.10672], [103.45386, 2.10716], [103.45698, 2.10221], [103.45591, 2.10265], [103.45519, 2.10002], [103.45411, 2.10063], [103.4533, 2.09765], [103.45133, 2.09827], [103.45067, 2.09602], [103.44824, 2.09621], [103.44594, 2.09369], [103.44835, 2.09113], [103.44867, 2.08761], [103.44684, 2.0845], [103.44813, 2.08055], [103.44516, 2.06905], [103.45017, 2.06569], [103.44858, 2.06418], [103.45016, 2.06039], [103.45994, 2.05408], [103.46792, 2.05235], [103.46986, 2.04967], [103.47182, 2.04992], [103.4762, 2.04643], [103.42532, 2.01017], [103.40417, 2.03675], [103.40119, 2.03649], [103.40218, 2.03463], [103.39929, 2.03198], [103.3905, 2.03908], [103.38476, 2.04813], [103.38345, 2.05173], [103.38472, 2.05262], [103.37954, 2.05847], [103.37442, 2.05863], [103.37282, 2.06012], [103.36873, 2.05914], [103.36659, 2.06116], [103.36672, 2.06355], [103.36372, 2.0639], [103.35646, 2.07073], [103.35172, 2.07101], [103.343, 2.07697], [103.34346, 2.07834], [103.33912, 2.08163], [103.32521, 2.08321], [103.31003, 2.08797], [103.30674, 2.09676], [103.30869, 2.10262], [103.30811, 2.10918], [103.30608, 2.10775], [103.30579, 2.10504], [103.30132, 2.10445], [103.28511, 2.08714], [103.28391, 2.08871], [103.28124, 2.08508], [103.27921, 2.07759], [103.2825, 2.07324], [103.26825, 2.06234], [103.26494, 2.06682], [103.25434, 2.05846], [103.25859, 2.04886], [103.25088, 2.04352], [103.25294, 2.04078], [103.24563, 2.03577], [103.24379, 2.03885], [103.23361, 2.03172], [103.22979, 2.03719], [103.21833, 2.02876], [103.17177, 2.09855], [103.17365, 2.12574], [103.16246, 2.13952], [103.16502, 2.14127], [103.16794, 2.15078], [103.10463, 2.16741], [103.10587, 2.21565], [103.1499, 2.24327], [103.15076, 2.25099], [103.17486, 2.24832], [103.18686, 2.26045], [103.30118, 2.30321], [103.37895, 2.37929], [103.39368, 2.34234], [103.40728, 2.31918], [103.43816, 2.25015]]]]}}, {"type": "Feature", "properties": {"state": "Johor", "seat": "N.31 Kahang", "seat_name": "Kahang"}, "geometry": {"type": "MultiPolygon", "coordinates": [[[[103.53356, 2.34031], [103.53537, 2.33908], [103.62812, 2.37462], [103.62246, 2.36692], [103.62122, 2.36007], [103.62415, 2.35052], [103.62263, 2.34724], [103.63124, 2.27895], [103.61875, 2.27861], [103.6124, 2.2709], [103.6135, 2.25371], [103.56101, 2.0428], [103.56814, 1.93842], [103.55169, 1.93836], [103.55162, 1.90302], [103.51827, 1.87936], [103.49899, 1.90536], [103.46594, 1.88442], [103.45288, 1.89417], [103.45957, 1.90004], [103.44734, 1.90523], [103.43558, 1.92463], [103.43995, 1.92792], [103.43221, 1.93823], [103.38919, 1.90559], [103.38667, 1.90632], [103.37938, 1.90119], [103.37917, 1.9112], [103.37639, 1.91564], [103.36854, 1.92627], [103.35675, 1.9365], [103.3449, 1.95234], [103.38598, 1.98209], [103.3878, 1.98634], [103.38821, 2.00283], [103.39792, 2.00222], [103.39781, 2.00496], [103.4011, 2.00924], [103.40104, 2.01837], [103.39942, 2.02105], [103.40054, 2.02206], [103.39655, 2.02641], [103.40072, 2.0346], [103.40218, 2.03463], [103.40119, 2.03649], [103.4042, 2.03672], [103.42532, 2.01017], [103.4762, 2.04643], [103.47182, 2.04992], [103.46986, 2.04967], [103.46792, 2.05235], [103.45994, 2.05408], [103.44897, 2.06153], [103.44872, 2.06479], [103.45017, 2.06569], [103.44516, 2.06905], [103.44813, 2.08055], [103.44684, 2.0845], [103.44867, 2.08761], [103.44835, 2.09113], [103.44594, 2.09369], [103.44824, 2.09621], [103.45067, 2.09602], [103.45133, 2.09827], [103.4533, 2.09765], [103.45411, 2.10063], [103.45519, 2.10002], [103.45591, 2.10265], [103.45698, 2.10221], [103.45386, 2.10716], [103.45225, 2.10672], [103.45266, 2.10885], [103.4558, 2.11025], [103.45547, 2.11336], [103.4639, 2.11826], [103.4645, 2.12687], [103.45399, 2.12461], [103.45926, 2.12905], [103.46196, 2.13854], [103.47283, 2.14205], [103.47319, 2.14591], [103.48146, 2.15399], [103.40728, 2.31918], [103.39368, 2.34234], [103.37895, 2.37929], [103.45822, 2.39371], [103.50981, 2.35922], [103.53356, 2.34031]]]]}}, {"type": "Feature", "properties": {"state": "Johor", "seat": "N.32 Endau", "seat_name": "Endau"}, "geometry": {"type": "MultiPolygon", "coordinates": [[[[103.84399, 2.48659], [103.84842, 2.48094], [103.85159, 2.48081], [103.85347, 2.47892], [103.85384, 2.47525], [103.84728, 2.47632], [103.84564, 2.47884], [103.83805, 2.47835], [103.84035, 2.48589], [103.84262, 2.48775], [103.84399, 2.48659]]], [[[103.78211, 2.61955], [103.78591, 2.61808], [103.78881, 2.61426], [103.78281, 2.61696], [103.77971, 2.61549], [103.77981, 2.61838], [103.77901, 2.61939], [103.77801, 2.61812], [103.77721, 2.62106], [103.78211, 2.61955]]], [[[103.74961, 2.65145], [103.74851, 2.65158], [103.74802, 2.65367], [103.75001, 2.65263], [103.74961, 2.65145]]], [[[103.71321, 2.64967], [103.71141, 2.65187], [103.71252, 2.65403], [103.71311, 2.65211], [103.71321, 2.64967]]], [[[103.62057, 2.65627], [103.63223, 2.66227], [103.63912, 2.66164], [103.65152, 2.65724], [103.65722, 2.65783], [103.66142, 2.66095], [103.66182, 2.66319], [103.67522, 2.65355], [103.68852, 2.64806], [103.68972, 2.64593], [103.70732, 2.6405], [103.70822, 2.63842], [103.71391, 2.63766], [103.72051, 2.63218], [103.72382, 2.63294], [103.73631, 2.62969], [103.74526, 2.63163], [103.74526, 2.63449], [103.74762, 2.63538], [103.74861, 2.63975], [103.74804, 2.64764], [103.75392, 2.6478], [103.75555, 2.65034], [103.76084, 2.64385], [103.76442, 2.64414], [103.76273, 2.64104], [103.76448, 2.63878], [103.76304, 2.63506], [103.76557, 2.63188], [103.76562, 2.63422], [103.76756, 2.63246], [103.7655, 2.62978], [103.76119, 2.6291], [103.76043, 2.62632], [103.76184, 2.62548], [103.75778, 2.62451], [103.76167, 2.61503], [103.76722, 2.61145], [103.7725, 2.61053], [103.77359, 2.60729], [103.77959, 2.61095], [103.78047, 2.60427], [103.78577, 2.59687], [103.80628, 2.58128], [103.81226, 2.5788], [103.81364, 2.5817], [103.81455, 2.58042], [103.81688, 2.58117], [103.81714, 2.58708], [103.81878, 2.58454], [103.82331, 2.5833], [103.82351, 2.57838], [103.82141, 2.57859], [103.82077, 2.57649], [103.81891, 2.57841], [103.816, 2.57585], [103.81493, 2.56785], [103.81672, 2.56838], [103.81786, 2.56652], [103.81959, 2.56141], [103.81898, 2.55794], [103.82872, 2.54627], [103.82351, 2.54707], [103.82231, 2.5459], [103.82176, 2.54145], [103.82397, 2.53329], [103.82801, 2.53146], [103.82921, 2.52446], [103.8383, 2.51201], [103.8417, 2.5109], [103.84601, 2.50674], [103.8439, 2.50294], [103.84041, 2.50251], [103.8364, 2.50462], [103.8305, 2.50314], [103.82779, 2.49938], [103.82032, 2.49701], [103.81711, 2.48924], [103.823, 2.47802], [103.8296, 2.47059], [103.82903, 2.46147], [103.83137, 2.45186], [103.8379, 2.43851], [103.84033, 2.43631], [103.835, 2.4316], [103.832, 2.4311], [103.83325, 2.42694], [103.82967, 2.42551], [103.82702, 2.4272], [103.8268, 2.42368], [103.82542, 2.42384], [103.8248, 2.42631], [103.8219, 2.42366], [103.81913, 2.4247], [103.82088, 2.4268], [103.81902, 2.42821], [103.81646, 2.42702], [103.81675, 2.42423], [103.81331, 2.42585], [103.81456, 2.42253], [103.81195, 2.42282], [103.81003, 2.42083], [103.8097, 2.42272], [103.80705, 2.42082], [103.80707, 2.42287], [103.80445, 2.42257], [103.80124, 2.42611], [103.79625, 2.42538], [103.79449, 2.4263], [103.79558, 2.42766], [103.79404, 2.42895], [103.78929, 2.42903], [103.78093, 2.44473], [103.69567, 2.40938], [103.6864, 2.42446], [103.67387, 2.42701], [103.66809, 2.42667], [103.66069, 2.42254], [103.6589, 2.4176], [103.65586, 2.41486], [103.65193, 2.41468], [103.65154, 2.41202], [103.64949, 2.41141], [103.64549, 2.41363], [103.64306, 2.40805], [103.64851, 2.40446], [103.64946, 2.39774], [103.64701, 2.39408], [103.6488, 2.39043], [103.63358, 2.3838], [103.6344, 2.38013], [103.63195, 2.37784], [103.62918, 2.37842], [103.62812, 2.37462], [103.53537, 2.33908], [103.50981, 2.35922], [103.45822, 2.39371], [103.37895, 2.37929], [103.28981, 2.57743], [103.35405, 2.59131], [103.41597, 2.55782], [103.42351, 2.5595], [103.44049, 2.55601], [103.44879, 2.55209], [103.46004, 2.54138], [103.47276, 2.52583], [103.60924, 2.45765], [103.60774, 2.46599], [103.60877, 2.47007], [103.61041, 2.47016], [103.6126, 2.46524], [103.61585, 2.46285], [103.62041, 2.46219], [103.62652, 2.46366], [103.63656, 2.48143], [103.63815, 2.48807], [103.634, 2.48807], [103.63001, 2.49049], [103.62857, 2.49308], [103.63015, 2.50034], [103.62905, 2.50559], [103.62427, 2.51152], [103.61636, 2.51722], [103.61818, 2.52521], [103.62334, 2.53053], [103.6232, 2.53308], [103.62066, 2.53353], [103.61523, 2.53015], [103.60305, 2.5317], [103.59385, 2.52597], [103.59024, 2.52967], [103.59, 2.53444], [103.5957, 2.54305], [103.59219, 2.55033], [103.60535, 2.56366], [103.61071, 2.56556], [103.61359, 2.55703], [103.61556, 2.55644], [103.61711, 2.55784], [103.61657, 2.57415], [103.61527, 2.57674], [103.61045, 2.57751], [103.60518, 2.56972], [103.60265, 2.56841], [103.59918, 2.56995], [103.59847, 2.57551], [103.60241, 2.58425], [103.60789, 2.58818], [103.61175, 2.58873], [103.62001, 2.58542], [103.62405, 2.58686], [103.62511, 2.58916], [103.62359, 2.592], [103.61451, 2.59358], [103.61239, 2.59725], [103.61488, 2.60139], [103.62491, 2.60421], [103.62674, 2.60748], [103.62478, 2.61091], [103.61577, 2.61718], [103.61405, 2.61998], [103.61597, 2.62452], [103.62162, 2.62723], [103.62311, 2.62951], [103.62142, 2.63224], [103.61418, 2.63429], [103.61239, 2.63652], [103.61647, 2.64648], [103.61634, 2.6506], [103.61136, 2.6531], [103.60341, 2.65053], [103.60238, 2.64676], [103.60647, 2.6374], [103.60256, 2.63335], [103.59764, 2.63476], [103.59502, 2.63732], [103.59034, 2.65318], [103.59562, 2.66289], [103.59916, 2.66491], [103.60862, 2.66366], [103.61552, 2.65802], [103.62057, 2.65627]]]]}}, {"type": "Feature", "properties": {"state": "Johor", "seat": "N.33 Tenggaroh", "seat_name": "Tenggaroh"}, "geometry": {"type": "MultiPolygon", "coordinates": [[[[104.11387, 2.17123], [104.11227, 2.17173], [104.11187, 2.17233], [104.11347, 2.17286], [104.11387, 2.17123]]], [[[104.11097, 2.17937], [104.10977, 2.17946], [104.11047, 2.18127], [104.11077, 2.18088], [104.11097, 2.17937]]], [[[104.10418, 2.18629], [104.10097, 2.18429], [104.10057, 2.18185], [104.09678, 2.18329], [104.09687, 2.1852], [104.09977, 2.18669], [104.09927, 2.1886], [104.10418, 2.18629]]], [[[104.09417, 2.18828], [104.09337, 2.18875], [104.09417, 2.18948], [104.09427, 2.18907], [104.09417, 2.18828]]], [[[104.15032, 2.2204], [104.15247, 2.21879], [104.15447, 2.21858], [104.15178, 2.21801], [104.15008, 2.21972], [104.14988, 2.22138], [104.15032, 2.2204]]], [[[104.14857, 2.22269], [104.14818, 2.2226], [104.14708, 2.2229], [104.14927, 2.22395], [104.14857, 2.22269]]], [[[104.06657, 2.23065], [104.06866, 2.22318], [104.07451, 2.21994], [104.07766, 2.21427], [104.08128, 2.21295], [104.0828, 2.2088], [104.08817, 2.20275], [104.08829, 2.19966], [104.09091, 2.19762], [104.0901, 2.19567], [104.08716, 2.19856], [104.08043, 2.20076], [104.07309, 2.19831], [104.07523, 2.20456], [104.07284, 2.21582], [104.06577, 2.21743], [104.06358, 2.21937], [104.06187, 2.21783], [104.06038, 2.22152], [104.05488, 2.22431], [104.05118, 2.23004], [104.06138, 2.23129], [104.06207, 2.23488], [104.06657, 2.23065]]], [[[104.15048, 2.26629], [104.15268, 2.26412], [104.14697, 2.26599], [104.14918, 2.26689], [104.15048, 2.26629]]], [[[104.12598, 2.26854], [104.12468, 2.26967], [104.12848, 2.27007], [104.12788, 2.26902], [104.12598, 2.26854]]], [[[104.12338, 2.27146], [104.12258, 2.27064], [104.12108, 2.27117], [104.12258, 2.27232], [104.12338, 2.27146]]], [[[104.12512, 2.27792], [104.12418, 2.27795], [104.12408, 2.27938], [104.12518, 2.27885], [104.12512, 2.27792]]], [[[104.14438, 2.30424], [104.14408, 2.30403], [104.14268, 2.3053], [104.14388, 2.30537], [104.14438, 2.30424]]], [[[104.14798, 2.30711], [104.15048, 2.30619], [104.15038, 2.3026], [104.14678, 2.30495], [104.14648, 2.30647], [104.14798, 2.30711]]], [[[104.09613, 2.31576], [104.09836, 2.31588], [104.09878, 2.31383], [104.10076, 2.31552], [104.10373, 2.31255], [104.11062, 2.31691], [104.12362, 2.31544], [104.13433, 2.30925], [104.13545, 2.31022], [104.1371, 2.30853], [104.13508, 2.30766], [104.13578, 2.30607], [104.14243, 2.29868], [104.14421, 2.28971], [104.14141, 2.28793], [104.13988, 2.2895], [104.1373, 2.28845], [104.13629, 2.28957], [104.13578, 2.28536], [104.12946, 2.28127], [104.11362, 2.28493], [104.11024, 2.28729], [104.11235, 2.28897], [104.11156, 2.2906], [104.10716, 2.2908], [104.09976, 2.29437], [104.09494, 2.30045], [104.09476, 2.31168], [104.09132, 2.31613], [104.09354, 2.31715], [104.09613, 2.31576]]], [[[104.54619, 2.43498], [104.54457, 2.43868], [104.54667, 2.44129], [104.54737, 2.43927], [104.54619, 2.43498]]], [[[103.78929, 2.42903], [103.79404, 2.42895], [103.79558, 2.42766], [103.79449, 2.4263], [103.79625, 2.42538], [103.80124, 2.42611], [103.80445, 2.42257], [103.80707, 2.42287], [103.80705, 2.42082], [103.80998, 2.42268], [103.81003, 2.42083], [103.81195, 2.42282], [103.81456, 2.42253], [103.81331, 2.42585], [103.81746, 2.42458], [103.81646, 2.42702], [103.81902, 2.42821], [103.82088, 2.4268], [103.81913, 2.4247], [103.8219, 2.42366], [103.8248, 2.42631], [103.82542, 2.42384], [103.8268, 2.42368], [103.82702, 2.4272], [103.82967, 2.42551], [103.83241, 2.4262], [103.83367, 2.4277], [103.832, 2.4311], [103.835, 2.4316], [103.84033, 2.43631], [103.84764, 2.42935], [103.85161, 2.43137], [103.85703, 2.41874], [103.86694, 2.4034], [103.86846, 2.39818], [103.88028, 2.38447], [103.88519, 2.38271], [103.88848, 2.37919], [103.91121, 2.34889], [103.91761, 2.34709], [103.92134, 2.34209], [103.92324, 2.34318], [103.93052, 2.33913], [103.93363, 2.33963], [103.9334, 2.34206], [103.93601, 2.34332], [103.93624, 2.34091], [103.93864, 2.34047], [103.93871, 2.33664], [103.94665, 2.3249], [103.95118, 2.32304], [103.95447, 2.31716], [103.95811, 2.31638], [103.95828, 2.31435], [103.96028, 2.31338], [103.96102, 2.30922], [103.95612, 2.31103], [103.95314, 2.30811], [103.95275, 2.30268], [103.95037, 2.30067], [103.95182, 2.29472], [103.96019, 2.28057], [103.96416, 2.27791], [103.96454, 2.27314], [103.97117, 2.26353], [103.98077, 2.25548], [103.98253, 2.24752], [103.97988, 2.24545], [103.97585, 2.25077], [103.96898, 2.2492], [103.96363, 2.25118], [103.95822, 2.24327], [103.95602, 2.23458], [103.95839, 2.22253], [103.95694, 2.22241], [103.95576, 2.21772], [103.95946, 2.20708], [103.96434, 2.19739], [103.97054, 2.19249], [103.97977, 2.17826], [103.99402, 2.16088], [104.0031, 2.15129], [104.0049, 2.1501], [104.00719, 2.15099], [104.00597, 2.14634], [104.00702, 2.14381], [104.01819, 2.12759], [104.01942, 2.12148], [104.03466, 2.08623], [104.0477, 2.06443], [104.05681, 2.05683], [104.05478, 2.05543], [104.06132, 2.04029], [104.05636, 2.04442], [104.05587, 2.04277], [104.05356, 2.04449], [104.05293, 2.0415], [104.04977, 2.03938], [104.04625, 2.04247], [104.04487, 2.04079], [104.04303, 2.04144], [104.04314, 2.04281], [104.03989, 2.04487], [104.03665, 2.04236], [103.56127, 2.0428], [103.6135, 2.25371], [103.6124, 2.2709], [103.61875, 2.27861], [103.63124, 2.27895], [103.62263, 2.34724], [103.62415, 2.35052], [103.62178, 2.35566], [103.62139, 2.36245], [103.62918, 2.37842], [103.63195, 2.37784], [103.6344, 2.38013], [103.63311, 2.3834], [103.6488, 2.39043], [103.64701, 2.39408], [103.64946, 2.39774], [103.64851, 2.40446], [103.64306, 2.40805], [103.64549, 2.41363], [103.64949, 2.41141], [103.65154, 2.41202], [103.65193, 2.41468], [103.65657, 2.4153], [103.65968, 2.41861], [103.65981, 2.42159], [103.66391, 2.42511], [103.67387, 2.42701], [103.6864, 2.42446], [103.69567, 2.40938], [103.78093, 2.44473], [103.78929, 2.42903]]], [[[103.97505, 2.45812], [103.97743, 2.45755], [103.97794, 2.45454], [103.98368, 2.45042], [103.98672, 2.44279], [103.98978, 2.44064], [103.98989, 2.43746], [103.99599, 2.42693], [103.9932, 2.42434], [103.98152, 2.42856], [103.97681, 2.43344], [103.97438, 2.44811], [103.97537, 2.45328], [103.97273, 2.45708], [103.97505, 2.45812]]], [[[104.48706, 2.46224], [104.48546, 2.46034], [104.48416, 2.46018], [104.48416, 2.46185], [104.48756, 2.46391], [104.48706, 2.46224]]], [[[104.5114, 2.47446], [104.52127, 2.46605], [104.52086, 2.46191], [104.52232, 2.46073], [104.52856, 2.4609], [104.53746, 2.45581], [104.53617, 2.43871], [104.53196, 2.43341], [104.52496, 2.42896], [104.51546, 2.42869], [104.51316, 2.4377], [104.50816, 2.44456], [104.50376, 2.44558], [104.49906, 2.44376], [104.49966, 2.44646], [104.49796, 2.44835], [104.49905, 2.45566], [104.49566, 2.45864], [104.49612, 2.46516], [104.49958, 2.46621], [104.5032, 2.47141], [104.50796, 2.47246], [104.50749, 2.47417], [104.50929, 2.4762], [104.5114, 2.47446]]], [[[104.50026, 2.47878], [104.50747, 2.4811], [104.50956, 2.47956], [104.49787, 2.4727], [104.49137, 2.47278], [104.48947, 2.47418], [104.49787, 2.48341], [104.50026, 2.47878]]], [[[104.33796, 2.6029], [104.34106, 2.60043], [104.34436, 2.60154], [104.34816, 2.59889], [104.34896, 2.59719], [104.34726, 2.59443], [104.34916, 2.59179], [104.34876, 2.58839], [104.35526, 2.5871], [104.35846, 2.58361], [104.35996, 2.57766], [104.35556, 2.57211], [104.35506, 2.56886], [104.35226, 2.56984], [104.34956, 2.56805], [104.34696, 2.56876], [104.33976, 2.57688], [104.33426, 2.57808], [104.33286, 2.58495], [104.33006, 2.58855], [104.32686, 2.58917], [104.32346, 2.60015], [104.33326, 2.60465], [104.33796, 2.6029]]]]}}, {"type": "Feature", "properties": {"state": "Johor", "seat": "N.34 Panti", "seat_name": "Panti"}, "geometry": {"type": "MultiPolygon", "coordinates": [[[[103.79458, 1.90776], [103.80495, 1.87704], [103.80304, 1.87616], [103.8066, 1.86551], [103.80876, 1.86562], [103.81058, 1.86035], [103.81036, 1.84972], [103.84381, 1.83817], [103.86278, 1.82482], [103.89694, 1.83271], [103.93997, 1.78536], [103.92969, 1.77537], [103.92911, 1.76616], [103.92781, 1.76261], [103.92326, 1.75829], [103.92016, 1.74571], [103.91746, 1.74458], [103.91416, 1.74602], [103.91412, 1.74438], [103.9089, 1.74267], [103.90771, 1.74429], [103.90532, 1.74295], [103.90381, 1.74471], [103.90173, 1.74352], [103.90183, 1.74685], [103.89618, 1.74431], [103.89983, 1.73716], [103.89951, 1.73342], [103.89792, 1.73362], [103.89868, 1.72888], [103.89729, 1.72776], [103.89556, 1.72892], [103.8949, 1.72722], [103.88745, 1.72746], [103.88229, 1.72986], [103.88165, 1.73266], [103.87373, 1.73294], [103.87244, 1.73486], [103.87278, 1.74024], [103.86653, 1.74478], [103.86598, 1.74789], [103.86321, 1.74855], [103.85713, 1.74646], [103.85447, 1.74341], [103.84272, 1.74371], [103.83978, 1.74263], [103.83973, 1.74082], [103.82795, 1.74239], [103.82474, 1.74539], [103.8211, 1.74543], [103.818, 1.74284], [103.81686, 1.74389], [103.80984, 1.74071], [103.80702, 1.74274], [103.80247, 1.74006], [103.80652, 1.7371], [103.80135, 1.73705], [103.79407, 1.73213], [103.78425, 1.73577], [103.78249, 1.74719], [103.77526, 1.75047], [103.77625, 1.75475], [103.77246, 1.75483], [103.76982, 1.75906], [103.76719, 1.76028], [103.76501, 1.76943], [103.75103, 1.77794], [103.74838, 1.77695], [103.74382, 1.7794], [103.73521, 1.788], [103.73125, 1.78889], [103.73059, 1.79084], [103.72718, 1.79008], [103.7274, 1.79241], [103.72319, 1.78969], [103.72348, 1.78703], [103.72228, 1.78684], [103.72056, 1.78847], [103.71433, 1.7878], [103.71284, 1.79199], [103.69786, 1.7946], [103.68574, 1.81117], [103.68027, 1.80939], [103.67825, 1.81295], [103.67385, 1.81088], [103.6713, 1.81178], [103.66769, 1.80332], [103.65841, 1.80712], [103.65837, 1.80522], [103.65596, 1.80398], [103.65745, 1.80114], [103.65666, 1.79706], [103.65226, 1.79797], [103.64189, 1.79277], [103.63683, 1.79544], [103.63537, 1.7994], [103.63196, 1.80266], [103.63377, 1.80609], [103.63051, 1.80801], [103.63129, 1.81418], [103.62881, 1.8156], [103.626, 1.82198], [103.62352, 1.82136], [103.62104, 1.82633], [103.62152, 1.82914], [103.61686, 1.83363], [103.61463, 1.83382], [103.61451, 1.83241], [103.60672, 1.83636], [103.60106, 1.84358], [103.60029, 1.85011], [103.59254, 1.85353], [103.58999, 1.85945], [103.58033, 1.86979], [103.57856, 1.8757], [103.57539, 1.87681], [103.57484, 1.88046], [103.56789, 1.88127], [103.56422, 1.88679], [103.56021, 1.88673], [103.55791, 1.89067], [103.55844, 1.89294], [103.55542, 1.89375], [103.55298, 1.89893], [103.5536, 1.90194], [103.55162, 1.90302], [103.55169, 1.93836], [103.56814, 1.93842], [103.56101, 2.0428], [103.75014, 2.04218], [103.79458, 1.90776]]]]}}, {"type": "Feature", "properties": {"state": "Johor", "seat": "N.35 Pasir Raja", "seat_name": "Pasir Raja"}, "geometry": {"type": "MultiPolygon", "coordinates": [[[[103.67838, 1.81288], [103.68027, 1.80939], [103.68574, 1.81117], [103.69786, 1.7946], [103.71284, 1.79199], [103.71433, 1.7878], [103.72056, 1.78847], [103.72228, 1.78684], [103.72348, 1.78703], [103.72319, 1.78969], [103.7274, 1.79241], [103.72718, 1.79008], [103.73059, 1.79084], [103.73125, 1.78889], [103.73521, 1.788], [103.74382, 1.7794], [103.74838, 1.77695], [103.75103, 1.77794], [103.76501, 1.76943], [103.76719, 1.76028], [103.76982, 1.75906], [103.77246, 1.75483], [103.77625, 1.75475], [103.77526, 1.75047], [103.78249, 1.74719], [103.78425, 1.73577], [103.79038, 1.73345], [103.79407, 1.73213], [103.80135, 1.73705], [103.80546, 1.73641], [103.80688, 1.73754], [103.80247, 1.74006], [103.80702, 1.74274], [103.80984, 1.74071], [103.81686, 1.74389], [103.818, 1.74284], [103.8211, 1.74543], [103.82474, 1.74539], [103.82795, 1.74239], [103.83973, 1.74082], [103.83978, 1.74263], [103.84272, 1.74371], [103.85447, 1.74341], [103.85713, 1.74646], [103.86321, 1.74855], [103.86598, 1.74789], [103.86653, 1.74478], [103.87278, 1.74024], [103.87244, 1.73486], [103.87373, 1.73294], [103.88165, 1.73266], [103.88187, 1.73044], [103.88434, 1.72857], [103.8949, 1.72722], [103.89556, 1.72892], [103.89729, 1.72776], [103.89868, 1.72888], [103.89792, 1.73362], [103.89951, 1.73342], [103.89874, 1.72463], [103.90172, 1.72432], [103.90105, 1.72229], [103.90242, 1.72038], [103.90536, 1.72351], [103.90522, 1.72686], [103.91099, 1.72677], [103.90676, 1.71881], [103.91538, 1.71819], [103.9124, 1.70741], [103.91394, 1.70358], [103.92291, 1.69846], [103.9289, 1.70145], [103.9343, 1.6985], [103.93637, 1.69646], [103.93563, 1.69433], [103.92867, 1.69457], [103.9271, 1.69291], [103.92905, 1.69085], [103.93778, 1.68822], [103.93857, 1.68638], [103.93031, 1.68175], [103.92946, 1.67855], [103.93385, 1.6696], [103.92867, 1.66385], [103.92394, 1.66753], [103.91974, 1.66363], [103.92037, 1.6674], [103.9165, 1.6689], [103.91616, 1.67105], [103.91369, 1.67148], [103.91325, 1.67302], [103.90845, 1.67312], [103.90584, 1.66883], [103.90228, 1.67079], [103.90036, 1.66993], [103.90102, 1.66288], [103.89834, 1.66295], [103.89822, 1.65043], [103.89586, 1.65131], [103.89096, 1.64233], [103.87817, 1.63028], [103.89467, 1.61817], [103.88188, 1.60092], [103.87528, 1.60703], [103.86639, 1.59706], [103.86246, 1.6012], [103.85776, 1.59825], [103.85096, 1.60318], [103.84686, 1.59862], [103.81984, 1.62357], [103.78075, 1.63875], [103.77477, 1.63866], [103.77499, 1.64529], [103.77325, 1.64643], [103.77295, 1.64927], [103.77638, 1.65207], [103.77665, 1.65556], [103.76938, 1.65944], [103.76558, 1.65635], [103.76533, 1.66644], [103.73953, 1.67027], [103.72294, 1.66021], [103.67662, 1.72167], [103.67606, 1.72499], [103.67062, 1.72938], [103.67887, 1.73355], [103.66579, 1.75884], [103.6582, 1.75501], [103.64688, 1.7818], [103.64337, 1.78685], [103.64536, 1.78942], [103.64219, 1.79284], [103.65226, 1.79797], [103.65632, 1.79691], [103.65729, 1.7979], [103.65596, 1.80398], [103.65837, 1.80522], [103.65841, 1.80712], [103.66769, 1.80332], [103.67014, 1.81089], [103.67838, 1.81288]]]]}}, {"type": "Feature", "properties": {"state": "Johor", "seat": "N.36 Sedili", "seat_name": "Sedili"}, "geometry": {"type": "MultiPolygon", "coordinates": [[[[104.04314, 2.04281], [104.04303, 2.04144], [104.04487, 2.04079], [104.04625, 2.04247], [104.04977, 2.03938], [104.05293, 2.0415], [104.05356, 2.04449], [104.05587, 2.04277], [104.05636, 2.04442], [104.06067, 2.04139], [104.06926, 2.02962], [104.07386, 2.02748], [104.07807, 2.02249], [104.08806, 2.00465], [104.09656, 1.99644], [104.09876, 1.98651], [104.11286, 1.96952], [104.11875, 1.95292], [104.11926, 1.95006], [104.11732, 1.94908], [104.11715, 1.94692], [104.12985, 1.92473], [104.12915, 1.91973], [104.12635, 1.92009], [104.12425, 1.92401], [104.115, 1.92631], [104.11006, 1.92513], [104.10785, 1.92233], [104.10385, 1.90213], [104.10825, 1.87737], [104.12135, 1.85684], [104.13275, 1.84576], [104.14754, 1.84337], [104.15195, 1.84699], [104.15035, 1.85479], [104.15804, 1.85069], [104.16094, 1.84576], [104.15765, 1.84207], [104.15894, 1.83467], [104.15724, 1.82934], [104.15804, 1.82687], [104.16295, 1.82195], [104.16333, 1.81721], [104.17194, 1.8047], [104.18664, 1.78705], [104.19724, 1.76283], [104.19934, 1.75462], [104.19774, 1.74858], [104.19962, 1.74189], [104.19813, 1.74406], [104.15089, 1.6717], [104.14501, 1.67195], [104.14354, 1.66516], [104.14042, 1.67047], [104.1392, 1.66991], [104.13966, 1.67366], [104.13778, 1.67717], [104.13397, 1.68024], [104.13496, 1.68723], [104.14248, 1.69532], [104.1416, 1.69729], [104.14501, 1.71522], [104.14133, 1.72023], [104.14173, 1.72307], [104.1434, 1.72295], [104.14385, 1.7279], [104.14257, 1.72793], [104.14323, 1.73186], [104.1406, 1.73493], [104.14214, 1.73854], [104.13928, 1.74121], [104.13963, 1.74362], [104.13764, 1.74689], [104.13471, 1.74466], [104.13305, 1.74518], [104.13209, 1.75085], [104.12867, 1.75106], [104.12673, 1.74951], [104.12125, 1.75769], [104.11974, 1.75354], [104.11576, 1.75225], [104.11465, 1.74891], [104.1127, 1.7493], [104.11315, 1.74642], [104.10801, 1.74854], [104.10688, 1.74153], [104.10478, 1.74236], [104.1032, 1.74054], [104.10123, 1.74303], [104.10112, 1.74116], [104.09906, 1.74113], [104.0953, 1.73607], [104.08003, 1.7334], [104.07109, 1.73599], [104.06887, 1.73084], [104.0665, 1.73085], [104.06702, 1.7294], [104.05494, 1.72639], [104.04906, 1.72269], [104.03505, 1.72473], [104.03039, 1.72207], [104.01017, 1.78687], [103.99431, 1.77991], [103.99498, 1.77756], [103.99264, 1.77218], [103.98897, 1.77142], [103.98655, 1.76831], [103.97736, 1.76839], [103.97602, 1.77049], [103.96808, 1.77427], [103.96641, 1.78008], [103.94807, 1.79219], [103.94617, 1.78907], [103.93997, 1.78536], [103.89694, 1.83271], [103.86278, 1.82482], [103.84381, 1.83817], [103.81036, 1.84972], [103.81058, 1.86035], [103.80876, 1.86562], [103.8066, 1.86551], [103.80364, 1.87435], [103.80304, 1.87616], [103.80495, 1.87704], [103.75014, 2.04218], [104.03665, 2.04236], [104.03989, 2.04487], [104.04314, 2.04281]]]]}}, {"type": "Feature", "properties": {"state": "Johor", "seat": "N.37 Johor Lama", "seat_name": "Johor Lama"}, "geometry": {"type": "MultiPolygon", "coordinates": [[[[103.97861, 1.76814], [103.98655, 1.76831], [103.98897, 1.77142], [103.99264, 1.77218], [103.99498, 1.77756], [103.99431, 1.77991], [104.01017, 1.78687], [104.03039, 1.72207], [104.03505, 1.72473], [104.04906, 1.72269], [104.05494, 1.72639], [104.06702, 1.7294], [104.0665, 1.73085], [104.06887, 1.73084], [104.07109, 1.73599], [104.08003, 1.7334], [104.0953, 1.73607], [104.09906, 1.74113], [104.10112, 1.74116], [104.10123, 1.74303], [104.1032, 1.74054], [104.10478, 1.74236], [104.10688, 1.74153], [104.10801, 1.74854], [104.11315, 1.74642], [104.1127, 1.7493], [104.11465, 1.74891], [104.11576, 1.75225], [104.11974, 1.75354], [104.12125, 1.75769], [104.12673, 1.74951], [104.12867, 1.75106], [104.13209, 1.75085], [104.13305, 1.74518], [104.13471, 1.74466], [104.13764, 1.74689], [104.13963, 1.74362], [104.13928, 1.74121], [104.14214, 1.73854], [104.1406, 1.73493], [104.14323, 1.73186], [104.14257, 1.72793], [104.14385, 1.7279], [104.1434, 1.72295], [104.14173, 1.72307], [104.14133, 1.72023], [104.14501, 1.71522], [104.1416, 1.69729], [104.14248, 1.69532], [104.14106, 1.69378], [104.14056, 1.69613], [104.13886, 1.6962], [104.13602, 1.70041], [104.13442, 1.69981], [104.13342, 1.70266], [104.13004, 1.70101], [104.13086, 1.69929], [104.12962, 1.69939], [104.12917, 1.69555], [104.12616, 1.69465], [104.12271, 1.68546], [104.1182, 1.68392], [104.11979, 1.68208], [104.11495, 1.6813], [104.11287, 1.67298], [104.11371, 1.66856], [104.11199, 1.66731], [104.11454, 1.66639], [104.11441, 1.65846], [104.09656, 1.66718], [104.08891, 1.65903], [104.08363, 1.65819], [104.07734, 1.66037], [104.07269, 1.66611], [104.04456, 1.66604], [104.02076, 1.66391], [104.00849, 1.65229], [104.00869, 1.64622], [104.02368, 1.63112], [104.02628, 1.63115], [104.03118, 1.62583], [104.03505, 1.62978], [104.03578, 1.59897], [104.05249, 1.60674], [104.06063, 1.588], [104.06435, 1.58823], [104.07163, 1.56217], [104.05178, 1.56074], [104.0514, 1.55928], [104.05324, 1.55815], [104.05279, 1.55208], [104.05087, 1.54962], [104.04967, 1.5506], [104.04947, 1.54861], [104.04451, 1.54619], [104.03303, 1.54773], [104.02925, 1.53769], [104.01486, 1.54081], [104.01683, 1.55339], [104.01457, 1.55878], [104.00873, 1.56572], [104.00373, 1.57806], [103.99778, 1.58392], [103.98421, 1.59158], [103.97647, 1.60236], [103.96921, 1.61804], [103.97397, 1.63026], [103.97108, 1.63746], [103.96661, 1.64033], [103.95688, 1.64221], [103.9451, 1.65182], [103.94001, 1.65406], [103.93135, 1.65453], [103.92725, 1.65763], [103.92796, 1.66286], [103.93385, 1.6696], [103.92946, 1.67855], [103.93031, 1.68175], [103.93857, 1.68638], [103.93778, 1.68822], [103.92905, 1.69085], [103.9271, 1.69291], [103.92867, 1.69457], [103.93563, 1.69433], [103.93637, 1.69646], [103.92917, 1.70138], [103.92291, 1.69846], [103.91394, 1.70358], [103.9124, 1.70741], [103.91538, 1.71819], [103.90676, 1.71881], [103.91099, 1.72677], [103.90522, 1.72686], [103.90536, 1.72351], [103.90242, 1.72038], [103.90105, 1.72229], [103.90172, 1.72432], [103.89874, 1.72463], [103.89983, 1.73716], [103.89618, 1.74431], [103.90183, 1.74685], [103.90173, 1.74352], [103.90381, 1.74471], [103.90532, 1.74295], [103.90771, 1.74429], [103.9089, 1.74267], [103.91412, 1.74438], [103.91416, 1.74602], [103.91746, 1.74458], [103.92016, 1.74571], [103.92326, 1.75829], [103.92781, 1.76261], [103.92911, 1.76616], [103.92969, 1.77537], [103.9312, 1.77793], [103.94617, 1.78907], [103.94807, 1.79219], [103.96641, 1.78008], [103.96808, 1.77427], [103.97861, 1.76814]]]]}}, {"type": "Feature", "properties": {"state": "Johor", "seat": "N.38 Penawar", "seat_name": "Penawar"}, "geometry": {"type": "MultiPolygon", "coordinates": [[[[104.22972, 1.67312], [104.24163, 1.65703], [104.24773, 1.65364], [104.24903, 1.6482], [104.24303, 1.63833], [104.24333, 1.63595], [104.24973, 1.62438], [104.26376, 1.60955], [104.2538, 1.60069], [104.25283, 1.59443], [104.25453, 1.58933], [104.25993, 1.58185], [104.26163, 1.58151], [104.25723, 1.57776], [104.25343, 1.56483], [104.25583, 1.55871], [104.26883, 1.53966], [104.27773, 1.53322], [104.28163, 1.52505], [104.28502, 1.5143], [104.28412, 1.50914], [104.27863, 1.50828], [104.27483, 1.5057], [104.27303, 1.50097], [104.27297, 1.48798], [104.28233, 1.46455], [104.28957, 1.45459], [104.27681, 1.45447], [104.2771, 1.45104], [104.27329, 1.45082], [104.26716, 1.4553], [104.26502, 1.4596], [104.26001, 1.46361], [104.24239, 1.4553], [104.24128, 1.46081], [104.2385, 1.46398], [104.21791, 1.47331], [104.21902, 1.47556], [104.21663, 1.48122], [104.21883, 1.48129], [104.21624, 1.48423], [104.21234, 1.48518], [104.21812, 1.48835], [104.21175, 1.48762], [104.20884, 1.49074], [104.21126, 1.49323], [104.20772, 1.49457], [104.20783, 1.49571], [104.21213, 1.49577], [104.21843, 1.50063], [104.21479, 1.5013], [104.21751, 1.50324], [104.21653, 1.5052], [104.21443, 1.50573], [104.21432, 1.50331], [104.21145, 1.50353], [104.20986, 1.50176], [104.2092, 1.50613], [104.2072, 1.5067], [104.20669, 1.50883], [104.19771, 1.50477], [104.1951, 1.50472], [104.19407, 1.50673], [104.19421, 1.51167], [104.19558, 1.51249], [104.19431, 1.53997], [104.19498, 1.54376], [104.199, 1.5483], [104.19758, 1.55319], [104.19316, 1.55504], [104.19435, 1.55742], [104.18898, 1.5589], [104.18835, 1.56048], [104.1845, 1.55572], [104.18227, 1.56011], [104.18097, 1.55992], [104.17986, 1.55385], [104.17404, 1.55279], [104.16722, 1.54817], [104.15889, 1.54894], [104.15454, 1.55096], [104.14477, 1.54866], [104.13981, 1.55149], [104.13332, 1.55149], [104.13235, 1.5479], [104.12406, 1.53685], [104.11014, 1.53217], [104.09122, 1.51951], [104.07393, 1.51972], [104.0662, 1.5178], [104.05263, 1.50833], [104.05013, 1.50522], [104.04811, 1.49719], [104.02771, 1.4943], [104.02278, 1.51011], [104.02146, 1.52635], [104.01486, 1.54081], [104.02925, 1.53769], [104.03303, 1.54773], [104.04451, 1.54619], [104.04947, 1.54861], [104.04967, 1.5506], [104.05087, 1.54962], [104.05279, 1.55208], [104.05324, 1.55815], [104.0514, 1.55928], [104.05178, 1.56074], [104.07163, 1.56217], [104.06435, 1.58823], [104.06063, 1.588], [104.05249, 1.60674], [104.03578, 1.59897], [104.03505, 1.62978], [104.03118, 1.62583], [104.01333, 1.64124], [104.00869, 1.64622], [104.00849, 1.65229], [104.01014, 1.65487], [104.02076, 1.66391], [104.04456, 1.66604], [104.07269, 1.66611], [104.07734, 1.66037], [104.08363, 1.65819], [104.08891, 1.65903], [104.09656, 1.66718], [104.11441, 1.65846], [104.11454, 1.66639], [104.11199, 1.66731], [104.11371, 1.66856], [104.11287, 1.67298], [104.11495, 1.6813], [104.11979, 1.68208], [104.1182, 1.68392], [104.12271, 1.68546], [104.12616, 1.69465], [104.12917, 1.69555], [104.12962, 1.69939], [104.13086, 1.69929], [104.13004, 1.70101], [104.13342, 1.70266], [104.13442, 1.69981], [104.13602, 1.70041], [104.13886, 1.6962], [104.14056, 1.69613], [104.14106, 1.69378], [104.13496, 1.68723], [104.13397, 1.68024], [104.13778, 1.67717], [104.13966, 1.67366], [104.1392, 1.66991], [104.14042, 1.67047], [104.14354, 1.66516], [104.14501, 1.67195], [104.15089, 1.6717], [104.19813, 1.74406], [104.22043, 1.71088], [104.21493, 1.70604], [104.21493, 1.69583], [104.22972, 1.67312]]]]}}, {"type": "Feature", "properties": {"state": "Johor", "seat": "N.39 Tanjung Surat", "seat_name": "Tanjung Surat"}, "geometry": {"type": "MultiPolygon", "coordinates": [[[[104.18898, 1.5589], [104.19435, 1.55742], [104.19316, 1.55504], [104.19758, 1.55319], [104.199, 1.5483], [104.19498, 1.54376], [104.19431, 1.53997], [104.19558, 1.51249], [104.19421, 1.51167], [104.19407, 1.50673], [104.1951, 1.50472], [104.19771, 1.50477], [104.20669, 1.50883], [104.2072, 1.5067], [104.2092, 1.50613], [104.20986, 1.50176], [104.21145, 1.50353], [104.21432, 1.50331], [104.21443, 1.50573], [104.21653, 1.5052], [104.21751, 1.50324], [104.21479, 1.5013], [104.21843, 1.50063], [104.21213, 1.49577], [104.20783, 1.49571], [104.20772, 1.49457], [104.21126, 1.49323], [104.20884, 1.49074], [104.21175, 1.48762], [104.21812, 1.48835], [104.21234, 1.48518], [104.21624, 1.48423], [104.21883, 1.48129], [104.21663, 1.48122], [104.21902, 1.47556], [104.21791, 1.47331], [104.2385, 1.46398], [104.24128, 1.46081], [104.24239, 1.4553], [104.26001, 1.46361], [104.26502, 1.4596], [104.26716, 1.4553], [104.27329, 1.45082], [104.2771, 1.45104], [104.27681, 1.45447], [104.28957, 1.45459], [104.29492, 1.44723], [104.29443, 1.43906], [104.29662, 1.43433], [104.29443, 1.43347], [104.28842, 1.43906], [104.27828, 1.43179], [104.27526, 1.42548], [104.27393, 1.41154], [104.27997, 1.38142], [104.28333, 1.37929], [104.28202, 1.37543], [104.28333, 1.37113], [104.27863, 1.36941], [104.27262, 1.36339], [104.26923, 1.36424], [104.26271, 1.36145], [104.26161, 1.35872], [104.25308, 1.3591], [104.25263, 1.36763], [104.24923, 1.37057], [104.2436, 1.36982], [104.2245, 1.34851], [104.2221, 1.34783], [104.21689, 1.3505], [104.20024, 1.33639], [104.19457, 1.34594], [104.18933, 1.34544], [104.18843, 1.34794], [104.18313, 1.34919], [104.16204, 1.34075], [104.15824, 1.34668], [104.15111, 1.34633], [104.13943, 1.3409], [104.13512, 1.34235], [104.13546, 1.34665], [104.13082, 1.35106], [104.13137, 1.35286], [104.1293, 1.35544], [104.10392, 1.36604], [104.08872, 1.36847], [104.08816, 1.37041], [104.09009, 1.37026], [104.09265, 1.37691], [104.09701, 1.38154], [104.10704, 1.38946], [104.11384, 1.38978], [104.11264, 1.39847], [104.11654, 1.40539], [104.11602, 1.40911], [104.11396, 1.41032], [104.10644, 1.40508], [104.10294, 1.41259], [104.10274, 1.41695], [104.09494, 1.4232], [104.09024, 1.43037], [104.07014, 1.44286], [104.06204, 1.44411], [104.0585, 1.44787], [104.05088, 1.44581], [104.04115, 1.44006], [104.02466, 1.43581], [104.02042, 1.4456], [104.02, 1.45859], [104.02169, 1.46987], [104.02755, 1.48935], [104.02771, 1.4943], [104.04811, 1.49719], [104.05013, 1.50522], [104.05263, 1.50833], [104.0662, 1.5178], [104.07393, 1.51972], [104.08854, 1.51879], [104.09398, 1.52076], [104.11014, 1.53217], [104.12593, 1.5382], [104.13332, 1.55149], [104.13981, 1.55149], [104.14477, 1.54866], [104.15454, 1.55096], [104.15889, 1.54894], [104.16722, 1.54817], [104.17404, 1.55279], [104.17986, 1.55385], [104.18097, 1.55992], [104.18227, 1.56011], [104.1845, 1.55572], [104.18746, 1.56011], [104.18898, 1.5589]]]]}}, {"type": "Feature", "properties": {"state": "Johor", "seat": "N.40 Tiram", "seat_name": "Tiram"}, "geometry": {"type": "MultiPolygon", "coordinates": [[[[103.90946, 1.67268], [103.91325, 1.67302], [103.91369, 1.67148], [103.91616, 1.67105], [103.9165, 1.6689], [103.92037, 1.6674], [103.91904, 1.66475], [103.92, 1.66352], [103.92339, 1.6673], [103.92483, 1.66708], [103.92867, 1.66385], [103.92725, 1.65763], [103.93135, 1.65453], [103.94001, 1.65406], [103.9451, 1.65182], [103.95688, 1.64221], [103.96661, 1.64033], [103.97108, 1.63746], [103.97397, 1.63026], [103.96921, 1.61804], [103.97647, 1.60236], [103.98421, 1.59158], [103.99778, 1.58392], [104.00373, 1.57806], [104.00873, 1.56572], [104.01457, 1.55878], [104.01683, 1.55339], [104.01486, 1.54081], [104.02146, 1.52635], [104.02278, 1.51011], [104.02771, 1.4943], [104.02, 1.45859], [104.02042, 1.4456], [104.02466, 1.43581], [104.01725, 1.43623], [103.99996, 1.44294], [103.99745, 1.43952], [103.99815, 1.43511], [103.99525, 1.43803], [103.98885, 1.43287], [103.98618, 1.43407], [103.97971, 1.43014], [103.97416, 1.43039], [103.97145, 1.43527], [103.97266, 1.42942], [103.97132, 1.42753], [103.96061, 1.4269], [103.94805, 1.43116], [103.93966, 1.43113], [103.93565, 1.43363], [103.9238, 1.4361], [103.91928, 1.44423], [103.92117, 1.44422], [103.92982, 1.45212], [103.93029, 1.47476], [103.9294, 1.47952], [103.92668, 1.4795], [103.92673, 1.48629], [103.92359, 1.48748], [103.91614, 1.48674], [103.92128, 1.49558], [103.92258, 1.52181], [103.91886, 1.52188], [103.91889, 1.52452], [103.90968, 1.52467], [103.90928, 1.53992], [103.91126, 1.53992], [103.91125, 1.54246], [103.91327, 1.54246], [103.91389, 1.55134], [103.89483, 1.55169], [103.88752, 1.5612], [103.88529, 1.55884], [103.88347, 1.56067], [103.88236, 1.55895], [103.88117, 1.56014], [103.87991, 1.55848], [103.87709, 1.55856], [103.87649, 1.5568], [103.86982, 1.55602], [103.86482, 1.54374], [103.86039, 1.54393], [103.83228, 1.55951], [103.82815, 1.553], [103.8314, 1.55046], [103.82655, 1.54423], [103.82096, 1.54894], [103.82, 1.53854], [103.81645, 1.54098], [103.81499, 1.54044], [103.80126, 1.55281], [103.80162, 1.56346], [103.81124, 1.56673], [103.81881, 1.57876], [103.81768, 1.58576], [103.81996, 1.59292], [103.81519, 1.59948], [103.80935, 1.5995], [103.80268, 1.605], [103.79849, 1.60618], [103.79661, 1.60353], [103.79556, 1.5956], [103.76561, 1.59608], [103.76735, 1.6392], [103.78075, 1.63875], [103.81984, 1.62357], [103.84686, 1.59862], [103.85096, 1.60318], [103.85776, 1.59825], [103.86246, 1.6012], [103.86639, 1.59706], [103.87528, 1.60703], [103.88188, 1.60092], [103.89467, 1.61817], [103.87817, 1.63028], [103.89096, 1.64233], [103.89586, 1.65131], [103.89822, 1.65043], [103.89834, 1.66295], [103.90102, 1.66288], [103.90036, 1.66993], [103.90228, 1.67079], [103.90584, 1.66883], [103.90845, 1.67312], [103.90946, 1.67268]]]]}}, {"type": "Feature", "properties": {"state": "Johor", "seat": "N.41 Puteri Wangsa", "seat_name": "Puteri Wangsa"}, "geometry": {"type": "MultiPolygon", "coordinates": [[[[103.76556, 1.65712], [103.76794, 1.65734], [103.76938, 1.65944], [103.77665, 1.65556], [103.77638, 1.65207], [103.77295, 1.64927], [103.77325, 1.64643], [103.77499, 1.64529], [103.77477, 1.63866], [103.76735, 1.6392], [103.76561, 1.59608], [103.79556, 1.5956], [103.79661, 1.60353], [103.79849, 1.60618], [103.80232, 1.60518], [103.80935, 1.5995], [103.81519, 1.59948], [103.81996, 1.59292], [103.81768, 1.58576], [103.81907, 1.57981], [103.81124, 1.56673], [103.80162, 1.56346], [103.80064, 1.55109], [103.78783, 1.54031], [103.78108, 1.53046], [103.78079, 1.5277], [103.76938, 1.52445], [103.75996, 1.51997], [103.75875, 1.51777], [103.74737, 1.52072], [103.74209, 1.51546], [103.73233, 1.53144], [103.72627, 1.53274], [103.71295, 1.54018], [103.70796, 1.53951], [103.7012, 1.54294], [103.69248, 1.56128], [103.6851, 1.56594], [103.67283, 1.56999], [103.66783, 1.57724], [103.65085, 1.59193], [103.64826, 1.59831], [103.6595, 1.60692], [103.66535, 1.60124], [103.68895, 1.61932], [103.6974, 1.60846], [103.7013, 1.61214], [103.69653, 1.61674], [103.69748, 1.6173], [103.69616, 1.61906], [103.7241, 1.63918], [103.73818, 1.63935], [103.72322, 1.66039], [103.73953, 1.67027], [103.76533, 1.66644], [103.76556, 1.65712]]]]}}, {"type": "Feature", "properties": {"state": "Johor", "seat": "N.42 Johor Jaya", "seat_name": "Johor Jaya"}, "geometry": {"type": "MultiPolygon", "coordinates": [[[[103.88752, 1.5612], [103.89483, 1.55169], [103.91389, 1.55134], [103.91395, 1.54752], [103.91327, 1.54246], [103.91125, 1.54246], [103.91126, 1.53992], [103.90928, 1.53992], [103.90974, 1.52127], [103.90394, 1.52316], [103.90147, 1.51795], [103.90427, 1.5166], [103.89528, 1.49842], [103.90211, 1.49517], [103.89856, 1.48724], [103.88865, 1.48987], [103.88839, 1.49445], [103.87959, 1.4937], [103.88111, 1.48557], [103.88513, 1.48364], [103.88606, 1.48086], [103.86964, 1.49456], [103.83525, 1.50947], [103.82085, 1.5196], [103.81481, 1.51526], [103.81152, 1.51735], [103.8084, 1.51612], [103.80734, 1.51784], [103.80467, 1.5147], [103.79937, 1.51308], [103.7995, 1.50852], [103.80195, 1.50794], [103.79968, 1.50529], [103.79693, 1.50653], [103.79699, 1.50148], [103.79544, 1.50028], [103.78857, 1.50399], [103.78405, 1.50336], [103.77843, 1.50529], [103.77053, 1.51457], [103.76093, 1.50977], [103.75829, 1.51378], [103.75996, 1.51997], [103.78079, 1.5277], [103.78108, 1.53046], [103.78783, 1.54031], [103.79989, 1.55013], [103.80126, 1.55281], [103.81499, 1.54044], [103.81645, 1.54098], [103.82, 1.53854], [103.82096, 1.54894], [103.82655, 1.54423], [103.8314, 1.55046], [103.82815, 1.553], [103.83228, 1.55951], [103.86039, 1.54393], [103.86482, 1.54374], [103.86982, 1.55602], [103.87649, 1.5568], [103.87709, 1.55856], [103.87991, 1.55848], [103.88117, 1.56014], [103.88236, 1.55895], [103.88347, 1.56067], [103.88529, 1.55884], [103.88752, 1.5612]]]]}}, {"type": "Feature", "properties": {"state": "Johor", "seat": "N.43 Permas", "seat_name": "Permas"}, "geometry": {"type": "MultiPolygon", "coordinates": [[[[103.92203, 1.52181], [103.92128, 1.49558], [103.91614, 1.48674], [103.92359, 1.48748], [103.92673, 1.48629], [103.92668, 1.4795], [103.9294, 1.47952], [103.93029, 1.47476], [103.93006, 1.45323], [103.92117, 1.44422], [103.91928, 1.44423], [103.9238, 1.4361], [103.92071, 1.43097], [103.89353, 1.43676], [103.89276, 1.4353], [103.88654, 1.43811], [103.88761, 1.4399], [103.88486, 1.44164], [103.87073, 1.46145], [103.86955, 1.46695], [103.86539, 1.46985], [103.85041, 1.47198], [103.83975, 1.47999], [103.83577, 1.47937], [103.83167, 1.48053], [103.83126, 1.48212], [103.82442, 1.48187], [103.81771, 1.48537], [103.81255, 1.48605], [103.8122, 1.48257], [103.80344, 1.48309], [103.7962, 1.48554], [103.79573, 1.49211], [103.79714, 1.49663], [103.79544, 1.50028], [103.79699, 1.50148], [103.79693, 1.50653], [103.79968, 1.50529], [103.80195, 1.50794], [103.7995, 1.50852], [103.79937, 1.51308], [103.80467, 1.5147], [103.80734, 1.51784], [103.8084, 1.51612], [103.81152, 1.51735], [103.81176, 1.51677], [103.81318, 1.51612], [103.81362, 1.5158], [103.81475, 1.51525], [103.81481, 1.51526], [103.82085, 1.5196], [103.83525, 1.50947], [103.86964, 1.49456], [103.88606, 1.48086], [103.88513, 1.48364], [103.88111, 1.48557], [103.87959, 1.4937], [103.88839, 1.49445], [103.88865, 1.48987], [103.89856, 1.48724], [103.90211, 1.49517], [103.89528, 1.49842], [103.90427, 1.5166], [103.90147, 1.51795], [103.90394, 1.52316], [103.90974, 1.52127], [103.90968, 1.52467], [103.91889, 1.52452], [103.91886, 1.52188], [103.92203, 1.52181]]]]}}, {"type": "Feature", "properties": {"state": "Johor", "seat": "N.44 Larkin", "seat_name": "Larkin"}, "geometry": {"type": "MultiPolygon", "coordinates": [[[[103.75251, 1.51863], [103.75875, 1.51777], [103.75829, 1.51378], [103.76449, 1.50306], [103.76702, 1.48976], [103.76371, 1.47755], [103.75706, 1.47978], [103.75688, 1.47796], [103.75347, 1.47682], [103.74702, 1.48006], [103.73703, 1.48174], [103.74011, 1.4887], [103.73622, 1.49014], [103.71673, 1.4858], [103.70731, 1.49244], [103.70938, 1.49538], [103.70854, 1.50078], [103.71295, 1.50344], [103.71503, 1.50768], [103.71977, 1.50953], [103.73037, 1.50987], [103.73632, 1.51419], [103.74238, 1.51559], [103.74737, 1.52072], [103.75105, 1.52067], [103.75251, 1.51863]]]]}}, {"type": "Feature", "properties": {"state": "Johor", "seat": "N.45 Stulang", "seat_name": "Stulang"}, "geometry": {"type": "MultiPolygon", "coordinates": [[[[103.77298, 1.51099], [103.77843, 1.50529], [103.78405, 1.50336], [103.78857, 1.50399], [103.79608, 1.49968], [103.79714, 1.49663], [103.79573, 1.49211], [103.7962, 1.48554], [103.79439, 1.48586], [103.78455, 1.47154], [103.76783, 1.45684], [103.75738, 1.47197], [103.75535, 1.47839], [103.75688, 1.47796], [103.75706, 1.47978], [103.76371, 1.47755], [103.76702, 1.48976], [103.76449, 1.50306], [103.76093, 1.50977], [103.77053, 1.51457], [103.77298, 1.51099]]]]}}, {"type": "Feature", "properties": {"state": "Johor", "seat": "N.46 Perling", "seat_name": "Perling"}, "geometry": {"type": "MultiPolygon", "coordinates": [[[[103.68154, 1.51795], [103.68255, 1.5138], [103.6888, 1.50897], [103.69145, 1.50436], [103.71673, 1.4858], [103.7238, 1.48659], [103.73227, 1.48994], [103.74011, 1.4887], [103.73703, 1.48174], [103.75532, 1.47685], [103.76783, 1.45684], [103.75702, 1.45423], [103.74957, 1.45529], [103.73608, 1.45906], [103.72771, 1.46646], [103.7116, 1.4634], [103.70268, 1.45877], [103.69155, 1.45543], [103.68847, 1.45792], [103.68494, 1.46515], [103.68045, 1.46838], [103.67597, 1.46803], [103.66994, 1.46444], [103.66428, 1.46431], [103.6623, 1.46225], [103.65265, 1.46337], [103.64201, 1.46848], [103.64446, 1.47203], [103.64183, 1.47476], [103.63799, 1.47247], [103.63094, 1.47713], [103.62584, 1.47526], [103.62659, 1.47916], [103.62854, 1.47916], [103.62581, 1.48097], [103.63844, 1.48138], [103.64114, 1.48918], [103.64374, 1.48791], [103.6482, 1.49865], [103.65173, 1.50066], [103.6507, 1.5027], [103.65624, 1.50349], [103.66148, 1.5093], [103.68008, 1.52121], [103.68154, 1.51795]]]]}}, {"type": "Feature", "properties": {"state": "Johor", "seat": "N.47 Kempas", "seat_name": "Kempas"}, "geometry": {"type": "MultiPolygon", "coordinates": [[[[103.70673, 1.53983], [103.71295, 1.54018], [103.72627, 1.53274], [103.73233, 1.53144], [103.74209, 1.51546], [103.73632, 1.51419], [103.73037, 1.50987], [103.71977, 1.50953], [103.71503, 1.50768], [103.71295, 1.50344], [103.70854, 1.50078], [103.70938, 1.49538], [103.70731, 1.49244], [103.69145, 1.50436], [103.6888, 1.50897], [103.68255, 1.5138], [103.68008, 1.52121], [103.68756, 1.53383], [103.69587, 1.54274], [103.70047, 1.54437], [103.70673, 1.53983]]]]}}, {"type": "Feature", "properties": {"state": "Johor", "seat": "N.48 Skudai", "seat_name": "Skudai"}, "geometry": {"type": "MultiPolygon", "coordinates": [[[[103.66211, 1.58136], [103.66783, 1.57724], [103.67405, 1.56911], [103.6851, 1.56594], [103.69248, 1.56128], [103.70047, 1.54437], [103.69587, 1.54274], [103.68756, 1.53383], [103.6803, 1.52137], [103.66148, 1.5093], [103.65624, 1.50349], [103.65, 1.50204], [103.65173, 1.50066], [103.6482, 1.49865], [103.64374, 1.48791], [103.64114, 1.48918], [103.63844, 1.48138], [103.62581, 1.48097], [103.61727, 1.48949], [103.61802, 1.49057], [103.62406, 1.4951], [103.6227, 1.49652], [103.64015, 1.51459], [103.64347, 1.51147], [103.65739, 1.52621], [103.64716, 1.52629], [103.64069, 1.52928], [103.6363, 1.53353], [103.63481, 1.53205], [103.63137, 1.5364], [103.63629, 1.54166], [103.63865, 1.54026], [103.64005, 1.54237], [103.64271, 1.54246], [103.64424, 1.54796], [103.64829, 1.55078], [103.65682, 1.54807], [103.66089, 1.56971], [103.65722, 1.58026], [103.65258, 1.5855], [103.65204, 1.59093], [103.66211, 1.58136]]]]}}, {"type": "Feature", "properties": {"state": "Johor", "seat": "N.49 Kota Iskandar", "seat_name": "Kota Iskandar"}, "geometry": {"type": "MultiPolygon", "coordinates": [[[[103.58479, 1.60054], [103.58771, 1.60044], [103.58934, 1.59841], [103.59, 1.59998], [103.59386, 1.59622], [103.59457, 1.58625], [103.60027, 1.58795], [103.6087, 1.58609], [103.60368, 1.57685], [103.61563, 1.57666], [103.61558, 1.57138], [103.6228, 1.57123], [103.62274, 1.56459], [103.61985, 1.55933], [103.62815, 1.54966], [103.63021, 1.54462], [103.63641, 1.54171], [103.63137, 1.5364], [103.63362, 1.53302], [103.63481, 1.53205], [103.6363, 1.53353], [103.64069, 1.52928], [103.64716, 1.52629], [103.65751, 1.52662], [103.64347, 1.51147], [103.64015, 1.51459], [103.6227, 1.49652], [103.62406, 1.4951], [103.61727, 1.48949], [103.62854, 1.47916], [103.62659, 1.47916], [103.62584, 1.47526], [103.63094, 1.47713], [103.63799, 1.47247], [103.64183, 1.47476], [103.64446, 1.47203], [103.64201, 1.46848], [103.65265, 1.46337], [103.6623, 1.46225], [103.66428, 1.46431], [103.66994, 1.46444], [103.67597, 1.46803], [103.68045, 1.46838], [103.68494, 1.46515], [103.6894, 1.45678], [103.6967, 1.4549], [103.69698, 1.4524], [103.68898, 1.44582], [103.68919, 1.44278], [103.68539, 1.44244], [103.68428, 1.44441], [103.68138, 1.44033], [103.67828, 1.43973], [103.67408, 1.44328], [103.67419, 1.43939], [103.66658, 1.42582], [103.66769, 1.42161], [103.66448, 1.41693], [103.66309, 1.41786], [103.65789, 1.4123], [103.65708, 1.40943], [103.65119, 1.40733], [103.64729, 1.39539], [103.64705, 1.38882], [103.64099, 1.38135], [103.64099, 1.37939], [103.63819, 1.37782], [103.63819, 1.37421], [103.63299, 1.36816], [103.60629, 1.34595], [103.6014, 1.34386], [103.58419, 1.34437], [103.57199, 1.34645], [103.5632, 1.34932], [103.5609, 1.35167], [103.55915, 1.34326], [103.55129, 1.34744], [103.53998, 1.36049], [103.54021, 1.36875], [103.53568, 1.38637], [103.53858, 1.40487], [103.54811, 1.43173], [103.54901, 1.44309], [103.55371, 1.45827], [103.55388, 1.46026], [103.55179, 1.46171], [103.55212, 1.4661], [103.55474, 1.46645], [103.55432, 1.47051], [103.55816, 1.47191], [103.55915, 1.47595], [103.56427, 1.48049], [103.56864, 1.47782], [103.57226, 1.4787], [103.57691, 1.47698], [103.58414, 1.47904], [103.58623, 1.48116], [103.5746, 1.49346], [103.57686, 1.55271], [103.57087, 1.55892], [103.57101, 1.56617], [103.56676, 1.57204], [103.56621, 1.5772], [103.56033, 1.582], [103.55847, 1.58907], [103.55451, 1.59196], [103.55239, 1.60202], [103.58479, 1.60054]]]]}}, {"type": "Feature", "properties": {"state": "Johor", "seat": "N.50 Bukit Permai", "seat_name": "Bukit Permai"}, "geometry": {"type": "MultiPolygon", "coordinates": [[[[103.50237, 1.80562], [103.51715, 1.80269], [103.52662, 1.80437], [103.53282, 1.80012], [103.5397, 1.79951], [103.54253, 1.79605], [103.54564, 1.7962], [103.55271, 1.79153], [103.55939, 1.78994], [103.5678, 1.79028], [103.56983, 1.78907], [103.57475, 1.79484], [103.61262, 1.80104], [103.61527, 1.79883], [103.62248, 1.79721], [103.63041, 1.79166], [103.63668, 1.7934], [103.64219, 1.79284], [103.64536, 1.78942], [103.64337, 1.78685], [103.64688, 1.7818], [103.6582, 1.75501], [103.66579, 1.75884], [103.67887, 1.73355], [103.67062, 1.72938], [103.67606, 1.72499], [103.67662, 1.72167], [103.70087, 1.69013], [103.68322, 1.67798], [103.68801, 1.67252], [103.66622, 1.65595], [103.66233, 1.66653], [103.65702, 1.66459], [103.65897, 1.66051], [103.63632, 1.64447], [103.62871, 1.63722], [103.61317, 1.65089], [103.60383, 1.66145], [103.58775, 1.66826], [103.56885, 1.66931], [103.56322, 1.67093], [103.55946, 1.6684], [103.54532, 1.66807], [103.54465, 1.67093], [103.55078, 1.67544], [103.53754, 1.69319], [103.53229, 1.68937], [103.5279, 1.69006], [103.52219, 1.69756], [103.51295, 1.6906], [103.51198, 1.69404], [103.51358, 1.69511], [103.51001, 1.69966], [103.51016, 1.70254], [103.51427, 1.70595], [103.49727, 1.7295], [103.50926, 1.73844], [103.508, 1.74741], [103.49742, 1.76271], [103.49642, 1.76392], [103.48766, 1.75223], [103.45689, 1.78123], [103.48595, 1.80373], [103.49901, 1.80386], [103.50237, 1.80562]]]]}}, {"type": "Feature", "properties": {"state": "Johor", "seat": "N.51 Bukit Batu", "seat_name": "Bukit Batu"}, "geometry": {"type": "MultiPolygon", "coordinates": [[[[103.43302, 1.78506], [103.435, 1.78222], [103.43705, 1.78375], [103.44521, 1.77221], [103.45689, 1.78123], [103.48766, 1.75223], [103.49642, 1.76392], [103.508, 1.74741], [103.50926, 1.73844], [103.49727, 1.7295], [103.51427, 1.70595], [103.51016, 1.70254], [103.51001, 1.69966], [103.51358, 1.69511], [103.51198, 1.69404], [103.51295, 1.6906], [103.52219, 1.69756], [103.5279, 1.69006], [103.53229, 1.68937], [103.53754, 1.69319], [103.55078, 1.67544], [103.54465, 1.67093], [103.54532, 1.66807], [103.55946, 1.6684], [103.56322, 1.67093], [103.57769, 1.66835], [103.58608, 1.66874], [103.59201, 1.66618], [103.58956, 1.66604], [103.59048, 1.66499], [103.58871, 1.66296], [103.59048, 1.66091], [103.58921, 1.65969], [103.59135, 1.65736], [103.58867, 1.65473], [103.59247, 1.65095], [103.56992, 1.62906], [103.57499, 1.61965], [103.59001, 1.60026], [103.58934, 1.59841], [103.58576, 1.60099], [103.55239, 1.60202], [103.55451, 1.59196], [103.55847, 1.58907], [103.56033, 1.582], [103.56621, 1.5772], [103.56676, 1.57204], [103.57101, 1.56617], [103.57087, 1.55892], [103.57686, 1.55271], [103.57577, 1.52687], [103.54345, 1.52301], [103.53275, 1.52366], [103.53297, 1.52954], [103.52542, 1.53388], [103.52177, 1.53414], [103.51939, 1.54518], [103.51349, 1.54419], [103.50815, 1.56006], [103.50915, 1.57983], [103.50784, 1.58244], [103.50382, 1.58101], [103.46483, 1.62328], [103.36335, 1.70987], [103.40613, 1.76355], [103.43302, 1.78506]]]]}}, {"type": "Feature", "properties": {"state": "Johor", "seat": "N.52 Senai", "seat_name": "Senai"}, "geometry": {"type": "MultiPolygon", "coordinates": [[[[103.7228, 1.66038], [103.73818, 1.63935], [103.7241, 1.63918], [103.69616, 1.61906], [103.69748, 1.6173], [103.69653, 1.61674], [103.7013, 1.61214], [103.6974, 1.60846], [103.68895, 1.61932], [103.66535, 1.60124], [103.6595, 1.60692], [103.64831, 1.59861], [103.65009, 1.59285], [103.65218, 1.59192], [103.65258, 1.5855], [103.657, 1.58067], [103.66068, 1.57127], [103.66044, 1.56441], [103.65682, 1.54807], [103.64829, 1.55078], [103.64424, 1.54796], [103.64294, 1.54266], [103.64005, 1.54237], [103.63883, 1.54029], [103.63021, 1.54462], [103.62815, 1.54966], [103.61985, 1.55933], [103.62274, 1.56459], [103.6228, 1.57123], [103.61558, 1.57138], [103.61563, 1.57666], [103.60368, 1.57685], [103.6087, 1.58609], [103.60027, 1.58795], [103.59457, 1.58625], [103.59386, 1.59622], [103.57696, 1.61686], [103.56992, 1.62906], [103.59247, 1.65095], [103.58867, 1.65473], [103.59135, 1.65736], [103.58921, 1.65969], [103.59048, 1.66091], [103.58871, 1.66296], [103.59048, 1.66499], [103.58985, 1.66631], [103.60383, 1.66145], [103.61317, 1.65089], [103.62871, 1.63722], [103.63632, 1.64447], [103.65897, 1.66051], [103.65702, 1.66459], [103.66233, 1.66653], [103.66622, 1.65595], [103.68801, 1.67252], [103.68322, 1.67798], [103.70087, 1.69013], [103.7228, 1.66038]]]]}}, {"type": "Feature", "properties": {"state": "Johor", "seat": "N.53 Benut", "seat_name": "Benut"}, "geometry": {"type": "MultiPolygon", "coordinates": [[[[103.25409, 1.75511], [103.26071, 1.75186], [103.27927, 1.74868], [103.36335, 1.70987], [103.34977, 1.69205], [103.35343, 1.68893], [103.35231, 1.68686], [103.35461, 1.68535], [103.35217, 1.67036], [103.3525, 1.66267], [103.34949, 1.65821], [103.35263, 1.6548], [103.34751, 1.64827], [103.32166, 1.63219], [103.3184, 1.62839], [103.31479, 1.62737], [103.30033, 1.61479], [103.29828, 1.60968], [103.29674, 1.595], [103.2907, 1.58343], [103.28662, 1.58369], [103.27271, 1.59474], [103.25163, 1.59693], [103.24823, 1.59903], [103.24132, 1.59963], [103.24132, 1.60114], [103.23883, 1.60023], [103.22113, 1.60725], [103.20553, 1.61468], [103.20093, 1.61859], [103.19963, 1.61784], [103.19873, 1.61992], [103.19503, 1.61995], [103.18727, 1.6241], [103.18878, 1.63006], [103.19774, 1.62732], [103.201, 1.62971], [103.2029, 1.63429], [103.20144, 1.64166], [103.19891, 1.64507], [103.19954, 1.65242], [103.194, 1.67719], [103.19713, 1.70198], [103.2066, 1.72898], [103.21457, 1.73736], [103.22616, 1.76714], [103.25409, 1.75511]]]]}}, {"type": "Feature", "properties": {"state": "Johor", "seat": "N.54 Pulai Sebatang", "seat_name": "Pulai Sebatang"}, "geometry": {"type": "MultiPolygon", "coordinates": [[[[103.39214, 1.68512], [103.44938, 1.63651], [103.44695, 1.62532], [103.43541, 1.62224], [103.42571, 1.61216], [103.418, 1.59438], [103.41492, 1.57981], [103.41576, 1.57305], [103.41403, 1.56433], [103.40989, 1.55443], [103.39683, 1.53735], [103.39331, 1.52706], [103.39388, 1.5249], [103.39779, 1.52522], [103.39875, 1.52331], [103.40082, 1.52317], [103.40091, 1.51979], [103.40436, 1.51717], [103.4029, 1.5159], [103.40555, 1.51347], [103.40363, 1.50755], [103.40869, 1.5008], [103.41167, 1.49194], [103.40375, 1.48627], [103.40005, 1.48719], [103.39914, 1.48512], [103.39458, 1.48487], [103.39718, 1.47856], [103.38765, 1.47702], [103.3868, 1.47939], [103.38444, 1.48017], [103.38491, 1.48305], [103.38847, 1.48349], [103.38032, 1.50009], [103.37872, 1.50759], [103.37672, 1.50884], [103.37921, 1.50867], [103.36202, 1.53488], [103.34872, 1.54801], [103.32211, 1.56627], [103.32182, 1.56818], [103.31908, 1.56805], [103.29982, 1.57935], [103.29122, 1.58189], [103.2907, 1.58343], [103.29674, 1.595], [103.29828, 1.60968], [103.30033, 1.61479], [103.31479, 1.62737], [103.3184, 1.62839], [103.32166, 1.63219], [103.34751, 1.64827], [103.35263, 1.6548], [103.34949, 1.65821], [103.3525, 1.66267], [103.35217, 1.67036], [103.35461, 1.68535], [103.35231, 1.68686], [103.35343, 1.68893], [103.34977, 1.69205], [103.36335, 1.70987], [103.39214, 1.68512]]]]}}, {"type": "Feature", "properties": {"state": "Johor", "seat": "N.55 Pekan Nanas", "seat_name": "Pekan Nanas"}, "geometry": {"type": "MultiPolygon", "coordinates": [[[[103.50143, 1.58349], [103.50382, 1.58101], [103.50784, 1.58244], [103.50915, 1.57983], [103.50815, 1.56006], [103.51349, 1.54419], [103.51939, 1.54518], [103.52177, 1.53414], [103.52542, 1.53388], [103.53297, 1.52954], [103.53275, 1.52366], [103.54345, 1.52301], [103.57594, 1.52686], [103.5746, 1.49346], [103.58623, 1.48116], [103.58414, 1.47904], [103.57691, 1.47698], [103.57226, 1.4787], [103.56864, 1.47782], [103.56427, 1.48049], [103.56044, 1.47748], [103.55816, 1.47191], [103.55432, 1.47051], [103.55455, 1.46608], [103.55212, 1.4661], [103.55179, 1.46171], [103.55388, 1.46026], [103.55371, 1.45827], [103.54901, 1.44309], [103.54608, 1.44337], [103.53921, 1.45161], [103.53459, 1.45231], [103.5318, 1.45029], [103.52843, 1.45764], [103.51997, 1.4664], [103.50566, 1.47689], [103.50178, 1.47789], [103.49061, 1.47472], [103.48671, 1.47661], [103.47716, 1.47225], [103.47376, 1.482], [103.4664, 1.4895], [103.46311, 1.4858], [103.44395, 1.48309], [103.4356, 1.47774], [103.42324, 1.49606], [103.41167, 1.49194], [103.40869, 1.5008], [103.40363, 1.50755], [103.40555, 1.51347], [103.4029, 1.5159], [103.40436, 1.51717], [103.40091, 1.51979], [103.40082, 1.52317], [103.39875, 1.52331], [103.39779, 1.52522], [103.39388, 1.5249], [103.39327, 1.52641], [103.39683, 1.53735], [103.40989, 1.55443], [103.41403, 1.56433], [103.41576, 1.57305], [103.41492, 1.57981], [103.418, 1.59438], [103.42571, 1.61216], [103.43541, 1.62224], [103.44695, 1.62532], [103.44938, 1.63651], [103.46483, 1.62328], [103.50143, 1.58349]]]]}}, {"type": "Feature", "properties": {"state": "Johor", "seat": "N.56 Kukup", "seat_name": "Kukup"}, "geometry": {"type": "MultiPolygon", "coordinates": [[[[103.43623, 1.32649], [103.439, 1.3214], [103.43701, 1.3129], [103.42901, 1.3057], [103.42745, 1.30633], [103.42747, 1.3041], [103.4219, 1.3033], [103.41661, 1.31009], [103.41735, 1.32575], [103.41521, 1.33666], [103.41851, 1.33872], [103.42221, 1.33737], [103.4362, 1.3278], [103.43623, 1.32649]]], [[[103.25972, 1.47387], [103.26289, 1.47407], [103.26529, 1.47028], [103.26075, 1.46919], [103.25921, 1.46385], [103.2495, 1.46515], [103.24832, 1.46938], [103.24974, 1.47194], [103.2561, 1.47466], [103.25972, 1.47387]]], [[[103.27097, 1.47201], [103.27067, 1.46994], [103.26661, 1.47205], [103.26945, 1.47481], [103.27097, 1.47201]]], [[[103.43055, 1.48623], [103.4356, 1.47774], [103.44395, 1.48309], [103.46311, 1.4858], [103.4664, 1.4895], [103.47376, 1.482], [103.47716, 1.47225], [103.48671, 1.47661], [103.49061, 1.47472], [103.50178, 1.47789], [103.50566, 1.47689], [103.51997, 1.4664], [103.52843, 1.45764], [103.5318, 1.45029], [103.53459, 1.45231], [103.53921, 1.45161], [103.54608, 1.44337], [103.54901, 1.44309], [103.54811, 1.43173], [103.53858, 1.40487], [103.53615, 1.38143], [103.54021, 1.36875], [103.53998, 1.36049], [103.55129, 1.34744], [103.55915, 1.34326], [103.55629, 1.33906], [103.53664, 1.32378], [103.52341, 1.31559], [103.51587, 1.30608], [103.5119, 1.28944], [103.51268, 1.28118], [103.51759, 1.26473], [103.51654, 1.26317], [103.51163, 1.26388], [103.49673, 1.27535], [103.47941, 1.29953], [103.45776, 1.31574], [103.44324, 1.32219], [103.44178, 1.33264], [103.4334, 1.35061], [103.43371, 1.36024], [103.42443, 1.37747], [103.41361, 1.40761], [103.40941, 1.43129], [103.40506, 1.4392], [103.40628, 1.44132], [103.39754, 1.45502], [103.39182, 1.47247], [103.38765, 1.47702], [103.39718, 1.47856], [103.39458, 1.48487], [103.39914, 1.48512], [103.40005, 1.48719], [103.40375, 1.48627], [103.4122, 1.49221], [103.42324, 1.49606], [103.43055, 1.48623]]]]}}], "_provenance": {"source": "https://github.com/atifmustaffa/malaysia-geojson (malaysia.dun.geojson)", "licence": "MIT (c) 2026 Atif Mustaffa — see LICENSE in this directory", "downloaded": "2026-08-29", "simplification": "none (original coordinates)", "modified_by": "HitungKerusi 222 research pipeline (seat-name normalisation, per-state split)"}}