{"type": "FeatureCollection", "features": [{"type": "Feature", "properties": {"state": "Perak", "seat": "N.01 Pengkalan Hulu", "seat_name": "Pengkalan Hulu"}, "geometry": {"type": "MultiPolygon", "coordinates": [[[[100.99592, 5.78528], [100.99792, 5.77989], [101.00344, 5.7797], [101.00516, 5.7748], [101.0074, 5.77455], [101.00735, 5.76987], [101.01192, 5.76947], [101.01887, 5.76582], [101.01921, 5.75887], [101.0219, 5.75397], [101.02747, 5.75013], [101.02921, 5.74478], [101.03302, 5.74155], [101.03228, 5.74018], [101.03408, 5.73796], [101.03739, 5.73677], [101.04136, 5.74028], [101.0499, 5.74003], [101.05383, 5.74389], [101.05497, 5.74236], [101.0562, 5.74406], [101.06023, 5.74451], [101.06208, 5.74219], [101.0593, 5.73429], [101.06343, 5.73126], [101.06199, 5.72985], [101.06232, 5.72666], [101.06611, 5.7258], [101.0683, 5.72844], [101.07628, 5.72492], [101.0788, 5.72193], [101.08245, 5.72153], [101.08324, 5.71961], [101.08026, 5.71593], [101.08181, 5.71501], [101.08033, 5.7133], [101.0811, 5.70998], [101.08237, 5.7096], [101.08328, 5.71197], [101.08639, 5.71208], [101.08539, 5.70835], [101.08946, 5.7034], [101.09579, 5.70314], [101.09721, 5.69899], [101.09492, 5.69739], [101.09771, 5.69446], [101.0971, 5.69203], [101.09886, 5.68951], [101.1031, 5.68853], [101.10433, 5.68378], [101.11168, 5.68092], [101.11416, 5.6752], [101.11914, 5.67044], [101.11992, 5.66319], [101.12358, 5.66158], [101.12333, 5.65735], [101.12665, 5.64839], [101.1253, 5.64659], [101.12996, 5.63906], [101.1288, 5.62961], [101.13359, 5.61855], [101.13313, 5.61427], [101.13476, 5.61286], [101.14499, 5.61475], [101.1446, 5.62271], [101.14893, 5.62393], [101.15241, 5.62237], [101.16761, 5.63312], [101.16928, 5.6357], [101.1673, 5.63831], [101.16742, 5.64168], [101.17214, 5.64751], [101.17613, 5.64712], [101.18899, 5.65112], [101.19142, 5.64918], [101.19618, 5.6492], [101.20014, 5.65153], [101.20056, 5.65353], [101.20359, 5.65408], [101.20492, 5.65984], [101.20977, 5.65916], [101.21527, 5.6611], [101.22206, 5.64493], [101.22679, 5.64113], [101.22943, 5.63547], [101.23424, 5.63243], [101.23344, 5.62607], [101.23186, 5.62492], [101.23402, 5.62227], [101.23285, 5.62036], [101.2337, 5.6177], [101.23028, 5.61537], [101.22644, 5.61665], [101.22231, 5.61582], [101.21744, 5.60861], [101.21962, 5.60375], [101.21817, 5.6021], [101.21945, 5.59896], [101.21864, 5.58886], [101.18827, 5.59224], [101.1739, 5.59141], [101.16536, 5.59002], [101.15125, 5.58491], [101.14976, 5.58721], [101.14563, 5.58875], [101.14358, 5.5865], [101.13705, 5.58671], [101.13171, 5.59071], [101.12461, 5.58782], [101.11333, 5.58869], [101.11358, 5.58568], [101.11892, 5.5826], [101.1304, 5.56438], [101.12776, 5.56282], [101.12399, 5.55644], [101.12586, 5.54791], [101.11821, 5.54878], [101.11457, 5.54558], [101.1088, 5.54427], [101.10892, 5.53891], [101.10508, 5.5381], [101.1034, 5.54017], [101.09677, 5.53845], [101.09192, 5.54009], [101.09179, 5.54168], [101.08694, 5.54209], [101.08164, 5.54744], [101.0815, 5.55188], [101.07914, 5.55326], [101.07644, 5.55913], [101.06692, 5.56961], [101.06648, 5.56537], [101.05863, 5.55794], [101.0557, 5.55828], [101.05502, 5.55541], [101.05816, 5.55235], [101.05823, 5.54972], [101.04664, 5.5293], [101.04268, 5.53438], [101.03879, 5.5356], [101.03602, 5.53371], [101.03292, 5.53659], [101.03106, 5.53346], [101.02728, 5.51338], [101.02896, 5.50877], [101.02573, 5.5046], [101.02823, 5.50199], [101.01693, 5.49981], [101.00581, 5.50234], [101.00174, 5.49876], [100.99251, 5.50809], [100.98509, 5.50331], [100.9797, 5.50434], [100.97386, 5.50311], [100.97069, 5.49775], [100.96657, 5.49672], [100.95833, 5.49758], [100.95725, 5.50037], [100.95369, 5.50092], [100.94831, 5.50526], [100.94333, 5.50371], [100.93466, 5.50455], [100.93095, 5.50818], [100.93095, 5.51234], [100.92917, 5.51499], [100.93449, 5.51886], [100.93224, 5.52286], [100.93439, 5.5274], [100.93434, 5.53331], [100.93517, 5.53616], [100.93825, 5.53778], [100.94137, 5.5469], [100.94057, 5.55459], [100.93369, 5.56388], [100.9345, 5.57147], [100.94566, 5.58057], [100.94364, 5.58266], [100.94128, 5.59069], [100.93481, 5.59017], [100.93402, 5.5934], [100.93006, 5.59359], [100.92964, 5.59793], [100.92615, 5.6018], [100.92211, 5.60275], [100.92495, 5.61335], [100.92429, 5.61749], [100.93096, 5.62139], [100.94331, 5.62489], [100.9474, 5.62863], [100.94191, 5.63853], [100.94155, 5.64249], [100.9384, 5.64601], [100.94193, 5.6501], [100.943, 5.64841], [100.9487, 5.6483], [100.95289, 5.64264], [100.95789, 5.64347], [100.96503, 5.66162], [100.96983, 5.66649], [100.96967, 5.67154], [100.9673, 5.67445], [100.97089, 5.67755], [100.97132, 5.68243], [100.97519, 5.6848], [100.97293, 5.69564], [100.97673, 5.70103], [100.97862, 5.70768], [100.97653, 5.71091], [100.97838, 5.71394], [100.97773, 5.71632], [100.98204, 5.72278], [100.97589, 5.72292], [100.97309, 5.72596], [100.95937, 5.73069], [100.95865, 5.73529], [100.95558, 5.74003], [100.94841, 5.74384], [100.95022, 5.7539], [100.94631, 5.76017], [100.94172, 5.76329], [100.94517, 5.76715], [100.95797, 5.77353], [100.96124, 5.77683], [100.96393, 5.77506], [100.96958, 5.77472], [100.97105, 5.77628], [100.97697, 5.77301], [100.97919, 5.77569], [100.98306, 5.77544], [100.98941, 5.78376], [100.99258, 5.78273], [100.99364, 5.78494], [100.99592, 5.78528]]]]}}, {"type": "Feature", "properties": {"state": "Perak", "seat": "N.02 Temengor", "seat_name": "Temengor"}, "geometry": {"type": "MultiPolygon", "coordinates": [[[[101.58306, 5.9325], [101.58522, 5.93277], [101.58803, 5.93038], [101.58982, 5.91793], [101.59758, 5.91412], [101.59807, 5.91149], [101.60024, 5.91144], [101.60072, 5.91341], [101.60907, 5.91488], [101.61559, 5.9109], [101.61562, 5.90078], [101.61873, 5.89513], [101.62242, 5.89532], [101.62326, 5.88977], [101.62182, 5.88513], [101.62365, 5.88225], [101.62335, 5.87711], [101.63213, 5.87523], [101.63553, 5.87379], [101.63527, 5.87211], [101.64209, 5.87002], [101.64837, 5.87514], [101.65526, 5.87727], [101.65956, 5.87459], [101.65929, 5.87113], [101.66347, 5.86637], [101.66006, 5.86395], [101.65607, 5.85719], [101.6576, 5.85371], [101.66049, 5.85245], [101.66156, 5.8481], [101.65986, 5.84143], [101.65713, 5.83781], [101.65885, 5.83551], [101.65955, 5.82717], [101.65751, 5.82206], [101.65895, 5.814], [101.65776, 5.81208], [101.66062, 5.81206], [101.66311, 5.81483], [101.66473, 5.81374], [101.6681, 5.80716], [101.66504, 5.79965], [101.67085, 5.79548], [101.66951, 5.79052], [101.67206, 5.78684], [101.67411, 5.78685], [101.67922, 5.78118], [101.68586, 5.78287], [101.68889, 5.77833], [101.69071, 5.77113], [101.6888, 5.76436], [101.6925, 5.75468], [101.69046, 5.74779], [101.69395, 5.73097], [101.6889, 5.7243], [101.69161, 5.72119], [101.69124, 5.71513], [101.69278, 5.71155], [101.69149, 5.7089], [101.69332, 5.70796], [101.69459, 5.70384], [101.68821, 5.69341], [101.68613, 5.69354], [101.67642, 5.68643], [101.66515, 5.6686], [101.65989, 5.66944], [101.65821, 5.66259], [101.65985, 5.66038], [101.66001, 5.6558], [101.65682, 5.64341], [101.6576, 5.63969], [101.66255, 5.63559], [101.66325, 5.63142], [101.65524, 5.62135], [101.6563, 5.61111], [101.6537, 5.60883], [101.65924, 5.60704], [101.66146, 5.60312], [101.67138, 5.60074], [101.67319, 5.59788], [101.67637, 5.59896], [101.67841, 5.59173], [101.68216, 5.59161], [101.68669, 5.58618], [101.67794, 5.5708], [101.67959, 5.56789], [101.67925, 5.56229], [101.67553, 5.55815], [101.67248, 5.55755], [101.67237, 5.55027], [101.67489, 5.54877], [101.67104, 5.54281], [101.66494, 5.54051], [101.66539, 5.53421], [101.6629, 5.53415], [101.6633, 5.53043], [101.65754, 5.52568], [101.65506, 5.52135], [101.66491, 5.50813], [101.67336, 5.5117], [101.67847, 5.51147], [101.68346, 5.50645], [101.69085, 5.50373], [101.69311, 5.49917], [101.69747, 5.49996], [101.7014, 5.50698], [101.70611, 5.50969], [101.72061, 5.51347], [101.7221, 5.51237], [101.72103, 5.5077], [101.72308, 5.50668], [101.72426, 5.50125], [101.72849, 5.49853], [101.73063, 5.49865], [101.73416, 5.50509], [101.74076, 5.5093], [101.74462, 5.5065], [101.74793, 5.50131], [101.74983, 5.48464], [101.74812, 5.47304], [101.74282, 5.46934], [101.73563, 5.45876], [101.73657, 5.45561], [101.73998, 5.45328], [101.74034, 5.4289], [101.74471, 5.41972], [101.73841, 5.3934], [101.74069, 5.39197], [101.74047, 5.38729], [101.74416, 5.38401], [101.74375, 5.38038], [101.7533, 5.37379], [101.749, 5.36736], [101.74439, 5.36459], [101.74426, 5.36125], [101.73709, 5.3528], [101.72441, 5.35141], [101.71047, 5.34475], [101.70531, 5.34119], [101.70261, 5.33491], [101.69996, 5.33288], [101.69557, 5.33199], [101.68933, 5.33427], [101.67864, 5.33434], [101.67533, 5.32803], [101.6718, 5.3259], [101.66823, 5.32634], [101.66815, 5.32932], [101.66466, 5.33416], [101.66049, 5.33485], [101.65057, 5.34401], [101.647, 5.34438], [101.64221, 5.34198], [101.64088, 5.33932], [101.63511, 5.3396], [101.63469, 5.34141], [101.62975, 5.34207], [101.62122, 5.35123], [101.61589, 5.34855], [101.60878, 5.34796], [101.60557, 5.34494], [101.60407, 5.33905], [101.59977, 5.33493], [101.60011, 5.33223], [101.59484, 5.33252], [101.59186, 5.33003], [101.5819, 5.3313], [101.57585, 5.32799], [101.57415, 5.32547], [101.57536, 5.3211], [101.57362, 5.31816], [101.57317, 5.31083], [101.5697, 5.30036], [101.57347, 5.29125], [101.5703, 5.29049], [101.56969, 5.28776], [101.56676, 5.28604], [101.56082, 5.2901], [101.55651, 5.28326], [101.55244, 5.28301], [101.55112, 5.28088], [101.54716, 5.27998], [101.54653, 5.27189], [101.54786, 5.26806], [101.54612, 5.26293], [101.54397, 5.2646], [101.53876, 5.26212], [101.53454, 5.26265], [101.53178, 5.26647], [101.53173, 5.27019], [101.52803, 5.27363], [101.52569, 5.2701], [101.52083, 5.26987], [101.52217, 5.26531], [101.51933, 5.25356], [101.52209, 5.25283], [101.52332, 5.25055], [101.52215, 5.24468], [101.52004, 5.24117], [101.51556, 5.23896], [101.50918, 5.23199], [101.51067, 5.2237], [101.51507, 5.21591], [101.50916, 5.20536], [101.51015, 5.20007], [101.50656, 5.19701], [101.50449, 5.19262], [101.49885, 5.18842], [101.49589, 5.18815], [101.49255, 5.18369], [101.49219, 5.17463], [101.48975, 5.17244], [101.48538, 5.1732], [101.48652, 5.16515], [101.48991, 5.1615], [101.48342, 5.15457], [101.48072, 5.14383], [101.48707, 5.13405], [101.48493, 5.13029], [101.48456, 5.12091], [101.4777, 5.10948], [101.48001, 5.1047], [101.47887, 5.10051], [101.48557, 5.09009], [101.47643, 5.07989], [101.47312, 5.07997], [101.46685, 5.07634], [101.46616, 5.07265], [101.4635, 5.06963], [101.46282, 5.06322], [101.46475, 5.05985], [101.45987, 5.04964], [101.46134, 5.04492], [101.45882, 5.038], [101.4609, 5.03235], [101.4567, 5.02384], [101.44792, 5.01389], [101.44287, 5.02096], [101.4351, 5.02373], [101.43354, 5.02825], [101.4245, 5.0311], [101.41323, 5.05832], [101.41317, 5.06969], [101.41098, 5.07434], [101.40967, 5.08385], [101.39636, 5.09452], [101.3949, 5.1009], [101.39028, 5.10219], [101.37935, 5.11075], [101.37424, 5.11154], [101.36686, 5.1171], [101.35779, 5.10551], [101.35527, 5.10982], [101.3515, 5.11089], [101.34929, 5.11416], [101.34923, 5.11835], [101.35088, 5.12046], [101.33571, 5.15341], [101.32602, 5.15834], [101.31441, 5.17461], [101.30938, 5.17841], [101.30193, 5.17915], [101.29251, 5.17091], [101.28228, 5.17663], [101.2768, 5.18211], [101.27243, 5.19055], [101.25707, 5.23528], [101.25511, 5.24549], [101.24884, 5.24974], [101.24443, 5.25629], [101.24704, 5.26677], [101.2446, 5.27588], [101.24935, 5.28219], [101.24545, 5.29539], [101.24993, 5.29972], [101.25094, 5.30515], [101.24575, 5.3164], [101.23759, 5.32048], [101.25082, 5.33323], [101.2534, 5.33938], [101.25292, 5.34612], [101.2476, 5.35664], [101.23806, 5.35905], [101.22941, 5.36441], [101.22679, 5.36785], [101.22854, 5.37214], [101.23728, 5.38239], [101.24083, 5.38421], [101.24093, 5.38573], [101.2421, 5.38503], [101.242, 5.3876], [101.2439, 5.38609], [101.24894, 5.38713], [101.24833, 5.39127], [101.2504, 5.38953], [101.25027, 5.38744], [101.25197, 5.3878], [101.24695, 5.3967], [101.23911, 5.40394], [101.23765, 5.40823], [101.24812, 5.41066], [101.25712, 5.41947], [101.25553, 5.42418], [101.24882, 5.42623], [101.2453, 5.42962], [101.23601, 5.42885], [101.23172, 5.42398], [101.22904, 5.42393], [101.22749, 5.42071], [101.21912, 5.41906], [101.22218, 5.41324], [101.2128, 5.40642], [101.2083, 5.40994], [101.20494, 5.40882], [101.2022, 5.40999], [101.20041, 5.41679], [101.19347, 5.41435], [101.19143, 5.41553], [101.19024, 5.41945], [101.18508, 5.42078], [101.18284, 5.41977], [101.18147, 5.42095], [101.18172, 5.4162], [101.17982, 5.41297], [101.17527, 5.41322], [101.17084, 5.42186], [101.17484, 5.4252], [101.17159, 5.42826], [101.17172, 5.43616], [101.17026, 5.43646], [101.16331, 5.43512], [101.16276, 5.43692], [101.15842, 5.43589], [101.1583, 5.43404], [101.15595, 5.43326], [101.15642, 5.43105], [101.15404, 5.43048], [101.14964, 5.42015], [101.1468, 5.4218], [101.14575, 5.42043], [101.13635, 5.42046], [101.1347, 5.42331], [101.13195, 5.42219], [101.12894, 5.42498], [101.12611, 5.42398], [101.10888, 5.42717], [101.10521, 5.42983], [101.1022, 5.43728], [101.09672, 5.44137], [101.09902, 5.44458], [101.09813, 5.44662], [101.09371, 5.44663], [101.08364, 5.45833], [101.08645, 5.45968], [101.087, 5.45817], [101.08992, 5.45844], [101.09118, 5.45996], [101.0857, 5.46457], [101.07705, 5.4679], [101.07411, 5.47223], [101.07038, 5.47268], [101.0483, 5.49492], [101.0427, 5.49567], [101.03708, 5.50232], [101.03238, 5.50107], [101.02823, 5.50199], [101.02621, 5.50318], [101.02589, 5.50582], [101.02896, 5.50877], [101.02728, 5.51338], [101.02973, 5.52963], [101.03263, 5.53619], [101.03602, 5.53371], [101.03879, 5.5356], [101.04233, 5.5346], [101.04664, 5.5293], [101.05823, 5.54972], [101.05816, 5.55235], [101.05502, 5.55541], [101.0557, 5.55828], [101.05863, 5.55794], [101.06648, 5.56537], [101.06692, 5.56961], [101.07644, 5.55913], [101.07914, 5.55326], [101.0815, 5.55188], [101.08164, 5.54744], [101.08694, 5.54209], [101.09179, 5.54168], [101.09419, 5.53886], [101.1034, 5.54017], [101.10564, 5.53815], [101.10897, 5.53894], [101.10871, 5.54419], [101.11457, 5.54558], [101.11588, 5.54784], [101.12147, 5.54905], [101.12586, 5.54791], [101.12399, 5.55644], [101.12776, 5.56282], [101.1304, 5.56438], [101.11892, 5.5826], [101.11358, 5.58568], [101.11333, 5.58869], [101.12461, 5.58782], [101.13171, 5.59071], [101.13705, 5.58671], [101.14358, 5.5865], [101.14563, 5.58875], [101.14976, 5.58721], [101.15125, 5.58491], [101.16536, 5.59002], [101.1739, 5.59141], [101.18827, 5.59224], [101.21864, 5.58886], [101.21945, 5.59896], [101.21817, 5.6021], [101.21962, 5.60375], [101.21744, 5.60861], [101.22231, 5.61582], [101.22644, 5.61665], [101.23028, 5.61537], [101.2337, 5.6177], [101.23285, 5.62036], [101.23402, 5.62227], [101.23186, 5.62492], [101.23344, 5.62607], [101.23424, 5.63243], [101.22943, 5.63547], [101.22679, 5.64113], [101.22206, 5.64493], [101.21562, 5.65939], [101.21499, 5.66389], [101.21837, 5.66575], [101.21868, 5.67219], [101.22261, 5.67571], [101.2192, 5.6808], [101.21845, 5.68727], [101.2335, 5.68743], [101.23604, 5.68988], [101.24303, 5.69158], [101.24473, 5.69572], [101.2488, 5.69582], [101.25126, 5.69848], [101.2493, 5.70352], [101.25199, 5.70809], [101.26021, 5.71066], [101.26126, 5.71754], [101.25815, 5.71918], [101.25807, 5.72139], [101.26041, 5.73198], [101.25421, 5.74598], [101.25601, 5.7515], [101.25073, 5.75594], [101.24922, 5.76046], [101.25464, 5.77214], [101.25976, 5.77687], [101.2586, 5.78639], [101.26299, 5.7938], [101.26374, 5.80016], [101.26515, 5.80203], [101.26958, 5.80291], [101.27252, 5.8073], [101.27542, 5.80853], [101.27617, 5.81153], [101.28558, 5.81343], [101.29027, 5.81596], [101.2953, 5.81146], [101.30511, 5.81336], [101.30713, 5.80451], [101.30915, 5.80246], [101.31389, 5.80165], [101.32102, 5.81194], [101.32582, 5.81384], [101.33364, 5.81049], [101.3371, 5.80621], [101.34218, 5.80912], [101.34626, 5.80827], [101.34615, 5.81169], [101.34871, 5.81716], [101.34736, 5.82343], [101.35025, 5.82668], [101.35456, 5.82773], [101.35905, 5.83302], [101.36213, 5.8304], [101.37063, 5.83234], [101.37169, 5.83067], [101.37564, 5.83368], [101.37411, 5.83639], [101.37762, 5.84415], [101.37988, 5.84532], [101.38013, 5.84989], [101.38737, 5.8536], [101.39068, 5.85905], [101.38917, 5.86108], [101.39142, 5.8756], [101.39684, 5.87231], [101.40295, 5.87362], [101.40699, 5.87179], [101.41103, 5.87349], [101.41458, 5.87262], [101.41688, 5.87616], [101.42487, 5.87356], [101.42652, 5.87548], [101.429, 5.87522], [101.43172, 5.87063], [101.43527, 5.87071], [101.43732, 5.87242], [101.43862, 5.87041], [101.44726, 5.87063], [101.44944, 5.8685], [101.45534, 5.86717], [101.4584, 5.87242], [101.46274, 5.87366], [101.4644, 5.87639], [101.47008, 5.87424], [101.47363, 5.87012], [101.47644, 5.87045], [101.47899, 5.87297], [101.48589, 5.86962], [101.48784, 5.87361], [101.48712, 5.88319], [101.49408, 5.88141], [101.49922, 5.88799], [101.50735, 5.89254], [101.50858, 5.89656], [101.51367, 5.90091], [101.51338, 5.90297], [101.51579, 5.9035], [101.51818, 5.89976], [101.52074, 5.90072], [101.52402, 5.89841], [101.52654, 5.90865], [101.53382, 5.91442], [101.53739, 5.91484], [101.54001, 5.91855], [101.55451, 5.92075], [101.55924, 5.91886], [101.5735, 5.92546], [101.57583, 5.93075], [101.58167, 5.9344], [101.58306, 5.9325]]]]}}, {"type": "Feature", "properties": {"state": "Perak", "seat": "N.03 Kenering", "seat_name": "Kenering"}, "geometry": {"type": "MultiPolygon", "coordinates": [[[[100.9364, 5.50376], [100.94831, 5.50526], [100.95369, 5.50092], [100.95725, 5.50037], [100.95833, 5.49758], [100.96657, 5.49672], [100.97069, 5.49775], [100.97386, 5.50311], [100.9797, 5.50434], [100.98509, 5.50331], [100.99251, 5.50809], [101.00174, 5.49876], [101.00581, 5.50234], [101.01693, 5.49981], [101.03708, 5.50232], [101.0427, 5.49567], [101.04802, 5.49507], [101.05027, 5.49155], [101.05278, 5.49116], [101.05373, 5.48859], [101.07038, 5.47268], [101.07411, 5.47223], [101.07705, 5.4679], [101.0857, 5.46457], [101.09118, 5.45996], [101.08992, 5.45844], [101.087, 5.45817], [101.08645, 5.45968], [101.08364, 5.45833], [101.09371, 5.44663], [101.09813, 5.44662], [101.09902, 5.44458], [101.09672, 5.44137], [101.1022, 5.43728], [101.10551, 5.4294], [101.11306, 5.42591], [101.12611, 5.42398], [101.12894, 5.42498], [101.13195, 5.42219], [101.1347, 5.42331], [101.13635, 5.42046], [101.14575, 5.42043], [101.1468, 5.4218], [101.14964, 5.42015], [101.15404, 5.43048], [101.15642, 5.43105], [101.15595, 5.43326], [101.1583, 5.43404], [101.15842, 5.43589], [101.16276, 5.43692], [101.16331, 5.43512], [101.17026, 5.43646], [101.17172, 5.43616], [101.17159, 5.42826], [101.17484, 5.4252], [101.17084, 5.42186], [101.17527, 5.41322], [101.17982, 5.41297], [101.18172, 5.4162], [101.18147, 5.42095], [101.18284, 5.41977], [101.18508, 5.42078], [101.19024, 5.41945], [101.19143, 5.41553], [101.19347, 5.41435], [101.20041, 5.41679], [101.2022, 5.40999], [101.20494, 5.40882], [101.2083, 5.40994], [101.2128, 5.40642], [101.22218, 5.41324], [101.21912, 5.41906], [101.22749, 5.42071], [101.22904, 5.42393], [101.23172, 5.42398], [101.23601, 5.42885], [101.2453, 5.42962], [101.24882, 5.42623], [101.25553, 5.42418], [101.25712, 5.41947], [101.24812, 5.41066], [101.23765, 5.40823], [101.23911, 5.40394], [101.24695, 5.3967], [101.25197, 5.3878], [101.25027, 5.38744], [101.2504, 5.38953], [101.24833, 5.39127], [101.24894, 5.38713], [101.2439, 5.38609], [101.242, 5.3876], [101.2421, 5.38503], [101.24093, 5.38573], [101.24083, 5.38421], [101.23728, 5.38239], [101.22854, 5.37214], [101.22679, 5.36785], [101.22941, 5.36441], [101.23806, 5.35905], [101.2476, 5.35664], [101.25292, 5.34612], [101.2534, 5.33938], [101.25082, 5.33323], [101.23759, 5.32048], [101.24575, 5.3164], [101.25094, 5.30515], [101.24993, 5.29972], [101.24545, 5.29539], [101.24935, 5.28219], [101.2446, 5.27588], [101.24704, 5.26677], [101.24443, 5.25629], [101.24884, 5.24974], [101.25511, 5.24549], [101.25707, 5.23528], [101.26902, 5.19826], [101.2768, 5.18211], [101.2834, 5.17581], [101.29376, 5.16998], [101.29626, 5.16586], [101.29469, 5.15996], [101.28716, 5.15101], [101.27847, 5.14344], [101.26872, 5.13841], [101.2543, 5.13681], [101.22956, 5.13933], [101.22109, 5.11351], [101.20846, 5.09444], [101.20227, 5.0885], [101.20085, 5.09022], [101.19541, 5.08769], [101.19282, 5.08932], [101.1909, 5.09316], [101.19476, 5.09695], [101.19116, 5.10111], [101.18976, 5.10094], [101.18846, 5.09597], [101.17831, 5.08776], [101.17431, 5.08877], [101.1727, 5.08334], [101.16419, 5.07774], [101.16258, 5.07445], [101.15767, 5.07469], [101.15722, 5.07265], [101.15917, 5.0711], [101.15761, 5.07059], [101.15769, 5.06787], [101.15637, 5.06874], [101.15345, 5.0661], [101.15357, 5.06299], [101.15051, 5.06389], [101.13916, 5.06188], [101.13447, 5.06525], [101.12652, 5.06665], [101.12308, 5.06961], [101.11895, 5.07064], [101.11711, 5.0736], [101.11098, 5.07334], [101.10645, 5.0667], [101.10443, 5.06705], [101.09947, 5.07557], [101.1012, 5.07646], [101.09788, 5.08354], [101.03704, 5.11346], [101.0328, 5.12393], [101.03165, 5.12282], [101.02916, 5.12583], [101.02572, 5.12681], [101.02253, 5.12457], [101.01973, 5.12462], [101.01127, 5.1314], [101.00376, 5.13393], [101.00334, 5.13566], [101.001, 5.13518], [100.99738, 5.13956], [100.99029, 5.13969], [100.98897, 5.1365], [100.98359, 5.13439], [100.97714, 5.13933], [100.97114, 5.14156], [100.97189, 5.14257], [100.96672, 5.145], [100.96448, 5.14797], [100.95829, 5.14522], [100.94589, 5.15113], [100.93772, 5.14961], [100.93176, 5.15182], [100.92746, 5.15106], [100.93157, 5.15404], [100.93095, 5.15694], [100.9274, 5.15841], [100.929, 5.16474], [100.92291, 5.17092], [100.92051, 5.17838], [100.91255, 5.17997], [100.90867, 5.18447], [100.90705, 5.18928], [100.90063, 5.19294], [100.89576, 5.20313], [100.8905, 5.2054], [100.89949, 5.21561], [100.90356, 5.21818], [100.91388, 5.21787], [100.91417, 5.22464], [100.91756, 5.22665], [100.91894, 5.23655], [100.92188, 5.23816], [100.92494, 5.24453], [100.93428, 5.24763], [100.94082, 5.24689], [100.94763, 5.25156], [100.94921, 5.26392], [100.95121, 5.26469], [100.94886, 5.2775], [100.94398, 5.29672], [100.93678, 5.3039], [100.93444, 5.3044], [100.93496, 5.31526], [100.93024, 5.32054], [100.92712, 5.32774], [100.92714, 5.33332], [100.92481, 5.33671], [100.93409, 5.34266], [100.93137, 5.35013], [100.92741, 5.3519], [100.92369, 5.35654], [100.92213, 5.36252], [100.92295, 5.37308], [100.91719, 5.37565], [100.91515, 5.38603], [100.90997, 5.39159], [100.91079, 5.39992], [100.90864, 5.4068], [100.90978, 5.41143], [100.90666, 5.41506], [100.89985, 5.41717], [100.89743, 5.4207], [100.88256, 5.41369], [100.87326, 5.41991], [100.86661, 5.42936], [100.86599, 5.44173], [100.86782, 5.44505], [100.86703, 5.45096], [100.86895, 5.45922], [100.86565, 5.46165], [100.86751, 5.46948], [100.87469, 5.47964], [100.88458, 5.48526], [100.88285, 5.49115], [100.88668, 5.49572], [100.89406, 5.4974], [100.89647, 5.49185], [100.89986, 5.49263], [100.90343, 5.49073], [100.9085, 5.4942], [100.91076, 5.49218], [100.91357, 5.49316], [100.9173, 5.49529], [100.92052, 5.50095], [100.92822, 5.5072], [100.92917, 5.51499], [100.93095, 5.51234], [100.93095, 5.50818], [100.9364, 5.50376]]]]}}, {"type": "Feature", "properties": {"state": "Perak", "seat": "N.04 Kota Tampan", "seat_name": "Kota Tampan"}, "geometry": {"type": "MultiPolygon", "coordinates": [[[[100.93449, 5.15059], [100.93772, 5.14961], [100.94589, 5.15113], [100.95829, 5.14522], [100.96448, 5.14797], [100.96672, 5.145], [100.97189, 5.14257], [100.97114, 5.14156], [100.97714, 5.13933], [100.98359, 5.13439], [100.98897, 5.1365], [100.99029, 5.13969], [100.99738, 5.13956], [101.001, 5.13518], [101.00334, 5.13566], [101.00376, 5.13393], [101.01127, 5.1314], [101.01973, 5.12462], [101.02253, 5.12457], [101.02572, 5.12681], [101.02916, 5.12583], [101.03165, 5.12282], [101.0328, 5.12393], [101.03704, 5.11346], [101.09788, 5.08354], [101.1005, 5.0755], [101.09582, 5.07535], [101.0925, 5.06905], [101.08699, 5.06985], [101.08185, 5.06695], [101.07918, 5.06239], [101.0809, 5.05837], [101.07551, 5.0534], [101.07442, 5.04699], [101.0658, 5.04361], [101.06532, 5.03897], [101.06252, 5.0354], [101.06179, 5.02962], [101.06347, 5.02366], [101.06212, 5.02148], [101.05833, 5.02147], [101.05541, 5.02399], [101.05132, 5.02469], [101.04913, 5.02152], [101.04636, 5.0205], [101.04764, 5.01599], [101.04292, 5.01181], [101.04205, 5.0041], [101.04322, 4.99999], [101.03902, 4.99494], [101.03782, 4.98868], [101.03155, 4.98619], [101.03267, 4.98236], [101.02811, 4.9768], [101.02726, 4.97153], [101.02515, 4.96865], [101.01818, 4.9697], [101.01622, 4.96762], [101.01115, 4.9663], [101.00459, 4.97043], [100.99751, 4.97226], [100.99123, 4.98014], [100.98853, 4.98078], [100.96531, 4.97371], [100.94388, 4.97852], [100.93949, 4.98106], [100.92003, 4.98427], [100.9106, 4.98141], [100.90701, 4.97652], [100.90061, 4.97796], [100.88497, 4.97212], [100.88264, 4.97338], [100.87324, 4.96681], [100.8704, 4.97142], [100.87127, 4.97449], [100.86603, 4.97994], [100.86764, 4.98429], [100.87764, 4.99055], [100.87395, 4.99272], [100.87558, 5.00122], [100.88062, 5.00183], [100.88122, 5.00348], [100.88871, 5.00642], [100.89363, 5.00629], [100.89135, 5.01757], [100.88874, 5.01624], [100.8831, 5.01791], [100.8885, 5.02504], [100.88769, 5.02804], [100.88342, 5.02784], [100.87932, 5.03052], [100.87985, 5.03304], [100.8833, 5.03534], [100.88136, 5.03985], [100.88238, 5.0421], [100.88809, 5.04393], [100.88587, 5.05068], [100.88764, 5.05615], [100.89122, 5.0548], [100.89637, 5.05628], [100.90062, 5.06472], [100.90393, 5.06345], [100.90714, 5.06459], [100.9107, 5.0684], [100.91223, 5.07281], [100.91084, 5.08074], [100.91498, 5.08478], [100.92142, 5.08637], [100.9171, 5.09284], [100.92078, 5.09914], [100.92216, 5.1052], [100.92661, 5.11094], [100.92618, 5.11355], [100.92128, 5.11765], [100.92567, 5.12174], [100.92668, 5.12758], [100.92221, 5.12804], [100.92093, 5.12955], [100.92154, 5.13612], [100.92482, 5.13935], [100.92042, 5.14645], [100.92749, 5.15107], [100.93176, 5.15182], [100.93449, 5.15059]]]]}}, {"type": "Feature", "properties": {"state": "Perak", "seat": "N.05 Selama", "seat_name": "Selama"}, "geometry": {"type": "MultiPolygon", "coordinates": [[[[100.87996, 5.41568], [100.88256, 5.41369], [100.89743, 5.4207], [100.89985, 5.41717], [100.90666, 5.41506], [100.90978, 5.41143], [100.90864, 5.4068], [100.91079, 5.39992], [100.90997, 5.39159], [100.91515, 5.38603], [100.91719, 5.37565], [100.92295, 5.37308], [100.92213, 5.36252], [100.92369, 5.35654], [100.92741, 5.3519], [100.93137, 5.35013], [100.93409, 5.34266], [100.92481, 5.33671], [100.92714, 5.33332], [100.92712, 5.32774], [100.93024, 5.32054], [100.93496, 5.31526], [100.93444, 5.3044], [100.93678, 5.3039], [100.94398, 5.29672], [100.94426, 5.292], [100.94654, 5.28769], [100.95121, 5.26469], [100.94921, 5.26392], [100.94736, 5.25125], [100.94082, 5.24689], [100.93428, 5.24763], [100.92494, 5.24453], [100.92188, 5.23816], [100.91894, 5.23655], [100.91756, 5.22665], [100.91417, 5.22464], [100.91388, 5.21787], [100.90356, 5.21818], [100.89105, 5.20645], [100.82476, 5.18065], [100.80221, 5.16789], [100.79084, 5.17463], [100.79073, 5.17803], [100.78776, 5.17844], [100.7844, 5.17551], [100.78428, 5.17734], [100.78156, 5.17673], [100.77929, 5.17928], [100.77397, 5.18124], [100.77423, 5.17709], [100.76839, 5.17925], [100.76326, 5.17656], [100.76441, 5.17479], [100.76302, 5.17449], [100.76223, 5.17583], [100.75715, 5.17642], [100.75445, 5.174], [100.75191, 5.17582], [100.74658, 5.17252], [100.74621, 5.17075], [100.74701, 5.16458], [100.75126, 5.1607], [100.7445, 5.16037], [100.74272, 5.15894], [100.73976, 5.14805], [100.73722, 5.14625], [100.72322, 5.16095], [100.71142, 5.16769], [100.71262, 5.16982], [100.71098, 5.17079], [100.70975, 5.16863], [100.70092, 5.17363], [100.69511, 5.17316], [100.69498, 5.17563], [100.67786, 5.17547], [100.68067, 5.17968], [100.65888, 5.18146], [100.6665, 5.19759], [100.6687, 5.19674], [100.67064, 5.19794], [100.66982, 5.20045], [100.6742, 5.20592], [100.67374, 5.20796], [100.67652, 5.20959], [100.67856, 5.21807], [100.68171, 5.2187], [100.68155, 5.22092], [100.68316, 5.22011], [100.68657, 5.22324], [100.68519, 5.22721], [100.68798, 5.22882], [100.68709, 5.23054], [100.69028, 5.23493], [100.68898, 5.23735], [100.69062, 5.24362], [100.6931, 5.24505], [100.69179, 5.24617], [100.69444, 5.24691], [100.69465, 5.24886], [100.69991, 5.24843], [100.6997, 5.25004], [100.70192, 5.2501], [100.707, 5.25452], [100.70804, 5.25788], [100.71541, 5.25672], [100.72124, 5.26137], [100.72621, 5.26304], [100.72825, 5.26685], [100.73054, 5.26769], [100.72899, 5.27068], [100.72984, 5.27266], [100.72779, 5.27446], [100.73167, 5.28182], [100.73046, 5.28467], [100.73202, 5.28938], [100.73192, 5.29723], [100.73348, 5.29904], [100.73313, 5.30242], [100.73578, 5.30235], [100.73831, 5.30622], [100.7342, 5.31227], [100.73836, 5.31269], [100.74351, 5.31692], [100.75075, 5.31943], [100.75207, 5.3182], [100.75879, 5.31876], [100.7583, 5.31735], [100.76133, 5.3153], [100.76386, 5.31755], [100.77094, 5.3186], [100.77124, 5.32021], [100.77654, 5.31592], [100.78232, 5.31562], [100.78193, 5.31321], [100.78668, 5.31929], [100.78724, 5.3234], [100.79166, 5.32377], [100.79255, 5.32156], [100.79585, 5.31993], [100.79748, 5.32229], [100.80095, 5.32197], [100.8033, 5.31859], [100.80494, 5.31973], [100.80823, 5.31884], [100.80949, 5.32273], [100.81285, 5.32072], [100.81426, 5.3234], [100.81815, 5.32185], [100.81902, 5.32348], [100.81739, 5.32566], [100.82112, 5.33087], [100.83865, 5.34642], [100.84945, 5.35174], [100.84841, 5.35778], [100.85091, 5.36148], [100.84953, 5.36375], [100.85124, 5.36673], [100.84852, 5.3786], [100.86054, 5.3983], [100.85798, 5.40217], [100.85458, 5.40269], [100.85362, 5.40727], [100.85474, 5.41133], [100.86477, 5.42238], [100.86661, 5.42936], [100.87326, 5.41991], [100.87996, 5.41568]]]]}}, {"type": "Feature", "properties": {"state": "Perak", "seat": "N.06 Kubu Gajah", "seat_name": "Kubu Gajah"}, "geometry": {"type": "MultiPolygon", "coordinates": [[[[100.8908, 5.20486], [100.89347, 5.20512], [100.89576, 5.20313], [100.90063, 5.19294], [100.90705, 5.18928], [100.90867, 5.18447], [100.91255, 5.17997], [100.92051, 5.17838], [100.92291, 5.17092], [100.929, 5.16474], [100.9274, 5.15841], [100.93095, 5.15694], [100.93157, 5.15404], [100.92042, 5.14645], [100.92482, 5.13935], [100.92154, 5.13612], [100.92093, 5.12955], [100.92221, 5.12804], [100.92668, 5.12758], [100.92567, 5.12174], [100.92128, 5.11765], [100.92618, 5.11355], [100.92661, 5.11094], [100.92216, 5.1052], [100.92078, 5.09914], [100.9171, 5.09284], [100.92142, 5.08637], [100.91498, 5.08478], [100.91084, 5.08074], [100.91223, 5.07281], [100.9107, 5.0684], [100.90714, 5.06459], [100.90393, 5.06345], [100.90062, 5.06472], [100.89637, 5.05628], [100.88718, 5.05531], [100.88587, 5.05068], [100.88809, 5.04393], [100.88221, 5.04188], [100.88136, 5.03959], [100.8833, 5.03534], [100.87985, 5.03304], [100.87932, 5.03052], [100.88342, 5.02784], [100.88781, 5.02788], [100.88858, 5.02384], [100.88424, 5.02072], [100.8831, 5.01791], [100.88874, 5.01624], [100.89135, 5.01757], [100.89151, 5.01197], [100.89373, 5.01024], [100.8939, 5.00708], [100.87558, 5.00122], [100.87395, 4.99272], [100.87758, 4.99079], [100.87633, 4.98984], [100.83868, 4.99267], [100.8334, 5.00122], [100.81183, 5.00101], [100.80845, 5.00054], [100.80625, 4.99794], [100.80319, 4.99795], [100.79948, 4.99927], [100.79212, 5.01243], [100.74978, 5.0127], [100.74998, 5.02594], [100.73005, 5.02568], [100.72903, 5.02761], [100.72796, 5.04364], [100.71975, 5.06828], [100.71948, 5.09537], [100.71817, 5.10088], [100.7129, 5.10018], [100.71028, 5.11509], [100.71428, 5.11575], [100.70983, 5.1211], [100.67972, 5.13137], [100.64, 5.12954], [100.63899, 5.1314], [100.63336, 5.12968], [100.62464, 5.14047], [100.62523, 5.1469], [100.62675, 5.1471], [100.62533, 5.15075], [100.62706, 5.15044], [100.62865, 5.15433], [100.62695, 5.15595], [100.62917, 5.15875], [100.62868, 5.16363], [100.62999, 5.16275], [100.62989, 5.16496], [100.63351, 5.16463], [100.63524, 5.16783], [100.63876, 5.16816], [100.64251, 5.17354], [100.64637, 5.17288], [100.64761, 5.17509], [100.65046, 5.17467], [100.64887, 5.1762], [100.65212, 5.17987], [100.65156, 5.18361], [100.65383, 5.18361], [100.65501, 5.18127], [100.68067, 5.17968], [100.67786, 5.17547], [100.69498, 5.17563], [100.69511, 5.17316], [100.70092, 5.17363], [100.70975, 5.16863], [100.71098, 5.17079], [100.71262, 5.16982], [100.71142, 5.16769], [100.72322, 5.16095], [100.73722, 5.14625], [100.73976, 5.14805], [100.74272, 5.15894], [100.7445, 5.16037], [100.74924, 5.15965], [100.75126, 5.1607], [100.74701, 5.16458], [100.74621, 5.17075], [100.74658, 5.17252], [100.75191, 5.17582], [100.75445, 5.174], [100.75715, 5.17642], [100.76223, 5.17583], [100.76302, 5.17449], [100.76441, 5.17479], [100.76326, 5.17656], [100.76839, 5.17925], [100.77423, 5.17709], [100.77397, 5.18124], [100.77929, 5.17928], [100.78156, 5.17673], [100.78428, 5.17734], [100.7844, 5.17551], [100.78776, 5.17844], [100.79073, 5.17803], [100.79084, 5.17463], [100.80221, 5.16789], [100.82476, 5.18065], [100.89183, 5.20685], [100.8908, 5.20486]]]]}}, {"type": "Feature", "properties": {"state": "Perak", "seat": "N.07 Batu Kurau", "seat_name": "Batu Kurau"}, "geometry": {"type": "MultiPolygon", "coordinates": [[[[100.74998, 5.02594], [100.74978, 5.0127], [100.79212, 5.01243], [100.79948, 4.99927], [100.80319, 4.99795], [100.80625, 4.99794], [100.80845, 5.00054], [100.81183, 5.00101], [100.8334, 5.00122], [100.83868, 4.99267], [100.87633, 4.98984], [100.86764, 4.98429], [100.86594, 4.98015], [100.87127, 4.97449], [100.8704, 4.97142], [100.87368, 4.96587], [100.86961, 4.95759], [100.8731, 4.94927], [100.86438, 4.94452], [100.85808, 4.9362], [100.86043, 4.93119], [100.86577, 4.92912], [100.86702, 4.92329], [100.86323, 4.91923], [100.86539, 4.917], [100.86222, 4.91641], [100.85706, 4.91114], [100.85588, 4.90625], [100.85737, 4.90255], [100.85525, 4.89892], [100.85761, 4.89674], [100.85649, 4.88873], [100.85484, 4.88469], [100.85162, 4.88291], [100.84994, 4.87787], [100.84504, 4.87813], [100.84134, 4.87547], [100.83329, 4.87391], [100.82122, 4.8645], [100.81668, 4.86351], [100.81472, 4.85962], [100.8074, 4.85719], [100.80467, 4.86051], [100.80266, 4.86034], [100.78951, 4.87598], [100.78646, 4.88344], [100.77336, 4.89466], [100.77457, 4.89747], [100.77261, 4.90432], [100.76795, 4.90984], [100.76175, 4.91115], [100.75805, 4.92712], [100.75507, 4.93009], [100.75198, 4.93053], [100.74902, 4.93387], [100.74658, 4.93201], [100.74591, 4.92907], [100.73679, 4.9302], [100.73513, 4.92696], [100.73483, 4.93067], [100.72416, 4.92134], [100.72508, 4.91772], [100.7199, 4.9172], [100.71937, 4.91976], [100.71733, 4.91968], [100.71674, 4.92503], [100.71873, 4.93329], [100.71323, 4.93604], [100.71852, 4.94082], [100.72004, 4.94722], [100.72301, 4.95066], [100.72551, 4.96162], [100.73047, 4.96457], [100.72998, 4.96989], [100.73358, 4.97967], [100.73229, 4.98742], [100.73457, 5.00197], [100.73079, 5.00937], [100.73266, 5.01907], [100.72994, 5.02569], [100.74998, 5.02594]]]]}}, {"type": "Feature", "properties": {"state": "Perak", "seat": "N.08 Titi Serong", "seat_name": "Titi Serong"}, "geometry": {"type": "MultiPolygon", "coordinates": [[[[100.49754, 5.12421], [100.49748, 5.11962], [100.50156, 5.11739], [100.50333, 5.11857], [100.50465, 5.12459], [100.50849, 5.12609], [100.51864, 5.11616], [100.51734, 5.11212], [100.51057, 5.11011], [100.51147, 5.09644], [100.50487, 5.09829], [100.50026, 5.10288], [100.49804, 5.10021], [100.4895, 5.09711], [100.48702, 5.10183], [100.48101, 5.09737], [100.48439, 5.09614], [100.4732, 5.0805], [100.46825, 5.08235], [100.46588, 5.07848], [100.4627, 5.07899], [100.46056, 5.07247], [100.42632, 5.08814], [100.43161, 5.09029], [100.42537, 5.09223], [100.42147, 5.09075], [100.41406, 5.09717], [100.40811, 5.09938], [100.40364, 5.09013], [100.41987, 5.07934], [100.41673, 5.07377], [100.4007, 5.07549], [100.40075, 5.07824], [100.40561, 5.08004], [100.39381, 5.08432], [100.38753, 5.08854], [100.38453, 5.07725], [100.36962, 5.07481], [100.36449, 5.078], [100.36254, 5.08113], [100.36041, 5.09314], [100.36287, 5.10017], [100.36841, 5.1049], [100.36855, 5.10378], [100.3694, 5.10525], [100.37263, 5.10508], [100.38218, 5.10978], [100.38899, 5.11651], [100.39474, 5.12779], [100.39928, 5.12664], [100.40388, 5.1223], [100.49226, 5.1332], [100.49754, 5.12421]]]]}}, {"type": "Feature", "properties": {"state": "Perak", "seat": "N.09 Kuala Kurau", "seat_name": "Kuala Kurau"}, "geometry": {"type": "MultiPolygon", "coordinates": [[[[100.40825, 5.09936], [100.41406, 5.09717], [100.42147, 5.09075], [100.42537, 5.09223], [100.43161, 5.09029], [100.42632, 5.08814], [100.46056, 5.07247], [100.4627, 5.07899], [100.46588, 5.07848], [100.46825, 5.08235], [100.47657, 5.07927], [100.47448, 5.07643], [100.47823, 5.07522], [100.4653, 5.05647], [100.46914, 5.05377], [100.46585, 5.04982], [100.46255, 5.02658], [100.44477, 5.0298], [100.44035, 5.02368], [100.44369, 5.02124], [100.44168, 5.01951], [100.44336, 5.0182], [100.44021, 5.01697], [100.43837, 5.01404], [100.43602, 5.01628], [100.43382, 5.01606], [100.42785, 5.00786], [100.41751, 5.00002], [100.41187, 4.99289], [100.40412, 4.99802], [100.39948, 5.00653], [100.39565, 5.01005], [100.39557, 5.01609], [100.39169, 5.02738], [100.38803, 5.03067], [100.38118, 5.03], [100.38158, 5.03377], [100.37112, 5.06431], [100.36941, 5.07395], [100.37607, 5.07679], [100.38453, 5.07725], [100.38753, 5.08854], [100.39381, 5.08432], [100.40561, 5.08004], [100.40075, 5.07824], [100.4007, 5.07549], [100.41673, 5.07377], [100.41987, 5.07934], [100.40364, 5.09013], [100.40825, 5.09936]]]]}}, {"type": "Feature", "properties": {"state": "Perak", "seat": "N.10 Alor Pongsu", "seat_name": "Alor Pongsu"}, "geometry": {"type": "MultiPolygon", "coordinates": [[[[100.62398, 5.14079], [100.63336, 5.12968], [100.63899, 5.1314], [100.64, 5.12954], [100.64787, 5.1299], [100.64639, 5.1292], [100.64615, 5.12649], [100.65135, 5.12579], [100.64725, 5.12011], [100.64196, 5.12123], [100.6416, 5.11949], [100.63831, 5.11827], [100.63566, 5.11209], [100.6304, 5.11197], [100.62228, 5.10526], [100.62434, 5.08323], [100.61683, 5.0761], [100.62183, 5.07027], [100.62358, 5.07239], [100.62635, 5.07239], [100.62712, 5.04233], [100.58917, 5.04514], [100.584, 5.04322], [100.57278, 5.02304], [100.56571, 5.02614], [100.56295, 5.02074], [100.56442, 5.03088], [100.54, 5.01448], [100.53641, 5.01924], [100.53208, 5.01683], [100.52025, 5.02013], [100.51973, 5.01621], [100.51266, 5.00356], [100.51452, 5.00173], [100.51255, 4.99408], [100.51505, 4.98898], [100.51081, 4.98603], [100.50795, 4.98608], [100.50627, 4.97506], [100.51799, 4.97582], [100.51696, 4.95246], [100.53502, 4.94604], [100.53394, 4.94243], [100.52687, 4.93818], [100.5248, 4.94398], [100.52085, 4.94539], [100.51748, 4.94233], [100.51178, 4.93056], [100.50552, 4.92708], [100.49956, 4.93182], [100.49826, 4.93655], [100.49973, 4.94458], [100.49298, 4.95314], [100.48966, 4.95297], [100.48145, 4.94352], [100.47426, 4.9446], [100.47126, 4.94216], [100.46837, 4.94688], [100.46111, 4.94657], [100.45597, 4.9196], [100.45356, 4.92082], [100.45379, 4.91884], [100.44781, 4.91368], [100.44162, 4.91548], [100.43009, 4.93298], [100.42435, 4.94585], [100.42214, 4.95611], [100.42126, 4.99027], [100.41936, 4.99553], [100.41517, 4.99571], [100.41525, 4.99681], [100.42767, 5.00767], [100.43442, 5.01653], [100.43837, 5.01404], [100.44021, 5.01697], [100.44336, 5.0182], [100.44168, 5.01951], [100.44369, 5.02124], [100.44035, 5.02368], [100.44477, 5.0298], [100.46255, 5.02658], [100.46585, 5.04982], [100.46914, 5.05377], [100.4653, 5.05647], [100.47823, 5.07522], [100.47448, 5.07643], [100.47657, 5.07927], [100.47318, 5.08048], [100.48439, 5.09614], [100.48101, 5.09737], [100.48702, 5.10183], [100.4895, 5.09711], [100.49804, 5.10021], [100.50026, 5.10288], [100.50487, 5.09829], [100.50801, 5.09818], [100.51284, 5.09432], [100.52204, 5.09572], [100.53006, 5.0872], [100.53566, 5.08839], [100.53689, 5.0939], [100.54164, 5.09571], [100.54401, 5.09349], [100.54381, 5.08743], [100.55163, 5.09098], [100.55334, 5.08979], [100.55213, 5.08724], [100.54679, 5.08673], [100.54503, 5.0832], [100.5475, 5.08038], [100.55015, 5.08556], [100.55382, 5.08577], [100.54862, 5.08], [100.55035, 5.07647], [100.55241, 5.07734], [100.55178, 5.08038], [100.55876, 5.07961], [100.56155, 5.081], [100.5628, 5.07942], [100.56258, 5.08111], [100.56613, 5.08265], [100.56503, 5.08657], [100.57036, 5.0925], [100.57346, 5.09331], [100.57336, 5.09482], [100.57653, 5.09431], [100.57672, 5.09648], [100.57992, 5.0976], [100.58557, 5.09662], [100.58201, 5.10545], [100.58792, 5.10664], [100.58685, 5.10924], [100.58949, 5.1136], [100.59186, 5.11421], [100.59097, 5.11936], [100.58926, 5.12066], [100.59229, 5.12145], [100.59185, 5.12281], [100.59388, 5.12321], [100.59318, 5.12464], [100.59432, 5.12407], [100.59555, 5.12697], [100.5966, 5.12422], [100.59765, 5.12676], [100.60269, 5.12563], [100.603, 5.12868], [100.60492, 5.12704], [100.60553, 5.13025], [100.6044, 5.13111], [100.60727, 5.1326], [100.60691, 5.13424], [100.61029, 5.13241], [100.61571, 5.13401], [100.61907, 5.13313], [100.61852, 5.1376], [100.62296, 5.13791], [100.62201, 5.14106], [100.62398, 5.14079]]]]}}, {"type": "Feature", "properties": {"state": "Perak", "seat": "N.11 Gunong Semanggol", "seat_name": "Gunong Semanggol"}, "geometry": {"type": "MultiPolygon", "coordinates": [[[[100.6865, 5.12932], [100.70983, 5.1211], [100.71428, 5.11575], [100.71028, 5.11509], [100.7129, 5.10018], [100.71817, 5.10088], [100.72036, 5.08239], [100.71976, 5.06821], [100.72796, 5.04364], [100.72845, 5.03018], [100.73266, 5.01907], [100.73051, 5.0113], [100.73457, 5.00197], [100.73229, 4.98742], [100.73358, 4.97967], [100.72998, 4.96989], [100.73047, 4.96457], [100.72551, 4.96162], [100.72384, 4.95849], [100.72301, 4.95066], [100.72018, 4.94752], [100.71724, 4.93937], [100.71314, 4.93569], [100.70865, 4.93669], [100.70543, 4.94079], [100.6983, 4.94182], [100.69097, 4.94575], [100.68401, 4.94385], [100.68391, 4.94185], [100.67566, 4.94166], [100.67457, 4.93443], [100.67283, 4.93146], [100.66998, 4.9313], [100.66751, 4.92233], [100.66368, 4.91943], [100.65658, 4.93196], [100.65313, 4.93489], [100.64879, 4.95253], [100.64952, 4.95436], [100.64698, 4.95392], [100.63496, 4.9714], [100.63631, 4.979], [100.63237, 4.97951], [100.62925, 4.98135], [100.62954, 4.98286], [100.62041, 4.98303], [100.61871, 4.98477], [100.61841, 4.98267], [100.61568, 4.98136], [100.61008, 4.9829], [100.61411, 4.98989], [100.61876, 4.99148], [100.6204, 4.99438], [100.61852, 4.99705], [100.61516, 4.99599], [100.61184, 5.00085], [100.61295, 5.00675], [100.61061, 5.01231], [100.61517, 5.01691], [100.60129, 5.01771], [100.58984, 5.01593], [100.55858, 4.96025], [100.55717, 4.96517], [100.5497, 4.96654], [100.54719, 4.96917], [100.54756, 4.9733], [100.55254, 4.97874], [100.55094, 4.98385], [100.54767, 4.98477], [100.54467, 4.9835], [100.54376, 4.97607], [100.53892, 4.97277], [100.53612, 4.97299], [100.5356, 4.98082], [100.53796, 4.98288], [100.54297, 4.98367], [100.544, 4.98654], [100.5417, 4.99109], [100.53412, 4.9944], [100.53391, 4.99943], [100.53686, 5.00433], [100.53294, 5.00693], [100.53463, 5.01057], [100.5319, 5.01721], [100.53641, 5.01924], [100.54, 5.01448], [100.56442, 5.03088], [100.56295, 5.02074], [100.56571, 5.02614], [100.57278, 5.02304], [100.584, 5.04322], [100.58917, 5.04514], [100.62712, 5.04233], [100.62635, 5.07239], [100.62358, 5.07239], [100.62183, 5.07027], [100.61683, 5.0761], [100.62434, 5.08323], [100.62228, 5.10526], [100.6304, 5.11197], [100.63566, 5.11209], [100.63831, 5.11827], [100.6416, 5.11949], [100.64196, 5.12123], [100.64725, 5.12011], [100.65135, 5.12579], [100.64615, 5.12649], [100.64639, 5.1292], [100.64787, 5.1299], [100.67972, 5.13137], [100.6865, 5.12932]]]]}}, {"type": "Feature", "properties": {"state": "Perak", "seat": "N.12 Selinsing", "seat_name": "Selinsing"}, "geometry": {"type": "MultiPolygon", "coordinates": [[[[100.52517, 5.01831], [100.52636, 5.01787], [100.52591, 5.0194], [100.53208, 5.01683], [100.53463, 5.01057], [100.53294, 5.00693], [100.53686, 5.00433], [100.53391, 4.99943], [100.53412, 4.9944], [100.5417, 4.99109], [100.5438, 4.98768], [100.54308, 4.98376], [100.53796, 4.98288], [100.5356, 4.98082], [100.53574, 4.97347], [100.53892, 4.97277], [100.54365, 4.97594], [100.54355, 4.98168], [100.54507, 4.98379], [100.55094, 4.98385], [100.55254, 4.97874], [100.54793, 4.97392], [100.54704, 4.96966], [100.54958, 4.96659], [100.55727, 4.96509], [100.55804, 4.96019], [100.58984, 5.01593], [100.60129, 5.01771], [100.61517, 5.01691], [100.61061, 5.01231], [100.61295, 5.00675], [100.61184, 5.00085], [100.61516, 4.99599], [100.61852, 4.99705], [100.6204, 4.99438], [100.61876, 4.99148], [100.61411, 4.98989], [100.61008, 4.9829], [100.61568, 4.98136], [100.61841, 4.98267], [100.61871, 4.98477], [100.62041, 4.98303], [100.62954, 4.98286], [100.62925, 4.98135], [100.63237, 4.97951], [100.63631, 4.979], [100.63496, 4.9714], [100.64698, 4.95392], [100.64952, 4.95436], [100.64879, 4.95253], [100.65313, 4.93489], [100.65658, 4.93196], [100.66368, 4.91943], [100.66751, 4.92233], [100.66998, 4.9313], [100.67283, 4.93146], [100.67457, 4.93443], [100.67566, 4.94166], [100.68391, 4.94185], [100.68401, 4.94385], [100.69097, 4.94575], [100.6983, 4.94182], [100.70543, 4.94079], [100.70785, 4.93701], [100.71314, 4.93569], [100.70304, 4.92632], [100.69777, 4.92756], [100.69094, 4.9242], [100.69063, 4.92271], [100.68664, 4.92325], [100.68455, 4.9219], [100.68208, 4.9233], [100.68155, 4.92], [100.67779, 4.91768], [100.67766, 4.91551], [100.67499, 4.91461], [100.6741, 4.91649], [100.67355, 4.91332], [100.66813, 4.9128], [100.66722, 4.90978], [100.66216, 4.90834], [100.66317, 4.9068], [100.66108, 4.9064], [100.66033, 4.90286], [100.6587, 4.9054], [100.65384, 4.90768], [100.65031, 4.90124], [100.64581, 4.90136], [100.64557, 4.89807], [100.64059, 4.89876], [100.63796, 4.89737], [100.63661, 4.89455], [100.6401, 4.88948], [100.63303, 4.88757], [100.63084, 4.88389], [100.63198, 4.88002], [100.63748, 4.87873], [100.63577, 4.87101], [100.63427, 4.86939], [100.62975, 4.87149], [100.62755, 4.86985], [100.6246, 4.8604], [100.62771, 4.85443], [100.62777, 4.85114], [100.62309, 4.84196], [100.62024, 4.83992], [100.61187, 4.83894], [100.60334, 4.84301], [100.58613, 4.84322], [100.58341, 4.84548], [100.57689, 4.85822], [100.57316, 4.86124], [100.56226, 4.85595], [100.5531, 4.85497], [100.55291, 4.86289], [100.55029, 4.86616], [100.54702, 4.87676], [100.52857, 4.87492], [100.52785, 4.87123], [100.52319, 4.86662], [100.51852, 4.8651], [100.51743, 4.86663], [100.5129, 4.8649], [100.50871, 4.86591], [100.50819, 4.86764], [100.50275, 4.86577], [100.48939, 4.86877], [100.48462, 4.87343], [100.48334, 4.88203], [100.48462, 4.88369], [100.48374, 4.88618], [100.48044, 4.88744], [100.47988, 4.89302], [100.4829, 4.90318], [100.4843, 4.90495], [100.48997, 4.90649], [100.49724, 4.91326], [100.49827, 4.91678], [100.48632, 4.92389], [100.47811, 4.92572], [100.46943, 4.92993], [100.46776, 4.92904], [100.46705, 4.92479], [100.46144, 4.92248], [100.45738, 4.9239], [100.45853, 4.92069], [100.45597, 4.9196], [100.45815, 4.93467], [100.46111, 4.94657], [100.46837, 4.94688], [100.47126, 4.94216], [100.47426, 4.9446], [100.48145, 4.94352], [100.49114, 4.95343], [100.49412, 4.95237], [100.49939, 4.94541], [100.49852, 4.93451], [100.5011, 4.92949], [100.50452, 4.92725], [100.50816, 4.92749], [100.51142, 4.93014], [100.51748, 4.94233], [100.52085, 4.94539], [100.5248, 4.94398], [100.52687, 4.93818], [100.53394, 4.94243], [100.53502, 4.94604], [100.51696, 4.95246], [100.51799, 4.97582], [100.50627, 4.97506], [100.50795, 4.98608], [100.51239, 4.98668], [100.51511, 4.9892], [100.51255, 4.99408], [100.51452, 5.00173], [100.51266, 5.00356], [100.51973, 5.01621], [100.52025, 5.02013], [100.52517, 5.01831]]]]}}, {"type": "Feature", "properties": {"state": "Perak", "seat": "N.13 Kuala Sepetang", "seat_name": "Kuala Sepetang"}, "geometry": {"type": "MultiPolygon", "coordinates": [[[[100.71873, 4.93329], [100.71688, 4.91961], [100.72065, 4.88462], [100.72296, 4.877], [100.71763, 4.87466], [100.71028, 4.87612], [100.70813, 4.87189], [100.69623, 4.85998], [100.70281, 4.8482], [100.69438, 4.84715], [100.70448, 4.82355], [100.69584, 4.81974], [100.69931, 4.8161], [100.69391, 4.8137], [100.69174, 4.805], [100.69536, 4.80348], [100.69437, 4.79755], [100.69086, 4.79878], [100.69291, 4.78091], [100.6955, 4.78066], [100.69581, 4.77839], [100.69503, 4.7759], [100.69288, 4.77605], [100.69293, 4.77079], [100.69779, 4.76902], [100.6999, 4.76988], [100.70414, 4.76675], [100.70932, 4.76682], [100.71325, 4.76483], [100.71576, 4.76658], [100.71743, 4.76448], [100.71783, 4.76778], [100.71949, 4.76849], [100.71847, 4.77047], [100.72216, 4.7703], [100.72214, 4.76901], [100.72741, 4.77033], [100.72905, 4.7682], [100.73089, 4.77099], [100.7339, 4.76879], [100.73711, 4.7711], [100.74915, 4.7676], [100.74504, 4.75529], [100.74475, 4.74897], [100.73931, 4.74263], [100.73845, 4.73904], [100.7136, 4.7331], [100.71145, 4.73523], [100.71163, 4.74048], [100.70569, 4.74338], [100.6963, 4.74098], [100.68935, 4.74203], [100.68696, 4.74019], [100.68502, 4.7409], [100.68318, 4.74552], [100.68122, 4.74194], [100.67996, 4.74534], [100.67607, 4.74547], [100.67178, 4.74088], [100.6725, 4.73648], [100.66897, 4.73444], [100.66343, 4.74472], [100.64749, 4.75779], [100.63418, 4.75534], [100.6292, 4.76369], [100.62526, 4.76648], [100.59474, 4.76578], [100.57983, 4.7888], [100.57268, 4.78622], [100.56964, 4.7871], [100.55908, 4.80139], [100.55618, 4.80859], [100.55314, 4.82562], [100.54851, 4.83365], [100.55083, 4.84109], [100.54943, 4.84699], [100.55314, 4.85222], [100.5531, 4.85497], [100.56226, 4.85595], [100.57316, 4.86124], [100.57689, 4.85822], [100.58341, 4.84548], [100.58633, 4.84313], [100.60334, 4.84301], [100.61187, 4.83894], [100.62125, 4.84029], [100.62777, 4.85114], [100.62771, 4.85443], [100.6246, 4.8604], [100.62743, 4.8696], [100.62925, 4.87147], [100.63427, 4.86939], [100.63581, 4.87114], [100.63748, 4.87873], [100.63198, 4.88002], [100.63084, 4.88389], [100.63303, 4.88757], [100.6401, 4.88948], [100.63655, 4.8948], [100.63827, 4.89768], [100.64543, 4.89798], [100.64581, 4.90136], [100.65031, 4.90124], [100.65384, 4.90768], [100.6587, 4.9054], [100.66033, 4.90286], [100.66108, 4.9064], [100.66317, 4.9068], [100.66216, 4.90834], [100.66722, 4.90978], [100.66813, 4.9128], [100.67355, 4.91332], [100.6741, 4.91649], [100.67499, 4.91461], [100.67766, 4.91551], [100.67779, 4.91768], [100.68155, 4.92], [100.68215, 4.92334], [100.68455, 4.9219], [100.68664, 4.92325], [100.69063, 4.92271], [100.69094, 4.9242], [100.69777, 4.92756], [100.70304, 4.92632], [100.71314, 4.93569], [100.71873, 4.93329]]]]}}, {"type": "Feature", "properties": {"state": "Perak", "seat": "N.14 Changkat Jering", "seat_name": "Changkat Jering"}, "geometry": {"type": "MultiPolygon", "coordinates": [[[[100.73183, 4.83207], [100.73976, 4.82112], [100.74079, 4.81241], [100.74201, 4.81129], [100.74523, 4.81206], [100.74472, 4.81414], [100.74715, 4.81391], [100.74815, 4.81613], [100.75296, 4.81224], [100.75162, 4.80687], [100.75555, 4.80375], [100.7537, 4.80096], [100.75732, 4.79624], [100.80749, 4.8062], [100.80545, 4.7907], [100.81343, 4.77876], [100.81154, 4.77401], [100.81422, 4.7706], [100.81253, 4.76033], [100.79962, 4.74253], [100.78803, 4.74266], [100.78832, 4.74014], [100.78329, 4.73952], [100.78041, 4.7416], [100.76826, 4.74168], [100.76752, 4.74629], [100.76371, 4.74637], [100.76241, 4.74816], [100.75972, 4.74672], [100.7592, 4.74977], [100.75201, 4.75087], [100.74613, 4.75561], [100.74915, 4.7676], [100.74096, 4.77049], [100.73711, 4.7711], [100.7339, 4.76879], [100.73089, 4.77099], [100.72905, 4.7682], [100.72741, 4.77033], [100.72214, 4.76901], [100.72216, 4.7703], [100.71847, 4.77047], [100.71949, 4.76849], [100.71783, 4.76778], [100.71743, 4.76448], [100.71576, 4.76658], [100.71325, 4.76483], [100.70932, 4.76682], [100.70414, 4.76675], [100.6999, 4.76988], [100.69779, 4.76902], [100.69293, 4.77079], [100.69288, 4.77605], [100.69503, 4.7759], [100.69581, 4.77839], [100.6955, 4.78066], [100.69291, 4.78091], [100.69086, 4.79878], [100.69437, 4.79755], [100.69536, 4.80348], [100.69174, 4.805], [100.69391, 4.8137], [100.69931, 4.8161], [100.69584, 4.81974], [100.70247, 4.82274], [100.7032, 4.82103], [100.70455, 4.82186], [100.71053, 4.81389], [100.71172, 4.80846], [100.72197, 4.8141], [100.72007, 4.81662], [100.72089, 4.81752], [100.71518, 4.81895], [100.71592, 4.82144], [100.71194, 4.82333], [100.7156, 4.82464], [100.72232, 4.83086], [100.72978, 4.83425], [100.73183, 4.83207]]]]}}, {"type": "Feature", "properties": {"state": "Perak", "seat": "N.15 Trong", "seat_name": "Trong"}, "geometry": {"type": "MultiPolygon", "coordinates": [[[[100.61816, 4.76552], [100.62678, 4.76592], [100.6323, 4.75679], [100.63506, 4.75505], [100.64484, 4.75828], [100.6478, 4.75761], [100.66343, 4.74472], [100.66897, 4.73444], [100.6725, 4.73648], [100.67178, 4.74088], [100.67607, 4.74547], [100.67996, 4.74534], [100.68122, 4.74194], [100.68318, 4.74552], [100.68502, 4.7409], [100.68696, 4.74019], [100.68935, 4.74203], [100.6963, 4.74098], [100.70569, 4.74338], [100.71163, 4.74048], [100.71145, 4.73523], [100.7136, 4.7331], [100.73577, 4.73823], [100.73845, 4.73904], [100.73931, 4.74263], [100.74475, 4.74897], [100.7459, 4.75587], [100.75201, 4.75087], [100.7592, 4.74977], [100.75972, 4.74672], [100.76241, 4.74816], [100.76371, 4.74637], [100.76752, 4.74629], [100.76826, 4.74168], [100.78041, 4.7416], [100.78329, 4.73952], [100.78832, 4.74014], [100.78803, 4.74266], [100.79924, 4.7424], [100.80006, 4.73746], [100.79887, 4.73618], [100.79862, 4.72652], [100.79644, 4.7244], [100.79471, 4.71777], [100.78891, 4.71515], [100.78816, 4.71123], [100.7824, 4.70522], [100.78626, 4.6938], [100.7935, 4.69319], [100.79754, 4.69124], [100.79884, 4.68826], [100.80685, 4.68343], [100.80661, 4.68064], [100.80204, 4.67822], [100.79803, 4.66836], [100.80748, 4.65688], [100.80732, 4.64795], [100.81191, 4.64339], [100.80471, 4.62891], [100.80588, 4.62709], [100.80359, 4.62049], [100.79842, 4.6153], [100.79929, 4.60687], [100.79615, 4.60606], [100.79108, 4.60044], [100.78971, 4.59118], [100.79078, 4.58672], [100.78393, 4.58008], [100.77587, 4.58269], [100.77519, 4.57599], [100.76867, 4.56808], [100.76874, 4.56385], [100.76338, 4.55927], [100.76417, 4.55537], [100.75746, 4.55092], [100.75707, 4.54739], [100.74974, 4.54398], [100.74848, 4.52903], [100.74579, 4.52828], [100.74078, 4.5228], [100.64928, 4.52824], [100.6492, 4.52606], [100.64659, 4.52514], [100.6429, 4.52775], [100.63847, 4.52712], [100.62868, 4.53644], [100.62738, 4.54619], [100.622, 4.55511], [100.61716, 4.55467], [100.61196, 4.55737], [100.61303, 4.55922], [100.61114, 4.55809], [100.61083, 4.56018], [100.60915, 4.55925], [100.60707, 4.56072], [100.6077, 4.56223], [100.60562, 4.56155], [100.60649, 4.56346], [100.60453, 4.5624], [100.60497, 4.56451], [100.60366, 4.5628], [100.60175, 4.56367], [100.60292, 4.56529], [100.60064, 4.56417], [100.59907, 4.5648], [100.59983, 4.56643], [100.59592, 4.56619], [100.59647, 4.56804], [100.59492, 4.56716], [100.59442, 4.56874], [100.59519, 4.57138], [100.59413, 4.5698], [100.59046, 4.57161], [100.5895, 4.57503], [100.58918, 4.5719], [100.59133, 4.56884], [100.58444, 4.56505], [100.5808, 4.56577], [100.58166, 4.58021], [100.58513, 4.5942], [100.58746, 4.59579], [100.5862, 4.59702], [100.58548, 4.59595], [100.58282, 4.60026], [100.58403, 4.60523], [100.58664, 4.60959], [100.58811, 4.61824], [100.59083, 4.61974], [100.59321, 4.62662], [100.60233, 4.64096], [100.61502, 4.64845], [100.62151, 4.6458], [100.62271, 4.64888], [100.62777, 4.65304], [100.63517, 4.65377], [100.63406, 4.65677], [100.63867, 4.6631], [100.64249, 4.66546], [100.64884, 4.66597], [100.64927, 4.6687], [100.65652, 4.67284], [100.65608, 4.67501], [100.65182, 4.67542], [100.65219, 4.67917], [100.64804, 4.68506], [100.6375, 4.67491], [100.62969, 4.67727], [100.6293, 4.68284], [100.61943, 4.67653], [100.61332, 4.67542], [100.61212, 4.67671], [100.60857, 4.6735], [100.59311, 4.66785], [100.59035, 4.67484], [100.58986, 4.68242], [100.58502, 4.68871], [100.57869, 4.71329], [100.57869, 4.71972], [100.5836, 4.7266], [100.57908, 4.73019], [100.5765, 4.73729], [100.57629, 4.74949], [100.58074, 4.76222], [100.58391, 4.76579], [100.5871, 4.76613], [100.59682, 4.76201], [100.59474, 4.76578], [100.60447, 4.76679], [100.61816, 4.76552]]]]}}, {"type": "Feature", "properties": {"state": "Perak", "seat": "N.16 Kamunting", "seat_name": "Kamunting"}, "geometry": {"type": "MultiPolygon", "coordinates": [[[[100.74902, 4.93387], [100.75805, 4.92712], [100.76175, 4.91115], [100.76795, 4.90984], [100.77091, 4.9073], [100.77457, 4.89747], [100.77336, 4.89466], [100.78646, 4.88344], [100.78951, 4.87598], [100.80266, 4.86034], [100.80467, 4.86051], [100.80731, 4.85739], [100.80882, 4.85025], [100.76888, 4.85776], [100.7623, 4.85473], [100.75678, 4.85822], [100.75196, 4.85668], [100.75153, 4.85848], [100.75796, 4.86316], [100.75849, 4.86857], [100.7554, 4.87008], [100.75455, 4.87229], [100.75082, 4.86995], [100.74794, 4.87024], [100.7434, 4.8736], [100.74143, 4.87231], [100.73936, 4.87446], [100.73714, 4.87271], [100.73607, 4.87419], [100.73619, 4.87247], [100.73319, 4.87341], [100.72961, 4.87228], [100.72948, 4.87371], [100.72356, 4.87556], [100.72065, 4.88462], [100.71688, 4.91961], [100.71937, 4.91976], [100.7199, 4.9172], [100.72508, 4.91772], [100.72416, 4.92134], [100.73483, 4.93067], [100.73513, 4.92696], [100.73679, 4.9302], [100.74494, 4.92867], [100.74902, 4.93387]]]]}}, {"type": "Feature", "properties": {"state": "Perak", "seat": "N.17 Pokok Assam", "seat_name": "Pokok Assam"}, "geometry": {"type": "MultiPolygon", "coordinates": [[[[100.74103, 4.87274], [100.7434, 4.8736], [100.74437, 4.87174], [100.74617, 4.8727], [100.74794, 4.87024], [100.75082, 4.86995], [100.75455, 4.87229], [100.7554, 4.87008], [100.75849, 4.86857], [100.75796, 4.86316], [100.75153, 4.85848], [100.75196, 4.85668], [100.75678, 4.85822], [100.7623, 4.85473], [100.76888, 4.85776], [100.80882, 4.85025], [100.80979, 4.84539], [100.80749, 4.8062], [100.75732, 4.79624], [100.7537, 4.80096], [100.75555, 4.80375], [100.75162, 4.80687], [100.75296, 4.81224], [100.75199, 4.81357], [100.74815, 4.81613], [100.74715, 4.81391], [100.74472, 4.81414], [100.74523, 4.81206], [100.74201, 4.81129], [100.74079, 4.81241], [100.73796, 4.82475], [100.72957, 4.83466], [100.73225, 4.83903], [100.73366, 4.84682], [100.74162, 4.85366], [100.7372, 4.86044], [100.72891, 4.86658], [100.73193, 4.86667], [100.73784, 4.87081], [100.73949, 4.87438], [100.74103, 4.87274]]]]}}, {"type": "Feature", "properties": {"state": "Perak", "seat": "N.18 Aulong", "seat_name": "Aulong"}, "geometry": {"type": "MultiPolygon", "coordinates": [[[[100.7232, 4.87644], [100.72948, 4.87371], [100.72961, 4.87228], [100.73319, 4.87341], [100.73619, 4.87247], [100.73607, 4.87419], [100.73714, 4.87271], [100.73949, 4.87438], [100.73784, 4.87081], [100.73193, 4.86667], [100.72891, 4.86658], [100.7372, 4.86044], [100.74162, 4.85366], [100.73366, 4.84682], [100.72991, 4.83427], [100.72232, 4.83086], [100.7156, 4.82464], [100.71194, 4.82333], [100.71592, 4.82144], [100.71518, 4.81895], [100.72089, 4.81752], [100.72007, 4.81662], [100.72197, 4.8141], [100.71172, 4.80846], [100.71053, 4.81389], [100.70455, 4.82186], [100.70302, 4.82138], [100.70247, 4.82274], [100.70443, 4.82373], [100.69438, 4.84715], [100.70281, 4.8482], [100.69623, 4.85998], [100.70813, 4.87189], [100.71028, 4.87612], [100.71672, 4.87463], [100.7232, 4.87644]]]]}}, {"type": "Feature", "properties": {"state": "Perak", "seat": "N.19 Chenderoh", "seat_name": "Chenderoh"}, "geometry": {"type": "MultiPolygon", "coordinates": [[[[100.92051, 4.98411], [100.93949, 4.98106], [100.94388, 4.97852], [100.94961, 4.97824], [100.96214, 4.97426], [100.95534, 4.96581], [100.95577, 4.96334], [100.95929, 4.96008], [100.97033, 4.96711], [100.97455, 4.96846], [100.9771, 4.96734], [100.98248, 4.93995], [100.97924, 4.92534], [100.98111, 4.91496], [100.98599, 4.90878], [100.99301, 4.90396], [100.99512, 4.89797], [100.99373, 4.88588], [100.98666, 4.88372], [100.98291, 4.88553], [100.98043, 4.89139], [100.96429, 4.89996], [100.95961, 4.90063], [100.95631, 4.89754], [100.95341, 4.88489], [100.9485, 4.8762], [100.94836, 4.86102], [100.95154, 4.84892], [100.96433, 4.83376], [100.96629, 4.8235], [100.94892, 4.79493], [100.94737, 4.7834], [100.94265, 4.78379], [100.9401, 4.78149], [100.93529, 4.78247], [100.93652, 4.79219], [100.93335, 4.79349], [100.93099, 4.79045], [100.92757, 4.79144], [100.92714, 4.79421], [100.92317, 4.79375], [100.91434, 4.80466], [100.92306, 4.81469], [100.92453, 4.8233], [100.92144, 4.83231], [100.91938, 4.83241], [100.91382, 4.83778], [100.90547, 4.84806], [100.90539, 4.84551], [100.9026, 4.84559], [100.90165, 4.85292], [100.81472, 4.85962], [100.81668, 4.86351], [100.82122, 4.8645], [100.83329, 4.87391], [100.84134, 4.87547], [100.84504, 4.87813], [100.84994, 4.87787], [100.85162, 4.88291], [100.85526, 4.88525], [100.85767, 4.89618], [100.85525, 4.89892], [100.85737, 4.90255], [100.85588, 4.90625], [100.85651, 4.90964], [100.8603, 4.91495], [100.86539, 4.917], [100.86323, 4.91923], [100.86709, 4.92439], [100.86577, 4.92912], [100.86043, 4.93119], [100.85801, 4.93591], [100.86438, 4.94452], [100.8731, 4.94927], [100.86961, 4.95759], [100.8732, 4.96354], [100.87324, 4.96681], [100.88264, 4.97338], [100.88497, 4.97212], [100.90061, 4.97796], [100.9067, 4.97643], [100.9106, 4.98141], [100.92051, 4.98411]]]]}}, {"type": "Feature", "properties": {"state": "Perak", "seat": "N.20 Lubok Merbau", "seat_name": "Lubok Merbau"}, "geometry": {"type": "MultiPolygon", "coordinates": [[[[100.81339, 4.85969], [100.90165, 4.85292], [100.9026, 4.84559], [100.90539, 4.84551], [100.90547, 4.84806], [100.91382, 4.83778], [100.91938, 4.83241], [100.92144, 4.83231], [100.92453, 4.8233], [100.92306, 4.81469], [100.91434, 4.80466], [100.91653, 4.80116], [100.92317, 4.79375], [100.92714, 4.79421], [100.92757, 4.79144], [100.93099, 4.79045], [100.93335, 4.79349], [100.93652, 4.79219], [100.93529, 4.78247], [100.9401, 4.78149], [100.94265, 4.78379], [100.94737, 4.7834], [100.9462, 4.77862], [100.93352, 4.77707], [100.92728, 4.77432], [100.91846, 4.77524], [100.91854, 4.78076], [100.91358, 4.78576], [100.91188, 4.78554], [100.91231, 4.78835], [100.90777, 4.79442], [100.90567, 4.79507], [100.90307, 4.79178], [100.90415, 4.79044], [100.90141, 4.79031], [100.89904, 4.78668], [100.90506, 4.77594], [100.90387, 4.7737], [100.89845, 4.77121], [100.90254, 4.76428], [100.89891, 4.76701], [100.89384, 4.76769], [100.89036, 4.7538], [100.88874, 4.75452], [100.88412, 4.74519], [100.88119, 4.7474], [100.8794, 4.74694], [100.87842, 4.74283], [100.88146, 4.73897], [100.87713, 4.7311], [100.87398, 4.7297], [100.87404, 4.71068], [100.80723, 4.68219], [100.80618, 4.68422], [100.79884, 4.68826], [100.79754, 4.69124], [100.7935, 4.69319], [100.78626, 4.6938], [100.7824, 4.70522], [100.78816, 4.71123], [100.78891, 4.71515], [100.79471, 4.71777], [100.79644, 4.7244], [100.79862, 4.72652], [100.79887, 4.73618], [100.80006, 4.73746], [100.79924, 4.7424], [100.81271, 4.76088], [100.81422, 4.7706], [100.81154, 4.77401], [100.81343, 4.77876], [100.80545, 4.7907], [100.80874, 4.81717], [100.80845, 4.83665], [100.80979, 4.84539], [100.80695, 4.85692], [100.81339, 4.85969]]]]}}, {"type": "Feature", "properties": {"state": "Perak", "seat": "N.21 Lintang", "seat_name": "Lintang"}, "geometry": {"type": "MultiPolygon", "coordinates": [[[[101.3164, 5.17218], [101.32602, 5.15834], [101.33571, 5.15341], [101.3379, 5.15014], [101.34321, 5.13476], [101.35088, 5.12046], [101.34924, 5.11488], [101.3515, 5.11089], [101.35527, 5.10982], [101.35824, 5.10537], [101.36749, 5.11701], [101.37316, 5.11212], [101.3785, 5.11119], [101.38417, 5.10586], [101.3949, 5.1009], [101.39636, 5.09452], [101.40967, 5.08385], [101.41098, 5.07434], [101.41317, 5.06969], [101.41323, 5.05832], [101.4245, 5.0311], [101.43354, 5.02825], [101.4351, 5.02373], [101.44287, 5.02096], [101.45292, 5.00675], [101.44868, 5.00168], [101.44727, 4.99581], [101.44484, 4.9947], [101.44119, 4.99643], [101.4391, 4.99422], [101.43316, 4.99336], [101.42364, 4.98382], [101.42621, 4.97744], [101.42578, 4.97267], [101.4319, 4.96938], [101.43722, 4.96217], [101.44581, 4.95884], [101.4492, 4.94789], [101.4442, 4.94195], [101.45419, 4.92331], [101.45433, 4.90511], [101.45098, 4.90128], [101.45391, 4.89184], [101.4463, 4.88392], [101.44533, 4.87852], [101.43649, 4.87951], [101.43668, 4.87192], [101.43873, 4.87028], [101.43709, 4.86678], [101.44355, 4.86303], [101.44561, 4.85849], [101.4403, 4.85754], [101.43554, 4.86024], [101.43089, 4.85923], [101.42396, 4.85207], [101.42184, 4.85441], [101.41747, 4.85325], [101.40993, 4.85727], [101.40216, 4.86566], [101.39936, 4.86381], [101.3988, 4.85664], [101.38986, 4.85518], [101.384, 4.86017], [101.38365, 4.86395], [101.37761, 4.86711], [101.37429, 4.86224], [101.36647, 4.85585], [101.36868, 4.84247], [101.36626, 4.84318], [101.3637, 4.84745], [101.36149, 4.84757], [101.36127, 4.84139], [101.35403, 4.84312], [101.34913, 4.84177], [101.3486, 4.83509], [101.3422, 4.83802], [101.33682, 4.83615], [101.33088, 4.83833], [101.3264, 4.83367], [101.32286, 4.83249], [101.31318, 4.84349], [101.31473, 4.84854], [101.31154, 4.85818], [101.30758, 4.85697], [101.29796, 4.85861], [101.29347, 4.85999], [101.29004, 4.86391], [101.28155, 4.86604], [101.27956, 4.8625], [101.28181, 4.85381], [101.27936, 4.85428], [101.27515, 4.85183], [101.26586, 4.85787], [101.2622, 4.85645], [101.25905, 4.85245], [101.25412, 4.8534], [101.25156, 4.85682], [101.24184, 4.85842], [101.2406, 4.86243], [101.23497, 4.86514], [101.23447, 4.86683], [101.23929, 4.87148], [101.23923, 4.87642], [101.24425, 4.87852], [101.24638, 4.88237], [101.2456, 4.88351], [101.24764, 4.88342], [101.24915, 4.88593], [101.24578, 4.88766], [101.24668, 4.88894], [101.24436, 4.88907], [101.22453, 4.88639], [101.22366, 4.88853], [101.22657, 4.89243], [101.22468, 4.89407], [101.22185, 4.89386], [101.219, 4.89077], [101.21775, 4.89178], [101.21938, 4.89539], [101.21846, 4.89672], [101.21636, 4.89655], [101.21363, 4.89356], [101.20872, 4.89443], [101.20764, 4.8987], [101.20364, 4.89987], [101.20851, 4.90167], [101.20498, 4.90588], [101.20941, 4.90907], [101.20837, 4.91423], [101.20183, 4.91411], [101.20071, 4.8651], [101.19616, 4.86495], [101.19032, 4.8618], [101.1878, 4.86233], [101.18589, 4.86501], [101.18254, 4.86501], [101.18534, 4.85976], [101.18504, 4.85469], [101.18028, 4.85268], [101.17621, 4.84539], [101.17188, 4.84567], [101.17188, 4.85047], [101.16281, 4.8505], [101.15724, 4.85351], [101.12776, 4.85307], [101.12389, 4.85003], [101.12284, 4.85165], [101.11726, 4.85256], [101.10212, 4.85261], [101.10168, 4.8543], [101.08665, 4.855], [101.08545, 4.85279], [101.0797, 4.85461], [101.08332, 4.84779], [101.08055, 4.84303], [101.08062, 4.82832], [101.07796, 4.8286], [101.07891, 4.82606], [101.07242, 4.8201], [101.06007, 4.82435], [101.06015, 4.82072], [101.05797, 4.82097], [101.05727, 4.8179], [101.05957, 4.81527], [101.06093, 4.81606], [101.05971, 4.81042], [101.05011, 4.81106], [101.04543, 4.80788], [100.98788, 4.7987], [100.98816, 4.79694], [100.9806, 4.78772], [100.9682, 4.78576], [100.95904, 4.78153], [100.9462, 4.77862], [100.94892, 4.79493], [100.9664, 4.82443], [100.96398, 4.83447], [100.9512, 4.84952], [100.94836, 4.86102], [100.9485, 4.8762], [100.95341, 4.88489], [100.95613, 4.89715], [100.95961, 4.90063], [100.96429, 4.89996], [100.98043, 4.89139], [100.98291, 4.88553], [100.98596, 4.88376], [100.99308, 4.88486], [100.99496, 4.88953], [100.99365, 4.90318], [100.98599, 4.90878], [100.98111, 4.91496], [100.97924, 4.92534], [100.98248, 4.93995], [100.97745, 4.96686], [100.97486, 4.96845], [100.97133, 4.96751], [100.95929, 4.96008], [100.95528, 4.96549], [100.96164, 4.97373], [100.96975, 4.97428], [100.98208, 4.97981], [100.98853, 4.98078], [100.99123, 4.98014], [100.99751, 4.97226], [101.00459, 4.97043], [101.01115, 4.9663], [101.01622, 4.96762], [101.01818, 4.9697], [101.02515, 4.96865], [101.02726, 4.97153], [101.02811, 4.9768], [101.03267, 4.98236], [101.03155, 4.98619], [101.03782, 4.98868], [101.03902, 4.99494], [101.04322, 4.99999], [101.04205, 5.0041], [101.04292, 5.01181], [101.04764, 5.01599], [101.04636, 5.0205], [101.04913, 5.02152], [101.05132, 5.02469], [101.05541, 5.02399], [101.05833, 5.02147], [101.06212, 5.02148], [101.06347, 5.02366], [101.06179, 5.02962], [101.06252, 5.0354], [101.06532, 5.03897], [101.0658, 5.04361], [101.07442, 5.04699], [101.07551, 5.0534], [101.0809, 5.05837], [101.07918, 5.06239], [101.08185, 5.06695], [101.08699, 5.06985], [101.0925, 5.06905], [101.09508, 5.07467], [101.09947, 5.07557], [101.10313, 5.06819], [101.10547, 5.06674], [101.11098, 5.07334], [101.11711, 5.0736], [101.11895, 5.07064], [101.12308, 5.06961], [101.12652, 5.06665], [101.13447, 5.06525], [101.13916, 5.06188], [101.15051, 5.06389], [101.15357, 5.06299], [101.15345, 5.0661], [101.15637, 5.06874], [101.15769, 5.06787], [101.15761, 5.07059], [101.15917, 5.0711], [101.15722, 5.07265], [101.15767, 5.07469], [101.16258, 5.07445], [101.16419, 5.07774], [101.1727, 5.08334], [101.17431, 5.08877], [101.17831, 5.08776], [101.18846, 5.09597], [101.18976, 5.10094], [101.19116, 5.10111], [101.19476, 5.09695], [101.1909, 5.09316], [101.19494, 5.08782], [101.20047, 5.09022], [101.20227, 5.0885], [101.20846, 5.09444], [101.22109, 5.11351], [101.22956, 5.13933], [101.2543, 5.13681], [101.27071, 5.13914], [101.27847, 5.14344], [101.29398, 5.15899], [101.29643, 5.16518], [101.29251, 5.17091], [101.2992, 5.17792], [101.3036, 5.17931], [101.30938, 5.17841], [101.3164, 5.17218]]]]}}, {"type": "Feature", "properties": {"state": "Perak", "seat": "N.22 Jalong", "seat_name": "Jalong"}, "geometry": {"type": "MultiPolygon", "coordinates": [[[[101.20691, 4.91451], [101.20837, 4.91423], [101.20952, 4.90941], [101.20499, 4.90577], [101.20851, 4.90167], [101.20364, 4.89987], [101.20764, 4.8987], [101.20872, 4.89443], [101.21363, 4.89356], [101.21636, 4.89655], [101.21846, 4.89672], [101.21938, 4.89539], [101.21775, 4.89178], [101.219, 4.89077], [101.22185, 4.89386], [101.22468, 4.89407], [101.22657, 4.89243], [101.22366, 4.88853], [101.22453, 4.88639], [101.24436, 4.88907], [101.24668, 4.88894], [101.24578, 4.88766], [101.24915, 4.88593], [101.24764, 4.88342], [101.2456, 4.88351], [101.24638, 4.88237], [101.24425, 4.87852], [101.23923, 4.87642], [101.23929, 4.87148], [101.23447, 4.86683], [101.23497, 4.86514], [101.2406, 4.86243], [101.24184, 4.85842], [101.25156, 4.85682], [101.25412, 4.8534], [101.25905, 4.85245], [101.2622, 4.85645], [101.26586, 4.85787], [101.27515, 4.85183], [101.27936, 4.85428], [101.28181, 4.85381], [101.27956, 4.8625], [101.28155, 4.86604], [101.29004, 4.86391], [101.29347, 4.85999], [101.29796, 4.85861], [101.30758, 4.85697], [101.31154, 4.85818], [101.31473, 4.84854], [101.31318, 4.84349], [101.32286, 4.83249], [101.3264, 4.83367], [101.33088, 4.83833], [101.33682, 4.83615], [101.3422, 4.83802], [101.3486, 4.83509], [101.34913, 4.84177], [101.35403, 4.84312], [101.36127, 4.84139], [101.36149, 4.84757], [101.3637, 4.84745], [101.36626, 4.84318], [101.36868, 4.84247], [101.36647, 4.85585], [101.37429, 4.86224], [101.37761, 4.86711], [101.38365, 4.86395], [101.384, 4.86017], [101.38986, 4.85518], [101.3988, 4.85664], [101.39936, 4.86381], [101.40216, 4.86566], [101.41189, 4.85606], [101.40991, 4.85339], [101.41198, 4.84467], [101.40322, 4.84385], [101.40314, 4.83886], [101.3997, 4.83415], [101.40664, 4.82648], [101.41058, 4.81654], [101.41516, 4.81208], [101.41479, 4.80889], [101.40984, 4.79654], [101.40609, 4.79375], [101.40576, 4.78907], [101.39613, 4.77419], [101.39792, 4.76431], [101.39491, 4.7627], [101.38742, 4.7643], [101.3809, 4.76114], [101.37391, 4.76111], [101.37946, 4.75037], [101.37956, 4.74186], [101.38253, 4.73934], [101.38755, 4.72564], [101.38771, 4.72041], [101.38191, 4.71411], [101.37995, 4.70855], [101.37532, 4.70689], [101.37251, 4.70765], [101.36944, 4.71317], [101.3648, 4.714], [101.3577, 4.70611], [101.3513, 4.70539], [101.34701, 4.71239], [101.3429, 4.71208], [101.3398, 4.70571], [101.34016, 4.69991], [101.33488, 4.69748], [101.33297, 4.69464], [101.33406, 4.68339], [101.33075, 4.68119], [101.31984, 4.68071], [101.31071, 4.67833], [101.30598, 4.68733], [101.29694, 4.69007], [101.29569, 4.70387], [101.28765, 4.71282], [101.28558, 4.71421], [101.27777, 4.71273], [101.27131, 4.71739], [101.27023, 4.72737], [101.2672, 4.73282], [101.26052, 4.73076], [101.25227, 4.7326], [101.24704, 4.73841], [101.24433, 4.74737], [101.2384, 4.74786], [101.23609, 4.75283], [101.23265, 4.75522], [101.22453, 4.75063], [101.22081, 4.75171], [101.2174, 4.74938], [101.21535, 4.75071], [101.21586, 4.75495], [101.21231, 4.75991], [101.20708, 4.76375], [101.1985, 4.76296], [101.19659, 4.77004], [101.19208, 4.77495], [101.18638, 4.77569], [101.18385, 4.77453], [101.17915, 4.77601], [101.17479, 4.77408], [101.17289, 4.77572], [101.17013, 4.77389], [101.16589, 4.77534], [101.16647, 4.77997], [101.14547, 4.78217], [101.1428, 4.78013], [101.13374, 4.78079], [101.12511, 4.78397], [101.1166, 4.78002], [101.11559, 4.77581], [101.10582, 4.77279], [101.10354, 4.77359], [101.07836, 4.76369], [101.07216, 4.76872], [101.06894, 4.76736], [101.06662, 4.76825], [101.06363, 4.76255], [101.05949, 4.76163], [101.05731, 4.75876], [101.04987, 4.7676], [101.05115, 4.77121], [101.05005, 4.78088], [101.03771, 4.78765], [101.01549, 4.80405], [101.04543, 4.80788], [101.05011, 4.81106], [101.05971, 4.81042], [101.06093, 4.81606], [101.05957, 4.81527], [101.05727, 4.8179], [101.05797, 4.82097], [101.06015, 4.82072], [101.06007, 4.82435], [101.07242, 4.8201], [101.07442, 4.82286], [101.07569, 4.82233], [101.07679, 4.82523], [101.07891, 4.82606], [101.07796, 4.8286], [101.08062, 4.82832], [101.08055, 4.84303], [101.0833, 4.84633], [101.0797, 4.85461], [101.08545, 4.85279], [101.08665, 4.855], [101.10168, 4.8543], [101.10212, 4.85261], [101.11726, 4.85256], [101.12284, 4.85165], [101.12389, 4.85003], [101.12776, 4.85307], [101.15724, 4.85351], [101.16281, 4.8505], [101.17188, 4.85047], [101.17188, 4.84567], [101.17621, 4.84539], [101.18028, 4.85268], [101.18504, 4.85469], [101.18534, 4.85976], [101.18254, 4.86501], [101.18589, 4.86501], [101.1878, 4.86233], [101.19032, 4.8618], [101.19616, 4.86495], [101.20071, 4.8651], [101.20183, 4.91411], [101.20691, 4.91451]]]]}}, {"type": "Feature", "properties": {"state": "Perak", "seat": "N.23 Manjoi", "seat_name": "Manjoi"}, "geometry": {"type": "MultiPolygon", "coordinates": [[[[101.0999, 4.73139], [101.10913, 4.73399], [101.11062, 4.72856], [101.11307, 4.72745], [101.12174, 4.7341], [101.12306, 4.71372], [101.14881, 4.69073], [101.13987, 4.68239], [101.14527, 4.67475], [101.14897, 4.67335], [101.14885, 4.67185], [101.13717, 4.67096], [101.1327, 4.66897], [101.11604, 4.64729], [101.1108, 4.64877], [101.10957, 4.65125], [101.11052, 4.65263], [101.10772, 4.65486], [101.10603, 4.65271], [101.10184, 4.65485], [101.09278, 4.65365], [101.08793, 4.64381], [101.08585, 4.64337], [101.0861, 4.64104], [101.08072, 4.63722], [101.08031, 4.62942], [101.07334, 4.61454], [101.06831, 4.61077], [101.06441, 4.61153], [101.06308, 4.60721], [101.05634, 4.61135], [101.06246, 4.63251], [101.06607, 4.63318], [101.06441, 4.63448], [101.06738, 4.63915], [101.06656, 4.64193], [101.05995, 4.64562], [101.05757, 4.64446], [101.0567, 4.64142], [101.04596, 4.64639], [101.04528, 4.65], [101.03546, 4.65042], [101.03068, 4.65533], [101.02137, 4.65894], [101.01948, 4.66776], [101.02856, 4.67352], [101.02712, 4.67509], [101.02804, 4.68864], [101.03038, 4.69426], [101.04016, 4.69413], [101.04337, 4.69728], [101.04276, 4.70224], [101.03706, 4.70557], [101.0342, 4.71321], [101.03997, 4.73158], [101.04579, 4.7347], [101.04732, 4.73886], [101.05072, 4.74036], [101.05326, 4.74376], [101.05259, 4.75013], [101.09828, 4.73331], [101.09785, 4.73139], [101.0999, 4.73139]]]]}}, {"type": "Feature", "properties": {"state": "Perak", "seat": "N.24 Hulu Kinta", "seat_name": "Hulu Kinta"}, "geometry": {"type": "MultiPolygon", "coordinates": [[[[101.14109, 4.78061], [101.1428, 4.78013], [101.14547, 4.78217], [101.16647, 4.77997], [101.16589, 4.77534], [101.17013, 4.77389], [101.17289, 4.77572], [101.17479, 4.77408], [101.17915, 4.77601], [101.18385, 4.77453], [101.18638, 4.77569], [101.19208, 4.77495], [101.19659, 4.77004], [101.1985, 4.76296], [101.20708, 4.76375], [101.21231, 4.75991], [101.21586, 4.75495], [101.21535, 4.75071], [101.2174, 4.74938], [101.22081, 4.75171], [101.22453, 4.75063], [101.23051, 4.75482], [101.2347, 4.75425], [101.2384, 4.74786], [101.24474, 4.74688], [101.24704, 4.73841], [101.25227, 4.7326], [101.26052, 4.73076], [101.26761, 4.73247], [101.27059, 4.72597], [101.27131, 4.71739], [101.27777, 4.71273], [101.28558, 4.71421], [101.28765, 4.71282], [101.29569, 4.70387], [101.29694, 4.69007], [101.30598, 4.68733], [101.31071, 4.67833], [101.31984, 4.68071], [101.33075, 4.68119], [101.33406, 4.68339], [101.33644, 4.68046], [101.3419, 4.67786], [101.34576, 4.67203], [101.35022, 4.67031], [101.35147, 4.66431], [101.35468, 4.66109], [101.35821, 4.66006], [101.36175, 4.65273], [101.36387, 4.63687], [101.36639, 4.63438], [101.37142, 4.635], [101.37707, 4.6305], [101.37079, 4.62298], [101.37211, 4.61472], [101.37405, 4.61401], [101.37364, 4.60966], [101.36497, 4.60767], [101.3642, 4.60545], [101.36598, 4.60378], [101.36436, 4.60129], [101.35842, 4.59867], [101.35492, 4.59449], [101.34802, 4.59215], [101.35146, 4.58915], [101.35493, 4.57591], [101.35644, 4.56733], [101.35466, 4.55686], [101.3499, 4.56759], [101.34415, 4.57536], [101.33771, 4.57764], [101.33398, 4.57615], [101.32862, 4.57858], [101.32056, 4.57946], [101.31512, 4.58992], [101.30676, 4.59233], [101.30277, 4.5956], [101.30131, 4.60003], [101.29562, 4.60138], [101.29345, 4.60425], [101.28696, 4.60191], [101.28031, 4.60253], [101.27734, 4.59855], [101.2697, 4.60219], [101.26443, 4.60191], [101.25099, 4.61011], [101.24231, 4.60552], [101.23533, 4.61247], [101.23909, 4.61318], [101.23908, 4.61692], [101.23443, 4.62027], [101.22794, 4.62163], [101.22437, 4.62574], [101.22418, 4.63099], [101.22237, 4.63165], [101.21824, 4.63068], [101.21476, 4.62739], [101.19939, 4.60343], [101.18216, 4.59323], [101.18201, 4.59131], [101.17358, 4.58468], [101.16346, 4.58567], [101.15916, 4.58058], [101.1531, 4.57813], [101.1466, 4.572], [101.14128, 4.58584], [101.13598, 4.58879], [101.13747, 4.59245], [101.13547, 4.59159], [101.12838, 4.59741], [101.12398, 4.59516], [101.12156, 4.60045], [101.12379, 4.60159], [101.12142, 4.60976], [101.12445, 4.6136], [101.12757, 4.60958], [101.13151, 4.61275], [101.13117, 4.61458], [101.12856, 4.61581], [101.13021, 4.61832], [101.13711, 4.61868], [101.1373, 4.62055], [101.1344, 4.6209], [101.13616, 4.62588], [101.13945, 4.62848], [101.13967, 4.64935], [101.13507, 4.64727], [101.13359, 4.64947], [101.13148, 4.6498], [101.13123, 4.64797], [101.12094, 4.65017], [101.11629, 4.64772], [101.1327, 4.66897], [101.13717, 4.67096], [101.14877, 4.67159], [101.14897, 4.67335], [101.14527, 4.67475], [101.13987, 4.68239], [101.14881, 4.69073], [101.12306, 4.71372], [101.12174, 4.7341], [101.11307, 4.72745], [101.11062, 4.72856], [101.10913, 4.73399], [101.09785, 4.73139], [101.09828, 4.73331], [101.05259, 4.75013], [101.0577, 4.75958], [101.05949, 4.76163], [101.06363, 4.76255], [101.06662, 4.76825], [101.06894, 4.76736], [101.07216, 4.76872], [101.07836, 4.76369], [101.10354, 4.77359], [101.10582, 4.77279], [101.11559, 4.77581], [101.1166, 4.78002], [101.12511, 4.78397], [101.13374, 4.78079], [101.14109, 4.78061]]]]}}, {"type": "Feature", "properties": {"state": "Perak", "seat": "N.25 Canning", "seat_name": "Canning"}, "geometry": {"type": "MultiPolygon", "coordinates": [[[[101.1188, 4.62237], [101.11936, 4.62119], [101.12006, 4.62261], [101.1228, 4.62261], [101.13026, 4.6209], [101.13028, 4.62219], [101.13594, 4.62514], [101.1344, 4.6209], [101.1373, 4.62055], [101.13711, 4.61868], [101.13021, 4.61832], [101.12856, 4.61581], [101.13117, 4.61458], [101.13151, 4.61275], [101.12757, 4.60958], [101.12445, 4.6136], [101.12142, 4.60976], [101.12379, 4.60159], [101.12156, 4.60045], [101.12398, 4.59516], [101.12838, 4.59741], [101.13547, 4.59159], [101.13769, 4.5915], [101.13541, 4.58855], [101.12789, 4.58862], [101.11758, 4.58411], [101.10904, 4.57631], [101.0977, 4.58742], [101.09005, 4.59191], [101.10304, 4.59666], [101.1021, 4.60563], [101.10469, 4.60705], [101.10549, 4.61648], [101.10363, 4.61806], [101.10627, 4.6265], [101.1152, 4.62498], [101.1188, 4.62237]]]]}}, {"type": "Feature", "properties": {"state": "Perak", "seat": "N.26 Tebing Tinggi", "seat_name": "Tebing Tinggi"}, "geometry": {"type": "MultiPolygon", "coordinates": [[[[101.07789, 4.59854], [101.07647, 4.59644], [101.07653, 4.5912], [101.07947, 4.59221], [101.08024, 4.5944], [101.08315, 4.59357], [101.07619, 4.58048], [101.07587, 4.57476], [101.07754, 4.57319], [101.07594, 4.5733], [101.07523, 4.57078], [101.07259, 4.57067], [101.07428, 4.56182], [101.07098, 4.5618], [101.07011, 4.55967], [101.06989, 4.55443], [101.07919, 4.552], [101.07628, 4.54821], [101.07392, 4.53369], [101.06716, 4.51982], [101.06621, 4.51413], [101.05771, 4.50868], [101.05624, 4.50239], [101.05462, 4.50143], [101.05377, 4.49167], [101.04727, 4.49226], [101.04524, 4.49796], [101.05071, 4.52587], [101.04611, 4.52721], [101.04487, 4.52978], [101.04156, 4.52785], [101.04001, 4.53483], [101.04262, 4.54079], [101.04999, 4.54201], [101.05317, 4.54015], [101.05726, 4.55915], [101.0692, 4.58395], [101.06696, 4.58579], [101.06648, 4.58963], [101.07126, 4.59281], [101.07565, 4.60035], [101.07789, 4.59854]]]]}}, {"type": "Feature", "properties": {"state": "Perak", "seat": "N.27 Pasir Pinji", "seat_name": "Pasir Pinji"}, "geometry": {"type": "MultiPolygon", "coordinates": [[[[101.09234, 4.5904], [101.0977, 4.58742], [101.10904, 4.57631], [101.09469, 4.57442], [101.09066, 4.56856], [101.08454, 4.56437], [101.0847, 4.55581], [101.07919, 4.552], [101.06989, 4.55443], [101.07098, 4.5618], [101.07428, 4.56182], [101.07259, 4.57067], [101.07523, 4.57078], [101.07594, 4.5733], [101.07754, 4.57319], [101.07587, 4.57476], [101.07647, 4.58144], [101.08253, 4.59068], [101.08408, 4.58794], [101.08891, 4.5886], [101.09025, 4.59175], [101.09234, 4.5904]]]]}}, {"type": "Feature", "properties": {"state": "Perak", "seat": "N.28 Bercham", "seat_name": "Bercham"}, "geometry": {"type": "MultiPolygon", "coordinates": [[[[101.10236, 4.65458], [101.10603, 4.65271], [101.10772, 4.65486], [101.11052, 4.65263], [101.10957, 4.65125], [101.1108, 4.64877], [101.11604, 4.64729], [101.12094, 4.65017], [101.13123, 4.64797], [101.13148, 4.6498], [101.13359, 4.64947], [101.13507, 4.64727], [101.13967, 4.64935], [101.13896, 4.62739], [101.13028, 4.62219], [101.13026, 4.6209], [101.1228, 4.62261], [101.12006, 4.62261], [101.11936, 4.62119], [101.11583, 4.62472], [101.10574, 4.62665], [101.09532, 4.63202], [101.09103, 4.63562], [101.08732, 4.64376], [101.09278, 4.65365], [101.10236, 4.65458]]]]}}, {"type": "Feature", "properties": {"state": "Perak", "seat": "N.29 Kepayang", "seat_name": "Kepayang"}, "geometry": {"type": "MultiPolygon", "coordinates": [[[[101.10488, 4.6205], [101.10363, 4.61806], [101.10549, 4.61648], [101.10469, 4.60705], [101.1021, 4.60563], [101.10304, 4.59666], [101.09005, 4.59191], [101.08891, 4.5886], [101.08689, 4.58792], [101.08408, 4.58794], [101.08289, 4.58965], [101.08315, 4.59357], [101.08024, 4.5944], [101.07947, 4.59221], [101.07653, 4.5912], [101.07647, 4.59644], [101.07813, 4.59937], [101.07565, 4.60035], [101.07365, 4.59873], [101.07681, 4.60752], [101.07948, 4.60975], [101.08172, 4.61512], [101.0777, 4.61589], [101.07853, 4.61947], [101.0764, 4.62024], [101.08109, 4.63192], [101.08072, 4.63722], [101.0861, 4.64104], [101.08613, 4.64368], [101.08732, 4.64376], [101.09103, 4.63562], [101.10627, 4.6265], [101.10488, 4.6205]]]]}}, {"type": "Feature", "properties": {"state": "Perak", "seat": "N.30 Buntong", "seat_name": "Buntong"}, "geometry": {"type": "MultiPolygon", "coordinates": [[[[101.07781, 4.61981], [101.0777, 4.61589], [101.08172, 4.61512], [101.07626, 4.60636], [101.07126, 4.59281], [101.06648, 4.58963], [101.06696, 4.58579], [101.0692, 4.58395], [101.06638, 4.57855], [101.06191, 4.57979], [101.05357, 4.57909], [101.04527, 4.58429], [101.03913, 4.58577], [101.04383, 4.60575], [101.04915, 4.60127], [101.05159, 4.60307], [101.05317, 4.59429], [101.05622, 4.59172], [101.06024, 4.5988], [101.06441, 4.61153], [101.06719, 4.61046], [101.07196, 4.61259], [101.0758, 4.61963], [101.07781, 4.61981]]]]}}, {"type": "Feature", "properties": {"state": "Perak", "seat": "N.31 Jelapang", "seat_name": "Jelapang"}, "geometry": {"type": "MultiPolygon", "coordinates": [[[[101.03068, 4.65533], [101.03546, 4.65042], [101.04528, 4.65], [101.04596, 4.64639], [101.0567, 4.64142], [101.05757, 4.64446], [101.05995, 4.64562], [101.06656, 4.64193], [101.06738, 4.63915], [101.06441, 4.63448], [101.06607, 4.63318], [101.06246, 4.63251], [101.05634, 4.61135], [101.06308, 4.6072], [101.05622, 4.59172], [101.05317, 4.59429], [101.05159, 4.60307], [101.04915, 4.60127], [101.04383, 4.60575], [101.03562, 4.56308], [101.02963, 4.55228], [101.02715, 4.51662], [101.02089, 4.50084], [101.01429, 4.5019], [101.01527, 4.50332], [101.00959, 4.50697], [100.9985, 4.50163], [100.99833, 4.49886], [100.98952, 4.50542], [100.9911, 4.5097], [100.97977, 4.50879], [100.97612, 4.50696], [100.97649, 4.50901], [100.97243, 4.51253], [100.9801, 4.51813], [100.97907, 4.5212], [100.98371, 4.52592], [100.98466, 4.5394], [100.98764, 4.54121], [100.98863, 4.54522], [100.99307, 4.55033], [100.99209, 4.55207], [100.99657, 4.55675], [100.99541, 4.56003], [100.99776, 4.56516], [100.99728, 4.5726], [101.00037, 4.5792], [100.99959, 4.58396], [101.00996, 4.59004], [101.01525, 4.59673], [101.01627, 4.60345], [101.00985, 4.60967], [101.01366, 4.61416], [101.01197, 4.62149], [101.01468, 4.62619], [101.01264, 4.63046], [101.01541, 4.63568], [101.00994, 4.64165], [101.01208, 4.64838], [101.01802, 4.64953], [101.01815, 4.65371], [101.02017, 4.65474], [101.02102, 4.65891], [101.03068, 4.65533]]]]}}, {"type": "Feature", "properties": {"state": "Perak", "seat": "N.32 Menglembu", "seat_name": "Menglembu"}, "geometry": {"type": "MultiPolygon", "coordinates": [[[[101.04552, 4.58414], [101.05357, 4.57909], [101.06191, 4.57979], [101.06638, 4.57855], [101.05726, 4.55915], [101.05317, 4.54015], [101.04999, 4.54201], [101.04262, 4.54079], [101.04001, 4.53483], [101.04156, 4.52785], [101.04487, 4.52978], [101.04611, 4.52721], [101.05071, 4.52587], [101.04516, 4.50118], [101.03904, 4.50574], [101.02905, 4.50854], [101.02384, 4.50816], [101.02742, 4.518], [101.02963, 4.55228], [101.03562, 4.56308], [101.03913, 4.58577], [101.04552, 4.58414]]]]}}, {"type": "Feature", "properties": {"state": "Perak", "seat": "N.33 Tronoh", "seat_name": "Tronoh"}, "geometry": {"type": "MultiPolygon", "coordinates": [[[[100.9911, 4.5097], [100.98952, 4.50542], [100.99833, 4.49886], [100.9985, 4.50163], [101.00959, 4.50697], [101.01527, 4.50332], [101.01429, 4.5019], [101.02089, 4.50084], [101.02384, 4.50816], [101.03064, 4.50815], [101.02848, 4.50149], [101.02774, 4.49053], [101.04113, 4.47841], [101.04631, 4.45929], [101.04253, 4.46157], [101.04145, 4.4605], [101.03016, 4.4677], [101.0249, 4.46796], [101.0228, 4.45525], [101.02517, 4.45321], [101.02329, 4.44954], [101.01176, 4.45112], [101.01345, 4.4429], [101.01119, 4.44249], [101.01195, 4.43826], [101.01308, 4.43821], [101.01275, 4.43384], [101.02365, 4.39771], [101.02848, 4.37476], [101.02932, 4.36231], [101.02079, 4.36336], [101.01668, 4.36234], [101.01298, 4.36525], [101.01069, 4.36254], [101.00039, 4.36346], [101.00274, 4.35853], [101.00204, 4.35249], [100.97965, 4.36802], [100.98065, 4.38827], [100.94443, 4.39169], [100.9484, 4.4292], [100.94876, 4.45065], [100.95832, 4.48075], [100.97612, 4.50696], [100.97977, 4.50879], [100.9911, 4.5097]]]]}}, {"type": "Feature", "properties": {"state": "Perak", "seat": "N.34 Bukit Chandan", "seat_name": "Bukit Chandan"}, "geometry": {"type": "MultiPolygon", "coordinates": [[[[101.03604, 4.78899], [101.05005, 4.78088], [101.05115, 4.77121], [101.04987, 4.7676], [101.05742, 4.75737], [101.05263, 4.75046], [101.05326, 4.74376], [101.05072, 4.74036], [101.04732, 4.73886], [101.04579, 4.7347], [101.03997, 4.73158], [101.0342, 4.71321], [101.03706, 4.70557], [101.04276, 4.70224], [101.04337, 4.69728], [101.04016, 4.69413], [101.03123, 4.69489], [101.02858, 4.69154], [101.02712, 4.67509], [101.02856, 4.67352], [101.01948, 4.66776], [101.02111, 4.65724], [101.01815, 4.65371], [101.01802, 4.64953], [101.01208, 4.64838], [101.00994, 4.64165], [101.01541, 4.63568], [101.01264, 4.63046], [101.01468, 4.62619], [101.01197, 4.62149], [101.01366, 4.61416], [101.00985, 4.60967], [101.01627, 4.60345], [101.01579, 4.60013], [101.01525, 4.59673], [101.00996, 4.59004], [100.99959, 4.58396], [101.00037, 4.5792], [100.99728, 4.5726], [100.99776, 4.56516], [100.99541, 4.56003], [100.99657, 4.55675], [100.99259, 4.55459], [100.92943, 4.55468], [100.92803, 4.55304], [100.92679, 4.55465], [100.92319, 4.55488], [100.92195, 4.55693], [100.92552, 4.55931], [100.92944, 4.56561], [100.92905, 4.57343], [100.91609, 4.57554], [100.89773, 4.58375], [100.88704, 4.59057], [100.88332, 4.59732], [100.88806, 4.6088], [100.90568, 4.62424], [100.92738, 4.65139], [100.92773, 4.65599], [100.9223, 4.66087], [100.92327, 4.66517], [100.92694, 4.66964], [100.93486, 4.67503], [100.94254, 4.68442], [100.93742, 4.70221], [100.93923, 4.71098], [100.93314, 4.71252], [100.92324, 4.71926], [100.92261, 4.7213], [100.91963, 4.72182], [100.91839, 4.72415], [100.91499, 4.72258], [100.91428, 4.7244], [100.9049, 4.72562], [100.92069, 4.74043], [100.92042, 4.74588], [100.92554, 4.73675], [100.92746, 4.73839], [100.92782, 4.74083], [100.92353, 4.74938], [100.91979, 4.74804], [100.92544, 4.75704], [100.93218, 4.75785], [100.93278, 4.759], [100.92947, 4.75993], [100.92926, 4.76367], [100.93291, 4.76345], [100.93324, 4.76665], [100.9371, 4.7662], [100.93697, 4.76757], [100.92718, 4.76769], [100.92745, 4.77116], [100.92631, 4.77151], [100.92531, 4.7698], [100.91819, 4.77125], [100.91866, 4.77522], [100.92728, 4.77432], [100.9435, 4.77917], [100.94793, 4.77826], [100.9682, 4.78576], [100.9806, 4.78772], [100.98816, 4.79694], [100.98788, 4.7987], [101.01549, 4.80405], [101.03604, 4.78899]]]]}}, {"type": "Feature", "properties": {"state": "Perak", "seat": "N.35 Manong", "seat_name": "Manong"}, "geometry": {"type": "MultiPolygon", "coordinates": [[[[100.9096, 4.79226], [100.91231, 4.78835], [100.91188, 4.78554], [100.91358, 4.78576], [100.91854, 4.78076], [100.91819, 4.77125], [100.92531, 4.7698], [100.92631, 4.77151], [100.92745, 4.77116], [100.92718, 4.76769], [100.93697, 4.76757], [100.9371, 4.7662], [100.93324, 4.76665], [100.93291, 4.76345], [100.92926, 4.76367], [100.92947, 4.75993], [100.93278, 4.759], [100.93218, 4.75785], [100.92544, 4.75704], [100.91979, 4.74804], [100.92353, 4.74938], [100.92782, 4.74083], [100.92746, 4.73839], [100.92554, 4.73675], [100.92042, 4.74588], [100.92069, 4.74043], [100.9049, 4.72562], [100.91428, 4.7244], [100.91499, 4.72258], [100.91839, 4.72415], [100.91963, 4.72182], [100.92261, 4.7213], [100.92324, 4.71926], [100.93314, 4.71252], [100.93923, 4.71098], [100.93742, 4.70221], [100.94254, 4.68442], [100.93486, 4.67503], [100.92694, 4.66964], [100.92327, 4.66517], [100.9223, 4.66087], [100.92773, 4.65599], [100.92738, 4.65139], [100.90568, 4.62424], [100.88806, 4.6088], [100.88332, 4.59732], [100.88704, 4.59057], [100.89773, 4.58375], [100.91609, 4.57554], [100.92905, 4.57343], [100.9298, 4.56755], [100.92816, 4.56296], [100.92195, 4.55693], [100.91525, 4.56219], [100.90477, 4.56477], [100.89762, 4.5635], [100.89159, 4.55995], [100.77315, 4.53396], [100.77206, 4.53205], [100.73905, 4.52223], [100.74461, 4.52581], [100.74579, 4.52828], [100.74837, 4.5288], [100.74974, 4.54398], [100.75707, 4.54739], [100.75746, 4.55092], [100.76417, 4.55537], [100.76338, 4.55927], [100.76874, 4.56385], [100.76867, 4.56808], [100.77519, 4.57599], [100.77566, 4.5824], [100.78393, 4.58008], [100.79044, 4.58627], [100.79108, 4.60044], [100.79615, 4.60606], [100.79929, 4.60687], [100.79842, 4.6153], [100.80359, 4.62049], [100.80588, 4.62709], [100.80471, 4.62891], [100.81202, 4.64383], [100.80732, 4.64795], [100.80748, 4.65688], [100.79803, 4.66836], [100.80204, 4.67822], [100.80723, 4.68219], [100.87404, 4.71068], [100.87398, 4.7297], [100.87713, 4.7311], [100.88146, 4.73897], [100.87842, 4.74283], [100.8794, 4.74694], [100.88119, 4.7474], [100.88412, 4.74519], [100.88874, 4.75452], [100.89036, 4.7538], [100.89384, 4.76769], [100.89891, 4.76701], [100.90254, 4.76428], [100.89845, 4.77121], [100.90387, 4.7737], [100.90506, 4.77594], [100.89904, 4.78668], [100.90141, 4.79031], [100.90415, 4.79044], [100.90307, 4.79178], [100.90567, 4.79507], [100.9096, 4.79226]]]]}}, {"type": "Feature", "properties": {"state": "Perak", "seat": "N.36 Pengkalan Baharu", "seat_name": "Pengkalan Baharu"}, "geometry": {"type": "MultiPolygon", "coordinates": [[[[100.85765, 4.5405], [100.85797, 4.53813], [100.86005, 4.5379], [100.85995, 4.51014], [100.85504, 4.50867], [100.8586, 4.49923], [100.85624, 4.49836], [100.8511, 4.48591], [100.83707, 4.48787], [100.8296, 4.47625], [100.82737, 4.48037], [100.81979, 4.48517], [100.81411, 4.48022], [100.80581, 4.48014], [100.80686, 4.38139], [100.80855, 4.37717], [100.80787, 4.37215], [100.80468, 4.36937], [100.82179, 4.35578], [100.82189, 4.34511], [100.81884, 4.34504], [100.81884, 4.34223], [100.81915, 4.34094], [100.82314, 4.3411], [100.82511, 4.29719], [100.80267, 4.29324], [100.79411, 4.2998], [100.79642, 4.30665], [100.77739, 4.32026], [100.77934, 4.32295], [100.76082, 4.33614], [100.76694, 4.34263], [100.7597, 4.34544], [100.73236, 4.34957], [100.72347, 4.35243], [100.72299, 4.35547], [100.71806, 4.35371], [100.71558, 4.35449], [100.71602, 4.35668], [100.71331, 4.35836], [100.71326, 4.36145], [100.70831, 4.36116], [100.72169, 4.41748], [100.72214, 4.42482], [100.70911, 4.42465], [100.70916, 4.41552], [100.70351, 4.4152], [100.69601, 4.41622], [100.6959, 4.42452], [100.6628, 4.42523], [100.66092, 4.4235], [100.63642, 4.42308], [100.63622, 4.42677], [100.64146, 4.42688], [100.64153, 4.43984], [100.63489, 4.43991], [100.64009, 4.44917], [100.64749, 4.44918], [100.64749, 4.45168], [100.64137, 4.4518], [100.64376, 4.4565], [100.64842, 4.45636], [100.64856, 4.46347], [100.63984, 4.46392], [100.63256, 4.46784], [100.62163, 4.46837], [100.62353, 4.46498], [100.62321, 4.45444], [100.61794, 4.44549], [100.61531, 4.44928], [100.6189, 4.4722], [100.61933, 4.51552], [100.62387, 4.52944], [100.628, 4.53651], [100.63847, 4.52712], [100.6429, 4.52775], [100.64659, 4.52514], [100.6492, 4.52606], [100.64928, 4.52824], [100.73905, 4.52223], [100.77206, 4.53205], [100.77315, 4.53396], [100.86192, 4.5535], [100.85733, 4.54274], [100.85765, 4.5405]]]]}}, {"type": "Feature", "properties": {"state": "Perak", "seat": "N.37 Pantai Remis", "seat_name": "Pantai Remis"}, "geometry": {"type": "MultiPolygon", "coordinates": [[[[100.63984, 4.46392], [100.64856, 4.46347], [100.64842, 4.45636], [100.64376, 4.4565], [100.64137, 4.4518], [100.64749, 4.45168], [100.64749, 4.44918], [100.64009, 4.44917], [100.63489, 4.43991], [100.64153, 4.43984], [100.64146, 4.42688], [100.63622, 4.42677], [100.63642, 4.42308], [100.66092, 4.4235], [100.6628, 4.42523], [100.6959, 4.42452], [100.69601, 4.41622], [100.70351, 4.4152], [100.70916, 4.41552], [100.70911, 4.42465], [100.72214, 4.42482], [100.72169, 4.41748], [100.70831, 4.36116], [100.71326, 4.36145], [100.71331, 4.35836], [100.71602, 4.35668], [100.71558, 4.35449], [100.71806, 4.35371], [100.72299, 4.35547], [100.72347, 4.35243], [100.73236, 4.34957], [100.7597, 4.34544], [100.76694, 4.34263], [100.76082, 4.33614], [100.77934, 4.32295], [100.77739, 4.32026], [100.79642, 4.30665], [100.79411, 4.2998], [100.80267, 4.29324], [100.82511, 4.29719], [100.82776, 4.2374], [100.79911, 4.25932], [100.79949, 4.25585], [100.79304, 4.2489], [100.79015, 4.2511], [100.77803, 4.23565], [100.76792, 4.24277], [100.77189, 4.24903], [100.74793, 4.2657], [100.7418, 4.2582], [100.7217, 4.27192], [100.72041, 4.27288], [100.72371, 4.27759], [100.70387, 4.29274], [100.69765, 4.3103], [100.69646, 4.31012], [100.69794, 4.31646], [100.69464, 4.31978], [100.69118, 4.31888], [100.69276, 4.31485], [100.69177, 4.31341], [100.68424, 4.31497], [100.6792, 4.31421], [100.67666, 4.31907], [100.67338, 4.32001], [100.67225, 4.32914], [100.67466, 4.32984], [100.67429, 4.33223], [100.67856, 4.33238], [100.67895, 4.34504], [100.67481, 4.34536], [100.67382, 4.34345], [100.6605, 4.33605], [100.66164, 4.32517], [100.65837, 4.32614], [100.65465, 4.33122], [100.65215, 4.33187], [100.64569, 4.32851], [100.64218, 4.32452], [100.63576, 4.32335], [100.63571, 4.31847], [100.62684, 4.31744], [100.61885, 4.31944], [100.61807, 4.31733], [100.62124, 4.30788], [100.62091, 4.30332], [100.62351, 4.29783], [100.61356, 4.29093], [100.61043, 4.29013], [100.60515, 4.29304], [100.60078, 4.29017], [100.59534, 4.29656], [100.59317, 4.29991], [100.59597, 4.30198], [100.59689, 4.30726], [100.59997, 4.31042], [100.5992, 4.31297], [100.5927, 4.31167], [100.58898, 4.30691], [100.58441, 4.3127], [100.58375, 4.30834], [100.58103, 4.3085], [100.57823, 4.31529], [100.58142, 4.31852], [100.57951, 4.32132], [100.58155, 4.32411], [100.57821, 4.32263], [100.57638, 4.31837], [100.5718, 4.32185], [100.57152, 4.32554], [100.56669, 4.32981], [100.58588, 4.37497], [100.5836, 4.37886], [100.5888, 4.39239], [100.58661, 4.39657], [100.58745, 4.4112], [100.58258, 4.41634], [100.58574, 4.42048], [100.58512, 4.4241], [100.59163, 4.4297], [100.59306, 4.4288], [100.59306, 4.42378], [100.59508, 4.422], [100.60494, 4.42247], [100.60847, 4.42522], [100.61301, 4.43236], [100.61545, 4.44312], [100.62064, 4.44819], [100.62359, 4.45564], [100.62353, 4.46498], [100.62163, 4.46837], [100.63256, 4.46784], [100.63984, 4.46392]]]]}}, {"type": "Feature", "properties": {"state": "Perak", "seat": "N.38 Astaka", "seat_name": "Astaka"}, "geometry": {"type": "MultiPolygon", "coordinates": [[[[100.774, 4.22495], [100.7723, 4.22242], [100.77291, 4.22068], [100.76688, 4.21346], [100.7705, 4.21082], [100.77002, 4.20587], [100.76217, 4.20994], [100.75303, 4.19711], [100.75763, 4.19378], [100.75016, 4.18332], [100.75283, 4.18069], [100.75189, 4.17937], [100.75481, 4.17727], [100.75221, 4.17352], [100.75458, 4.16921], [100.75186, 4.16358], [100.75341, 4.16206], [100.7483, 4.15469], [100.74263, 4.15733], [100.7384, 4.16232], [100.73953, 4.16387], [100.73854, 4.16569], [100.73189, 4.16204], [100.73003, 4.16536], [100.7147, 4.16216], [100.70854, 4.17519], [100.70588, 4.17461], [100.69991, 4.17667], [100.69574, 4.18337], [100.68117, 4.18063], [100.682, 4.17502], [100.67019, 4.17728], [100.67349, 4.1947], [100.6792, 4.20058], [100.6707, 4.20857], [100.67349, 4.22305], [100.67977, 4.22031], [100.6803, 4.21866], [100.69744, 4.22179], [100.70162, 4.22834], [100.7059, 4.22576], [100.71259, 4.23562], [100.73336, 4.22146], [100.73761, 4.22774], [100.72778, 4.2347], [100.73781, 4.25248], [100.74793, 4.2657], [100.77189, 4.24903], [100.76792, 4.24277], [100.77682, 4.23652], [100.77363, 4.23201], [100.77724, 4.22956], [100.774, 4.22495]]]]}}, {"type": "Feature", "properties": {"state": "Perak", "seat": "N.39 Belanja", "seat_name": "Belanja"}, "geometry": {"type": "MultiPolygon", "coordinates": [[[[100.91434, 4.56238], [100.92043, 4.55939], [100.92319, 4.55488], [100.92679, 4.55465], [100.92803, 4.55304], [100.92943, 4.55468], [100.99494, 4.55532], [100.99209, 4.55207], [100.99307, 4.55033], [100.98863, 4.54522], [100.98764, 4.54121], [100.98466, 4.5394], [100.98371, 4.52592], [100.97907, 4.5212], [100.9801, 4.51813], [100.97243, 4.51253], [100.97649, 4.50901], [100.97612, 4.50696], [100.95832, 4.48075], [100.94876, 4.45065], [100.9484, 4.4292], [100.94398, 4.38312], [100.90162, 4.38335], [100.89471, 4.38826], [100.89298, 4.38556], [100.8884, 4.38318], [100.88233, 4.38673], [100.8787, 4.38385], [100.86218, 4.37977], [100.86147, 4.3709], [100.84274, 4.37774], [100.84259, 4.37645], [100.80757, 4.38055], [100.80581, 4.48014], [100.81411, 4.48022], [100.81979, 4.48517], [100.82737, 4.48037], [100.8296, 4.47625], [100.83707, 4.48787], [100.8511, 4.48591], [100.85624, 4.49836], [100.8586, 4.49923], [100.85504, 4.50867], [100.85995, 4.51014], [100.86005, 4.5379], [100.85797, 4.53813], [100.85733, 4.54274], [100.86192, 4.5535], [100.89338, 4.56041], [100.89762, 4.5635], [100.90399, 4.56475], [100.91434, 4.56238]]]]}}, {"type": "Feature", "properties": {"state": "Perak", "seat": "N.40 Bota", "seat_name": "Bota"}, "geometry": {"type": "MultiPolygon", "coordinates": [[[[100.97134, 4.38998], [100.9712, 4.38846], [100.98065, 4.38827], [100.97965, 4.36802], [101.00093, 4.35394], [101.00411, 4.34613], [101.00867, 4.34328], [101.01105, 4.33771], [101.01324, 4.32906], [101.01315, 4.32165], [101.00795, 4.31038], [101.00948, 4.3063], [101.00953, 4.29643], [101.00016, 4.29046], [100.99639, 4.29019], [100.99493, 4.2872], [100.94663, 4.27519], [100.92047, 4.26468], [100.91649, 4.26442], [100.92068, 4.25774], [100.91177, 4.25356], [100.90967, 4.25531], [100.90641, 4.24966], [100.8279, 4.23429], [100.82314, 4.3411], [100.81915, 4.34094], [100.81884, 4.34223], [100.81884, 4.34504], [100.82189, 4.34511], [100.82179, 4.35578], [100.80468, 4.36937], [100.80787, 4.37215], [100.80798, 4.38033], [100.84259, 4.37645], [100.84274, 4.37774], [100.86147, 4.3709], [100.86218, 4.37977], [100.8787, 4.38385], [100.88233, 4.38673], [100.8884, 4.38318], [100.89298, 4.38556], [100.89471, 4.38826], [100.90162, 4.38335], [100.94398, 4.38312], [100.94443, 4.39169], [100.97134, 4.38998]]]]}}, {"type": "Feature", "properties": {"state": "Perak", "seat": "N.41 Malim Nawar", "seat_name": "Malim Nawar"}, "geometry": {"type": "MultiPolygon", "coordinates": [[[[101.11428, 4.35481], [101.11888, 4.35464], [101.12116, 4.35767], [101.12571, 4.3566], [101.1246, 4.35258], [101.12189, 4.3539], [101.12228, 4.34939], [101.11966, 4.34694], [101.12168, 4.34563], [101.11913, 4.34376], [101.14389, 4.31012], [101.15972, 4.29753], [101.16432, 4.28747], [101.16505, 4.27927], [101.1669, 4.27731], [101.1574, 4.27412], [101.15323, 4.27506], [101.15466, 4.27211], [101.15341, 4.26605], [101.14916, 4.25708], [101.14663, 4.25593], [101.14459, 4.25877], [101.14433, 4.25537], [101.13681, 4.25794], [101.11802, 4.24655], [101.11644, 4.24855], [101.11257, 4.24613], [101.1106, 4.24922], [101.10705, 4.24726], [101.09718, 4.24783], [101.09845, 4.24646], [101.09664, 4.24636], [101.0698, 4.248], [101.06854, 4.24949], [101.06214, 4.2488], [101.06113, 4.25043], [101.04306, 4.2543], [101.04213, 4.26686], [101.02785, 4.26661], [101.02558, 4.2688], [101.00211, 4.26938], [101.0004, 4.27331], [100.99658, 4.27572], [100.99674, 4.28165], [100.9943, 4.28583], [100.99621, 4.29007], [101.00016, 4.29046], [101.00976, 4.29672], [101.00795, 4.31038], [101.01182, 4.3173], [101.04212, 4.31059], [101.04257, 4.31308], [101.02991, 4.31552], [101.03176, 4.32042], [101.03929, 4.32173], [101.04303, 4.32639], [101.04063, 4.32827], [101.04066, 4.33047], [101.04313, 4.33037], [101.0432, 4.33212], [101.04829, 4.33306], [101.05543, 4.33129], [101.05606, 4.33456], [101.05844, 4.33546], [101.05717, 4.34697], [101.06547, 4.34786], [101.06478, 4.35178], [101.07402, 4.35141], [101.07443, 4.35653], [101.08064, 4.35117], [101.07858, 4.33095], [101.08624, 4.33196], [101.09645, 4.33642], [101.10659, 4.33624], [101.10922, 4.33927], [101.10688, 4.3414], [101.11139, 4.34714], [101.11128, 4.34947], [101.10858, 4.35232], [101.11199, 4.35406], [101.10985, 4.35686], [101.1112, 4.35871], [101.11428, 4.35481]]]]}}, {"type": "Feature", "properties": {"state": "Perak", "seat": "N.42 Keranji", "seat_name": "Keranji"}, "geometry": {"type": "MultiPolygon", "coordinates": [[[[101.15626, 4.3592], [101.1563, 4.3581], [101.15683, 4.36025], [101.15847, 4.35979], [101.16336, 4.35709], [101.16191, 4.35611], [101.16615, 4.35509], [101.17268, 4.3572], [101.22957, 4.34815], [101.23083, 4.34023], [101.20143, 4.33313], [101.19634, 4.32922], [101.19472, 4.32371], [101.19731, 4.29729], [101.19394, 4.29161], [101.19572, 4.28421], [101.19175, 4.28183], [101.16788, 4.27615], [101.16505, 4.27927], [101.16432, 4.28747], [101.15972, 4.29753], [101.14389, 4.31012], [101.12867, 4.33093], [101.13439, 4.34205], [101.13928, 4.34529], [101.14489, 4.352], [101.14464, 4.35503], [101.14666, 4.35496], [101.14843, 4.35812], [101.15237, 4.35849], [101.15617, 4.36143], [101.15626, 4.3592]]]]}}, {"type": "Feature", "properties": {"state": "Perak", "seat": "N.43 Tualang Sekah", "seat_name": "Tualang Sekah"}, "geometry": {"type": "MultiPolygon", "coordinates": [[[[101.10687, 4.47418], [101.11084, 4.46395], [101.11612, 4.46405], [101.12361, 4.46682], [101.12644, 4.45607], [101.12616, 4.45086], [101.13457, 4.44359], [101.14125, 4.45455], [101.14277, 4.4543], [101.14317, 4.45214], [101.14094, 4.44747], [101.1447, 4.44593], [101.14446, 4.44445], [101.15245, 4.44663], [101.15282, 4.44452], [101.15862, 4.44526], [101.16193, 4.44611], [101.16465, 4.44906], [101.16707, 4.44733], [101.18284, 4.44696], [101.18475, 4.45008], [101.18649, 4.44727], [101.18845, 4.44963], [101.1938, 4.45046], [101.19855, 4.44881], [101.19825, 4.44496], [101.19989, 4.44348], [101.20581, 4.44557], [101.207, 4.44364], [101.20381, 4.44302], [101.20002, 4.43529], [101.19832, 4.43623], [101.19423, 4.43135], [101.19889, 4.42662], [101.20417, 4.41328], [101.20932, 4.41055], [101.31903, 4.41211], [101.31747, 4.4088], [101.31848, 4.40409], [101.31548, 4.39897], [101.31581, 4.39027], [101.31148, 4.38744], [101.30923, 4.3831], [101.31621, 4.37547], [101.31538, 4.36912], [101.31107, 4.36503], [101.31224, 4.36276], [101.30041, 4.35975], [101.29735, 4.36057], [101.30071, 4.35626], [101.3006, 4.3526], [101.29765, 4.34804], [101.2939, 4.34822], [101.29206, 4.34399], [101.26517, 4.34523], [101.24728, 4.34091], [101.23554, 4.34105], [101.23561, 4.34444], [101.23048, 4.34327], [101.22957, 4.34815], [101.17268, 4.3572], [101.16615, 4.35509], [101.16191, 4.35611], [101.16336, 4.35709], [101.15847, 4.35979], [101.15683, 4.36025], [101.1563, 4.3581], [101.15617, 4.36143], [101.15237, 4.35849], [101.14843, 4.35812], [101.14666, 4.35496], [101.14464, 4.35503], [101.14489, 4.352], [101.13928, 4.34529], [101.13439, 4.34205], [101.12868, 4.33093], [101.11913, 4.34376], [101.12168, 4.34563], [101.11966, 4.34694], [101.12228, 4.34939], [101.12189, 4.3539], [101.1246, 4.35258], [101.12571, 4.3566], [101.12405, 4.35796], [101.12287, 4.35639], [101.12116, 4.35767], [101.11888, 4.35464], [101.11429, 4.35478], [101.1112, 4.35871], [101.10985, 4.35686], [101.11199, 4.35406], [101.10858, 4.35232], [101.11128, 4.34947], [101.11139, 4.34714], [101.10688, 4.3414], [101.10922, 4.33927], [101.10659, 4.33624], [101.09645, 4.33642], [101.08624, 4.33196], [101.07858, 4.33095], [101.08121, 4.34949], [101.07443, 4.35653], [101.07402, 4.35141], [101.06478, 4.35178], [101.06547, 4.34786], [101.05717, 4.34697], [101.05844, 4.33546], [101.05606, 4.33456], [101.05543, 4.33129], [101.04829, 4.33306], [101.0432, 4.33212], [101.04313, 4.33037], [101.04066, 4.33047], [101.04063, 4.32827], [101.04303, 4.32639], [101.03929, 4.32173], [101.03176, 4.32042], [101.02991, 4.31552], [101.04257, 4.31308], [101.04212, 4.31059], [101.01245, 4.3168], [101.01275, 4.33137], [101.00871, 4.34322], [101.00411, 4.34613], [101.00205, 4.35257], [101.00274, 4.35853], [101.00039, 4.36346], [101.01069, 4.36254], [101.01298, 4.36525], [101.01668, 4.36234], [101.02079, 4.36336], [101.02932, 4.36231], [101.02848, 4.37476], [101.02365, 4.39771], [101.01275, 4.43384], [101.01308, 4.43821], [101.01195, 4.43826], [101.01119, 4.44249], [101.01345, 4.4429], [101.01176, 4.45112], [101.02329, 4.44954], [101.02519, 4.45384], [101.0228, 4.45525], [101.0231, 4.46176], [101.02543, 4.46796], [101.03016, 4.4677], [101.04145, 4.4605], [101.04253, 4.46157], [101.04631, 4.45929], [101.04884, 4.44971], [101.06518, 4.45003], [101.06853, 4.45676], [101.06726, 4.46743], [101.06929, 4.47313], [101.07251, 4.47273], [101.0762, 4.47475], [101.08555, 4.4745], [101.09133, 4.48236], [101.10148, 4.486], [101.10687, 4.47418]]]]}}, {"type": "Feature", "properties": {"state": "Perak", "seat": "N.44 Sungai Rapat", "seat_name": "Sungai Rapat"}, "geometry": {"type": "MultiPolygon", "coordinates": [[[[101.11771, 4.57887], [101.11975, 4.5796], [101.11988, 4.57664], [101.11217, 4.57242], [101.11346, 4.56607], [101.10807, 4.56542], [101.10594, 4.56208], [101.10631, 4.55897], [101.10403, 4.55866], [101.10436, 4.55029], [101.10834, 4.5498], [101.10964, 4.54538], [101.10124, 4.5471], [101.0967, 4.544], [101.09465, 4.54448], [101.09412, 4.54262], [101.0914, 4.54271], [101.09222, 4.53947], [101.09711, 4.53732], [101.09493, 4.52732], [101.0912, 4.52305], [101.09274, 4.514], [101.09846, 4.51679], [101.10309, 4.51713], [101.10488, 4.51545], [101.10884, 4.51649], [101.10615, 4.51143], [101.10691, 4.50942], [101.1001, 4.49913], [101.09768, 4.49673], [101.09597, 4.49774], [101.09489, 4.49267], [101.09979, 4.48764], [101.09118, 4.48223], [101.08589, 4.47464], [101.06929, 4.47313], [101.06726, 4.46743], [101.06853, 4.45676], [101.06518, 4.45003], [101.04884, 4.44971], [101.04113, 4.47841], [101.02774, 4.49053], [101.02938, 4.50599], [101.03064, 4.50815], [101.03915, 4.5057], [101.04599, 4.50141], [101.04547, 4.49582], [101.04706, 4.49241], [101.05377, 4.49167], [101.05462, 4.50143], [101.05624, 4.50239], [101.05771, 4.50868], [101.06659, 4.51488], [101.06716, 4.51982], [101.07392, 4.53369], [101.07645, 4.54864], [101.0847, 4.55581], [101.08454, 4.56437], [101.09066, 4.56856], [101.09507, 4.57467], [101.10879, 4.57615], [101.11575, 4.58236], [101.11771, 4.57887]]]]}}, {"type": "Feature", "properties": {"state": "Perak", "seat": "N.45 Simpang Pulai", "seat_name": "Simpang Pulai"}, "geometry": {"type": "MultiPolygon", "coordinates": [[[[101.22794, 4.62163], [101.23443, 4.62027], [101.23874, 4.61732], [101.23909, 4.61318], [101.23533, 4.61247], [101.24323, 4.60506], [101.25099, 4.61011], [101.26443, 4.60191], [101.2697, 4.60219], [101.27734, 4.59855], [101.28031, 4.60253], [101.28696, 4.60191], [101.29345, 4.60425], [101.29562, 4.60138], [101.30131, 4.60003], [101.30277, 4.5956], [101.30676, 4.59233], [101.31512, 4.58992], [101.32056, 4.57946], [101.32862, 4.57858], [101.33398, 4.57615], [101.33771, 4.57764], [101.34415, 4.57536], [101.35076, 4.56466], [101.33877, 4.56507], [101.33045, 4.56144], [101.32693, 4.56226], [101.32642, 4.55927], [101.32433, 4.5588], [101.32341, 4.55576], [101.32152, 4.55554], [101.32036, 4.55333], [101.31856, 4.55367], [101.31783, 4.55717], [101.31605, 4.5582], [101.31376, 4.55567], [101.31124, 4.55623], [101.31197, 4.55247], [101.31378, 4.5511], [101.31026, 4.54992], [101.31279, 4.54292], [101.31019, 4.54333], [101.30717, 4.54973], [101.30358, 4.55196], [101.29854, 4.54874], [101.29779, 4.55069], [101.30019, 4.55732], [101.29618, 4.56288], [101.29597, 4.56719], [101.28294, 4.56726], [101.27983, 4.57035], [101.27153, 4.57357], [101.26655, 4.57213], [101.26391, 4.57556], [101.26339, 4.57296], [101.25889, 4.57425], [101.25663, 4.57324], [101.25361, 4.5755], [101.2464, 4.56985], [101.2429, 4.56893], [101.24112, 4.57099], [101.23932, 4.57005], [101.23018, 4.57219], [101.2264, 4.57082], [101.21795, 4.57204], [101.21386, 4.5709], [101.21056, 4.56668], [101.20409, 4.56412], [101.19977, 4.56468], [101.18316, 4.55629], [101.17739, 4.55689], [101.17357, 4.5546], [101.16807, 4.55532], [101.15828, 4.54391], [101.15215, 4.54209], [101.15094, 4.53553], [101.136, 4.53374], [101.12954, 4.52878], [101.12198, 4.52636], [101.1187, 4.52686], [101.11146, 4.52324], [101.10701, 4.52005], [101.10789, 4.51703], [101.10637, 4.51575], [101.0995, 4.51693], [101.09274, 4.514], [101.0912, 4.52305], [101.09493, 4.52732], [101.09711, 4.53732], [101.09222, 4.53947], [101.0914, 4.54271], [101.09412, 4.54262], [101.09465, 4.54448], [101.0967, 4.544], [101.10124, 4.5471], [101.10964, 4.54538], [101.10834, 4.5498], [101.10436, 4.55029], [101.10403, 4.55866], [101.10631, 4.55897], [101.10594, 4.56208], [101.10807, 4.56542], [101.11346, 4.56607], [101.11217, 4.57242], [101.11331, 4.57379], [101.11988, 4.57664], [101.11975, 4.5796], [101.11775, 4.5788], [101.11575, 4.58236], [101.11758, 4.58411], [101.12789, 4.58862], [101.13598, 4.58879], [101.14128, 4.58584], [101.1466, 4.572], [101.1531, 4.57813], [101.15916, 4.58058], [101.16346, 4.58567], [101.17358, 4.58468], [101.18201, 4.59131], [101.18216, 4.59323], [101.19939, 4.60343], [101.21824, 4.63068], [101.22418, 4.63099], [101.22437, 4.62574], [101.22794, 4.62163]]]]}}, {"type": "Feature", "properties": {"state": "Perak", "seat": "N.46 Teja", "seat_name": "Teja"}, "geometry": {"type": "MultiPolygon", "coordinates": [[[[101.26485, 4.57436], [101.26655, 4.57213], [101.2688, 4.5735], [101.27513, 4.57245], [101.28378, 4.56706], [101.29646, 4.56687], [101.29618, 4.56288], [101.30019, 4.55732], [101.29824, 4.54919], [101.29938, 4.54859], [101.30358, 4.55196], [101.30717, 4.54973], [101.30983, 4.5437], [101.31234, 4.54295], [101.31328, 4.54378], [101.31026, 4.54992], [101.31378, 4.5511], [101.31197, 4.55247], [101.31124, 4.55623], [101.31376, 4.55567], [101.31605, 4.5582], [101.31783, 4.55717], [101.31856, 4.55367], [101.32036, 4.55333], [101.32152, 4.55554], [101.32341, 4.55576], [101.32433, 4.5588], [101.32642, 4.55927], [101.32693, 4.56226], [101.33045, 4.56144], [101.33877, 4.56507], [101.35076, 4.56466], [101.35466, 4.55686], [101.35326, 4.55557], [101.35442, 4.54883], [101.35812, 4.54525], [101.35859, 4.54047], [101.36433, 4.52978], [101.36836, 4.52857], [101.37259, 4.52938], [101.38217, 4.52411], [101.38268, 4.51656], [101.38692, 4.50904], [101.38669, 4.50546], [101.3808, 4.50399], [101.37975, 4.49986], [101.37615, 4.49712], [101.36569, 4.4981], [101.35936, 4.49556], [101.35996, 4.49325], [101.36783, 4.48567], [101.35888, 4.47625], [101.35747, 4.46033], [101.34733, 4.45253], [101.3457, 4.45323], [101.34491, 4.45107], [101.34104, 4.45248], [101.33748, 4.44805], [101.33757, 4.44522], [101.33308, 4.44606], [101.33379, 4.43662], [101.33173, 4.43192], [101.33465, 4.42922], [101.33442, 4.42476], [101.32535, 4.42134], [101.32409, 4.41736], [101.31903, 4.41211], [101.20932, 4.41055], [101.20417, 4.41328], [101.19889, 4.42662], [101.19423, 4.43135], [101.19832, 4.43623], [101.20002, 4.43529], [101.20381, 4.44302], [101.207, 4.44364], [101.20581, 4.44557], [101.19989, 4.44348], [101.19825, 4.44496], [101.19855, 4.44881], [101.1938, 4.45046], [101.18845, 4.44963], [101.18649, 4.44727], [101.18475, 4.45008], [101.18284, 4.44696], [101.16707, 4.44733], [101.16465, 4.44906], [101.16193, 4.44611], [101.15862, 4.44526], [101.15282, 4.44452], [101.15245, 4.44663], [101.14446, 4.44445], [101.1447, 4.44593], [101.14094, 4.44747], [101.14317, 4.45214], [101.14277, 4.4543], [101.14125, 4.45455], [101.13457, 4.44359], [101.12616, 4.45086], [101.12644, 4.45607], [101.12361, 4.46682], [101.11612, 4.46405], [101.11084, 4.46395], [101.10148, 4.486], [101.09786, 4.48525], [101.09979, 4.48764], [101.09489, 4.49267], [101.09597, 4.49774], [101.09768, 4.49673], [101.1001, 4.49913], [101.10691, 4.50942], [101.10615, 4.51143], [101.10884, 4.51649], [101.10701, 4.52005], [101.11119, 4.52305], [101.1187, 4.52686], [101.12198, 4.52636], [101.12954, 4.52878], [101.13603, 4.53375], [101.15076, 4.53544], [101.15215, 4.54209], [101.1584, 4.54401], [101.16597, 4.55416], [101.16826, 4.55536], [101.17376, 4.55464], [101.17739, 4.55689], [101.18316, 4.55629], [101.19977, 4.56468], [101.20409, 4.56412], [101.21056, 4.56668], [101.21386, 4.5709], [101.2185, 4.57208], [101.22724, 4.57086], [101.23018, 4.57219], [101.23857, 4.57011], [101.24112, 4.57099], [101.2429, 4.56893], [101.2464, 4.56985], [101.25361, 4.5755], [101.25702, 4.57316], [101.25889, 4.57425], [101.26339, 4.57296], [101.26359, 4.57556], [101.26485, 4.57436]]]]}}, {"type": "Feature", "properties": {"state": "Perak", "seat": "N.47 Chenderiang", "seat_name": "Chenderiang"}, "geometry": {"type": "MultiPolygon", "coordinates": [[[[101.3264, 4.42158], [101.35794, 4.39669], [101.36669, 4.39906], [101.36998, 4.40602], [101.38069, 4.40896], [101.387, 4.40749], [101.38823, 4.40971], [101.39118, 4.40982], [101.39713, 4.40295], [101.39975, 4.40474], [101.40552, 4.39875], [101.40773, 4.39342], [101.41436, 4.39307], [101.41733, 4.3953], [101.43708, 4.39175], [101.43846, 4.38473], [101.44482, 4.37677], [101.44211, 4.37694], [101.43693, 4.372], [101.43376, 4.36159], [101.43446, 4.35606], [101.42935, 4.35128], [101.42287, 4.34887], [101.42168, 4.34586], [101.42514, 4.34093], [101.42932, 4.33918], [101.43136, 4.3402], [101.44221, 4.33471], [101.44463, 4.33201], [101.44583, 4.3196], [101.45073, 4.31487], [101.44847, 4.30863], [101.45201, 4.3008], [101.44709, 4.29465], [101.44809, 4.28587], [101.44454, 4.27398], [101.45845, 4.26041], [101.46478, 4.25805], [101.46522, 4.25647], [101.4635, 4.24972], [101.45306, 4.24299], [101.45238, 4.2248], [101.44954, 4.22447], [101.44335, 4.22851], [101.4409, 4.22215], [101.36145, 4.18462], [101.35953, 4.18605], [101.35706, 4.18362], [101.35554, 4.18432], [101.35567, 4.18294], [101.34651, 4.18197], [101.34438, 4.17609], [101.34187, 4.17417], [101.33906, 4.17501], [101.33496, 4.17249], [101.32508, 4.17351], [101.32078, 4.16992], [101.32021, 4.17125], [101.3167, 4.16961], [101.31154, 4.16613], [101.31352, 4.16108], [101.31051, 4.15877], [101.30855, 4.16176], [101.30501, 4.15978], [101.30448, 4.15747], [101.29621, 4.1517], [101.29728, 4.1498], [101.2891, 4.149], [101.28781, 4.14719], [101.28383, 4.14816], [101.27919, 4.14369], [101.27724, 4.14577], [101.2744, 4.14485], [101.27113, 4.14603], [101.26446, 4.14246], [101.26308, 4.14701], [101.2611, 4.14688], [101.25989, 4.15052], [101.25427, 4.14908], [101.25348, 4.15232], [101.25505, 4.15254], [101.2544, 4.15484], [101.25699, 4.15775], [101.25621, 4.16001], [101.25914, 4.16332], [101.25802, 4.16535], [101.25944, 4.16675], [101.25735, 4.17067], [101.26433, 4.17787], [101.26209, 4.18436], [101.25577, 4.18415], [101.25494, 4.1853], [101.25963, 4.19134], [101.25804, 4.19729], [101.25384, 4.19865], [101.25438, 4.19475], [101.25237, 4.19473], [101.25224, 4.19302], [101.24826, 4.1974], [101.2435, 4.19804], [101.24724, 4.20848], [101.25273, 4.2059], [101.2542, 4.2096], [101.25018, 4.21123], [101.25186, 4.21404], [101.24868, 4.21559], [101.24919, 4.22167], [101.24248, 4.22118], [101.24057, 4.2235], [101.23715, 4.22361], [101.23502, 4.22885], [101.23247, 4.22925], [101.22799, 4.22577], [101.2233, 4.23011], [101.21922, 4.23088], [101.22241, 4.23452], [101.22056, 4.23563], [101.20976, 4.23299], [101.1958, 4.23665], [101.181, 4.23502], [101.17875, 4.24405], [101.17783, 4.24593], [101.17584, 4.2458], [101.17427, 4.25345], [101.16872, 4.26531], [101.16867, 4.27325], [101.1668, 4.27722], [101.1684, 4.27612], [101.18255, 4.27911], [101.19572, 4.28421], [101.19394, 4.29161], [101.19731, 4.29729], [101.19472, 4.32371], [101.19649, 4.32947], [101.20143, 4.33313], [101.23083, 4.34023], [101.23048, 4.34327], [101.23418, 4.34424], [101.23561, 4.34444], [101.23554, 4.34105], [101.25136, 4.34105], [101.26517, 4.34523], [101.29206, 4.34399], [101.29421, 4.34848], [101.29815, 4.34847], [101.30089, 4.35557], [101.29735, 4.36057], [101.30041, 4.35975], [101.31224, 4.36276], [101.31107, 4.36503], [101.31538, 4.36912], [101.316, 4.376], [101.30923, 4.3831], [101.31148, 4.38744], [101.31581, 4.39027], [101.31548, 4.39897], [101.31848, 4.40409], [101.31747, 4.4088], [101.3264, 4.42158]]]]}}, {"type": "Feature", "properties": {"state": "Perak", "seat": "N.48 Ayer Kuning", "seat_name": "Ayer Kuning"}, "geometry": {"type": "MultiPolygon", "coordinates": [[[[101.16841, 4.27415], [101.16872, 4.26531], [101.17427, 4.25345], [101.17584, 4.2458], [101.17783, 4.24593], [101.17875, 4.24405], [101.181, 4.23502], [101.1958, 4.23665], [101.20976, 4.23299], [101.22056, 4.23563], [101.22241, 4.23452], [101.21922, 4.23088], [101.2233, 4.23011], [101.22799, 4.22577], [101.23247, 4.22925], [101.23502, 4.22885], [101.23715, 4.22361], [101.24057, 4.2235], [101.24248, 4.22118], [101.24919, 4.22167], [101.24868, 4.21559], [101.25186, 4.21404], [101.25018, 4.21123], [101.2542, 4.2096], [101.25273, 4.2059], [101.24724, 4.20848], [101.2435, 4.19804], [101.24826, 4.1974], [101.25224, 4.19302], [101.25237, 4.19473], [101.25438, 4.19475], [101.25384, 4.19865], [101.25804, 4.19729], [101.25963, 4.19134], [101.25494, 4.1853], [101.25577, 4.18415], [101.26209, 4.18436], [101.26433, 4.17787], [101.25735, 4.17067], [101.25944, 4.16675], [101.25802, 4.16535], [101.25914, 4.16332], [101.25621, 4.16001], [101.25699, 4.15775], [101.2544, 4.15484], [101.25505, 4.15254], [101.25348, 4.15232], [101.25427, 4.14908], [101.25989, 4.15052], [101.2611, 4.14688], [101.26308, 4.14701], [101.26446, 4.14246], [101.27113, 4.14603], [101.2744, 4.14485], [101.27724, 4.14577], [101.27919, 4.14369], [101.28383, 4.14816], [101.28781, 4.14719], [101.2891, 4.149], [101.29393, 4.14954], [101.2947, 4.145], [101.30196, 4.14174], [101.30401, 4.12935], [101.30102, 4.11854], [101.29833, 4.1187], [101.29579, 4.11581], [101.29186, 4.11669], [101.29224, 4.12011], [101.28807, 4.12012], [101.28773, 4.1137], [101.28517, 4.11631], [101.28248, 4.11586], [101.28033, 4.10853], [101.28111, 4.10666], [101.27662, 4.10868], [101.2752, 4.10571], [101.27005, 4.10574], [101.26536, 4.10802], [101.26427, 4.10452], [101.26696, 4.10279], [101.26907, 4.09703], [101.25895, 4.08598], [101.25237, 4.08581], [101.24414, 4.07213], [101.24529, 4.07136], [101.24428, 4.06533], [101.2406, 4.0597], [101.24228, 4.05947], [101.24197, 4.05227], [101.25793, 4.05185], [101.2589, 4.04643], [101.26503, 4.05069], [101.26633, 4.05018], [101.26635, 4.05149], [101.26748, 4.05147], [101.2673, 4.04948], [101.27357, 4.04912], [101.27204, 4.0428], [101.27015, 4.04138], [101.2603, 4.04079], [101.25937, 4.03947], [101.25592, 4.03998], [101.25108, 4.03195], [101.24296, 4.03353], [101.23984, 4.02889], [101.23712, 4.02922], [101.19886, 4.06786], [101.14816, 4.11444], [101.14438, 4.12154], [101.14021, 4.11521], [101.13408, 4.11663], [101.13808, 4.12314], [101.13953, 4.13], [101.12034, 4.14025], [101.1236, 4.14632], [101.11753, 4.1495], [101.12395, 4.16121], [101.11064, 4.18338], [101.10232, 4.17967], [101.06966, 4.24603], [101.07072, 4.24821], [101.09664, 4.24636], [101.09845, 4.24646], [101.09718, 4.24783], [101.10705, 4.24726], [101.1106, 4.24922], [101.11257, 4.24613], [101.11644, 4.24855], [101.11802, 4.24655], [101.13681, 4.25794], [101.14433, 4.25537], [101.14459, 4.25877], [101.14663, 4.25593], [101.14916, 4.25708], [101.15341, 4.26605], [101.15466, 4.27211], [101.15323, 4.27506], [101.1574, 4.27412], [101.1668, 4.27722], [101.16841, 4.27415]]]]}}, {"type": "Feature", "properties": {"state": "Perak", "seat": "N.49 Sungai Manik", "seat_name": "Sungai Manik"}, "geometry": {"type": "MultiPolygon", "coordinates": [[[[101.11096, 4.18286], [101.12395, 4.16121], [101.11753, 4.1495], [101.1236, 4.14632], [101.12034, 4.14025], [101.13956, 4.12993], [101.13808, 4.12314], [101.13408, 4.11663], [101.14021, 4.11521], [101.14438, 4.12154], [101.14816, 4.11444], [101.19565, 4.07092], [101.23289, 4.03412], [101.23467, 4.03181], [101.23321, 4.03101], [101.23431, 4.02752], [101.22931, 4.02981], [101.22128, 4.03028], [101.21578, 4.03455], [101.21237, 4.03458], [101.20955, 4.03349], [101.20898, 4.03118], [101.20093, 4.02338], [101.19702, 4.02156], [101.19418, 4.01436], [101.1861, 4.01274], [101.18112, 4.01398], [101.1758, 4.0103], [101.17125, 4.01237], [101.16496, 4.00895], [101.16387, 4.01097], [101.1552, 4.01095], [101.15341, 4.00859], [101.14235, 4.0031], [101.13105, 3.99967], [101.1296, 4.00961], [101.11936, 4.00917], [101.12113, 4.015], [101.12581, 4.01871], [101.11982, 4.02607], [101.12825, 4.03307], [101.11803, 4.04311], [101.11468, 4.03699], [101.11073, 4.0362], [101.10989, 4.03191], [101.10234, 4.02959], [101.09677, 4.02515], [101.09399, 4.02745], [101.09473, 4.02892], [101.10154, 4.03436], [101.09545, 4.04624], [101.08352, 4.0367], [101.06279, 4.0297], [101.06118, 4.0342], [101.05839, 4.03398], [101.05719, 4.0388], [101.05226, 4.03832], [101.04912, 4.0411], [101.05234, 4.04758], [101.05025, 4.0575], [101.04045, 4.07357], [101.03765, 4.07127], [101.02201, 4.08318], [101.02477, 4.08682], [101.02275, 4.09231], [101.02425, 4.097], [101.0201, 4.09508], [101.01813, 4.10187], [101.02343, 4.10804], [101.02402, 4.11128], [101.01719, 4.11192], [101.01587, 4.1143], [101.02371, 4.12236], [101.0352, 4.12747], [101.03649, 4.13009], [101.04478, 4.13072], [101.04729, 4.13867], [101.0554, 4.13923], [101.05547, 4.14887], [101.0595, 4.14852], [101.06076, 4.15257], [101.06321, 4.15179], [101.07592, 4.16126], [101.08618, 4.16556], [101.09791, 4.17782], [101.11096, 4.18286]]]]}}, {"type": "Feature", "properties": {"state": "Perak", "seat": "N.50 Kampong Gajah", "seat_name": "Kampong Gajah"}, "geometry": {"type": "MultiPolygon", "coordinates": [[[[101.02671, 4.26771], [101.02785, 4.26661], [101.04213, 4.26686], [101.04306, 4.2543], [101.06113, 4.25043], [101.06214, 4.2488], [101.07032, 4.24885], [101.06966, 4.24603], [101.07323, 4.23821], [101.10232, 4.17967], [101.09416, 4.17489], [101.08618, 4.16556], [101.07592, 4.16126], [101.06321, 4.15179], [101.06076, 4.15257], [101.0595, 4.14852], [101.05547, 4.14887], [101.05618, 4.14001], [101.04729, 4.13867], [101.04478, 4.13072], [101.03649, 4.13009], [101.0352, 4.12747], [101.02371, 4.12236], [101.01595, 4.11446], [101.01719, 4.11192], [101.02366, 4.11193], [101.02393, 4.10923], [101.02017, 4.10361], [101.01623, 4.1008], [101.01397, 4.10114], [101.01027, 4.10542], [101.00791, 4.10473], [101.01356, 4.08881], [101.01265, 4.08045], [101.008, 4.07069], [101.00164, 4.06633], [101.00159, 4.06053], [100.99312, 4.063], [100.98684, 4.05854], [100.97795, 4.06386], [100.9717, 4.05078], [100.99215, 4.03877], [100.99362, 4.03346], [100.99843, 4.02831], [101.01446, 4.0242], [101.01635, 4.01894], [101.00399, 3.99921], [101.00189, 3.99834], [100.99547, 3.99998], [100.98625, 4.00902], [100.98163, 4.00773], [100.98145, 4.00166], [100.98814, 3.9881], [100.98514, 3.9838], [100.97671, 3.98081], [100.97558, 3.97062], [100.97292, 3.96676], [100.96893, 3.96499], [100.96582, 3.9657], [100.95491, 3.97393], [100.94914, 3.97206], [100.94795, 3.96803], [100.94968, 3.96325], [100.96392, 3.95457], [100.96334, 3.94712], [100.95375, 3.94132], [100.9471, 3.94049], [100.94208, 3.94261], [100.93723, 3.94711], [100.9332, 3.96197], [100.92977, 3.96454], [100.92312, 3.96288], [100.91596, 3.95685], [100.90965, 3.95451], [100.90041, 3.95495], [100.88646, 3.96402], [100.88098, 3.96423], [100.87906, 3.96227], [100.87344, 3.96149], [100.86605, 3.96299], [100.86043, 3.96811], [100.85714, 3.97393], [100.85601, 3.98114], [100.86241, 4.01388], [100.85762, 4.03565], [100.85291, 4.04008], [100.84575, 4.04064], [100.83088, 4.03734], [100.82367, 4.03214], [100.80941, 4.04129], [100.80869, 4.04308], [100.81263, 4.04481], [100.81005, 4.04553], [100.81131, 4.04857], [100.81601, 4.04894], [100.81752, 4.05282], [100.82429, 4.0501], [100.82675, 4.05147], [100.83023, 4.05075], [100.82437, 4.0719], [100.81413, 4.08256], [100.8018, 4.07908], [100.79902, 4.08871], [100.79095, 4.08677], [100.78947, 4.11174], [100.78564, 4.11687], [100.77556, 4.12018], [100.77614, 4.12217], [100.77144, 4.12645], [100.77139, 4.13064], [100.76552, 4.13192], [100.77642, 4.16578], [100.77317, 4.18506], [100.77401, 4.18837], [100.78233, 4.19703], [100.78452, 4.20636], [100.76953, 4.2171], [100.77724, 4.22956], [100.77363, 4.23201], [100.79015, 4.2511], [100.79304, 4.2489], [100.79949, 4.25585], [100.79911, 4.25932], [100.82776, 4.2374], [100.8279, 4.23429], [100.90641, 4.24966], [100.90967, 4.25531], [100.91177, 4.25356], [100.92068, 4.25774], [100.91649, 4.26442], [100.92047, 4.26468], [100.94663, 4.27519], [100.98953, 4.28649], [100.99494, 4.2872], [100.99426, 4.28475], [100.99694, 4.28034], [100.99645, 4.27594], [101.0004, 4.27331], [101.00211, 4.26938], [101.02558, 4.2688], [101.02671, 4.26771]]]]}}, {"type": "Feature", "properties": {"state": "Perak", "seat": "N.51 Pasir Panjang", "seat_name": "Pasir Panjang"}, "geometry": {"type": "MultiPolygon", "coordinates": [[[[100.67644, 4.3323], [100.67429, 4.33223], [100.67466, 4.32984], [100.67225, 4.32914], [100.67338, 4.32001], [100.67666, 4.31907], [100.6792, 4.31421], [100.68424, 4.31497], [100.69177, 4.31341], [100.69276, 4.31485], [100.69118, 4.31888], [100.69464, 4.31978], [100.69794, 4.31646], [100.69646, 4.31012], [100.69765, 4.3103], [100.70387, 4.29274], [100.72371, 4.27759], [100.72041, 4.27288], [100.74181, 4.25838], [100.72778, 4.2347], [100.73761, 4.22774], [100.73336, 4.22146], [100.71259, 4.23562], [100.7059, 4.22576], [100.70162, 4.22834], [100.69744, 4.22179], [100.6803, 4.21866], [100.67977, 4.22031], [100.67349, 4.22305], [100.6707, 4.20857], [100.6792, 4.20058], [100.67349, 4.1947], [100.67019, 4.17728], [100.682, 4.17502], [100.68117, 4.18063], [100.69574, 4.18337], [100.69991, 4.17667], [100.70588, 4.17461], [100.70854, 4.17519], [100.7147, 4.16216], [100.73003, 4.16536], [100.73189, 4.16204], [100.73854, 4.16569], [100.73953, 4.16387], [100.7384, 4.16232], [100.74263, 4.15733], [100.7483, 4.15469], [100.75341, 4.16206], [100.75186, 4.16358], [100.75458, 4.16921], [100.75221, 4.17352], [100.75481, 4.17727], [100.75189, 4.17937], [100.75283, 4.18069], [100.75016, 4.18332], [100.75763, 4.19378], [100.75303, 4.19711], [100.76217, 4.20994], [100.77002, 4.20587], [100.7705, 4.21082], [100.76688, 4.21346], [100.76953, 4.2171], [100.78452, 4.20636], [100.78233, 4.19703], [100.77401, 4.18837], [100.77317, 4.18506], [100.77642, 4.16578], [100.76552, 4.13192], [100.77139, 4.13064], [100.77144, 4.12645], [100.77614, 4.12217], [100.77556, 4.12018], [100.78564, 4.11687], [100.78947, 4.11174], [100.79095, 4.08677], [100.79902, 4.08871], [100.8018, 4.07908], [100.81413, 4.08256], [100.82437, 4.0719], [100.83023, 4.05075], [100.82675, 4.05147], [100.82429, 4.0501], [100.81752, 4.05282], [100.81601, 4.04894], [100.81131, 4.04857], [100.81005, 4.04553], [100.81242, 4.04426], [100.80869, 4.04213], [100.82367, 4.03214], [100.80684, 4.0138], [100.79433, 4.01579], [100.78951, 4.01132], [100.77549, 4.00382], [100.76712, 4.00231], [100.76259, 4.00471], [100.7608, 4.01091], [100.76119, 4.01945], [100.76298, 4.03225], [100.76828, 4.04857], [100.76657, 4.06478], [100.76039, 4.08734], [100.7504, 4.10347], [100.75211, 4.10525], [100.74902, 4.10397], [100.72659, 4.11729], [100.7247, 4.1255], [100.72043, 4.13378], [100.70824, 4.14883], [100.69995, 4.15318], [100.69502, 4.1592], [100.69083, 4.15994], [100.68762, 4.16336], [100.68566, 4.16272], [100.68518, 4.16512], [100.68361, 4.16264], [100.6641, 4.17052], [100.65654, 4.16986], [100.65648, 4.15566], [100.63792, 4.15523], [100.62543, 4.14163], [100.62906, 4.13544], [100.62779, 4.13469], [100.61955, 4.14871], [100.62082, 4.14946], [100.62438, 4.14342], [100.63657, 4.15669], [100.63679, 4.16747], [100.63442, 4.16537], [100.63226, 4.16925], [100.63542, 4.17255], [100.63437, 4.17304], [100.6352, 4.17982], [100.63333, 4.18161], [100.63353, 4.18726], [100.62955, 4.19312], [100.63126, 4.19273], [100.63764, 4.19853], [100.64335, 4.19682], [100.64403, 4.19943], [100.63886, 4.19909], [100.63269, 4.2072], [100.6489, 4.21197], [100.64432, 4.21515], [100.64761, 4.22819], [100.64376, 4.23096], [100.64205, 4.24032], [100.64835, 4.24367], [100.65631, 4.25368], [100.6619, 4.27253], [100.66197, 4.28627], [100.66891, 4.30382], [100.66819, 4.31344], [100.66201, 4.32385], [100.6605, 4.33605], [100.67382, 4.34345], [100.67481, 4.34536], [100.67895, 4.34504], [100.67856, 4.33238], [100.67644, 4.3323]]]]}}, {"type": "Feature", "properties": {"state": "Perak", "seat": "N.52 Pangkor", "seat_name": "Pangkor"}, "geometry": {"type": "MultiPolygon", "coordinates": [[[[100.62935, 3.76878], [100.63152, 3.76847], [100.63002, 3.76597], [100.62338, 3.76438], [100.62391, 3.76809], [100.62935, 3.76878]]], [[[100.53329, 3.99102], [100.53089, 3.99736], [100.53231, 3.99889], [100.53452, 3.99758], [100.5351, 3.99362], [100.53329, 3.99102]]], [[[100.54936, 4.00182], [100.54922, 4.00168], [100.54911, 4.00189], [100.54936, 4.00197], [100.54936, 4.00182]]], [[[100.54975, 4.00204], [100.54952, 4.00187], [100.54955, 4.00216], [100.54975, 4.00204]]], [[[100.50765, 4.00413], [100.50697, 4.00485], [100.5076, 4.00542], [100.50817, 4.00512], [100.50765, 4.00413]]], [[[100.54822, 4.00494], [100.5495, 4.00253], [100.54855, 4.00168], [100.54801, 4.00323], [100.5438, 4.00441], [100.54452, 4.00771], [100.54588, 4.00798], [100.54822, 4.00494]]], [[[100.53538, 4.00847], [100.5358, 4.00725], [100.5343, 4.00626], [100.53419, 4.00809], [100.53538, 4.00847]]], [[[100.53633, 4.00987], [100.53478, 4.01028], [100.53445, 4.01098], [100.53626, 4.01043], [100.53633, 4.00987]]], [[[100.54582, 4.00904], [100.54181, 4.00978], [100.54239, 4.01469], [100.546, 4.01098], [100.54582, 4.00904]]], [[[100.51261, 4.02111], [100.51187, 4.02144], [100.51209, 4.02196], [100.51297, 4.02179], [100.51261, 4.02111]]], [[[100.54547, 4.03304], [100.55422, 4.03109], [100.55288, 4.0296], [100.55356, 4.02666], [100.54672, 4.02219], [100.54446, 4.02306], [100.54288, 4.02756], [100.54501, 4.02797], [100.54369, 4.0329], [100.54547, 4.03304]]], [[[100.53891, 4.05896], [100.54066, 4.05861], [100.54494, 4.05668], [100.5407, 4.0569], [100.53891, 4.05896]]], [[[100.57585, 4.06084], [100.57616, 4.06005], [100.57484, 4.05974], [100.57497, 4.06082], [100.57585, 4.06084]]], [[[100.57869, 4.06616], [100.57787, 4.06648], [100.57853, 4.06731], [100.57886, 4.06701], [100.57869, 4.06616]]], [[[100.5846, 4.07275], [100.58423, 4.07223], [100.58255, 4.07181], [100.58506, 4.07474], [100.5846, 4.07275]]], [[[100.56026, 4.12593], [100.55913, 4.12671], [100.55995, 4.12856], [100.56074, 4.12719], [100.56026, 4.12593]]], [[[100.54051, 4.1846], [100.5395, 4.18499], [100.53963, 4.18601], [100.54022, 4.1859], [100.54051, 4.1846]]], [[[100.53835, 4.18506], [100.53728, 4.1857], [100.53726, 4.18686], [100.5379, 4.18641], [100.53835, 4.18506]]], [[[100.54087, 4.20201], [100.54037, 4.20206], [100.54032, 4.20243], [100.54092, 4.2025], [100.54087, 4.20201]]], [[[100.54594, 4.20091], [100.54739, 4.20067], [100.54702, 4.19796], [100.54917, 4.19563], [100.54701, 4.19099], [100.54748, 4.18733], [100.53964, 4.1872], [100.53802, 4.19473], [100.54253, 4.19478], [100.54291, 4.1962], [100.53929, 4.19818], [100.53918, 4.20003], [100.54027, 4.20153], [100.54275, 4.20046], [100.54402, 4.20286], [100.54594, 4.20091]]], [[[100.54646, 4.20705], [100.54587, 4.20711], [100.54581, 4.20787], [100.54674, 4.20745], [100.54646, 4.20705]]], [[[100.54567, 4.20909], [100.54522, 4.20983], [100.54547, 4.21016], [100.54606, 4.20991], [100.54567, 4.20909]]], [[[100.6065, 4.21199], [100.60677, 4.20591], [100.60492, 4.20338], [100.59782, 4.20259], [100.59721, 4.21066], [100.60219, 4.21045], [100.60173, 4.21305], [100.60407, 4.21404], [100.6065, 4.21199]]], [[[100.53378, 4.23001], [100.53788, 4.22981], [100.53892, 4.22699], [100.53525, 4.22791], [100.53345, 4.22661], [100.52823, 4.22908], [100.5296, 4.23075], [100.53378, 4.23001]]], [[[100.54196, 4.23631], [100.54111, 4.23515], [100.53909, 4.23558], [100.53938, 4.23646], [100.54196, 4.23631]]], [[[100.54318, 4.26531], [100.54727, 4.26569], [100.55097, 4.26253], [100.55182, 4.25628], [100.55371, 4.25381], [100.55179, 4.25164], [100.55369, 4.24938], [100.55924, 4.24829], [100.55977, 4.25105], [100.56391, 4.25368], [100.56931, 4.24888], [100.56814, 4.24379], [100.57358, 4.23706], [100.57624, 4.21737], [100.57785, 4.21521], [100.57574, 4.21335], [100.57523, 4.20959], [100.57971, 4.20513], [100.57945, 4.20196], [100.57735, 4.20138], [100.57632, 4.1978], [100.57933, 4.19362], [100.58216, 4.1924], [100.58139, 4.18814], [100.57288, 4.19117], [100.5694, 4.18877], [100.56351, 4.1903], [100.56087, 4.19359], [100.56056, 4.20384], [100.55843, 4.20912], [100.54899, 4.21377], [100.54511, 4.21157], [100.54329, 4.21492], [100.54427, 4.22166], [100.53922, 4.22607], [100.54433, 4.228], [100.54561, 4.23793], [100.54234, 4.23895], [100.54119, 4.24188], [100.53683, 4.2429], [100.53595, 4.24497], [100.54522, 4.24715], [100.54585, 4.25469], [100.53751, 4.25662], [100.53784, 4.259], [100.53598, 4.2617], [100.54054, 4.26588], [100.54318, 4.26531]]], [[[100.65536, 4.33009], [100.65805, 4.32637], [100.66164, 4.32517], [100.66673, 4.31684], [100.66891, 4.31003], [100.66891, 4.30382], [100.66197, 4.28627], [100.6619, 4.27253], [100.65631, 4.25368], [100.64835, 4.24367], [100.64205, 4.24032], [100.64376, 4.23096], [100.64761, 4.22819], [100.64432, 4.21515], [100.6489, 4.21197], [100.63269, 4.2072], [100.63886, 4.19909], [100.64403, 4.19943], [100.64335, 4.19682], [100.63764, 4.19853], [100.63126, 4.19273], [100.62955, 4.19312], [100.63376, 4.18663], [100.63314, 4.18296], [100.6352, 4.17982], [100.63437, 4.17304], [100.63542, 4.17255], [100.63226, 4.16925], [100.63442, 4.16537], [100.63384, 4.16339], [100.62959, 4.16098], [100.63003, 4.1582], [100.62792, 4.15861], [100.62573, 4.15669], [100.62446, 4.16205], [100.62159, 4.16581], [100.61748, 4.16682], [100.61593, 4.16411], [100.61354, 4.1676], [100.61219, 4.17995], [100.60896, 4.18606], [100.60571, 4.18845], [100.60393, 4.18807], [100.60295, 4.18988], [100.60298, 4.19826], [100.60843, 4.20131], [100.61019, 4.2041], [100.60885, 4.21607], [100.60376, 4.22074], [100.59744, 4.2238], [100.59571, 4.22658], [100.58522, 4.22676], [100.58514, 4.23565], [100.5927, 4.23626], [100.5932, 4.23921], [100.59051, 4.23933], [100.59051, 4.24497], [100.61378, 4.23801], [100.62296, 4.2321], [100.62771, 4.23292], [100.62252, 4.23891], [100.6222, 4.24446], [100.61799, 4.24393], [100.61676, 4.25073], [100.60835, 4.25399], [100.60765, 4.26546], [100.60508, 4.26696], [100.60414, 4.26451], [100.60645, 4.25823], [100.60669, 4.24971], [100.59989, 4.254], [100.59687, 4.25383], [100.59077, 4.25707], [100.59198, 4.27346], [100.58764, 4.27495], [100.58495, 4.27834], [100.58696, 4.28052], [100.58581, 4.29479], [100.58208, 4.29786], [100.57886, 4.29564], [100.57856, 4.30323], [100.57417, 4.31134], [100.57119, 4.31195], [100.56899, 4.30981], [100.56372, 4.31279], [100.56062, 4.30855], [100.5579, 4.30866], [100.55899, 4.31893], [100.56685, 4.32989], [100.57152, 4.32554], [100.5718, 4.32185], [100.57638, 4.31837], [100.57821, 4.32263], [100.58148, 4.32419], [100.57951, 4.32132], [100.58142, 4.31852], [100.57823, 4.31529], [100.58103, 4.3085], [100.58375, 4.30834], [100.58441, 4.3127], [100.58898, 4.30691], [100.5927, 4.31167], [100.5992, 4.31297], [100.59997, 4.31042], [100.59689, 4.30726], [100.59597, 4.30198], [100.59317, 4.29991], [100.60078, 4.29017], [100.60515, 4.29304], [100.61043, 4.29013], [100.62351, 4.29783], [100.62091, 4.30332], [100.62124, 4.30788], [100.61807, 4.31733], [100.61885, 4.31944], [100.62684, 4.31744], [100.63571, 4.31847], [100.63576, 4.32335], [100.64218, 4.32452], [100.65124, 4.33165], [100.65536, 4.33009]]]]}}, {"type": "Feature", "properties": {"state": "Perak", "seat": "N.53 Rungkup", "seat_name": "Rungkup"}, "geometry": {"type": "MultiPolygon", "coordinates": [[[[100.85927, 3.99666], [100.85601, 3.98114], [100.85714, 3.97393], [100.86012, 3.96896], [100.85524, 3.96624], [100.85527, 3.96474], [100.82558, 3.96413], [100.827, 3.95685], [100.83649, 3.95697], [100.83819, 3.94758], [100.81256, 3.94536], [100.80335, 3.89613], [100.79951, 3.89757], [100.79801, 3.86655], [100.80374, 3.86764], [100.80396, 3.85857], [100.80791, 3.85924], [100.81875, 3.85695], [100.81973, 3.85052], [100.80784, 3.84969], [100.79793, 3.8455], [100.79207, 3.83921], [100.78675, 3.82659], [100.78172, 3.81976], [100.77192, 3.81571], [100.75546, 3.81522], [100.74141, 3.8182], [100.7357, 3.82073], [100.71758, 3.83446], [100.70823, 3.84985], [100.70554, 3.88422], [100.70361, 3.89272], [100.70483, 3.89395], [100.70451, 3.8984], [100.70327, 3.89861], [100.70262, 3.90317], [100.70361, 3.91083], [100.70175, 3.92796], [100.70046, 3.97373], [100.7042, 3.99147], [100.7092, 3.99911], [100.718, 4.00403], [100.7305, 4.00611], [100.74621, 3.99548], [100.76309, 3.98983], [100.7755, 3.99009], [100.79647, 3.9962], [100.80676, 4.003], [100.80684, 4.0138], [100.8222, 4.03112], [100.83173, 4.03766], [100.84892, 4.0407], [100.85563, 4.03827], [100.86025, 4.02814], [100.86237, 4.01253], [100.85927, 3.99666]]]]}}, {"type": "Feature", "properties": {"state": "Perak", "seat": "N.54 Hutan Melintang", "seat_name": "Hutan Melintang"}, "geometry": {"type": "MultiPolygon", "coordinates": [[[[100.86979, 3.96182], [100.88646, 3.96402], [100.90041, 3.95495], [100.90965, 3.95451], [100.91596, 3.95685], [100.92312, 3.96288], [100.92977, 3.96454], [100.9332, 3.96197], [100.93562, 3.95032], [100.94082, 3.94334], [100.94798, 3.94043], [100.95934, 3.94368], [100.9619, 3.93985], [100.98449, 3.92117], [101.00595, 3.91406], [101.02018, 3.90333], [101.08413, 3.89157], [101.1023, 3.88336], [101.07893, 3.81978], [101.07306, 3.8135], [101.06206, 3.79108], [101.05926, 3.79535], [101.05687, 3.79602], [101.04257, 3.78579], [101.03589, 3.78535], [101.02903, 3.78255], [101.02644, 3.78368], [101.02582, 3.7866], [101.03119, 3.79528], [101.02845, 3.80209], [101.0252, 3.80543], [101.01926, 3.80536], [101.00529, 3.79881], [100.9945, 3.80135], [100.99029, 3.79875], [100.98601, 3.79304], [100.98346, 3.77189], [100.97681, 3.7694], [100.96819, 3.77119], [100.95887, 3.78201], [100.95849, 3.79176], [100.96202, 3.79748], [100.9767, 3.8054], [100.97906, 3.8099], [100.97874, 3.81585], [100.97545, 3.82081], [100.96766, 3.82654], [100.96019, 3.82905], [100.94165, 3.83149], [100.93933, 3.83416], [100.93854, 3.84102], [100.94484, 3.86174], [100.94401, 3.86733], [100.94151, 3.86967], [100.9348, 3.87036], [100.9237, 3.86741], [100.90514, 3.85922], [100.89275, 3.85571], [100.88156, 3.8543], [100.8683, 3.8559], [100.8382, 3.84912], [100.8197, 3.85146], [100.81875, 3.85695], [100.80791, 3.85924], [100.80396, 3.85857], [100.80374, 3.86764], [100.79801, 3.86655], [100.79951, 3.89757], [100.80335, 3.89613], [100.81256, 3.94536], [100.83819, 3.94758], [100.83649, 3.95697], [100.827, 3.95685], [100.82558, 3.96413], [100.85527, 3.96474], [100.85524, 3.96624], [100.86012, 3.96896], [100.86321, 3.96484], [100.86979, 3.96182]]]]}}, {"type": "Feature", "properties": {"state": "Perak", "seat": "N.55 Pasir Bedamar", "seat_name": "Pasir Bedamar"}, "geometry": {"type": "MultiPolygon", "coordinates": [[[[101.0154, 4.10065], [101.01813, 4.10187], [101.0201, 4.09508], [101.02425, 4.097], [101.02275, 4.09231], [101.02477, 4.08682], [101.02201, 4.08318], [101.03765, 4.07127], [101.032, 4.06618], [101.03164, 4.05867], [101.02827, 4.05292], [101.04052, 4.04621], [101.04203, 4.0446], [101.04198, 4.04054], [101.03059, 4.03397], [101.02607, 4.03307], [101.0256, 4.03131], [101.03734, 4.01763], [101.04232, 4.01406], [101.03752, 4.00774], [101.03603, 4.00915], [101.02816, 4.00114], [101.02348, 3.99453], [101.01845, 3.99766], [101.01101, 3.98857], [101.00499, 3.99553], [101.00825, 3.99873], [101.00506, 4.00098], [101.01635, 4.01894], [101.01567, 4.02286], [101.01164, 4.02552], [100.99819, 4.02846], [100.99336, 4.0339], [100.99215, 4.03877], [100.9717, 4.05078], [100.97795, 4.06386], [100.98684, 4.05854], [100.99312, 4.063], [101.00159, 4.06053], [101.00164, 4.06633], [101.008, 4.07069], [101.01265, 4.08045], [101.01356, 4.08881], [101.00791, 4.10473], [101.01046, 4.10532], [101.0154, 4.10065]]]]}}, {"type": "Feature", "properties": {"state": "Perak", "seat": "N.56 Changkat Jong", "seat_name": "Changkat Jong"}, "geometry": {"type": "MultiPolygon", "coordinates": [[[[101.04972, 4.04071], [101.05226, 4.03832], [101.05719, 4.0388], [101.05839, 4.03398], [101.06118, 4.0342], [101.06279, 4.0297], [101.08352, 4.0367], [101.09545, 4.04624], [101.10154, 4.03436], [101.09473, 4.02892], [101.09399, 4.02745], [101.09677, 4.02515], [101.10234, 4.02959], [101.10989, 4.03191], [101.11073, 4.0362], [101.11468, 4.03699], [101.11803, 4.04311], [101.12825, 4.03307], [101.11982, 4.02607], [101.12581, 4.01871], [101.12113, 4.015], [101.11936, 4.00917], [101.1296, 4.00961], [101.13105, 3.99967], [101.14235, 4.0031], [101.15341, 4.00859], [101.1552, 4.01095], [101.16387, 4.01097], [101.16496, 4.00895], [101.17125, 4.01237], [101.1758, 4.0103], [101.18112, 4.01398], [101.1861, 4.01274], [101.19418, 4.01436], [101.19702, 4.02156], [101.20093, 4.02338], [101.20898, 4.03118], [101.20955, 4.03349], [101.21237, 4.03458], [101.21578, 4.03455], [101.22128, 4.03028], [101.23179, 4.02887], [101.23345, 4.01852], [101.23722, 4.01863], [101.23885, 3.93382], [101.25042, 3.72934], [101.24349, 3.71928], [101.24015, 3.72001], [101.23917, 3.71746], [101.23743, 3.71778], [101.23357, 3.71487], [101.22219, 3.71307], [101.21277, 3.70739], [101.2142, 3.71065], [101.21252, 3.71113], [101.21228, 3.7139], [101.21413, 3.71346], [101.21403, 3.71455], [101.21256, 3.71618], [101.21014, 3.7152], [101.21036, 3.71348], [101.20747, 3.71386], [101.20628, 3.71883], [101.20359, 3.71869], [101.2019, 3.72237], [101.19997, 3.72052], [101.19915, 3.72384], [101.20131, 3.72676], [101.19759, 3.72767], [101.19623, 3.72461], [101.19771, 3.71683], [101.19347, 3.71834], [101.19198, 3.71968], [101.19339, 3.72156], [101.19104, 3.72199], [101.17524, 3.70963], [101.17065, 3.71471], [101.17063, 3.71974], [101.1759, 3.71478], [101.18494, 3.72682], [101.19131, 3.73099], [101.17085, 3.72736], [101.17149, 3.73258], [101.16567, 3.74921], [101.1638, 3.74789], [101.16526, 3.7426], [101.16333, 3.72502], [101.15732, 3.73574], [101.15636, 3.74323], [101.15489, 3.74464], [101.15251, 3.74418], [101.1507, 3.74129], [101.15448, 3.73045], [101.15386, 3.7284], [101.13461, 3.7346], [101.13419, 3.73693], [101.14513, 3.74597], [101.13528, 3.75284], [101.13262, 3.76391], [101.12279, 3.74727], [101.12374, 3.7391], [101.12206, 3.73635], [101.1192, 3.7366], [101.11027, 3.74719], [101.10604, 3.74322], [101.1068, 3.73387], [101.10191, 3.73259], [101.09984, 3.73526], [101.09921, 3.744], [101.09666, 3.74513], [101.09132, 3.74177], [101.08397, 3.74249], [101.08036, 3.72986], [101.07577, 3.72883], [101.07302, 3.73118], [101.07318, 3.73515], [101.07983, 3.74565], [101.07398, 3.75724], [101.07498, 3.75944], [101.0923, 3.7556], [101.09642, 3.74969], [101.09918, 3.74822], [101.10192, 3.75055], [101.09442, 3.76081], [101.08775, 3.76659], [101.08763, 3.76959], [101.09241, 3.77844], [101.09213, 3.78116], [101.08998, 3.78257], [101.08316, 3.7773], [101.07822, 3.76849], [101.06629, 3.76449], [101.06233, 3.75372], [101.05991, 3.75272], [101.05785, 3.75398], [101.05848, 3.76746], [101.0544, 3.77716], [101.05447, 3.78235], [101.06078, 3.79169], [101.06206, 3.79108], [101.07306, 3.8135], [101.07893, 3.81978], [101.1023, 3.88336], [101.08413, 3.89157], [101.02018, 3.90333], [101.00595, 3.91406], [100.98449, 3.92117], [100.9603, 3.94169], [100.95934, 3.94368], [100.96424, 3.94895], [100.96416, 3.95408], [100.95029, 3.96263], [100.94793, 3.96844], [100.94953, 3.9725], [100.95383, 3.97404], [100.96803, 3.96495], [100.97407, 3.96786], [100.97671, 3.98081], [100.98514, 3.9838], [100.98814, 3.9881], [100.98124, 4.00248], [100.98113, 4.007], [100.98305, 4.00875], [100.98625, 4.00902], [100.98911, 4.00716], [100.99795, 3.99838], [101.00189, 3.99834], [101.00506, 4.00098], [101.00781, 3.99906], [101.00499, 3.99553], [101.01101, 3.98857], [101.01845, 3.99766], [101.02348, 3.99453], [101.03603, 4.00915], [101.03752, 4.00774], [101.03892, 4.00924], [101.04232, 4.01406], [101.03734, 4.01763], [101.02558, 4.03168], [101.04198, 4.04054], [101.04203, 4.0446], [101.04052, 4.04621], [101.03537, 4.04793], [101.03295, 4.05095], [101.02825, 4.05312], [101.03162, 4.0586], [101.03205, 4.06627], [101.04045, 4.07357], [101.05088, 4.05582], [101.05234, 4.04758], [101.04972, 4.04071]]]]}}, {"type": "Feature", "properties": {"state": "Perak", "seat": "N.57 Sungkai", "seat_name": "Sungkai"}, "geometry": {"type": "MultiPolygon", "coordinates": [[[[101.44563, 4.18778], [101.4431, 4.17556], [101.44564, 4.16968], [101.44214, 4.16728], [101.43367, 4.15509], [101.43529, 4.1473], [101.42939, 4.13927], [101.42199, 4.138], [101.41103, 4.12853], [101.40817, 4.13023], [101.40711, 4.12925], [101.4033, 4.13414], [101.39923, 4.13291], [101.39645, 4.1342], [101.37956, 4.13346], [101.36875, 4.1289], [101.35852, 4.13018], [101.35638, 4.1226], [101.35068, 4.11763], [101.34582, 4.1184], [101.3415, 4.11499], [101.33225, 4.11896], [101.32487, 4.11529], [101.32639, 4.1003], [101.32315, 4.09738], [101.3166, 4.09994], [101.30916, 4.09821], [101.30333, 4.10092], [101.30262, 4.07188], [101.3048, 4.05899], [101.3328, 4.06365], [101.34704, 4.06859], [101.35436, 4.06334], [101.34901, 4.06255], [101.34454, 4.05668], [101.34197, 4.06013], [101.32986, 4.04986], [101.32914, 4.04739], [101.3261, 4.04683], [101.32586, 4.04409], [101.3205, 4.04505], [101.31861, 4.04332], [101.31849, 4.03926], [101.31341, 4.03898], [101.31363, 4.02766], [101.31587, 4.02182], [101.30268, 4.0228], [101.30256, 4.01345], [101.30812, 4.00655], [101.31042, 4.00017], [101.31333, 3.99913], [101.31672, 4.00206], [101.31919, 3.99114], [101.32541, 3.98251], [101.32362, 3.97978], [101.32172, 3.97879], [101.31356, 3.99105], [101.3074, 3.98576], [101.30808, 3.98336], [101.30414, 3.98232], [101.30592, 3.98142], [101.30393, 3.9798], [101.30557, 3.97825], [101.30411, 3.97732], [101.30472, 3.97523], [101.29767, 3.97938], [101.29441, 3.97608], [101.29255, 3.9784], [101.28196, 3.97393], [101.27508, 3.98952], [101.27011, 3.99793], [101.26757, 3.99636], [101.26722, 4.00108], [101.26429, 4.00448], [101.25692, 3.99646], [101.24788, 3.99594], [101.23804, 3.98787], [101.23722, 4.01863], [101.23345, 4.01852], [101.23111, 4.02722], [101.23179, 4.02887], [101.23452, 4.02777], [101.23333, 4.03138], [101.23973, 4.02888], [101.24296, 4.03353], [101.25108, 4.03195], [101.25592, 4.03998], [101.27015, 4.04138], [101.27333, 4.0444], [101.27357, 4.04912], [101.2673, 4.04948], [101.26748, 4.05147], [101.2589, 4.04643], [101.25793, 4.05185], [101.24197, 4.05227], [101.24228, 4.05947], [101.2406, 4.0597], [101.24428, 4.06533], [101.24529, 4.07136], [101.24414, 4.07213], [101.25237, 4.08581], [101.25895, 4.08598], [101.26907, 4.09703], [101.26696, 4.10279], [101.26427, 4.10452], [101.26536, 4.10802], [101.27005, 4.10574], [101.2752, 4.10571], [101.27662, 4.10868], [101.28111, 4.10666], [101.28033, 4.10853], [101.28248, 4.11586], [101.28517, 4.11631], [101.28773, 4.1137], [101.28807, 4.12012], [101.29224, 4.12011], [101.29186, 4.11669], [101.29579, 4.11581], [101.29833, 4.1187], [101.30102, 4.11854], [101.30397, 4.12907], [101.30371, 4.13452], [101.30196, 4.14174], [101.2947, 4.145], [101.29393, 4.14954], [101.29728, 4.1498], [101.29621, 4.1517], [101.30448, 4.15747], [101.30501, 4.15978], [101.30855, 4.16176], [101.31051, 4.15877], [101.31298, 4.16058], [101.31154, 4.16613], [101.3167, 4.16961], [101.32021, 4.17125], [101.32078, 4.16992], [101.32508, 4.17351], [101.33496, 4.17249], [101.33906, 4.17501], [101.34187, 4.17417], [101.34438, 4.17609], [101.34651, 4.18197], [101.35567, 4.18294], [101.35554, 4.18432], [101.35706, 4.18362], [101.35953, 4.18605], [101.36145, 4.18462], [101.44089, 4.22215], [101.4453, 4.21088], [101.4446, 4.20845], [101.44082, 4.20544], [101.4413, 4.20206], [101.44558, 4.19609], [101.44563, 4.18778]]]]}}, {"type": "Feature", "properties": {"state": "Perak", "seat": "N.58 Slim", "seat_name": "Slim"}, "geometry": {"type": "MultiPolygon", "coordinates": [[[[101.346, 4.006], [101.35071, 4.00522], [101.35363, 4.00047], [101.35569, 4.00036], [101.35528, 3.99847], [101.36375, 3.97692], [101.36173, 3.96916], [101.36936, 3.96385], [101.37456, 3.97298], [101.37665, 3.96427], [101.38027, 3.96413], [101.38045, 3.96024], [101.37836, 3.95993], [101.38132, 3.95708], [101.37936, 3.95331], [101.37715, 3.95436], [101.37216, 3.95236], [101.37365, 3.94312], [101.38189, 3.94127], [101.38332, 3.93899], [101.38756, 3.9384], [101.39108, 3.93534], [101.39679, 3.93729], [101.408, 3.93399], [101.40399, 3.93269], [101.40475, 3.92735], [101.40307, 3.92472], [101.40706, 3.9206], [101.41665, 3.92497], [101.41835, 3.92966], [101.42638, 3.92966], [101.42888, 3.9272], [101.43124, 3.92942], [101.43162, 3.9268], [101.43407, 3.92806], [101.43412, 3.92987], [101.43666, 3.92752], [101.43754, 3.92894], [101.43658, 3.8875], [101.43518, 3.88753], [101.44062, 3.87793], [101.43803, 3.87541], [101.43319, 3.8797], [101.43139, 3.87747], [101.42974, 3.87869], [101.42777, 3.87619], [101.40984, 3.87621], [101.4109, 3.86382], [101.41338, 3.85642], [101.41174, 3.85456], [101.40838, 3.85733], [101.40425, 3.85878], [101.40319, 3.85778], [101.40751, 3.85192], [101.40707, 3.84146], [101.41441, 3.84208], [101.41406, 3.83346], [101.41133, 3.82861], [101.40736, 3.82865], [101.40927, 3.82632], [101.40339, 3.81995], [101.39798, 3.8184], [101.39445, 3.82138], [101.39144, 3.82179], [101.3794, 3.8159], [101.37601, 3.811], [101.37586, 3.80819], [101.37182, 3.80595], [101.37258, 3.80259], [101.37085, 3.80051], [101.36899, 3.80291], [101.36639, 3.80141], [101.36342, 3.80417], [101.35767, 3.80123], [101.35603, 3.8027], [101.35543, 3.8004], [101.35298, 3.79999], [101.35284, 3.7972], [101.35025, 3.79669], [101.35072, 3.79445], [101.34772, 3.79421], [101.34753, 3.79796], [101.3433, 3.79428], [101.33757, 3.79528], [101.33646, 3.79041], [101.33431, 3.7909], [101.33326, 3.78842], [101.32644, 3.78562], [101.32865, 3.78245], [101.32671, 3.78162], [101.32717, 3.77874], [101.3249, 3.77818], [101.32487, 3.77493], [101.32308, 3.77461], [101.32235, 3.77216], [101.32037, 3.77264], [101.31962, 3.76826], [101.32483, 3.76787], [101.32784, 3.76126], [101.32649, 3.75455], [101.33734, 3.74659], [101.33721, 3.7374], [101.34068, 3.72716], [101.34041, 3.72283], [101.34364, 3.71819], [101.3442, 3.71303], [101.34682, 3.7114], [101.34668, 3.7067], [101.33682, 3.6903], [101.3333, 3.68868], [101.33209, 3.69249], [101.3259, 3.68873], [101.32301, 3.69063], [101.31502, 3.68424], [101.31086, 3.68458], [101.31136, 3.682], [101.30908, 3.67717], [101.30249, 3.67198], [101.29554, 3.678], [101.28172, 3.67324], [101.28174, 3.66812], [101.2774, 3.66796], [101.2729, 3.67015], [101.27141, 3.66752], [101.26653, 3.66938], [101.26406, 3.66828], [101.26005, 3.67001], [101.25773, 3.67319], [101.25461, 3.67143], [101.25242, 3.67274], [101.24952, 3.67648], [101.25048, 3.67787], [101.24629, 3.68006], [101.24673, 3.68211], [101.24526, 3.68313], [101.248, 3.69389], [101.24462, 3.70149], [101.24601, 3.70229], [101.24615, 3.70815], [101.24973, 3.71761], [101.24422, 3.71979], [101.25042, 3.72934], [101.23885, 3.93382], [101.23804, 3.98787], [101.24788, 3.99594], [101.25692, 3.99646], [101.26429, 4.00448], [101.26722, 4.00108], [101.26757, 3.99636], [101.27011, 3.99793], [101.27508, 3.98952], [101.28196, 3.97393], [101.29255, 3.9784], [101.29441, 3.97608], [101.29767, 3.97938], [101.30472, 3.97523], [101.30411, 3.97732], [101.30557, 3.97825], [101.30393, 3.9798], [101.30592, 3.98142], [101.30414, 3.98232], [101.30808, 3.98336], [101.3074, 3.98576], [101.31345, 3.99103], [101.32172, 3.97879], [101.32362, 3.97978], [101.32541, 3.98251], [101.31826, 3.99344], [101.31982, 3.99368], [101.319, 3.99552], [101.32051, 3.99675], [101.33059, 4.00035], [101.33531, 3.99868], [101.33735, 4.00284], [101.34419, 4.00702], [101.346, 4.006]]]]}}, {"type": "Feature", "properties": {"state": "Perak", "seat": "N.59 Behrang", "seat_name": "Behrang"}, "geometry": {"type": "MultiPolygon", "coordinates": [[[[101.44412, 4.22827], [101.44954, 4.22447], [101.45332, 4.2242], [101.45512, 4.2213], [101.46494, 4.21429], [101.47142, 4.21573], [101.47926, 4.21115], [101.4816, 4.21242], [101.49015, 4.21058], [101.49239, 4.21253], [101.49264, 4.20925], [101.49708, 4.20737], [101.5096, 4.20688], [101.51102, 4.20087], [101.50778, 4.19865], [101.5043, 4.18904], [101.50063, 4.18945], [101.49743, 4.18479], [101.49973, 4.17518], [101.49685, 4.17111], [101.49891, 4.16607], [101.49572, 4.16192], [101.49853, 4.1557], [101.50368, 4.1526], [101.50375, 4.14415], [101.50572, 4.14094], [101.50671, 4.13214], [101.51387, 4.1254], [101.51559, 4.11795], [101.52236, 4.1207], [101.52716, 4.12535], [101.53336, 4.12653], [101.53575, 4.12337], [101.54071, 4.12146], [101.5421, 4.1176], [101.56071, 4.10888], [101.5608, 4.10141], [101.56756, 4.09839], [101.56882, 4.09579], [101.57567, 4.09615], [101.5791, 4.08593], [101.5782, 4.08011], [101.58177, 4.07528], [101.58146, 4.07282], [101.57722, 4.06892], [101.5772, 4.06345], [101.57466, 4.06271], [101.57051, 4.05694], [101.56966, 4.05278], [101.56797, 4.05212], [101.56834, 4.04946], [101.56599, 4.0478], [101.56685, 4.04532], [101.56509, 4.04157], [101.5617, 4.03942], [101.5619, 4.0342], [101.55656, 4.02949], [101.55875, 4.02454], [101.55726, 4.01907], [101.55794, 4.0136], [101.56321, 4.01024], [101.56342, 4.00519], [101.56591, 4.00251], [101.57329, 3.99936], [101.57346, 3.99576], [101.57067, 3.98935], [101.57547, 3.97931], [101.57398, 3.9744], [101.57441, 3.96639], [101.57681, 3.96559], [101.57569, 3.9618], [101.57918, 3.95826], [101.57426, 3.95157], [101.57692, 3.94967], [101.57669, 3.94446], [101.57136, 3.94279], [101.57595, 3.93736], [101.57523, 3.92928], [101.57777, 3.92398], [101.57174, 3.91672], [101.57593, 3.91236], [101.57606, 3.9103], [101.57808, 3.91052], [101.57808, 3.9066], [101.57636, 3.90451], [101.57699, 3.90116], [101.58108, 3.89635], [101.58492, 3.89463], [101.58785, 3.88976], [101.59263, 3.88836], [101.60154, 3.88078], [101.60509, 3.87523], [101.60271, 3.86911], [101.60042, 3.86747], [101.60035, 3.86267], [101.59826, 3.85892], [101.59957, 3.85245], [101.60262, 3.84836], [101.60121, 3.84447], [101.58896, 3.83725], [101.59637, 3.82857], [101.5962, 3.81694], [101.5978, 3.81404], [101.59199, 3.80255], [101.60038, 3.79609], [101.61393, 3.79448], [101.62032, 3.78329], [101.62687, 3.77862], [101.62497, 3.77208], [101.62423, 3.77332], [101.61037, 3.77492], [101.60476, 3.77295], [101.59706, 3.75359], [101.59111, 3.74646], [101.58356, 3.74191], [101.58138, 3.73884], [101.58034, 3.73496], [101.58135, 3.72623], [101.57907, 3.72405], [101.57839, 3.72041], [101.57243, 3.72075], [101.56789, 3.71152], [101.55996, 3.70753], [101.55976, 3.70346], [101.55398, 3.70423], [101.55065, 3.70197], [101.54661, 3.70161], [101.5463, 3.69635], [101.53908, 3.68746], [101.53893, 3.6833], [101.53456, 3.68128], [101.53562, 3.67892], [101.53225, 3.68165], [101.52765, 3.68162], [101.52206, 3.67836], [101.51895, 3.67828], [101.51327, 3.68645], [101.50108, 3.6941], [101.49761, 3.69844], [101.49359, 3.69949], [101.48974, 3.69807], [101.48368, 3.70162], [101.47958, 3.70203], [101.47564, 3.70713], [101.47628, 3.71204], [101.47015, 3.71512], [101.46982, 3.71658], [101.46493, 3.71589], [101.46402, 3.7141], [101.45971, 3.71559], [101.45962, 3.71876], [101.4571, 3.72032], [101.45762, 3.72384], [101.45343, 3.73005], [101.4535, 3.73319], [101.44919, 3.73887], [101.44544, 3.73963], [101.44445, 3.74262], [101.44551, 3.74451], [101.44202, 3.74773], [101.44182, 3.75197], [101.44004, 3.75071], [101.43596, 3.7532], [101.43367, 3.75174], [101.42723, 3.75301], [101.42431, 3.75084], [101.42463, 3.75228], [101.42057, 3.75198], [101.41886, 3.7589], [101.41535, 3.75804], [101.41415, 3.76066], [101.41089, 3.75879], [101.40587, 3.76041], [101.40627, 3.7615], [101.40343, 3.763], [101.40429, 3.76536], [101.40009, 3.76598], [101.39822, 3.76958], [101.39261, 3.77326], [101.38798, 3.77155], [101.38665, 3.77249], [101.38754, 3.77464], [101.38572, 3.77563], [101.38623, 3.77879], [101.38498, 3.77918], [101.38675, 3.78168], [101.38372, 3.78446], [101.38419, 3.78925], [101.38105, 3.79115], [101.38138, 3.79362], [101.37976, 3.7956], [101.3773, 3.79533], [101.37369, 3.80241], [101.37158, 3.80058], [101.37022, 3.8002], [101.37241, 3.80189], [101.37165, 3.80552], [101.37586, 3.80819], [101.37601, 3.811], [101.3794, 3.8159], [101.39144, 3.82179], [101.39445, 3.82138], [101.39798, 3.8184], [101.40266, 3.81941], [101.40927, 3.82632], [101.40736, 3.82865], [101.41133, 3.82861], [101.41398, 3.8333], [101.41441, 3.84208], [101.40707, 3.84146], [101.40751, 3.85192], [101.40319, 3.85778], [101.40425, 3.85878], [101.40838, 3.85733], [101.41174, 3.85456], [101.41338, 3.85642], [101.4109, 3.86382], [101.40984, 3.87621], [101.42777, 3.87619], [101.42974, 3.87869], [101.43139, 3.87747], [101.43319, 3.8797], [101.43803, 3.87541], [101.44062, 3.87793], [101.43518, 3.88753], [101.43658, 3.8875], [101.43754, 3.92894], [101.43666, 3.92752], [101.43412, 3.92987], [101.43407, 3.92806], [101.43162, 3.9268], [101.43124, 3.92942], [101.42888, 3.9272], [101.42638, 3.92966], [101.41835, 3.92966], [101.41665, 3.92497], [101.40953, 3.92069], [101.40618, 3.921], [101.40307, 3.92472], [101.40475, 3.92735], [101.40373, 3.93182], [101.408, 3.93399], [101.39679, 3.93729], [101.39108, 3.93534], [101.38756, 3.9384], [101.38332, 3.93899], [101.38189, 3.94127], [101.37288, 3.94393], [101.37216, 3.95236], [101.37715, 3.95436], [101.37936, 3.95331], [101.38132, 3.95708], [101.37836, 3.95993], [101.38045, 3.96024], [101.38027, 3.96413], [101.37665, 3.96427], [101.37456, 3.97298], [101.36936, 3.96385], [101.36116, 3.96987], [101.36375, 3.97692], [101.35528, 3.99847], [101.35569, 4.00036], [101.35363, 4.00047], [101.35089, 4.0051], [101.34419, 4.00702], [101.33631, 4.00197], [101.33547, 3.99876], [101.33107, 4.00037], [101.32438, 3.99901], [101.31915, 3.99572], [101.31986, 3.99377], [101.31826, 3.99344], [101.31672, 4.00206], [101.31333, 3.99913], [101.31042, 4.00017], [101.30812, 4.00655], [101.30238, 4.01405], [101.30268, 4.0228], [101.31587, 4.02182], [101.31363, 4.02766], [101.31341, 4.03898], [101.31849, 4.03926], [101.31861, 4.04332], [101.3205, 4.04505], [101.32586, 4.04409], [101.3261, 4.04683], [101.32914, 4.04739], [101.32986, 4.04986], [101.34197, 4.06013], [101.34454, 4.05668], [101.34901, 4.06255], [101.35436, 4.06334], [101.34704, 4.06859], [101.3328, 4.06365], [101.3048, 4.05899], [101.30262, 4.07188], [101.30333, 4.10092], [101.30916, 4.09821], [101.3166, 4.09994], [101.32315, 4.09738], [101.32639, 4.1003], [101.32487, 4.11529], [101.33225, 4.11896], [101.3415, 4.11499], [101.34582, 4.1184], [101.35068, 4.11763], [101.35638, 4.1226], [101.35852, 4.13018], [101.36875, 4.1289], [101.37956, 4.13346], [101.39645, 4.1342], [101.39923, 4.13291], [101.4033, 4.13414], [101.40711, 4.12925], [101.40817, 4.13023], [101.41103, 4.12853], [101.42199, 4.138], [101.42939, 4.13927], [101.43529, 4.1473], [101.43367, 4.15509], [101.44214, 4.16728], [101.44564, 4.16968], [101.4431, 4.17556], [101.44608, 4.19335], [101.44082, 4.20544], [101.4446, 4.20845], [101.4453, 4.21088], [101.4409, 4.22215], [101.44259, 4.22805], [101.44412, 4.22827]]]]}}], "_provenance": {"source": "https://github.com/atifmustaffa/malaysia-geojson (malaysia.dun.geojson)", "licence": "MIT (c) 2026 Atif Mustaffa — see LICENSE in this directory", "downloaded": "2026-08-29", "simplification": "none (original coordinates)", "modified_by": "HitungKerusi 222 research pipeline (seat-name normalisation, per-state split)"}}