{"type": "FeatureCollection", "features": [{"type": "Feature", "properties": {"state": "Sabah", "seat": "N.01 Banggi", "seat_name": "Banggi"}, "geometry": {"type": "MultiPolygon", "coordinates": [[[[117.47375, 6.89369], [117.48028, 6.89123], [117.48053, 6.889], [117.48231, 6.88859], [117.48039, 6.88834], [117.48188, 6.88576], [117.48, 6.88344], [117.47533, 6.88224], [117.47003, 6.88558], [117.46765, 6.89156], [117.46825, 6.8937], [117.47375, 6.89369]]], [[[117.34473, 6.92268], [117.33685, 6.92064], [117.32985, 6.92266], [117.3246, 6.92844], [117.324, 6.93567], [117.32925, 6.9403], [117.33916, 6.94205], [117.34674, 6.93656], [117.35258, 6.92963], [117.34473, 6.92268]]], [[[117.26092, 7.07157], [117.25936, 7.07154], [117.25628, 7.07094], [117.26146, 7.07416], [117.26328, 7.0728], [117.26092, 7.07157]]], [[[117.02499, 7.07307], [117.02476, 7.07486], [117.02752, 7.07704], [117.02971, 7.07559], [117.02499, 7.07307]]], [[[117.31177, 7.07125], [117.31619, 7.07198], [117.31536, 7.06757], [117.31318, 7.06525], [117.32119, 7.06448], [117.32408, 7.06628], [117.32335, 7.06793], [117.32519, 7.06998], [117.32749, 7.06864], [117.32773, 7.06654], [117.33116, 7.06682], [117.33378, 7.06297], [117.33208, 7.05954], [117.33333, 7.05717], [117.33813, 7.05657], [117.34384, 7.04978], [117.3482, 7.04754], [117.34417, 7.04611], [117.3425, 7.04261], [117.34564, 7.04069], [117.34639, 7.03775], [117.34044, 7.03841], [117.33445, 7.0348], [117.3334, 7.0316], [117.32765, 7.0316], [117.324, 7.03662], [117.32216, 7.03553], [117.31975, 7.03884], [117.31605, 7.03683], [117.3146, 7.03891], [117.31333, 7.03836], [117.32148, 7.03067], [117.32078, 7.0285], [117.32247, 7.02394], [117.32021, 7.02424], [117.31796, 7.02092], [117.30504, 7.01421], [117.29846, 7.01566], [117.29223, 7.02252], [117.28774, 7.02212], [117.28213, 7.02628], [117.28025, 7.03041], [117.28216, 7.03803], [117.2791, 7.03729], [117.27803, 7.03843], [117.27899, 7.04282], [117.27605, 7.04251], [117.27407, 7.03885], [117.27037, 7.04271], [117.26713, 7.04078], [117.26523, 7.04165], [117.26309, 7.04873], [117.26681, 7.05194], [117.26877, 7.05179], [117.26914, 7.04874], [117.27173, 7.04763], [117.28068, 7.0464], [117.28356, 7.04752], [117.27336, 7.05644], [117.26765, 7.05441], [117.26251, 7.05536], [117.26149, 7.06048], [117.26316, 7.06298], [117.26669, 7.06372], [117.2697, 7.06648], [117.26674, 7.07064], [117.26998, 7.0743], [117.27236, 7.07326], [117.28103, 7.07643], [117.28941, 7.07538], [117.29166, 7.07147], [117.28719, 7.0683], [117.29211, 7.06912], [117.29372, 7.06791], [117.2947, 7.06929], [117.29635, 7.06695], [117.29837, 7.07012], [117.30319, 7.07011], [117.30087, 7.07853], [117.31069, 7.07417], [117.31177, 7.07125]]], [[[117.28173, 7.08981], [117.2805, 7.08113], [117.26984, 7.07498], [117.27149, 7.08187], [117.27459, 7.0829], [117.27821, 7.08941], [117.28173, 7.08981]]], [[[117.04447, 7.09137], [117.05384, 7.09129], [117.05975, 7.08571], [117.05471, 7.08201], [117.04651, 7.07989], [117.03693, 7.08799], [117.04205, 7.0927], [117.04447, 7.09137]]], [[[117.04923, 7.10217], [117.05066, 7.10176], [117.04949, 7.10038], [117.04885, 7.10119], [117.04923, 7.10217]]], [[[117.09546, 7.10806], [117.09397, 7.10515], [117.08827, 7.10108], [117.08599, 7.1029], [117.08627, 7.10478], [117.09034, 7.10792], [117.09546, 7.10806]]], [[[117.09789, 7.1214], [117.09514, 7.12153], [117.09424, 7.1251], [117.09801, 7.12475], [117.09789, 7.1214]]], [[[117.11294, 7.1343], [117.11319, 7.13295], [117.10294, 7.12636], [117.10169, 7.12726], [117.09751, 7.12545], [117.09707, 7.13042], [117.11053, 7.13525], [117.11294, 7.1343]]], [[[117.15011, 7.1558], [117.1452, 7.15284], [117.14551, 7.14989], [117.1499, 7.14944], [117.14972, 7.14628], [117.14676, 7.1427], [117.14436, 7.14273], [117.14665, 7.14059], [117.15094, 7.14039], [117.14347, 7.13211], [117.14354, 7.12936], [117.14065, 7.12564], [117.13371, 7.12526], [117.12946, 7.13044], [117.13091, 7.13295], [117.13571, 7.13446], [117.13402, 7.1377], [117.12766, 7.13708], [117.12575, 7.13513], [117.1224, 7.13523], [117.12069, 7.13304], [117.11713, 7.13592], [117.11694, 7.13797], [117.11897, 7.13962], [117.11827, 7.14128], [117.12953, 7.14363], [117.13853, 7.15404], [117.14822, 7.15685], [117.15011, 7.1558]]], [[[117.15655, 7.16754], [117.1593, 7.16711], [117.16049, 7.16267], [117.15635, 7.16386], [117.15611, 7.16195], [117.15096, 7.16053], [117.1496, 7.16313], [117.1502, 7.16634], [117.15368, 7.16907], [117.15655, 7.16754]]], [[[117.19794, 7.17767], [117.19876, 7.17494], [117.20497, 7.17479], [117.20088, 7.17238], [117.20413, 7.17089], [117.20147, 7.1665], [117.20262, 7.16455], [117.20072, 7.16134], [117.19829, 7.16183], [117.19807, 7.16009], [117.19035, 7.15751], [117.18885, 7.15811], [117.18878, 7.16088], [117.18182, 7.16079], [117.18221, 7.15931], [117.17716, 7.15776], [117.17334, 7.15389], [117.17213, 7.14933], [117.16278, 7.1478], [117.16116, 7.15123], [117.16838, 7.1611], [117.16606, 7.16165], [117.1659, 7.16532], [117.17067, 7.1707], [117.18324, 7.17319], [117.1961, 7.17978], [117.19794, 7.17767]]], [[[117.20209, 7.1819], [117.20029, 7.18414], [117.20435, 7.18516], [117.20433, 7.1836], [117.20209, 7.1819]]], [[[116.86236, 7.18959], [116.86151, 7.18916], [116.86091, 7.19012], [116.86213, 7.19037], [116.86236, 7.18959]]], [[[117.33115, 7.20446], [117.33727, 7.19901], [117.34087, 7.19923], [117.33986, 7.19692], [117.33681, 7.19736], [117.33466, 7.19984], [117.33345, 7.1981], [117.3236, 7.19852], [117.32129, 7.20174], [117.32223, 7.20498], [117.32855, 7.2044], [117.32868, 7.20578], [117.33115, 7.20446]]], [[[116.84475, 7.20326], [116.84261, 7.20521], [116.84316, 7.20706], [116.84625, 7.20592], [116.84475, 7.20326]]], [[[117.33828, 7.22917], [117.3371, 7.22322], [117.33276, 7.22005], [117.32977, 7.22177], [117.32179, 7.22035], [117.31845, 7.22289], [117.319, 7.22776], [117.32376, 7.23169], [117.3257, 7.22926], [117.33041, 7.22894], [117.3346, 7.23195], [117.33828, 7.22917]]], [[[117.33801, 7.23639], [117.33971, 7.23653], [117.33973, 7.2352], [117.33503, 7.23387], [117.33511, 7.23668], [117.33801, 7.23639]]], [[[117.32184, 7.24083], [117.32177, 7.23716], [117.32059, 7.23408], [117.31872, 7.23429], [117.31783, 7.22922], [117.31625, 7.22749], [117.31219, 7.22749], [117.3157, 7.22662], [117.3156, 7.22371], [117.3104, 7.2171], [117.30914, 7.2115], [117.31004, 7.20718], [117.30778, 7.20479], [117.30882, 7.20368], [117.30354, 7.20409], [117.30583, 7.21823], [117.29401, 7.22062], [117.29206, 7.22686], [117.29528, 7.22739], [117.29613, 7.23036], [117.29791, 7.22976], [117.29898, 7.23386], [117.30245, 7.2352], [117.30199, 7.23808], [117.30536, 7.24097], [117.31141, 7.24154], [117.31331, 7.23801], [117.31392, 7.2414], [117.31744, 7.24333], [117.32054, 7.24342], [117.32184, 7.24083]]], [[[117.31503, 7.26083], [117.31133, 7.25842], [117.31011, 7.25976], [117.31374, 7.26065], [117.31405, 7.26204], [117.31503, 7.26083]]], [[[117.30577, 7.2584], [117.30509, 7.25895], [117.3069, 7.2623], [117.30732, 7.26019], [117.30577, 7.2584]]], [[[117.30311, 7.26259], [117.30229, 7.26218], [117.30303, 7.26543], [117.30335, 7.26381], [117.30311, 7.26259]]], [[[117.31168, 7.26266], [117.30949, 7.26099], [117.30837, 7.26316], [117.31077, 7.26562], [117.31168, 7.26266]]], [[[117.31088, 7.26815], [117.30883, 7.26758], [117.30865, 7.26894], [117.31081, 7.26948], [117.31088, 7.26815]]], [[[117.34089, 7.27279], [117.34648, 7.26846], [117.34587, 7.26524], [117.34212, 7.26071], [117.33668, 7.26387], [117.33514, 7.26957], [117.33652, 7.27271], [117.34089, 7.27279]]], [[[117.28951, 7.27239], [117.28816, 7.27275], [117.28965, 7.27659], [117.29267, 7.27606], [117.28951, 7.27239]]], [[[117.29242, 7.27948], [117.2914, 7.27934], [117.2909, 7.28047], [117.29198, 7.28059], [117.29242, 7.27948]]], [[[117.27294, 7.28141], [117.27174, 7.28129], [117.27054, 7.28275], [117.27326, 7.28297], [117.27294, 7.28141]]], [[[117.29256, 7.28196], [117.29064, 7.28188], [117.28928, 7.27936], [117.28709, 7.27888], [117.28741, 7.2815], [117.29247, 7.28335], [117.29256, 7.28196]]], [[[117.2842, 7.28517], [117.28346, 7.28462], [117.28274, 7.28536], [117.28431, 7.28583], [117.2842, 7.28517]]], [[[117.27592, 7.28582], [117.27472, 7.28556], [117.27376, 7.28717], [117.27644, 7.28726], [117.27592, 7.28582]]], [[[117.29566, 7.28811], [117.29723, 7.2864], [117.29563, 7.28512], [117.29493, 7.28533], [117.29566, 7.28811]]], [[[117.28207, 7.29905], [117.28116, 7.29889], [117.28113, 7.29996], [117.28226, 7.29995], [117.28207, 7.29905]]], [[[117.29817, 7.29832], [117.29423, 7.29647], [117.29418, 7.28797], [117.2923, 7.28558], [117.28915, 7.28608], [117.28623, 7.29296], [117.28923, 7.29474], [117.28854, 7.29865], [117.2916, 7.30465], [117.2958, 7.30646], [117.29779, 7.30547], [117.29715, 7.30363], [117.29974, 7.29991], [117.29817, 7.29832]]], [[[117.31548, 7.3156], [117.31438, 7.3158], [117.31348, 7.31737], [117.31562, 7.31745], [117.31548, 7.3156]]], [[[117.32034, 7.32025], [117.31928, 7.32226], [117.32059, 7.32362], [117.32259, 7.3222], [117.32034, 7.32025]]], [[[117.129, 7.33165], [117.1285, 7.33088], [117.12603, 7.32924], [117.12697, 7.33262], [117.129, 7.33165]]], [[[117.3293, 7.33204], [117.32862, 7.33898], [117.32922, 7.33979], [117.33191, 7.33528], [117.3293, 7.33204]]], [[[117.35196, 7.34065], [117.35097, 7.34083], [117.35212, 7.34192], [117.35252, 7.34116], [117.35196, 7.34065]]], [[[117.04841, 7.33843], [117.0467, 7.33933], [117.04826, 7.34606], [117.04925, 7.33989], [117.04841, 7.33843]]], [[[117.00228, 7.35722], [117.00664, 7.35718], [117.01084, 7.35378], [117.01672, 7.34114], [117.01825, 7.33111], [117.02263, 7.32016], [117.02078, 7.30933], [117.0171, 7.30154], [117.01644, 7.29418], [117.0244, 7.2779], [117.0211, 7.27575], [117.02107, 7.27292], [117.0183, 7.27249], [117.00314, 7.27891], [116.99839, 7.28477], [116.99607, 7.2844], [116.99279, 7.28744], [116.99403, 7.29624], [116.99889, 7.29977], [116.99773, 7.30271], [116.98871, 7.30445], [116.98214, 7.30827], [116.97921, 7.3079], [116.97717, 7.30574], [116.97694, 7.30136], [116.96744, 7.29177], [116.96472, 7.27854], [116.96597, 7.27163], [116.96979, 7.2675], [116.97187, 7.26659], [116.97488, 7.26795], [116.97842, 7.26483], [116.98388, 7.25545], [116.98716, 7.24413], [116.98363, 7.2417], [116.97808, 7.24178], [116.96778, 7.24697], [116.95523, 7.24961], [116.94385, 7.24025], [116.94169, 7.24124], [116.94312, 7.24566], [116.94678, 7.24605], [116.94719, 7.24894], [116.94063, 7.24795], [116.94236, 7.24597], [116.93976, 7.23899], [116.93079, 7.23387], [116.91778, 7.23961], [116.90888, 7.23715], [116.90284, 7.23924], [116.90112, 7.23766], [116.90049, 7.23941], [116.8992, 7.2362], [116.90043, 7.23664], [116.90197, 7.2329], [116.90134, 7.22811], [116.89694, 7.22385], [116.89433, 7.22346], [116.89313, 7.22766], [116.88794, 7.22732], [116.88319, 7.2296], [116.88197, 7.22797], [116.87581, 7.22705], [116.86837, 7.22051], [116.86839, 7.21508], [116.87109, 7.2146], [116.87807, 7.2163], [116.88139, 7.21863], [116.88214, 7.22123], [116.88618, 7.22284], [116.88748, 7.21641], [116.89594, 7.21133], [116.8933, 7.20837], [116.88644, 7.20608], [116.88523, 7.20412], [116.88942, 7.20126], [116.88891, 7.20074], [116.88456, 7.20291], [116.87753, 7.20321], [116.87715, 7.20578], [116.87587, 7.20739], [116.87365, 7.20583], [116.87571, 7.20656], [116.87666, 7.20533], [116.87376, 7.19964], [116.8664, 7.19679], [116.86271, 7.19264], [116.85998, 7.19299], [116.86027, 7.19603], [116.85368, 7.19772], [116.85404, 7.20479], [116.85685, 7.20843], [116.86023, 7.20916], [116.86093, 7.21425], [116.86392, 7.21797], [116.86692, 7.23293], [116.86571, 7.24292], [116.86941, 7.24675], [116.87296, 7.25781], [116.88041, 7.26684], [116.88078, 7.274], [116.87888, 7.2748], [116.88251, 7.27762], [116.88752, 7.28895], [116.88793, 7.28761], [116.89366, 7.28823], [116.89733, 7.28698], [116.90055, 7.28829], [116.90713, 7.29488], [116.9101, 7.30117], [116.91251, 7.30001], [116.91823, 7.30093], [116.91861, 7.29505], [116.92255, 7.29163], [116.93096, 7.29198], [116.9391, 7.29638], [116.9433, 7.30107], [116.95211, 7.30306], [116.96081, 7.31183], [116.98241, 7.31973], [116.9888, 7.32864], [116.98978, 7.3405], [116.99199, 7.34609], [116.99797, 7.35252], [116.99968, 7.35735], [117.00228, 7.35722]]], [[[117.23745, 7.3611], [117.24252, 7.35746], [117.26478, 7.35002], [117.27316, 7.34962], [117.27661, 7.35224], [117.27877, 7.35187], [117.28345, 7.34473], [117.28522, 7.33673], [117.28988, 7.33502], [117.28834, 7.33273], [117.29533, 7.32472], [117.29293, 7.31639], [117.28701, 7.31304], [117.28251, 7.30886], [117.28409, 7.30867], [117.28295, 7.30762], [117.27961, 7.30878], [117.28031, 7.31546], [117.27895, 7.3104], [117.27557, 7.30878], [117.27869, 7.30731], [117.27231, 7.30003], [117.27522, 7.29641], [117.27396, 7.29328], [117.27162, 7.29316], [117.27267, 7.29131], [117.2678, 7.28171], [117.26547, 7.27878], [117.26212, 7.27872], [117.26255, 7.27692], [117.26046, 7.2762], [117.26298, 7.27463], [117.2627, 7.27047], [117.26065, 7.27033], [117.26033, 7.26916], [117.26372, 7.26849], [117.26564, 7.2636], [117.27446, 7.2663], [117.27744, 7.26571], [117.27815, 7.26322], [117.27621, 7.26108], [117.27136, 7.26047], [117.26342, 7.25563], [117.26064, 7.25668], [117.26127, 7.255], [117.25861, 7.25222], [117.26165, 7.25027], [117.26133, 7.24488], [117.26447, 7.2442], [117.26916, 7.24611], [117.27156, 7.2439], [117.27837, 7.24307], [117.27683, 7.24935], [117.2807, 7.24919], [117.2826, 7.24667], [117.28036, 7.23959], [117.27552, 7.23576], [117.27344, 7.23719], [117.27181, 7.23597], [117.27333, 7.23663], [117.28376, 7.23227], [117.27957, 7.2298], [117.27947, 7.2269], [117.27709, 7.22768], [117.2737, 7.22561], [117.27799, 7.22334], [117.27143, 7.21234], [117.26976, 7.21252], [117.26963, 7.21073], [117.26657, 7.20884], [117.26166, 7.20807], [117.26199, 7.20485], [117.25906, 7.19977], [117.25448, 7.19784], [117.2576, 7.19543], [117.25975, 7.18956], [117.24584, 7.18272], [117.24167, 7.18566], [117.24437, 7.19241], [117.2472, 7.19264], [117.24515, 7.19488], [117.2485, 7.19986], [117.24706, 7.20684], [117.25098, 7.22381], [117.24869, 7.22309], [117.2465, 7.22562], [117.24379, 7.22267], [117.24621, 7.2201], [117.24478, 7.21876], [117.24356, 7.21961], [117.24391, 7.21634], [117.23887, 7.21732], [117.23566, 7.21597], [117.2383, 7.21366], [117.23614, 7.21196], [117.23785, 7.20941], [117.23344, 7.20702], [117.22962, 7.20128], [117.22763, 7.19425], [117.22168, 7.18501], [117.21573, 7.18473], [117.21394, 7.18706], [117.21392, 7.19063], [117.20849, 7.19174], [117.20726, 7.18742], [117.20479, 7.18664], [117.19253, 7.18578], [117.18657, 7.1899], [117.17256, 7.18606], [117.16669, 7.18126], [117.15834, 7.17929], [117.14617, 7.17226], [117.13841, 7.16266], [117.13431, 7.16221], [117.1265, 7.15656], [117.11291, 7.15106], [117.11114, 7.14671], [117.10454, 7.1422], [117.1011, 7.14158], [117.09648, 7.13811], [117.08584, 7.14147], [117.08571, 7.13998], [117.08833, 7.13994], [117.08835, 7.13739], [117.09121, 7.1338], [117.08677, 7.127], [117.09305, 7.12405], [117.09214, 7.1184], [117.07965, 7.10345], [117.07503, 7.0999], [117.07314, 7.10055], [117.07195, 7.10206], [117.07608, 7.10857], [117.07615, 7.11714], [117.07748, 7.11823], [117.0726, 7.11798], [117.06334, 7.12718], [117.05975, 7.12543], [117.05839, 7.12834], [117.05921, 7.13143], [117.06357, 7.13403], [117.06436, 7.14214], [117.06328, 7.14428], [117.06676, 7.1504], [117.06297, 7.1532], [117.06222, 7.15846], [117.06548, 7.16116], [117.06594, 7.16347], [117.07019, 7.16318], [117.07001, 7.16609], [117.07349, 7.16803], [117.07488, 7.17762], [117.07199, 7.17581], [117.06909, 7.17686], [117.06168, 7.17487], [117.05933, 7.17721], [117.06376, 7.18127], [117.06154, 7.18323], [117.0547, 7.18378], [117.05368, 7.18636], [117.05397, 7.1911], [117.05801, 7.19793], [117.06389, 7.19927], [117.0618, 7.20315], [117.06546, 7.2086], [117.06136, 7.209], [117.05959, 7.20767], [117.0539, 7.21014], [117.05691, 7.21217], [117.05588, 7.21489], [117.05757, 7.21761], [117.05691, 7.21972], [117.05993, 7.224], [117.05986, 7.2365], [117.06305, 7.24064], [117.06458, 7.24056], [117.06661, 7.25024], [117.06854, 7.25119], [117.06636, 7.25167], [117.06607, 7.25595], [117.06949, 7.26086], [117.06502, 7.27371], [117.06124, 7.29314], [117.06662, 7.29461], [117.07018, 7.29706], [117.07037, 7.29953], [117.07439, 7.30066], [117.07742, 7.30433], [117.07506, 7.30562], [117.0802, 7.30556], [117.08208, 7.30201], [117.08585, 7.30305], [117.08745, 7.30581], [117.08693, 7.30907], [117.08938, 7.31152], [117.09402, 7.31129], [117.09451, 7.31252], [117.09498, 7.311], [117.09886, 7.3121], [117.10051, 7.31055], [117.10174, 7.31304], [117.10697, 7.30886], [117.11042, 7.3102], [117.11492, 7.31751], [117.11779, 7.3133], [117.12396, 7.31543], [117.13299, 7.32362], [117.12963, 7.32976], [117.13552, 7.329], [117.13951, 7.33493], [117.14425, 7.33597], [117.14843, 7.34506], [117.14736, 7.34888], [117.15124, 7.35162], [117.1543, 7.35093], [117.15323, 7.34775], [117.15605, 7.34661], [117.15845, 7.34211], [117.16678, 7.34046], [117.16607, 7.34118], [117.17257, 7.34481], [117.17555, 7.35056], [117.17943, 7.35039], [117.18125, 7.35288], [117.17975, 7.35639], [117.18246, 7.3588], [117.18951, 7.36], [117.19016, 7.35632], [117.20201, 7.35084], [117.20301, 7.34894], [117.20333, 7.35125], [117.20776, 7.35602], [117.21602, 7.35924], [117.23375, 7.36249], [117.23745, 7.3611]]], [[[117.32948, 7.36892], [117.32961, 7.3683], [117.3258, 7.36996], [117.32768, 7.37064], [117.32948, 7.36892]]]]}}, {"type": "Feature", "properties": {"state": "Sabah", "seat": "N.02 Bengkoka", "seat_name": "Bengkoka"}, "geometry": {"type": "MultiPolygon", "coordinates": [[[[117.27541, 6.73271], [117.27445, 6.73375], [117.27878, 6.73881], [117.28095, 6.73897], [117.28193, 6.73628], [117.28025, 6.73356], [117.27541, 6.73271]]], [[[117.25784, 6.81035], [117.26236, 6.80903], [117.25661, 6.80346], [117.25549, 6.80397], [117.25784, 6.81035]]], [[[117.26975, 6.80535], [117.26832, 6.8051], [117.2655, 6.80979], [117.26642, 6.81209], [117.27161, 6.80856], [117.26975, 6.80535]]], [[[117.23427, 6.83355], [117.23714, 6.83267], [117.23475, 6.83166], [117.2274, 6.83357], [117.23202, 6.83919], [117.23427, 6.83355]]], [[[117.28215, 6.82873], [117.27845, 6.82616], [117.27738, 6.82739], [117.27773, 6.82575], [117.27536, 6.82421], [117.26747, 6.82211], [117.26358, 6.81573], [117.2609, 6.81719], [117.25977, 6.82133], [117.25681, 6.82215], [117.2574, 6.82412], [117.26702, 6.82767], [117.26818, 6.83011], [117.27453, 6.8346], [117.28826, 6.84019], [117.28649, 6.83261], [117.28215, 6.82873]]], [[[117.24769, 6.84039], [117.24699, 6.84118], [117.24916, 6.84335], [117.24895, 6.84133], [117.24769, 6.84039]]], [[[117.20024, 6.98163], [117.20714, 6.98014], [117.209, 6.97778], [117.20348, 6.97089], [117.20123, 6.9709], [117.19438, 6.97649], [117.20024, 6.98163]]], [[[117.15359, 7.01264], [117.1573, 7.00532], [117.15878, 7.00593], [117.16106, 7.00344], [117.16273, 6.99756], [117.16433, 6.9982], [117.16829, 6.99255], [117.18021, 6.99208], [117.17816, 6.9898], [117.17963, 6.98447], [117.18916, 6.97312], [117.19088, 6.96234], [117.19653, 6.95601], [117.20521, 6.95519], [117.21452, 6.94618], [117.22907, 6.9445], [117.2293, 6.9429], [117.23012, 6.94467], [117.22797, 6.94553], [117.22979, 6.94611], [117.23455, 6.94644], [117.24253, 6.94248], [117.24585, 6.94422], [117.2488, 6.94367], [117.24961, 6.94505], [117.25325, 6.94144], [117.25362, 6.93724], [117.25048, 6.93525], [117.24787, 6.92976], [117.24965, 6.92462], [117.25106, 6.92428], [117.24875, 6.92172], [117.25088, 6.92066], [117.25489, 6.91224], [117.25681, 6.90028], [117.25575, 6.89987], [117.2578, 6.89889], [117.25829, 6.89175], [117.25258, 6.88436], [117.24749, 6.88367], [117.24302, 6.87873], [117.24107, 6.87903], [117.24291, 6.87183], [117.24578, 6.87082], [117.25281, 6.87453], [117.25218, 6.87204], [117.2541, 6.87093], [117.25268, 6.8667], [117.25419, 6.86559], [117.2462, 6.85977], [117.24388, 6.85381], [117.2406, 6.85577], [117.23443, 6.85289], [117.22919, 6.84314], [117.23111, 6.84031], [117.22618, 6.8334], [117.23174, 6.83208], [117.23314, 6.83012], [117.22238, 6.82444], [117.21672, 6.81885], [117.21851, 6.81687], [117.22242, 6.81764], [117.22606, 6.80661], [117.22321, 6.80661], [117.22981, 6.80338], [117.23201, 6.80322], [117.2332, 6.80581], [117.23492, 6.80527], [117.23904, 6.79333], [117.23774, 6.79112], [117.24238, 6.78885], [117.24589, 6.78952], [117.24799, 6.78753], [117.24164, 6.78494], [117.24259, 6.78174], [117.24066, 6.78049], [117.24002, 6.77685], [117.24135, 6.77503], [117.24028, 6.77325], [117.24226, 6.77167], [117.24119, 6.76928], [117.24556, 6.76557], [117.24528, 6.76025], [117.2619, 6.7486], [117.26283, 6.74377], [117.26954, 6.74325], [117.27375, 6.74108], [117.27446, 6.73716], [117.27205, 6.734], [117.27412, 6.73055], [117.2809, 6.73212], [117.2826, 6.73051], [117.28159, 6.7291], [117.28441, 6.72747], [117.28507, 6.72113], [117.28288, 6.7157], [117.27715, 6.70968], [117.27299, 6.71043], [117.27088, 6.70787], [117.26903, 6.70963], [117.26663, 6.70835], [117.2681, 6.70672], [117.26387, 6.70003], [117.26622, 6.69875], [117.26758, 6.6886], [117.26982, 6.68553], [117.27004, 6.6766], [117.27486, 6.67048], [117.27837, 6.66892], [117.28113, 6.66397], [117.28592, 6.66333], [117.28338, 6.65964], [117.28517, 6.65617], [117.2817, 6.65493], [117.28046, 6.65278], [117.28188, 6.64806], [117.2807, 6.64605], [117.2843, 6.64099], [117.28719, 6.64175], [117.28579, 6.63675], [117.2874, 6.63134], [117.29109, 6.62935], [117.29225, 6.62582], [117.28984, 6.62211], [117.29182, 6.61847], [117.28515, 6.61252], [117.28383, 6.60739], [117.26991, 6.60772], [117.26779, 6.60561], [117.26829, 6.60033], [117.27268, 6.59631], [117.28275, 6.59318], [117.28281, 6.59042], [117.27393, 6.58958], [117.2721, 6.57858], [117.26902, 6.57654], [117.26329, 6.57902], [117.24963, 6.57758], [117.24636, 6.58086], [117.24295, 6.58076], [117.24158, 6.57794], [117.23635, 6.57805], [117.23088, 6.57607], [117.22943, 6.57319], [117.22822, 6.57385], [117.21897, 6.56813], [117.21381, 6.56025], [117.20602, 6.55328], [117.1942, 6.55163], [117.18959, 6.5525], [117.17744, 6.557], [117.168, 6.56459], [117.15816, 6.56437], [117.14875, 6.55541], [117.13077, 6.55157], [117.13016, 6.54628], [117.1317, 6.54329], [117.12518, 6.54262], [117.124, 6.53994], [117.12408, 6.53553], [117.12788, 6.53095], [117.12318, 6.53341], [117.12073, 6.53084], [117.11617, 6.53112], [117.10479, 6.53892], [117.10053, 6.53918], [117.10056, 6.52395], [117.09689, 6.51852], [116.99817, 6.52229], [116.99611, 6.52465], [117.00011, 6.5323], [116.9964, 6.54136], [116.99453, 6.54146], [116.99747, 6.54457], [116.99468, 6.54837], [116.99644, 6.55245], [116.98947, 6.56007], [116.97569, 6.56756], [116.98003, 6.5766], [116.97523, 6.57848], [116.97588, 6.58557], [116.98434, 6.59446], [116.99365, 6.59526], [117.00168, 6.59071], [117.00062, 6.58808], [117.00498, 6.58208], [117.01069, 6.58637], [117.01812, 6.58386], [117.02203, 6.58802], [117.0218, 6.59293], [117.02527, 6.59314], [117.02536, 6.59845], [117.0303, 6.59881], [117.03106, 6.60218], [117.02643, 6.61087], [116.99885, 6.61251], [116.99865, 6.6145], [116.99027, 6.62051], [116.98807, 6.62473], [116.98821, 6.62824], [116.97705, 6.64127], [116.97198, 6.65433], [116.98829, 6.6714], [116.99058, 6.67823], [116.99918, 6.67602], [117.01076, 6.66903], [117.01566, 6.6712], [117.01996, 6.67102], [117.02963, 6.67894], [117.03309, 6.6782], [117.03987, 6.67285], [117.04534, 6.67165], [117.05238, 6.68098], [117.05703, 6.68179], [117.06481, 6.67997], [117.06303, 6.68544], [117.06455, 6.68767], [117.07419, 6.68617], [117.07112, 6.69889], [117.07231, 6.70045], [117.0754, 6.69876], [117.07694, 6.69969], [117.07561, 6.70836], [117.07039, 6.71401], [117.06494, 6.71579], [117.06226, 6.71374], [117.06194, 6.70894], [117.05954, 6.70934], [117.05776, 6.71344], [117.05893, 6.71773], [117.06133, 6.71892], [117.0656, 6.71773], [117.06664, 6.72064], [117.06462, 6.72421], [117.05841, 6.72516], [117.05727, 6.72704], [117.05813, 6.72906], [117.06251, 6.73099], [117.06335, 6.73542], [117.06741, 6.7324], [117.06886, 6.7275], [117.07086, 6.73156], [117.07341, 6.73288], [117.07134, 6.74238], [117.07288, 6.74691], [117.06821, 6.74974], [117.05921, 6.74891], [117.0563, 6.74557], [117.05156, 6.74512], [117.05392, 6.75588], [117.05207, 6.75818], [117.04577, 6.7592], [117.04468, 6.76087], [117.04875, 6.76707], [117.04677, 6.77], [117.05458, 6.76771], [117.05639, 6.76874], [117.05823, 6.77302], [117.05742, 6.77607], [117.05354, 6.77596], [117.05258, 6.77736], [117.05539, 6.78156], [117.06026, 6.7795], [117.06282, 6.78079], [117.06267, 6.77314], [117.06765, 6.77535], [117.06588, 6.7704], [117.06916, 6.76071], [117.06867, 6.75357], [117.08559, 6.76129], [117.09205, 6.76162], [117.09489, 6.76594], [117.10349, 6.76994], [117.10506, 6.766], [117.10987, 6.76391], [117.11929, 6.76357], [117.12527, 6.76002], [117.13369, 6.76134], [117.13098, 6.76933], [117.1293, 6.76847], [117.12471, 6.77198], [117.11285, 6.77129], [117.10844, 6.77723], [117.10453, 6.77963], [117.10305, 6.78328], [117.09914, 6.78298], [117.09961, 6.78684], [117.09475, 6.79085], [117.09795, 6.8023], [117.09235, 6.81063], [117.10006, 6.81079], [117.10647, 6.81727], [117.11138, 6.81611], [117.11094, 6.82017], [117.11822, 6.82934], [117.12674, 6.846], [117.133, 6.8667], [117.13692, 6.91056], [117.1355, 6.90877], [117.13072, 6.90948], [117.12412, 6.91599], [117.11512, 6.91786], [117.10181, 6.92837], [117.10265, 6.93505], [117.10037, 6.93707], [117.11933, 6.95537], [117.12256, 6.96609], [117.12071, 6.96971], [117.12526, 6.97668], [117.12052, 6.97802], [117.11728, 6.98195], [117.10785, 6.98629], [117.09941, 6.99395], [117.10115, 6.99685], [117.10497, 6.99597], [117.11431, 6.99087], [117.11643, 6.99187], [117.11797, 6.98839], [117.12179, 6.98625], [117.12566, 6.98722], [117.12855, 6.99018], [117.13204, 6.98797], [117.13398, 6.98914], [117.13414, 6.99242], [117.12898, 7.00028], [117.12748, 7.00701], [117.12894, 7.00958], [117.13805, 7.01268], [117.15359, 7.01264]]]]}}, {"type": "Feature", "properties": {"state": "Sabah", "seat": "N.03 Pitas", "seat_name": "Pitas"}, "geometry": {"type": "MultiPolygon", "coordinates": [[[[117.09941, 6.99395], [117.10785, 6.98629], [117.11728, 6.98195], [117.12052, 6.97802], [117.12526, 6.97668], [117.12071, 6.96971], [117.12256, 6.96609], [117.11933, 6.95537], [117.10037, 6.93707], [117.10265, 6.93505], [117.10181, 6.92837], [117.11512, 6.91786], [117.12412, 6.91599], [117.13072, 6.90948], [117.1355, 6.90877], [117.13692, 6.91056], [117.133, 6.8667], [117.12674, 6.846], [117.11822, 6.82934], [117.11094, 6.82017], [117.11138, 6.81611], [117.10647, 6.81727], [117.10006, 6.81079], [117.09235, 6.81063], [117.09795, 6.8023], [117.09475, 6.79085], [117.09961, 6.78684], [117.09914, 6.78298], [117.10305, 6.78328], [117.10453, 6.77963], [117.10844, 6.77723], [117.11285, 6.77129], [117.12471, 6.77198], [117.1293, 6.76847], [117.13098, 6.76933], [117.13369, 6.76134], [117.12527, 6.76002], [117.11929, 6.76357], [117.10987, 6.76391], [117.10506, 6.766], [117.10349, 6.76994], [117.09489, 6.76594], [117.09205, 6.76162], [117.08559, 6.76129], [117.06867, 6.75357], [117.06916, 6.76071], [117.06588, 6.7704], [117.06765, 6.77535], [117.06267, 6.77314], [117.06282, 6.78079], [117.06026, 6.7795], [117.05539, 6.78156], [117.05258, 6.77736], [117.05354, 6.77596], [117.05742, 6.77607], [117.05823, 6.77302], [117.05639, 6.76874], [117.05458, 6.76771], [117.04677, 6.77], [117.04875, 6.76707], [117.04468, 6.76087], [117.04577, 6.7592], [117.05207, 6.75818], [117.05392, 6.75588], [117.05156, 6.74512], [117.0563, 6.74557], [117.05921, 6.74891], [117.06821, 6.74974], [117.07288, 6.74691], [117.07134, 6.74238], [117.07341, 6.73288], [117.07086, 6.73156], [117.06886, 6.7275], [117.06741, 6.7324], [117.06335, 6.73542], [117.06251, 6.73099], [117.05813, 6.72906], [117.05727, 6.72704], [117.05841, 6.72516], [117.06462, 6.72421], [117.06664, 6.72064], [117.0656, 6.71773], [117.06164, 6.71892], [117.05893, 6.71773], [117.05776, 6.71344], [117.05954, 6.70934], [117.06194, 6.70894], [117.06226, 6.71374], [117.06494, 6.71579], [117.07039, 6.71401], [117.07561, 6.70836], [117.07694, 6.69969], [117.0754, 6.69876], [117.07231, 6.70045], [117.07112, 6.69889], [117.07419, 6.68617], [117.06455, 6.68767], [117.06303, 6.68544], [117.06481, 6.67997], [117.05703, 6.68179], [117.05238, 6.68098], [117.04534, 6.67165], [117.03987, 6.67285], [117.03309, 6.6782], [117.02963, 6.67894], [117.01996, 6.67102], [117.01566, 6.6712], [117.01076, 6.66903], [116.99918, 6.67602], [116.99058, 6.67823], [116.98829, 6.6714], [116.97198, 6.65433], [116.97705, 6.64127], [116.98001, 6.63883], [116.98216, 6.63377], [116.98578, 6.63188], [116.98821, 6.62824], [116.98865, 6.62321], [116.99317, 6.61757], [116.99865, 6.6145], [116.99885, 6.61251], [117.02643, 6.61087], [117.03074, 6.60373], [117.03061, 6.59911], [117.02546, 6.59859], [117.02527, 6.59314], [117.0218, 6.59293], [117.02203, 6.58802], [117.01812, 6.58386], [117.01069, 6.58637], [117.00498, 6.58208], [117.00062, 6.58808], [117.00168, 6.59071], [116.99365, 6.59526], [116.98434, 6.59446], [116.97588, 6.58557], [116.97523, 6.57848], [116.98003, 6.5766], [116.97569, 6.56756], [116.98947, 6.56007], [116.99648, 6.55211], [116.99509, 6.54907], [116.99157, 6.54737], [116.9879, 6.54789], [116.98506, 6.54478], [116.98004, 6.54305], [116.98056, 6.53437], [116.97875, 6.5271], [116.97564, 6.52243], [116.91984, 6.52369], [116.92243, 6.53775], [116.9236, 6.60672], [116.91301, 6.60876], [116.91586, 6.61162], [116.92359, 6.60732], [116.92486, 6.60907], [116.92358, 6.61356], [116.92423, 6.6201], [116.91507, 6.62063], [116.91176, 6.61801], [116.91075, 6.61403], [116.89728, 6.62002], [116.87828, 6.62197], [116.879, 6.62428], [116.88422, 6.63068], [116.88487, 6.63386], [116.88729, 6.6328], [116.88874, 6.63626], [116.89238, 6.63757], [116.89216, 6.64044], [116.89656, 6.64934], [116.89916, 6.65176], [116.90168, 6.65081], [116.91089, 6.66315], [116.91623, 6.66476], [116.93035, 6.66408], [116.93466, 6.66755], [116.93579, 6.67401], [116.94675, 6.68523], [116.95139, 6.68421], [116.9568, 6.68606], [116.96525, 6.69601], [116.96739, 6.69431], [116.98233, 6.70263], [116.98009, 6.70627], [116.98289, 6.70834], [116.98371, 6.7186], [116.98763, 6.72259], [116.98426, 6.72576], [116.98181, 6.72446], [116.98108, 6.72705], [116.97594, 6.73158], [116.97426, 6.73979], [116.9777, 6.74841], [116.98831, 6.75889], [116.99407, 6.75821], [116.99644, 6.76762], [116.99256, 6.77629], [117.00869, 6.78551], [117.01502, 6.79195], [117.02024, 6.80422], [117.0243, 6.80782], [117.02312, 6.8102], [117.024, 6.81432], [117.02764, 6.81821], [117.02437, 6.82248], [117.02483, 6.8263], [117.03277, 6.83688], [117.03871, 6.83508], [117.05687, 6.83754], [117.0558, 6.84271], [117.04936, 6.84164], [117.04736, 6.84554], [117.05447, 6.85475], [117.05693, 6.86106], [117.0582, 6.8658], [117.05692, 6.87578], [117.04464, 6.88866], [117.04169, 6.89001], [117.03909, 6.88922], [117.03626, 6.89183], [117.03243, 6.89143], [117.03176, 6.90073], [117.035, 6.90932], [117.03337, 6.91635], [117.0357, 6.92546], [117.03266, 6.93087], [117.0262, 6.93377], [117.0284, 6.93531], [117.03188, 6.9483], [117.03739, 6.9522], [117.03989, 6.94945], [117.04209, 6.95045], [117.05063, 6.94502], [117.05124, 6.94244], [117.0496, 6.94025], [117.05196, 6.93541], [117.05113, 6.93315], [117.05338, 6.93497], [117.06551, 6.93425], [117.07252, 6.93653], [117.08046, 6.94415], [117.0853, 6.94554], [117.08638, 6.94742], [117.08244, 6.95004], [117.07616, 6.95045], [117.07045, 6.94853], [117.06031, 6.95468], [117.05978, 6.96026], [117.05596, 6.96352], [117.05775, 6.97285], [117.06157, 6.97622], [117.06745, 6.97516], [117.06993, 6.97618], [117.07341, 6.98492], [117.08478, 6.98957], [117.08786, 6.99237], [117.09399, 6.99316], [117.09974, 6.99618], [117.09941, 6.99395]]]]}}, {"type": "Feature", "properties": {"state": "Sabah", "seat": "N.04 Tanjong Kapor", "seat_name": "Tanjong Kapor"}, "geometry": {"type": "MultiPolygon", "coordinates": [[[[116.86823, 6.82415], [116.86784, 6.82292], [116.86287, 6.82269], [116.86407, 6.82708], [116.86823, 6.82415]]], [[[116.83541, 6.85892], [116.83896, 6.85679], [116.84466, 6.8563], [116.85618, 6.85856], [116.85837, 6.85607], [116.84711, 6.84795], [116.84206, 6.84644], [116.83942, 6.84393], [116.83798, 6.83832], [116.84365, 6.8355], [116.84426, 6.83134], [116.84852, 6.82967], [116.85072, 6.82408], [116.86233, 6.82172], [116.86043, 6.81893], [116.85771, 6.82002], [116.85459, 6.81641], [116.85487, 6.80865], [116.85115, 6.80134], [116.85294, 6.79766], [116.85224, 6.79052], [116.85644, 6.7825], [116.84893, 6.78545], [116.8442, 6.7901], [116.84181, 6.78486], [116.8377, 6.78617], [116.833, 6.78486], [116.83148, 6.7888], [116.83344, 6.79217], [116.83186, 6.79422], [116.82124, 6.78763], [116.81802, 6.79104], [116.81393, 6.79108], [116.79822, 6.78359], [116.79357, 6.78663], [116.78825, 6.78343], [116.78256, 6.78248], [116.77969, 6.78505], [116.77949, 6.78983], [116.77493, 6.79121], [116.76818, 6.78826], [116.768, 6.79078], [116.78013, 6.79448], [116.7884, 6.7944], [116.79478, 6.79069], [116.7964, 6.79642], [116.79442, 6.79969], [116.79429, 6.80684], [116.79738, 6.80351], [116.80846, 6.81475], [116.81711, 6.81528], [116.82147, 6.81955], [116.81872, 6.82406], [116.81163, 6.82559], [116.81548, 6.83803], [116.81787, 6.86076], [116.8209, 6.86119], [116.8243, 6.85861], [116.83046, 6.8624], [116.83541, 6.85892]]], [[[116.8213, 6.86242], [116.82111, 6.86256], [116.82138, 6.86268], [116.82142, 6.86259], [116.8213, 6.86242]]], [[[116.7224, 6.9886], [116.71976, 6.98969], [116.72029, 6.99113], [116.72189, 6.99071], [116.7224, 6.9886]]], [[[116.74701, 7.03498], [116.75402, 7.0344], [116.77657, 7.01415], [116.77924, 7.00831], [116.78374, 7.00356], [116.79053, 6.99957], [116.79342, 6.99203], [116.79956, 6.98634], [116.8001, 6.97697], [116.80572, 6.97457], [116.80794, 6.97109], [116.81178, 6.97221], [116.81831, 6.9705], [116.81995, 6.96857], [116.82865, 6.96728], [116.83186, 6.96188], [116.83134, 6.9582], [116.83843, 6.95179], [116.84065, 6.94667], [116.83656, 6.93955], [116.83735, 6.93217], [116.85026, 6.90954], [116.85472, 6.89758], [116.85639, 6.8949], [116.85943, 6.89528], [116.8606, 6.89325], [116.85906, 6.89011], [116.85836, 6.89231], [116.85716, 6.89163], [116.8577, 6.88732], [116.8617, 6.88856], [116.86031, 6.87821], [116.85284, 6.87863], [116.85143, 6.87545], [116.84894, 6.87583], [116.84786, 6.87892], [116.84512, 6.88015], [116.84622, 6.88177], [116.8401, 6.87983], [116.83943, 6.88353], [116.83426, 6.89], [116.83316, 6.89096], [116.82961, 6.88921], [116.8286, 6.89196], [116.82059, 6.88763], [116.81854, 6.88809], [116.82139, 6.87875], [116.81352, 6.87689], [116.81336, 6.87405], [116.81512, 6.87215], [116.80999, 6.87018], [116.80824, 6.8725], [116.80247, 6.87282], [116.80382, 6.87571], [116.79698, 6.87893], [116.79405, 6.88397], [116.78717, 6.88556], [116.7861, 6.88341], [116.78397, 6.88392], [116.78419, 6.88189], [116.79406, 6.87261], [116.78752, 6.86924], [116.78772, 6.86465], [116.78507, 6.86371], [116.78309, 6.86536], [116.78042, 6.86289], [116.77365, 6.86152], [116.77039, 6.85768], [116.76387, 6.86546], [116.74711, 6.87634], [116.75244, 6.87849], [116.75211, 6.88045], [116.75653, 6.88312], [116.75919, 6.88245], [116.76469, 6.88491], [116.76532, 6.88981], [116.76281, 6.88969], [116.75656, 6.89407], [116.728, 6.89661], [116.72337, 6.90312], [116.72543, 6.90656], [116.74046, 6.91296], [116.74316, 6.91756], [116.74746, 6.91898], [116.73623, 6.92626], [116.73452, 6.92946], [116.71632, 6.92785], [116.70552, 6.92885], [116.70936, 6.94881], [116.70733, 6.95106], [116.70441, 6.95033], [116.70221, 6.95314], [116.70423, 6.95604], [116.70314, 6.95762], [116.70549, 6.95973], [116.71072, 6.96156], [116.71387, 6.96043], [116.72531, 6.96673], [116.72094, 6.97084], [116.7205, 6.97349], [116.72515, 6.97085], [116.7272, 6.97507], [116.71977, 6.97807], [116.72395, 6.98075], [116.72684, 6.99295], [116.72916, 6.99149], [116.72803, 6.99289], [116.7298, 6.99693], [116.72908, 6.99935], [116.73208, 7.00648], [116.7286, 7.01094], [116.72583, 7.01135], [116.73061, 7.01173], [116.73146, 7.01539], [116.73369, 7.01469], [116.73508, 7.01634], [116.73704, 7.01478], [116.73991, 7.01777], [116.74584, 7.03053], [116.7419, 7.03709], [116.74701, 7.03498]]]]}}, {"type": "Feature", "properties": {"state": "Sabah", "seat": "N.05 Matunggong", "seat_name": "Matunggong"}, "geometry": {"type": "MultiPolygon", "coordinates": [[[[116.75833, 6.6021], [116.75776, 6.60282], [116.7592, 6.60323], [116.75929, 6.60283], [116.75833, 6.6021]]], [[[116.73452, 6.92946], [116.73623, 6.92626], [116.74746, 6.91898], [116.74316, 6.91756], [116.74046, 6.91296], [116.72543, 6.90656], [116.72337, 6.90312], [116.728, 6.89661], [116.75656, 6.89407], [116.76281, 6.88969], [116.76532, 6.88981], [116.76469, 6.88491], [116.75919, 6.88245], [116.75653, 6.88312], [116.75211, 6.88045], [116.75244, 6.87849], [116.74711, 6.87634], [116.76387, 6.86546], [116.77039, 6.85768], [116.77365, 6.86152], [116.78042, 6.86289], [116.78309, 6.86536], [116.78507, 6.86371], [116.78897, 6.86534], [116.7985, 6.86568], [116.80013, 6.86428], [116.79624, 6.86039], [116.80037, 6.8585], [116.79635, 6.85286], [116.79686, 6.85154], [116.80517, 6.85128], [116.80536, 6.85465], [116.80956, 6.8557], [116.80785, 6.86028], [116.81787, 6.86076], [116.81548, 6.83803], [116.81163, 6.82559], [116.81872, 6.82406], [116.82147, 6.81955], [116.81711, 6.81528], [116.80846, 6.81475], [116.79738, 6.80351], [116.79429, 6.80684], [116.79442, 6.79969], [116.7964, 6.79642], [116.79478, 6.79069], [116.7884, 6.7944], [116.78013, 6.79448], [116.768, 6.79078], [116.76818, 6.78826], [116.77493, 6.79121], [116.77949, 6.78983], [116.77969, 6.78505], [116.78256, 6.78248], [116.78825, 6.78343], [116.79357, 6.78663], [116.79822, 6.78359], [116.81393, 6.79108], [116.81802, 6.79104], [116.82124, 6.78763], [116.83186, 6.79422], [116.83344, 6.79217], [116.83148, 6.7888], [116.833, 6.78486], [116.83758, 6.78617], [116.84181, 6.78486], [116.84425, 6.79009], [116.84861, 6.78566], [116.85595, 6.78205], [116.85922, 6.77506], [116.85832, 6.77042], [116.8506, 6.7707], [116.84802, 6.7631], [116.84114, 6.75447], [116.8395, 6.74898], [116.82628, 6.74034], [116.81523, 6.72917], [116.81247, 6.71906], [116.80976, 6.71716], [116.80997, 6.71038], [116.80138, 6.70366], [116.79828, 6.69778], [116.79723, 6.69099], [116.79334, 6.68758], [116.78966, 6.67916], [116.78933, 6.66839], [116.77869, 6.66187], [116.77868, 6.65752], [116.77458, 6.65477], [116.77398, 6.65053], [116.76333, 6.64428], [116.76296, 6.64155], [116.76093, 6.64086], [116.76045, 6.63822], [116.7594, 6.63884], [116.75868, 6.63507], [116.7538, 6.63658], [116.75694, 6.63359], [116.75366, 6.62994], [116.75444, 6.62898], [116.75279, 6.62879], [116.75501, 6.62718], [116.75788, 6.61853], [116.75652, 6.61274], [116.75455, 6.61253], [116.75604, 6.60999], [116.75569, 6.60547], [116.75281, 6.60678], [116.75471, 6.60483], [116.75419, 6.59594], [116.75343, 6.59333], [116.75056, 6.59228], [116.74827, 6.59574], [116.75003, 6.59855], [116.74765, 6.5998], [116.74588, 6.59673], [116.74404, 6.5992], [116.74063, 6.59789], [116.73749, 6.5938], [116.73065, 6.59447], [116.7274, 6.59792], [116.72237, 6.59829], [116.72522, 6.60196], [116.72531, 6.61562], [116.73032, 6.62241], [116.73931, 6.62962], [116.71627, 6.63873], [116.67817, 6.63856], [116.66123, 6.64025], [116.6558, 6.64265], [116.65539, 6.63872], [116.64996, 6.63828], [116.64566, 6.6416], [116.64416, 6.64525], [116.63796, 6.64731], [116.63172, 6.64713], [116.6255, 6.65254], [116.62084, 6.65344], [116.62051, 6.65798], [116.62364, 6.6607], [116.62106, 6.66409], [116.62198, 6.66896], [116.61878, 6.67319], [116.62351, 6.67791], [116.63299, 6.69769], [116.64076, 6.70515], [116.64574, 6.71683], [116.64349, 6.73638], [116.63827, 6.7427], [116.63502, 6.752], [116.63174, 6.75277], [116.63204, 6.75753], [116.63691, 6.76247], [116.63691, 6.76427], [116.62963, 6.77957], [116.62684, 6.78111], [116.62833, 6.78326], [116.63089, 6.78127], [116.63218, 6.78216], [116.62894, 6.7846], [116.62934, 6.78598], [116.63459, 6.78445], [116.63999, 6.78782], [116.64354, 6.7956], [116.64409, 6.80389], [116.65057, 6.81428], [116.65886, 6.81501], [116.66744, 6.81984], [116.67386, 6.81979], [116.67123, 6.82251], [116.67195, 6.82032], [116.66939, 6.82067], [116.66576, 6.82987], [116.66232, 6.83062], [116.66121, 6.82741], [116.65605, 6.83077], [116.65221, 6.82972], [116.64809, 6.83515], [116.64559, 6.83585], [116.64253, 6.84197], [116.64253, 6.85892], [116.63993, 6.86387], [116.65789, 6.87086], [116.65967, 6.86982], [116.66285, 6.87122], [116.67513, 6.88006], [116.68543, 6.89276], [116.69421, 6.91131], [116.70552, 6.92885], [116.71632, 6.92785], [116.73452, 6.92946]]]]}}, {"type": "Feature", "properties": {"state": "Sabah", "seat": "N.06 Bandau", "seat_name": "Bandau"}, "geometry": {"type": "MultiPolygon", "coordinates": [[[[116.78399, 6.56489], [116.78319, 6.56511], [116.78442, 6.56855], [116.78609, 6.56673], [116.78399, 6.56489]]], [[[116.77448, 6.5689], [116.77413, 6.56857], [116.77394, 6.56954], [116.77439, 6.56951], [116.77448, 6.5689]]], [[[116.78064, 6.56607], [116.77808, 6.56898], [116.77999, 6.57058], [116.7811, 6.56915], [116.78064, 6.56607]]], [[[116.78317, 6.56635], [116.78219, 6.56677], [116.78276, 6.57066], [116.78359, 6.56951], [116.78317, 6.56635]]], [[[116.79934, 6.56995], [116.7988, 6.57043], [116.79955, 6.57077], [116.79965, 6.57017], [116.79934, 6.56995]]], [[[116.78601, 6.57145], [116.7882, 6.57105], [116.79029, 6.56699], [116.7889, 6.56584], [116.78412, 6.56913], [116.78368, 6.57196], [116.78601, 6.57145]]], [[[116.78194, 6.57154], [116.78152, 6.57032], [116.78056, 6.57259], [116.78178, 6.57369], [116.78194, 6.57154]]], [[[116.78535, 6.57685], [116.78742, 6.57672], [116.78717, 6.57457], [116.78458, 6.57497], [116.78535, 6.57685]]], [[[116.7664, 6.57313], [116.76475, 6.57364], [116.76659, 6.57758], [116.7671, 6.57508], [116.7664, 6.57313]]], [[[116.76532, 6.58266], [116.76771, 6.58198], [116.76399, 6.57997], [116.76389, 6.58255], [116.76532, 6.58266]]], [[[116.77409, 6.58363], [116.77258, 6.58104], [116.77021, 6.58131], [116.77087, 6.58327], [116.77409, 6.58363]]], [[[116.76085, 6.58479], [116.76308, 6.58146], [116.76183, 6.57974], [116.75923, 6.58051], [116.76085, 6.58479]]], [[[116.76085, 6.58479], [116.76094, 6.58985], [116.76178, 6.59092], [116.76482, 6.58707], [116.76085, 6.58479]]], [[[116.65768, 6.64115], [116.67817, 6.63856], [116.71627, 6.63873], [116.73931, 6.62962], [116.73032, 6.62241], [116.72531, 6.61562], [116.72522, 6.60196], [116.72237, 6.59829], [116.7274, 6.59792], [116.73065, 6.59447], [116.73749, 6.5938], [116.74001, 6.5975], [116.74404, 6.5992], [116.74505, 6.59677], [116.74765, 6.5998], [116.75003, 6.59855], [116.74827, 6.59574], [116.75056, 6.59228], [116.75587, 6.59253], [116.7513, 6.58688], [116.7557, 6.585], [116.75562, 6.58255], [116.75815, 6.5837], [116.75659, 6.58033], [116.75767, 6.57804], [116.7619, 6.57857], [116.7602, 6.57587], [116.76244, 6.57583], [116.76172, 6.57386], [116.76234, 6.57309], [116.76363, 6.57608], [116.76423, 6.57413], [116.76583, 6.57214], [116.76431, 6.56929], [116.76577, 6.56929], [116.76924, 6.57401], [116.7706, 6.58097], [116.77273, 6.58001], [116.77347, 6.56734], [116.77656, 6.56853], [116.77993, 6.56383], [116.78831, 6.56522], [116.79398, 6.56236], [116.80088, 6.56969], [116.80115, 6.5675], [116.80532, 6.5641], [116.80822, 6.56543], [116.81238, 6.56236], [116.81688, 6.56665], [116.81618, 6.56892], [116.82012, 6.57509], [116.82863, 6.57274], [116.82846, 6.57971], [116.83128, 6.57997], [116.83509, 6.57485], [116.8375, 6.57479], [116.83836, 6.57746], [116.84261, 6.57918], [116.84937, 6.57587], [116.85236, 6.5784], [116.85252, 6.58122], [116.85408, 6.58052], [116.85297, 6.58361], [116.85523, 6.589], [116.85363, 6.59953], [116.8614, 6.60766], [116.86008, 6.61244], [116.85755, 6.61206], [116.8563, 6.61471], [116.86658, 6.61883], [116.87828, 6.62197], [116.89728, 6.62002], [116.91075, 6.61403], [116.91176, 6.61801], [116.91507, 6.62063], [116.92207, 6.62095], [116.92423, 6.6201], [116.92483, 6.61782], [116.92358, 6.61356], [116.92486, 6.60907], [116.92359, 6.60732], [116.91586, 6.61162], [116.91301, 6.60876], [116.9236, 6.60672], [116.9223, 6.56082], [116.91812, 6.56152], [116.91517, 6.55398], [116.91167, 6.55458], [116.91085, 6.55787], [116.90689, 6.55801], [116.90178, 6.55347], [116.89799, 6.55399], [116.89654, 6.55242], [116.88862, 6.55433], [116.88741, 6.55183], [116.88407, 6.55168], [116.88313, 6.54939], [116.87957, 6.54838], [116.87705, 6.54947], [116.87624, 6.54733], [116.87303, 6.54638], [116.86991, 6.55005], [116.86388, 6.54848], [116.86464, 6.55197], [116.86224, 6.55418], [116.8632, 6.55683], [116.85782, 6.555], [116.86078, 6.5583], [116.85963, 6.564], [116.85334, 6.55239], [116.85238, 6.54417], [116.8469, 6.54321], [116.84474, 6.5444], [116.84303, 6.54288], [116.84388, 6.54136], [116.84154, 6.54183], [116.84129, 6.54451], [116.83696, 6.54288], [116.83696, 6.53887], [116.83904, 6.53787], [116.83976, 6.53479], [116.8407, 6.51858], [116.84919, 6.5174], [116.8501, 6.51251], [116.84774, 6.51031], [116.84897, 6.50558], [116.84583, 6.50095], [116.84668, 6.49868], [116.83737, 6.49896], [116.83512, 6.501], [116.8229, 6.4946], [116.82289, 6.51166], [116.8173, 6.51257], [116.80977, 6.51759], [116.81065, 6.51472], [116.80882, 6.51252], [116.8121, 6.50995], [116.80994, 6.50766], [116.81162, 6.50553], [116.80606, 6.50435], [116.80445, 6.50086], [116.80122, 6.50166], [116.80292, 6.49388], [116.8127, 6.49378], [116.81278, 6.48313], [116.83163, 6.48258], [116.83235, 6.47392], [116.81522, 6.47414], [116.80337, 6.47545], [116.80223, 6.477], [116.80016, 6.47517], [116.80065, 6.48022], [116.79807, 6.48193], [116.7997, 6.48315], [116.78994, 6.49234], [116.79008, 6.49445], [116.77946, 6.49481], [116.77752, 6.48831], [116.75813, 6.489], [116.75913, 6.48552], [116.75774, 6.48303], [116.75285, 6.48388], [116.75341, 6.48164], [116.75185, 6.47935], [116.74705, 6.47641], [116.75586, 6.46821], [116.7508, 6.46532], [116.7491, 6.46154], [116.74961, 6.45188], [116.75208, 6.44396], [116.7505, 6.44091], [116.7474, 6.4395], [116.74625, 6.4325], [116.74368, 6.43106], [116.74246, 6.42759], [116.7419, 6.42484], [116.74411, 6.42304], [116.74395, 6.42042], [116.74108, 6.4176], [116.73717, 6.41661], [116.73993, 6.41282], [116.74345, 6.41233], [116.74409, 6.41089], [116.7601, 6.40767], [116.76733, 6.41553], [116.77065, 6.42414], [116.78892, 6.42295], [116.78782, 6.41931], [116.78437, 6.41669], [116.78481, 6.41274], [116.77822, 6.40575], [116.77798, 6.4001], [116.77372, 6.39053], [116.76405, 6.38927], [116.76235, 6.38042], [116.7565, 6.37757], [116.75149, 6.37135], [116.75462, 6.37052], [116.75852, 6.37206], [116.75736, 6.36888], [116.75987, 6.36396], [116.75641, 6.36609], [116.75593, 6.36109], [116.75776, 6.35779], [116.75465, 6.35582], [116.75455, 6.35114], [116.75351, 6.35032], [116.75203, 6.35196], [116.74943, 6.34858], [116.74522, 6.34685], [116.74496, 6.34467], [116.74904, 6.34078], [116.74681, 6.33914], [116.74648, 6.33619], [116.7415, 6.33389], [116.73689, 6.32101], [116.73751, 6.31935], [116.73298, 6.31713], [116.73034, 6.30599], [116.72529, 6.30359], [116.72554, 6.3017], [116.72851, 6.30154], [116.72904, 6.30015], [116.7199, 6.29729], [116.71645, 6.29409], [116.71241, 6.297], [116.70752, 6.29435], [116.69356, 6.29671], [116.69432, 6.29226], [116.68409, 6.28991], [116.68854, 6.2787], [116.68603, 6.26358], [116.67795, 6.24948], [116.67606, 6.23848], [116.66804, 6.22749], [116.65256, 6.21847], [116.64481, 6.22801], [116.63094, 6.24068], [116.61804, 6.24353], [116.61361, 6.25014], [116.61636, 6.26412], [116.61431, 6.27257], [116.61805, 6.27887], [116.63255, 6.28937], [116.64104, 6.32195], [116.64164, 6.3325], [116.64013, 6.34147], [116.63121, 6.34681], [116.6155, 6.34725], [116.5944, 6.35692], [116.59728, 6.3717], [116.59555, 6.38341], [116.59708, 6.3929], [116.60339, 6.40601], [116.59034, 6.41522], [116.58829, 6.42177], [116.58854, 6.43913], [116.59052, 6.44617], [116.59549, 6.44689], [116.59736, 6.44918], [116.59721, 6.4651], [116.59989, 6.47605], [116.60879, 6.48976], [116.6183, 6.52056], [116.61867, 6.53772], [116.61639, 6.54836], [116.61832, 6.55215], [116.6231, 6.55615], [116.62672, 6.56324], [116.62542, 6.57798], [116.63123, 6.5973], [116.63895, 6.61329], [116.64407, 6.61995], [116.65427, 6.62871], [116.6558, 6.64265], [116.65768, 6.64115]]]]}}, {"type": "Feature", "properties": {"state": "Sabah", "seat": "N.07 Tandek", "seat_name": "Tandek"}, "geometry": {"type": "MultiPolygon", "coordinates": [[[[116.85782, 6.555], [116.8632, 6.55683], [116.86224, 6.55418], [116.86464, 6.55197], [116.86388, 6.54848], [116.86991, 6.55005], [116.87303, 6.54638], [116.87624, 6.54733], [116.87705, 6.54947], [116.87957, 6.54838], [116.88313, 6.54939], [116.88407, 6.55168], [116.88741, 6.55183], [116.88862, 6.55433], [116.89654, 6.55242], [116.89799, 6.55399], [116.90178, 6.55347], [116.90689, 6.55801], [116.91085, 6.55787], [116.91167, 6.55458], [116.91517, 6.55398], [116.91812, 6.56152], [116.9223, 6.56082], [116.92243, 6.53775], [116.91984, 6.52369], [116.97564, 6.52243], [116.97875, 6.5271], [116.98056, 6.53437], [116.98004, 6.54305], [116.98506, 6.54478], [116.9879, 6.54789], [116.99157, 6.54737], [116.99439, 6.54898], [116.99747, 6.54457], [116.99453, 6.54146], [116.9964, 6.54136], [117.00011, 6.5323], [116.99611, 6.52465], [116.99817, 6.52229], [117.09689, 6.51852], [117.09727, 6.50978], [117.10099, 6.50767], [117.1029, 6.49863], [117.10751, 6.48909], [117.10614, 6.48616], [117.10214, 6.48642], [117.09044, 6.49237], [117.08281, 6.48818], [117.08115, 6.4818], [117.08317, 6.47873], [117.08395, 6.47289], [117.08634, 6.47079], [117.09271, 6.47006], [117.09326, 6.46472], [117.09268, 6.46128], [117.08708, 6.45724], [117.08868, 6.44803], [117.08182, 6.43194], [117.07852, 6.42778], [117.0843, 6.42144], [117.08613, 6.40048], [117.10163, 6.39028], [117.10285, 6.38709], [117.10304, 6.38382], [117.09496, 6.36239], [117.0894, 6.3569], [117.06869, 6.36507], [117.06174, 6.36269], [117.06068, 6.3604], [117.05616, 6.35861], [117.05192, 6.35391], [117.044, 6.35398], [117.03883, 6.34867], [117.03109, 6.34784], [117.02765, 6.34297], [117.02559, 6.34291], [117.0192, 6.34739], [117.01251, 6.34679], [117.00875, 6.34455], [117.00616, 6.34634], [117.00544, 6.35095], [116.99937, 6.35334], [116.99429, 6.34671], [116.98942, 6.34371], [116.98665, 6.33713], [116.9742, 6.33629], [116.97174, 6.33375], [116.97156, 6.32924], [116.96606, 6.32436], [116.95658, 6.32041], [116.95597, 6.31836], [116.95993, 6.31503], [116.95974, 6.3109], [116.95612, 6.3144], [116.9469, 6.31273], [116.94598, 6.31468], [116.93609, 6.31933], [116.92922, 6.3191], [116.92867, 6.3177], [116.9304, 6.31618], [116.92834, 6.31307], [116.92621, 6.3128], [116.92461, 6.30599], [116.92195, 6.30804], [116.92042, 6.3052], [116.91684, 6.30795], [116.91403, 6.30329], [116.91173, 6.30324], [116.91173, 6.3014], [116.90919, 6.3019], [116.90814, 6.29956], [116.90938, 6.29753], [116.9025, 6.29808], [116.88927, 6.28915], [116.88872, 6.28696], [116.88388, 6.28716], [116.87694, 6.2819], [116.8739, 6.28091], [116.86543, 6.28277], [116.86041, 6.26406], [116.84776, 6.26078], [116.84209, 6.25654], [116.8419, 6.25187], [116.83624, 6.24585], [116.83154, 6.24563], [116.81597, 6.23897], [116.80727, 6.23846], [116.79988, 6.23315], [116.79783, 6.22507], [116.79448, 6.22079], [116.79124, 6.22249], [116.78989, 6.22691], [116.77681, 6.23192], [116.76137, 6.23232], [116.74608, 6.23025], [116.74282, 6.23204], [116.72785, 6.22569], [116.7151, 6.22456], [116.71132, 6.22277], [116.69609, 6.22258], [116.68521, 6.21646], [116.6815, 6.21191], [116.67485, 6.20943], [116.67066, 6.20461], [116.66417, 6.20313], [116.66136, 6.19967], [116.65865, 6.20002], [116.6619, 6.21066], [116.66148, 6.21625], [116.65543, 6.2163], [116.65256, 6.21847], [116.66804, 6.22749], [116.67606, 6.23848], [116.67795, 6.24948], [116.68603, 6.26358], [116.68854, 6.2787], [116.68409, 6.28991], [116.69432, 6.29226], [116.69356, 6.29671], [116.70752, 6.29435], [116.71241, 6.297], [116.71645, 6.29409], [116.7199, 6.29729], [116.72904, 6.30015], [116.72851, 6.30154], [116.72554, 6.3017], [116.72529, 6.30359], [116.73034, 6.30599], [116.73298, 6.31713], [116.73751, 6.31935], [116.73689, 6.32101], [116.7415, 6.33389], [116.74648, 6.33619], [116.74681, 6.33914], [116.74904, 6.34078], [116.74496, 6.34467], [116.74522, 6.34685], [116.74943, 6.34858], [116.75203, 6.35196], [116.75351, 6.35032], [116.75455, 6.35114], [116.75465, 6.35582], [116.75776, 6.35779], [116.75593, 6.36109], [116.75641, 6.36609], [116.75987, 6.36396], [116.75736, 6.36888], [116.75852, 6.37206], [116.75462, 6.37052], [116.75149, 6.37135], [116.7565, 6.37757], [116.76235, 6.38042], [116.76405, 6.38927], [116.77372, 6.39053], [116.77798, 6.4001], [116.77822, 6.40575], [116.78481, 6.41274], [116.78437, 6.41669], [116.78782, 6.41931], [116.78892, 6.42295], [116.77065, 6.42414], [116.76733, 6.41553], [116.7601, 6.40767], [116.74409, 6.41089], [116.74345, 6.41233], [116.73993, 6.41282], [116.73717, 6.41661], [116.74108, 6.4176], [116.74395, 6.42042], [116.74411, 6.42304], [116.7419, 6.42484], [116.74246, 6.42759], [116.74368, 6.43106], [116.74625, 6.4325], [116.7474, 6.4395], [116.7505, 6.44091], [116.75208, 6.44396], [116.74961, 6.45188], [116.7491, 6.46154], [116.7508, 6.46532], [116.75586, 6.46821], [116.74705, 6.47641], [116.75185, 6.47935], [116.75341, 6.48164], [116.75285, 6.48388], [116.75774, 6.48303], [116.75913, 6.48552], [116.75813, 6.489], [116.77752, 6.48831], [116.77946, 6.49481], [116.79008, 6.49445], [116.78994, 6.49234], [116.7997, 6.48315], [116.79807, 6.48193], [116.80065, 6.48022], [116.80016, 6.47517], [116.80223, 6.477], [116.80337, 6.47545], [116.81522, 6.47414], [116.83235, 6.47392], [116.83163, 6.48258], [116.81278, 6.48313], [116.8127, 6.49378], [116.80292, 6.49388], [116.80113, 6.50143], [116.80445, 6.50086], [116.80606, 6.50435], [116.81161, 6.5055], [116.80994, 6.50766], [116.8121, 6.50995], [116.80882, 6.51252], [116.81065, 6.51472], [116.80977, 6.51759], [116.8173, 6.51257], [116.82289, 6.51166], [116.8229, 6.4946], [116.83512, 6.501], [116.83737, 6.49896], [116.84668, 6.49868], [116.84583, 6.50095], [116.84897, 6.50558], [116.84774, 6.51031], [116.8501, 6.51251], [116.84919, 6.5174], [116.8407, 6.51858], [116.83976, 6.53479], [116.83904, 6.53787], [116.83696, 6.53887], [116.83696, 6.54288], [116.84129, 6.54451], [116.84154, 6.54183], [116.84388, 6.54136], [116.84303, 6.54288], [116.84474, 6.5444], [116.8469, 6.54321], [116.85238, 6.54417], [116.85334, 6.55239], [116.85963, 6.564], [116.86078, 6.5583], [116.85782, 6.555]]]]}}, {"type": "Feature", "properties": {"state": "Sabah", "seat": "N.08 Pintasan", "seat_name": "Pintasan"}, "geometry": {"type": "MultiPolygon", "coordinates": [[[[116.62209, 6.66553], [116.62106, 6.66409], [116.62364, 6.6607], [116.62051, 6.65798], [116.62084, 6.65344], [116.6255, 6.65254], [116.63172, 6.64713], [116.63796, 6.64731], [116.64416, 6.64525], [116.64566, 6.6416], [116.64996, 6.63828], [116.65539, 6.63872], [116.65427, 6.62871], [116.64407, 6.61995], [116.63895, 6.61329], [116.63123, 6.5973], [116.62542, 6.57798], [116.62672, 6.56324], [116.6231, 6.55615], [116.61832, 6.55215], [116.61639, 6.54836], [116.61867, 6.53772], [116.6183, 6.52056], [116.60879, 6.48976], [116.59989, 6.47605], [116.59721, 6.4651], [116.59736, 6.44918], [116.59549, 6.44689], [116.59052, 6.44617], [116.58858, 6.4343], [116.58405, 6.43965], [116.56879, 6.44093], [116.56066, 6.4433], [116.55134, 6.44176], [116.54582, 6.44357], [116.54348, 6.43932], [116.53362, 6.43912], [116.52747, 6.44086], [116.51339, 6.44803], [116.50706, 6.46749], [116.4985, 6.46285], [116.49768, 6.46435], [116.49522, 6.46375], [116.49441, 6.46226], [116.49295, 6.46445], [116.49134, 6.46318], [116.48986, 6.46654], [116.48835, 6.44788], [116.4743, 6.43653], [116.46383, 6.43116], [116.45149, 6.4219], [116.43019, 6.41461], [116.42748, 6.41061], [116.42333, 6.40968], [116.42173, 6.41152], [116.41929, 6.40998], [116.41254, 6.4096], [116.4114, 6.40744], [116.41299, 6.40164], [116.42677, 6.40149], [116.41579, 6.38864], [116.41286, 6.38711], [116.4047, 6.39319], [116.39617, 6.39065], [116.38157, 6.39318], [116.38261, 6.39699], [116.38881, 6.40142], [116.38587, 6.41347], [116.42381, 6.43623], [116.47508, 6.47189], [116.48433, 6.48011], [116.49358, 6.49526], [116.49928, 6.51183], [116.50084, 6.52462], [116.4959, 6.52915], [116.49549, 6.53316], [116.50257, 6.5357], [116.50403, 6.53818], [116.50271, 6.54097], [116.50521, 6.54124], [116.5055, 6.54444], [116.50805, 6.54553], [116.5081, 6.54753], [116.51108, 6.54721], [116.51445, 6.55058], [116.51538, 6.5532], [116.51409, 6.55881], [116.51683, 6.55688], [116.51973, 6.55873], [116.52278, 6.56203], [116.52408, 6.56691], [116.52978, 6.56981], [116.53892, 6.58038], [116.54556, 6.60202], [116.5435, 6.60307], [116.54515, 6.60576], [116.54416, 6.608], [116.55338, 6.61276], [116.56057, 6.61942], [116.56475, 6.62592], [116.56464, 6.62884], [116.568, 6.63084], [116.57049, 6.63742], [116.57322, 6.63948], [116.57276, 6.64414], [116.57481, 6.64703], [116.57318, 6.65041], [116.56983, 6.65164], [116.57022, 6.65352], [116.5732, 6.65055], [116.57843, 6.64875], [116.58214, 6.65053], [116.58506, 6.65619], [116.58981, 6.65831], [116.59065, 6.66016], [116.59345, 6.65677], [116.59812, 6.65726], [116.60613, 6.6658], [116.60848, 6.66506], [116.61527, 6.66734], [116.61896, 6.67135], [116.62198, 6.66896], [116.62209, 6.66553]]], [[[116.34871, 6.72013], [116.34762, 6.71764], [116.34879, 6.71573], [116.35817, 6.71405], [116.36578, 6.70862], [116.3713, 6.70966], [116.36454, 6.70644], [116.35776, 6.70557], [116.34877, 6.70923], [116.34424, 6.70933], [116.3438, 6.71568], [116.33923, 6.717], [116.34397, 6.71976], [116.34871, 6.72013]]]]}}, {"type": "Feature", "properties": {"state": "Sabah", "seat": "N.09 Tempasuk", "seat_name": "Tempasuk"}, "geometry": {"type": "MultiPolygon", "coordinates": [[[[116.50843, 6.46286], [116.51339, 6.44803], [116.52747, 6.44086], [116.53362, 6.43912], [116.54348, 6.43932], [116.54582, 6.44357], [116.55134, 6.44176], [116.56066, 6.4433], [116.56879, 6.44093], [116.58405, 6.43965], [116.58728, 6.43721], [116.58858, 6.4343], [116.5885, 6.4185], [116.59034, 6.41522], [116.60339, 6.40601], [116.59708, 6.3929], [116.59555, 6.38341], [116.59728, 6.3717], [116.5958, 6.36646], [116.57807, 6.36763], [116.56427, 6.37772], [116.55395, 6.37969], [116.54873, 6.37834], [116.52485, 6.36498], [116.51851, 6.36653], [116.5109, 6.36593], [116.50071, 6.36965], [116.49546, 6.36367], [116.49858, 6.35965], [116.49873, 6.35557], [116.49572, 6.35467], [116.49173, 6.34996], [116.48636, 6.35217], [116.48317, 6.3505], [116.47603, 6.35211], [116.45725, 6.35985], [116.44997, 6.35683], [116.44819, 6.35968], [116.4466, 6.35752], [116.44816, 6.35102], [116.44232, 6.34855], [116.44125, 6.34876], [116.4421, 6.35256], [116.43661, 6.3543], [116.4385, 6.36245], [116.43392, 6.36157], [116.43151, 6.36314], [116.43327, 6.37029], [116.43056, 6.37229], [116.42493, 6.3724], [116.42847, 6.37594], [116.42704, 6.3783], [116.42482, 6.37781], [116.42407, 6.37478], [116.41809, 6.36967], [116.41456, 6.37258], [116.41045, 6.37257], [116.40377, 6.37596], [116.40265, 6.37862], [116.40919, 6.37831], [116.41315, 6.38085], [116.41286, 6.38711], [116.41579, 6.38864], [116.42677, 6.40149], [116.41299, 6.40164], [116.4114, 6.40744], [116.41254, 6.4096], [116.41929, 6.40998], [116.42173, 6.41152], [116.42333, 6.40968], [116.42748, 6.41061], [116.43019, 6.41461], [116.45149, 6.4219], [116.46383, 6.43116], [116.4743, 6.43653], [116.48835, 6.44788], [116.48981, 6.46652], [116.49134, 6.46318], [116.49295, 6.46445], [116.49441, 6.46226], [116.49522, 6.46375], [116.49768, 6.46435], [116.4985, 6.46285], [116.50706, 6.46749], [116.50843, 6.46286]]]]}}, {"type": "Feature", "properties": {"state": "Sabah", "seat": "N.10 Usukan", "seat_name": "Usukan"}, "geometry": {"type": "MultiPolygon", "coordinates": [[[[116.30969, 6.30908], [116.31146, 6.30601], [116.3108, 6.30439], [116.30867, 6.30566], [116.30816, 6.30839], [116.30969, 6.30908]]], [[[116.30919, 6.35155], [116.30935, 6.35022], [116.30878, 6.35006], [116.30819, 6.3515], [116.30919, 6.35155]]], [[[116.33819, 6.40177], [116.34148, 6.40178], [116.3399, 6.40058], [116.34104, 6.39805], [116.33806, 6.39672], [116.3372, 6.39144], [116.33595, 6.39189], [116.33573, 6.39041], [116.32599, 6.3958], [116.32644, 6.39692], [116.33211, 6.39607], [116.33217, 6.39831], [116.33819, 6.40177]]], [[[116.3822, 6.39479], [116.38157, 6.39318], [116.38718, 6.39126], [116.39248, 6.39202], [116.39617, 6.39065], [116.40536, 6.39286], [116.41246, 6.38808], [116.4139, 6.38248], [116.40919, 6.37831], [116.40265, 6.37862], [116.40379, 6.37594], [116.41045, 6.37257], [116.41456, 6.37258], [116.41809, 6.36967], [116.42407, 6.37478], [116.42482, 6.37781], [116.42704, 6.3783], [116.42847, 6.37594], [116.42514, 6.37203], [116.43015, 6.37239], [116.43327, 6.37029], [116.43151, 6.36314], [116.43372, 6.36159], [116.43867, 6.3621], [116.43676, 6.35398], [116.4421, 6.35256], [116.44125, 6.34876], [116.44696, 6.3509], [116.44979, 6.35007], [116.44888, 6.34777], [116.44584, 6.34693], [116.44769, 6.34024], [116.44605, 6.33518], [116.43346, 6.33141], [116.43341, 6.32169], [116.43574, 6.3185], [116.43358, 6.31363], [116.42799, 6.31519], [116.41472, 6.3122], [116.41138, 6.31004], [116.40887, 6.31598], [116.41629, 6.3237], [116.4174, 6.32813], [116.41488, 6.33266], [116.41569, 6.33864], [116.41246, 6.34209], [116.41478, 6.34755], [116.40811, 6.34599], [116.40616, 6.34286], [116.4027, 6.34281], [116.39977, 6.33595], [116.39636, 6.3325], [116.38278, 6.32756], [116.37963, 6.32361], [116.37288, 6.32104], [116.37122, 6.32229], [116.37461, 6.33092], [116.37233, 6.3325], [116.37276, 6.33557], [116.36245, 6.33707], [116.36173, 6.33353], [116.35347, 6.32865], [116.35355, 6.32182], [116.34811, 6.31725], [116.34929, 6.31599], [116.34824, 6.31255], [116.34632, 6.31161], [116.34511, 6.30507], [116.34359, 6.305], [116.34004, 6.29545], [116.31593, 6.29426], [116.31454, 6.29237], [116.31177, 6.29229], [116.31174, 6.29066], [116.30429, 6.2883], [116.30053, 6.29342], [116.30269, 6.29692], [116.30865, 6.29752], [116.31064, 6.30401], [116.31438, 6.29868], [116.31758, 6.30002], [116.32084, 6.2992], [116.3246, 6.3026], [116.32159, 6.30678], [116.32667, 6.30578], [116.32769, 6.30841], [116.3305, 6.30894], [116.32831, 6.31444], [116.31859, 6.31393], [116.32178, 6.31957], [116.31908, 6.3236], [116.31222, 6.32441], [116.30915, 6.32206], [116.31219, 6.3261], [116.32272, 6.33035], [116.32954, 6.33569], [116.32701, 6.34024], [116.32472, 6.33912], [116.31844, 6.34171], [116.31209, 6.33993], [116.31474, 6.34337], [116.3258, 6.34647], [116.32777, 6.34914], [116.32724, 6.3507], [116.32313, 6.34915], [116.31394, 6.35733], [116.31104, 6.35706], [116.31501, 6.36102], [116.3149, 6.36311], [116.31845, 6.36408], [116.3213, 6.37198], [116.3243, 6.37073], [116.32451, 6.36811], [116.32624, 6.36731], [116.33074, 6.36965], [116.33287, 6.36121], [116.33834, 6.36053], [116.33787, 6.36312], [116.34213, 6.36368], [116.34327, 6.36704], [116.34541, 6.36644], [116.34695, 6.36881], [116.34528, 6.37086], [116.34577, 6.37479], [116.34176, 6.37621], [116.34205, 6.37854], [116.33762, 6.37969], [116.33719, 6.38343], [116.33489, 6.38368], [116.33656, 6.3882], [116.3488, 6.38607], [116.35162, 6.38894], [116.34888, 6.39445], [116.35591, 6.39584], [116.35804, 6.39492], [116.37092, 6.4021], [116.38587, 6.41348], [116.38881, 6.40142], [116.38261, 6.39699], [116.3822, 6.39479]]]]}}, {"type": "Feature", "properties": {"state": "Sabah", "seat": "N.11 Kadamaian", "seat_name": "Kadamaian"}, "geometry": {"type": "MultiPolygon", "coordinates": [[[[116.59579, 6.36643], [116.5944, 6.35692], [116.6155, 6.34725], [116.63121, 6.34681], [116.64013, 6.34147], [116.64164, 6.3325], [116.64104, 6.32195], [116.63255, 6.28937], [116.61805, 6.27887], [116.61431, 6.27257], [116.61636, 6.26412], [116.61361, 6.25014], [116.61804, 6.24353], [116.63094, 6.24068], [116.65543, 6.2163], [116.66148, 6.21625], [116.6619, 6.21066], [116.65865, 6.20002], [116.64574, 6.18814], [116.64467, 6.19014], [116.64018, 6.1879], [116.6311, 6.17989], [116.62839, 6.17473], [116.61939, 6.17172], [116.61071, 6.17278], [116.60642, 6.16959], [116.6074, 6.16144], [116.60545, 6.15195], [116.60447, 6.14904], [116.60021, 6.14748], [116.59672, 6.14182], [116.59287, 6.12845], [116.59247, 6.11544], [116.59495, 6.10987], [116.59312, 6.10101], [116.58902, 6.0966], [116.58825, 6.0888], [116.58661, 6.08849], [116.58172, 6.06658], [116.57842, 6.05993], [116.57263, 6.0537], [116.57304, 6.04864], [116.56956, 6.04546], [116.56516, 6.03751], [116.56008, 6.03412], [116.55669, 6.02739], [116.54594, 6.02144], [116.53963, 6.01209], [116.531, 6.00422], [116.52588, 6.00481], [116.52077, 6.00933], [116.51422, 6.01066], [116.51233, 6.01365], [116.51399, 6.01628], [116.51317, 6.01779], [116.50851, 6.01823], [116.50573, 6.02071], [116.50129, 6.02023], [116.49717, 6.02263], [116.4862, 6.01479], [116.47853, 6.01392], [116.47149, 6.01729], [116.4689, 6.02222], [116.46485, 6.02537], [116.46482, 6.0279], [116.46131, 6.02844], [116.46231, 6.03139], [116.45712, 6.03028], [116.45785, 6.03737], [116.45373, 6.04103], [116.45495, 6.04404], [116.45294, 6.04319], [116.4534, 6.04593], [116.44582, 6.05848], [116.44174, 6.06796], [116.44203, 6.07551], [116.43955, 6.07852], [116.43606, 6.09003], [116.43006, 6.09979], [116.43016, 6.10313], [116.43248, 6.10643], [116.43906, 6.10903], [116.44251, 6.11393], [116.4407, 6.11563], [116.44003, 6.12015], [116.43959, 6.13469], [116.4372, 6.13629], [116.43578, 6.14319], [116.42867, 6.15436], [116.42815, 6.1724], [116.42022, 6.21725], [116.41503, 6.22498], [116.41116, 6.22743], [116.40886, 6.22604], [116.40513, 6.22817], [116.39548, 6.24284], [116.39122, 6.25821], [116.39231, 6.25894], [116.3894, 6.26108], [116.38704, 6.27344], [116.38288, 6.27407], [116.38386, 6.27631], [116.38172, 6.28126], [116.38354, 6.28488], [116.3832, 6.28874], [116.37338, 6.29503], [116.34005, 6.29548], [116.34359, 6.305], [116.34511, 6.30507], [116.34632, 6.31161], [116.34824, 6.31255], [116.34929, 6.31599], [116.34811, 6.31725], [116.35355, 6.32182], [116.35347, 6.32865], [116.36173, 6.33353], [116.36245, 6.33707], [116.37276, 6.33557], [116.37233, 6.3325], [116.37461, 6.33092], [116.37122, 6.32229], [116.37288, 6.32104], [116.37963, 6.32361], [116.38278, 6.32756], [116.39636, 6.3325], [116.39977, 6.33595], [116.4027, 6.34281], [116.40616, 6.34286], [116.40811, 6.34599], [116.41478, 6.34755], [116.41246, 6.34209], [116.41569, 6.33864], [116.41488, 6.33266], [116.4174, 6.32813], [116.41629, 6.3237], [116.40887, 6.31598], [116.41138, 6.31004], [116.41472, 6.3122], [116.42799, 6.31519], [116.43358, 6.31363], [116.43574, 6.3185], [116.43341, 6.32169], [116.43346, 6.33141], [116.44614, 6.33533], [116.44769, 6.34024], [116.44584, 6.34693], [116.44986, 6.34956], [116.44665, 6.35624], [116.44819, 6.35968], [116.44997, 6.35683], [116.45725, 6.35985], [116.47603, 6.35211], [116.48317, 6.3505], [116.48636, 6.35217], [116.49173, 6.34996], [116.49572, 6.35467], [116.49873, 6.35557], [116.49858, 6.35965], [116.49546, 6.36367], [116.50071, 6.36965], [116.5109, 6.36593], [116.51851, 6.36653], [116.52485, 6.36498], [116.54873, 6.37834], [116.55395, 6.37969], [116.56427, 6.37772], [116.57807, 6.36763], [116.59579, 6.36643]]]]}}, {"type": "Feature", "properties": {"state": "Sabah", "seat": "N.12 Sulaman", "seat_name": "Sulaman"}, "geometry": {"type": "MultiPolygon", "coordinates": [[[[116.27119, 6.24162], [116.26946, 6.24262], [116.26904, 6.24308], [116.2703, 6.24298], [116.27119, 6.24162]]], [[[116.24744, 6.24915], [116.25713, 6.23548], [116.26479, 6.23462], [116.26247, 6.23199], [116.26372, 6.2296], [116.2751, 6.22992], [116.27389, 6.22736], [116.27772, 6.22172], [116.27472, 6.2193], [116.2776, 6.21687], [116.27572, 6.21605], [116.27538, 6.21393], [116.27723, 6.21211], [116.27573, 6.20922], [116.27774, 6.20797], [116.27458, 6.20572], [116.27578, 6.20098], [116.27341, 6.2004], [116.27246, 6.20327], [116.26846, 6.20004], [116.26566, 6.20012], [116.2629, 6.2018], [116.26315, 6.20324], [116.25916, 6.20065], [116.25614, 6.20155], [116.25388, 6.20024], [116.25152, 6.20251], [116.2395, 6.18287], [116.2365, 6.18522], [116.23451, 6.19174], [116.2348, 6.18792], [116.23157, 6.18532], [116.23481, 6.18131], [116.23131, 6.18019], [116.22814, 6.18388], [116.22277, 6.18101], [116.22464, 6.17999], [116.22595, 6.17503], [116.22448, 6.1743], [116.22177, 6.17736], [116.21994, 6.1742], [116.19856, 6.1742], [116.20243, 6.17136], [116.20173, 6.17009], [116.19963, 6.16854], [116.19551, 6.16871], [116.18341, 6.16175], [116.18302, 6.15407], [116.18776, 6.14703], [116.18425, 6.14249], [116.17856, 6.14466], [116.17428, 6.14026], [116.16589, 6.13838], [116.16114, 6.13956], [116.16288, 6.14307], [116.15891, 6.14703], [116.15652, 6.1461], [116.15328, 6.14765], [116.15073, 6.14429], [116.15065, 6.14103], [116.14049, 6.13641], [116.13798, 6.13875], [116.13744, 6.1444], [116.14297, 6.14886], [116.146, 6.15436], [116.14169, 6.15899], [116.15646, 6.16842], [116.16457, 6.17678], [116.17057, 6.18735], [116.18261, 6.21617], [116.19555, 6.23474], [116.19826, 6.2363], [116.20563, 6.23555], [116.20937, 6.23796], [116.22935, 6.24342], [116.2379, 6.24702], [116.24289, 6.25137], [116.24744, 6.24915]]], [[[116.29481, 6.31453], [116.29666, 6.31482], [116.29806, 6.31013], [116.29478, 6.30765], [116.29514, 6.30197], [116.29702, 6.30142], [116.29269, 6.30047], [116.29218, 6.29766], [116.29524, 6.2992], [116.29739, 6.29677], [116.29902, 6.2978], [116.30169, 6.29644], [116.30053, 6.29342], [116.30435, 6.28876], [116.30132, 6.28552], [116.30386, 6.28532], [116.30406, 6.28153], [116.30604, 6.28198], [116.30624, 6.28076], [116.3013, 6.27897], [116.30001, 6.27672], [116.2997, 6.27288], [116.30128, 6.2741], [116.304, 6.27276], [116.29795, 6.26827], [116.29971, 6.26589], [116.29951, 6.26261], [116.2926, 6.25882], [116.29151, 6.25435], [116.28862, 6.25193], [116.28299, 6.25113], [116.28269, 6.24632], [116.27973, 6.24601], [116.27844, 6.24257], [116.27253, 6.24175], [116.27779, 6.25117], [116.27698, 6.25464], [116.27329, 6.25515], [116.27734, 6.25863], [116.28479, 6.26077], [116.29181, 6.26635], [116.28697, 6.27002], [116.2874, 6.2751], [116.28457, 6.27582], [116.28449, 6.27711], [116.27817, 6.26846], [116.26971, 6.26607], [116.26635, 6.26139], [116.26405, 6.26275], [116.25792, 6.25706], [116.24485, 6.25597], [116.23847, 6.2515], [116.20811, 6.24036], [116.20496, 6.24227], [116.22896, 6.2594], [116.23203, 6.2632], [116.23309, 6.2681], [116.22887, 6.26951], [116.23475, 6.27917], [116.24184, 6.28169], [116.24176, 6.28445], [116.25518, 6.28614], [116.25822, 6.28921], [116.25767, 6.29475], [116.25954, 6.29346], [116.26009, 6.28951], [116.26278, 6.28821], [116.26552, 6.28954], [116.26924, 6.2885], [116.27343, 6.29048], [116.27461, 6.29404], [116.27746, 6.29409], [116.28029, 6.29797], [116.27932, 6.30242], [116.27644, 6.30318], [116.27853, 6.30767], [116.28328, 6.30414], [116.28707, 6.30736], [116.28912, 6.31568], [116.28802, 6.31868], [116.29007, 6.3203], [116.29175, 6.3196], [116.29481, 6.31453]]]]}}, {"type": "Feature", "properties": {"state": "Sabah", "seat": "N.13 Pantai Dalit", "seat_name": "Pantai Dalit"}, "geometry": {"type": "MultiPolygon", "coordinates": [[[[116.23901, 6.18187], [116.2365, 6.17821], [116.23744, 6.17482], [116.23289, 6.17383], [116.23193, 6.17204], [116.24248, 6.14653], [116.23619, 6.14767], [116.23785, 6.14927], [116.23677, 6.15029], [116.23233, 6.1493], [116.23202, 6.14611], [116.23061, 6.14606], [116.23042, 6.14887], [116.22198, 6.14681], [116.21978, 6.14195], [116.22274, 6.14155], [116.22154, 6.13671], [116.2178, 6.13799], [116.21458, 6.12849], [116.21271, 6.13018], [116.21237, 6.12732], [116.21378, 6.12615], [116.20574, 6.11585], [116.20467, 6.11154], [116.21026, 6.10989], [116.20901, 6.10727], [116.20407, 6.10891], [116.20334, 6.10571], [116.20668, 6.10447], [116.20687, 6.10199], [116.20263, 6.10266], [116.20205, 6.10008], [116.20517, 6.09744], [116.20088, 6.09639], [116.20227, 6.09349], [116.20116, 6.09225], [116.19934, 6.09438], [116.19341, 6.08776], [116.19102, 6.08956], [116.19148, 6.09274], [116.18983, 6.09576], [116.19276, 6.09775], [116.19468, 6.10404], [116.19268, 6.11266], [116.19092, 6.11291], [116.19083, 6.11881], [116.19264, 6.12207], [116.19114, 6.12458], [116.1881, 6.12056], [116.18432, 6.12174], [116.18368, 6.12535], [116.18136, 6.12641], [116.17496, 6.12599], [116.16797, 6.12139], [116.15771, 6.1231], [116.15678, 6.11485], [116.16323, 6.10832], [116.1563, 6.10744], [116.15462, 6.11325], [116.15288, 6.10825], [116.14984, 6.10984], [116.14979, 6.11162], [116.14681, 6.11115], [116.14951, 6.10689], [116.14984, 6.10258], [116.14154, 6.09967], [116.1395, 6.10028], [116.14039, 6.10179], [116.13921, 6.1016], [116.13615, 6.11649], [116.1308, 6.12043], [116.12984, 6.12514], [116.14049, 6.13641], [116.15065, 6.14103], [116.15019, 6.14292], [116.15293, 6.1476], [116.15652, 6.1461], [116.15891, 6.14703], [116.16288, 6.14307], [116.16114, 6.13956], [116.16589, 6.13838], [116.17428, 6.14026], [116.17856, 6.14466], [116.18415, 6.14245], [116.18776, 6.14703], [116.18302, 6.15407], [116.18341, 6.16175], [116.19551, 6.16871], [116.19963, 6.16854], [116.20173, 6.17009], [116.20243, 6.17136], [116.19856, 6.1742], [116.21994, 6.1742], [116.22177, 6.17736], [116.22448, 6.1743], [116.22591, 6.17633], [116.22464, 6.17999], [116.22236, 6.18046], [116.22511, 6.1831], [116.22814, 6.18388], [116.2324, 6.17982], [116.23481, 6.18131], [116.23157, 6.18532], [116.2348, 6.18792], [116.23439, 6.19172], [116.2365, 6.18522], [116.2395, 6.18325], [116.23901, 6.18187]]]]}}, {"type": "Feature", "properties": {"state": "Sabah", "seat": "N.14 Tamparuli", "seat_name": "Tamparuli"}, "geometry": {"type": "MultiPolygon", "coordinates": [[[[116.28182, 6.23641], [116.28211, 6.23629], [116.28227, 6.23602], [116.2817, 6.23587], [116.28182, 6.23641]]], [[[116.37008, 6.29549], [116.37588, 6.29392], [116.3832, 6.28874], [116.38354, 6.28488], [116.38172, 6.28126], [116.38386, 6.27631], [116.38288, 6.27407], [116.38704, 6.27344], [116.3894, 6.26108], [116.39231, 6.25894], [116.39122, 6.25821], [116.39548, 6.24284], [116.40513, 6.22817], [116.40886, 6.22604], [116.41116, 6.22743], [116.41503, 6.22498], [116.42022, 6.21725], [116.42815, 6.1724], [116.42752, 6.15979], [116.4287, 6.15425], [116.432, 6.14982], [116.43144, 6.14746], [116.42125, 6.14437], [116.40195, 6.1444], [116.40479, 6.14692], [116.4041, 6.15676], [116.40026, 6.15958], [116.39596, 6.1594], [116.39637, 6.15797], [116.39191, 6.15219], [116.39165, 6.14645], [116.38958, 6.1472], [116.38749, 6.15172], [116.38559, 6.15029], [116.38496, 6.14576], [116.37927, 6.14312], [116.37709, 6.14452], [116.37843, 6.14796], [116.37371, 6.15009], [116.36607, 6.1506], [116.36024, 6.14824], [116.3558, 6.14848], [116.35203, 6.15291], [116.34788, 6.15466], [116.34944, 6.15497], [116.34859, 6.15628], [116.34523, 6.15642], [116.34365, 6.15928], [116.33966, 6.15805], [116.33535, 6.15407], [116.33141, 6.15336], [116.32193, 6.15905], [116.31769, 6.15735], [116.31349, 6.1502], [116.31092, 6.1497], [116.30976, 6.1423], [116.30555, 6.13314], [116.30719, 6.1258], [116.30523, 6.11702], [116.30199, 6.1109], [116.29669, 6.11158], [116.29509, 6.10766], [116.29336, 6.10854], [116.28522, 6.11687], [116.28392, 6.12309], [116.27755, 6.12414], [116.27695, 6.12961], [116.26889, 6.13205], [116.25895, 6.12434], [116.26126, 6.12364], [116.26065, 6.11923], [116.25877, 6.11892], [116.25886, 6.11522], [116.25438, 6.1159], [116.25326, 6.11173], [116.2517, 6.11236], [116.25455, 6.11731], [116.24915, 6.11958], [116.24731, 6.11843], [116.24593, 6.11566], [116.24683, 6.11071], [116.244, 6.11029], [116.24438, 6.10596], [116.23683, 6.10304], [116.2353, 6.09881], [116.23279, 6.10081], [116.23302, 6.09819], [116.23093, 6.09617], [116.23232, 6.09424], [116.2306, 6.09119], [116.22798, 6.09168], [116.22496, 6.08968], [116.22157, 6.08048], [116.20974, 6.08158], [116.2098, 6.08458], [116.2055, 6.08375], [116.20622, 6.08631], [116.20456, 6.09107], [116.20585, 6.09192], [116.20398, 6.09177], [116.20051, 6.0959], [116.20517, 6.09744], [116.20205, 6.10008], [116.20263, 6.10266], [116.20687, 6.10199], [116.20668, 6.10447], [116.20334, 6.10571], [116.20407, 6.10891], [116.20901, 6.10727], [116.21026, 6.10989], [116.20467, 6.11154], [116.2052, 6.114], [116.21378, 6.12615], [116.21237, 6.12732], [116.21271, 6.13018], [116.21458, 6.12849], [116.2178, 6.13799], [116.22154, 6.13671], [116.22274, 6.14155], [116.21978, 6.14195], [116.22198, 6.14681], [116.23042, 6.14887], [116.23061, 6.14606], [116.23202, 6.14611], [116.23233, 6.1493], [116.23677, 6.15029], [116.23785, 6.14927], [116.23619, 6.14767], [116.24248, 6.14653], [116.23205, 6.17307], [116.23744, 6.17482], [116.23692, 6.17937], [116.24304, 6.1881], [116.24473, 6.19313], [116.24966, 6.19772], [116.2505, 6.20205], [116.2521, 6.20254], [116.25388, 6.20024], [116.25614, 6.20155], [116.25916, 6.20065], [116.26315, 6.20324], [116.26422, 6.2004], [116.26846, 6.20004], [116.27246, 6.20327], [116.2735, 6.20034], [116.27593, 6.20122], [116.27458, 6.20572], [116.27774, 6.20797], [116.27573, 6.20922], [116.27723, 6.21211], [116.27538, 6.21393], [116.27572, 6.21605], [116.2776, 6.21687], [116.27472, 6.2193], [116.2777, 6.22164], [116.27714, 6.22556], [116.28543, 6.23332], [116.28246, 6.23779], [116.27989, 6.23947], [116.27463, 6.23905], [116.27452, 6.24122], [116.27844, 6.24257], [116.27973, 6.24601], [116.28269, 6.24632], [116.28299, 6.25113], [116.28862, 6.25193], [116.29151, 6.25435], [116.2926, 6.25882], [116.29997, 6.26327], [116.29795, 6.26827], [116.304, 6.27276], [116.30128, 6.2741], [116.2997, 6.27288], [116.30001, 6.27672], [116.3013, 6.27897], [116.30624, 6.28076], [116.30604, 6.28198], [116.30406, 6.28153], [116.30386, 6.28532], [116.30131, 6.2862], [116.30967, 6.29105], [116.31174, 6.29066], [116.31177, 6.29229], [116.31454, 6.29237], [116.31593, 6.29426], [116.37008, 6.29549]]]]}}, {"type": "Feature", "properties": {"state": "Sabah", "seat": "N.15 Kiulu", "seat_name": "Kiulu"}, "geometry": {"type": "MultiPolygon", "coordinates": [[[[116.40058, 6.15928], [116.40369, 6.15776], [116.40488, 6.15101], [116.40479, 6.14692], [116.40195, 6.1444], [116.42171, 6.14442], [116.43144, 6.14746], [116.432, 6.14982], [116.43578, 6.14319], [116.4372, 6.13629], [116.43959, 6.13469], [116.44003, 6.12015], [116.44234, 6.11318], [116.43906, 6.10903], [116.43248, 6.10643], [116.4298, 6.10114], [116.44203, 6.07551], [116.44174, 6.06796], [116.44339, 6.06398], [116.4534, 6.04593], [116.45294, 6.04319], [116.45495, 6.04404], [116.45373, 6.04103], [116.45785, 6.03737], [116.45637, 6.03238], [116.45726, 6.03005], [116.46231, 6.03139], [116.46131, 6.02844], [116.46482, 6.0279], [116.46485, 6.02537], [116.4689, 6.02222], [116.47149, 6.01729], [116.47853, 6.01392], [116.4862, 6.01479], [116.49717, 6.02263], [116.50129, 6.02023], [116.50573, 6.02071], [116.50851, 6.01823], [116.51317, 6.01779], [116.51399, 6.01628], [116.51233, 6.01365], [116.51379, 6.01127], [116.51165, 6.00552], [116.51096, 5.99434], [116.50639, 5.99133], [116.50561, 5.9891], [116.50626, 5.98387], [116.50935, 5.98072], [116.49517, 5.97145], [116.48668, 5.96037], [116.46374, 5.93716], [116.46135, 5.93409], [116.45911, 5.92435], [116.4413, 5.91732], [116.43531, 5.91614], [116.42541, 5.91731], [116.41915, 5.91295], [116.41485, 5.90768], [116.41391, 5.90466], [116.41509, 5.90133], [116.41239, 5.90144], [116.41105, 5.89122], [116.41334, 5.88958], [116.41212, 5.88829], [116.41409, 5.88819], [116.40995, 5.88568], [116.41119, 5.88345], [116.40708, 5.88119], [116.40931, 5.88026], [116.40963, 5.87834], [116.40667, 5.87532], [116.40665, 5.87035], [116.40438, 5.86695], [116.40015, 5.84661], [116.39752, 5.84516], [116.39948, 5.84351], [116.39417, 5.84066], [116.39266, 5.83681], [116.38995, 5.83736], [116.38771, 5.83389], [116.38405, 5.83219], [116.38225, 5.82703], [116.37773, 5.8228], [116.37787, 5.82064], [116.37564, 5.81836], [116.36922, 5.81625], [116.36748, 5.8142], [116.36725, 5.81634], [116.36128, 5.81446], [116.35918, 5.81494], [116.35951, 5.81604], [116.36308, 5.81803], [116.36066, 5.82073], [116.35604, 5.82306], [116.34665, 5.82153], [116.34338, 5.82461], [116.34371, 5.82797], [116.34167, 5.82957], [116.33821, 5.83012], [116.33628, 5.8278], [116.32875, 5.82846], [116.3329, 5.8335], [116.3359, 5.83415], [116.33528, 5.83616], [116.32759, 5.84056], [116.32625, 5.845], [116.31885, 5.84636], [116.31858, 5.85017], [116.31323, 5.85568], [116.31024, 5.85528], [116.30791, 5.8518], [116.30789, 5.85708], [116.30396, 5.85701], [116.30277, 5.85833], [116.29815, 5.85438], [116.29192, 5.85426], [116.28747, 5.86041], [116.28486, 5.87139], [116.28139, 5.87307], [116.28404, 5.87885], [116.28135, 5.88196], [116.28126, 5.88482], [116.28347, 5.88459], [116.28696, 5.88937], [116.28293, 5.89881], [116.28308, 5.90335], [116.27869, 5.90497], [116.27523, 5.90281], [116.26378, 5.90065], [116.26179, 5.902], [116.25806, 5.92469], [116.26585, 5.9236], [116.2696, 5.92146], [116.28079, 5.92124], [116.2835, 5.9183], [116.27985, 5.90902], [116.28148, 5.90858], [116.28572, 5.91065], [116.30611, 5.91333], [116.30814, 5.91646], [116.31715, 5.9164], [116.32069, 5.91958], [116.32851, 5.9191], [116.32956, 5.92246], [116.32788, 5.92721], [116.3252, 5.92936], [116.32625, 5.93502], [116.325, 5.94029], [116.32351, 5.94402], [116.32018, 5.94625], [116.32004, 5.94929], [116.32261, 5.95254], [116.31369, 5.95843], [116.30548, 5.96887], [116.30329, 5.96575], [116.29676, 5.96716], [116.28636, 5.96594], [116.26491, 5.96796], [116.26117, 5.97228], [116.27014, 5.97666], [116.27214, 5.9941], [116.27352, 5.9947], [116.27215, 5.99495], [116.27221, 6.01122], [116.27473, 6.01204], [116.27475, 6.01536], [116.27115, 6.01691], [116.27291, 6.01935], [116.2708, 6.02351], [116.27338, 6.02577], [116.27469, 6.03009], [116.27354, 6.03605], [116.2757, 6.04195], [116.27522, 6.04671], [116.27345, 6.04584], [116.2709, 6.0475], [116.26836, 6.04394], [116.26857, 6.04137], [116.26484, 6.04179], [116.26494, 6.03952], [116.26202, 6.04117], [116.2641, 6.03728], [116.25932, 6.03332], [116.25706, 6.03377], [116.25705, 6.03693], [116.25602, 6.03678], [116.25578, 6.03882], [116.25809, 6.04004], [116.25599, 6.04619], [116.25147, 6.04065], [116.24891, 6.04015], [116.2489, 6.03642], [116.24333, 6.04109], [116.23947, 6.04202], [116.23404, 6.03926], [116.23213, 6.04074], [116.22345, 6.04058], [116.22319, 6.03399], [116.21536, 6.03474], [116.21229, 6.03853], [116.21296, 6.04038], [116.21771, 6.04035], [116.21708, 6.04173], [116.21989, 6.04491], [116.2181, 6.04656], [116.22418, 6.05111], [116.22344, 6.05257], [116.21399, 6.05215], [116.21423, 6.05744], [116.21243, 6.05907], [116.21027, 6.06661], [116.21335, 6.07156], [116.21405, 6.07618], [116.21205, 6.08109], [116.21025, 6.08149], [116.22157, 6.08048], [116.22496, 6.08968], [116.22798, 6.09168], [116.2306, 6.09119], [116.23232, 6.09424], [116.23093, 6.09617], [116.23302, 6.09819], [116.23279, 6.10081], [116.2353, 6.09881], [116.23683, 6.10304], [116.24438, 6.10596], [116.244, 6.11029], [116.24683, 6.11071], [116.24593, 6.11566], [116.24731, 6.11843], [116.24915, 6.11958], [116.25455, 6.11731], [116.2517, 6.11236], [116.25326, 6.11173], [116.25438, 6.1159], [116.25886, 6.11522], [116.25877, 6.11892], [116.26065, 6.11923], [116.26126, 6.12364], [116.25895, 6.12434], [116.26889, 6.13205], [116.27695, 6.12961], [116.27755, 6.12414], [116.28392, 6.12309], [116.28522, 6.11687], [116.29336, 6.10854], [116.29509, 6.10766], [116.29669, 6.11158], [116.30199, 6.1109], [116.30523, 6.11702], [116.30719, 6.1258], [116.30555, 6.13314], [116.30976, 6.1423], [116.31092, 6.1497], [116.31349, 6.1502], [116.31853, 6.15781], [116.32457, 6.15846], [116.33141, 6.15336], [116.33535, 6.15407], [116.33966, 6.15805], [116.34365, 6.15928], [116.34523, 6.15642], [116.34859, 6.15628], [116.34944, 6.15497], [116.34788, 6.15466], [116.35203, 6.15291], [116.3558, 6.14848], [116.36024, 6.14824], [116.36607, 6.1506], [116.37371, 6.15009], [116.37843, 6.14796], [116.37709, 6.14452], [116.38043, 6.1431], [116.38496, 6.14576], [116.38559, 6.15029], [116.38749, 6.15172], [116.38958, 6.1472], [116.39165, 6.14645], [116.39191, 6.15219], [116.39637, 6.15797], [116.39596, 6.1594], [116.40058, 6.15928]]]]}}, {"type": "Feature", "properties": {"state": "Sabah", "seat": "N.16 Karambunai", "seat_name": "Karambunai"}, "geometry": {"type": "MultiPolygon", "coordinates": [[[[116.08037, 6.07675], [116.07836, 6.07178], [116.07964, 6.06836], [116.076, 6.065], [116.07469, 6.06072], [116.06769, 6.05835], [116.06922, 6.06833], [116.07213, 6.0715], [116.07126, 6.0743], [116.07415, 6.07376], [116.08037, 6.07675]]], [[[116.08764, 6.078], [116.08807, 6.08046], [116.08888, 6.08067], [116.08868, 6.0785], [116.08764, 6.078]]], [[[116.09514, 6.08414], [116.09344, 6.08326], [116.09229, 6.08388], [116.09376, 6.08615], [116.09562, 6.0858], [116.09514, 6.08414]]], [[[116.09681, 6.08693], [116.096, 6.087], [116.09679, 6.08794], [116.09665, 6.08739], [116.09681, 6.08693]]], [[[116.13805, 6.13747], [116.13748, 6.13553], [116.13687, 6.13737], [116.13471, 6.1367], [116.13709, 6.13539], [116.13183, 6.12893], [116.1225, 6.12473], [116.12526, 6.12487], [116.12669, 6.12282], [116.1183, 6.11719], [116.12278, 6.11692], [116.12783, 6.12134], [116.13383, 6.11842], [116.13695, 6.11042], [116.13677, 6.0969], [116.14802, 6.10056], [116.15138, 6.09766], [116.15128, 6.09689], [116.14931, 6.09702], [116.14915, 6.09635], [116.15219, 6.09609], [116.15186, 6.09751], [116.15535, 6.0998], [116.16146, 6.10189], [116.15794, 6.10468], [116.15964, 6.10403], [116.1579, 6.10704], [116.16323, 6.10832], [116.15678, 6.11485], [116.15788, 6.1232], [116.16797, 6.12139], [116.17496, 6.12599], [116.18136, 6.12641], [116.18368, 6.12535], [116.18432, 6.12174], [116.1881, 6.12056], [116.19009, 6.12437], [116.1921, 6.12411], [116.19092, 6.11291], [116.19268, 6.11266], [116.19468, 6.10404], [116.19276, 6.09775], [116.18983, 6.09576], [116.19148, 6.09274], [116.19102, 6.08956], [116.19341, 6.08776], [116.19934, 6.09438], [116.20082, 6.09213], [116.20296, 6.09371], [116.20398, 6.09177], [116.20585, 6.09192], [116.20456, 6.09107], [116.20622, 6.08631], [116.20536, 6.08398], [116.20999, 6.08447], [116.20955, 6.08174], [116.21205, 6.08109], [116.21405, 6.07618], [116.21335, 6.07156], [116.21027, 6.06661], [116.21243, 6.05907], [116.21423, 6.05744], [116.21399, 6.05215], [116.22344, 6.05257], [116.22418, 6.05111], [116.2181, 6.04656], [116.21989, 6.04491], [116.21708, 6.04173], [116.21771, 6.04035], [116.21296, 6.04037], [116.21394, 6.04417], [116.2083, 6.04872], [116.20377, 6.05657], [116.20473, 6.06036], [116.20326, 6.06585], [116.19975, 6.06614], [116.19968, 6.06139], [116.1936, 6.06092], [116.18604, 6.06319], [116.18241, 6.0664], [116.16318, 6.04646], [116.15529, 6.04318], [116.15107, 6.03926], [116.14647, 6.0421], [116.1386, 6.03437], [116.13999, 6.02517], [116.13866, 6.02338], [116.13369, 6.02271], [116.13291, 6.0209], [116.1292, 6.02519], [116.12651, 6.02382], [116.12257, 6.02944], [116.11893, 6.0243], [116.11779, 6.01884], [116.11246, 6.01288], [116.10923, 6.01484], [116.10877, 6.02455], [116.10664, 6.02596], [116.10899, 6.02721], [116.10965, 6.03238], [116.11221, 6.03544], [116.11039, 6.03869], [116.1122, 6.04186], [116.10991, 6.05119], [116.11777, 6.05918], [116.12014, 6.05795], [116.12283, 6.0595], [116.12475, 6.05771], [116.12883, 6.06136], [116.12599, 6.0621], [116.12653, 6.06381], [116.12536, 6.063], [116.11788, 6.07013], [116.11635, 6.06913], [116.11902, 6.07248], [116.11801, 6.0703], [116.12168, 6.06755], [116.12389, 6.07316], [116.12891, 6.07434], [116.1299, 6.07773], [116.12705, 6.07966], [116.12778, 6.08274], [116.12426, 6.08467], [116.12672, 6.08654], [116.13082, 6.08444], [116.13174, 6.08579], [116.12862, 6.08832], [116.12762, 6.09144], [116.12561, 6.09119], [116.12554, 6.09306], [116.12216, 6.09375], [116.12093, 6.09609], [116.11849, 6.09512], [116.11722, 6.09754], [116.11414, 6.09855], [116.11322, 6.09702], [116.11566, 6.09536], [116.11591, 6.09221], [116.1128, 6.08957], [116.11511, 6.08632], [116.11315, 6.08516], [116.11186, 6.08785], [116.10895, 6.08725], [116.11083, 6.08294], [116.10803, 6.08293], [116.10769, 6.08084], [116.10903, 6.08138], [116.10767, 6.08055], [116.10677, 6.08181], [116.10478, 6.07857], [116.10205, 6.07772], [116.10263, 6.0866], [116.09993, 6.08686], [116.09648, 6.09099], [116.09632, 6.09526], [116.09071, 6.09467], [116.08743, 6.10093], [116.08775, 6.1053], [116.08447, 6.10727], [116.08604, 6.1098], [116.09038, 6.11122], [116.09454, 6.12061], [116.0996, 6.11572], [116.10844, 6.11706], [116.11564, 6.12223], [116.13398, 6.14054], [116.13805, 6.13747]]]]}}, {"type": "Feature", "properties": {"state": "Sabah", "seat": "N.17 Darau", "seat_name": "Darau"}, "geometry": {"type": "MultiPolygon", "coordinates": [[[[116.16084, 6.03985], [116.15473, 6.02451], [116.15404, 6.02653], [116.14889, 6.02827], [116.15312, 6.02298], [116.14742, 6.01681], [116.1456, 6.01223], [116.13914, 6.0128], [116.1371, 6.01486], [116.13482, 6.00828], [116.13053, 6.00233], [116.12115, 5.99687], [116.11875, 5.99253], [116.12654, 5.99165], [116.1256, 5.98993], [116.11903, 5.98853], [116.11573, 5.99249], [116.11298, 5.99063], [116.11108, 5.99413], [116.10903, 5.99334], [116.10983, 5.99195], [116.10499, 5.9966], [116.10952, 6.00206], [116.11072, 6.01155], [116.11721, 6.01793], [116.12208, 6.02922], [116.12651, 6.02382], [116.1292, 6.02519], [116.13331, 6.02084], [116.1336, 6.02267], [116.13778, 6.0229], [116.13983, 6.02469], [116.1386, 6.03437], [116.14647, 6.0421], [116.15107, 6.03926], [116.15529, 6.04318], [116.16191, 6.04586], [116.16084, 6.03985]]]]}}, {"type": "Feature", "properties": {"state": "Sabah", "seat": "N.18 Inanam", "seat_name": "Inanam"}, "geometry": {"type": "MultiPolygon", "coordinates": [[[[116.18459, 6.06464], [116.1936, 6.06092], [116.19934, 6.06126], [116.19975, 6.06614], [116.20326, 6.06585], [116.20473, 6.06036], [116.20377, 6.05657], [116.2083, 6.04872], [116.21394, 6.04417], [116.21246, 6.03814], [116.21512, 6.03489], [116.21862, 6.03389], [116.22319, 6.03399], [116.22345, 6.04058], [116.23213, 6.04074], [116.23404, 6.03926], [116.23947, 6.04202], [116.24333, 6.04109], [116.2489, 6.03642], [116.24891, 6.04015], [116.25147, 6.04065], [116.25599, 6.04619], [116.25809, 6.04004], [116.25578, 6.03882], [116.25602, 6.03678], [116.25705, 6.03693], [116.25706, 6.03377], [116.25932, 6.03332], [116.2641, 6.03728], [116.26202, 6.04117], [116.26494, 6.03952], [116.26484, 6.04179], [116.26857, 6.04137], [116.26836, 6.04394], [116.2709, 6.0475], [116.27345, 6.04584], [116.27522, 6.04671], [116.2757, 6.04195], [116.27354, 6.03605], [116.27469, 6.03009], [116.27338, 6.02577], [116.2708, 6.02351], [116.27291, 6.01935], [116.27115, 6.01691], [116.27475, 6.01536], [116.27473, 6.01204], [116.27221, 6.01122], [116.27215, 5.99495], [116.27352, 5.9947], [116.27214, 5.9941], [116.27014, 5.97666], [116.26117, 5.97228], [116.26491, 5.96796], [116.27618, 5.96646], [116.29676, 5.96716], [116.30329, 5.96575], [116.30548, 5.96887], [116.30745, 5.96766], [116.31369, 5.95843], [116.32261, 5.95254], [116.32004, 5.94929], [116.32018, 5.94625], [116.32351, 5.94402], [116.325, 5.94029], [116.32625, 5.93502], [116.3252, 5.92936], [116.32788, 5.92721], [116.32956, 5.92246], [116.32851, 5.9191], [116.32069, 5.91958], [116.31715, 5.9164], [116.30814, 5.91646], [116.30611, 5.91333], [116.28572, 5.91065], [116.28148, 5.90858], [116.27985, 5.90902], [116.2835, 5.9183], [116.28079, 5.92124], [116.2696, 5.92146], [116.26585, 5.9236], [116.25753, 5.92426], [116.25101, 5.93794], [116.24922, 5.93837], [116.25038, 5.94188], [116.24224, 5.94798], [116.21482, 5.94836], [116.21601, 5.9426], [116.21021, 5.93958], [116.20119, 5.94452], [116.19477, 5.94411], [116.19262, 5.94242], [116.19213, 5.94377], [116.18122, 5.94522], [116.17739, 5.94775], [116.17717, 5.94975], [116.17318, 5.94902], [116.17143, 5.95042], [116.16833, 5.94429], [116.16364, 5.94447], [116.15445, 5.94968], [116.14978, 5.95021], [116.14996, 5.94432], [116.14595, 5.94278], [116.13493, 5.94689], [116.13431, 5.95141], [116.1256, 5.9523], [116.12296, 5.95644], [116.11711, 5.95123], [116.11424, 5.94366], [116.11035, 5.94264], [116.10608, 5.95047], [116.09855, 5.95327], [116.09687, 5.95103], [116.09294, 5.95338], [116.09907, 5.96405], [116.10311, 5.9663], [116.10135, 5.9668], [116.1019, 5.9713], [116.10718, 5.97195], [116.11145, 5.9757], [116.1138, 5.97445], [116.11769, 5.98971], [116.11903, 5.98853], [116.1256, 5.98993], [116.12654, 5.99165], [116.11875, 5.99253], [116.1224, 5.99857], [116.13053, 6.00233], [116.13482, 6.00828], [116.1371, 6.01486], [116.13914, 6.0128], [116.1456, 6.01223], [116.14742, 6.01681], [116.15312, 6.02298], [116.14889, 6.02827], [116.15404, 6.02653], [116.15473, 6.02451], [116.1559, 6.02569], [116.16191, 6.04586], [116.18241, 6.0664], [116.18459, 6.06464]]]]}}, {"type": "Feature", "properties": {"state": "Sabah", "seat": "N.19 Likas", "seat_name": "Likas"}, "geometry": {"type": "MultiPolygon", "coordinates": [[[[116.09011, 5.99756], [116.09248, 5.99358], [116.09601, 5.99236], [116.09985, 5.99221], [116.10499, 5.9966], [116.10983, 5.99195], [116.10974, 5.99445], [116.11298, 5.99063], [116.11573, 5.99249], [116.11804, 5.9906], [116.1138, 5.97445], [116.11145, 5.9757], [116.10718, 5.97195], [116.1019, 5.9713], [116.10135, 5.9668], [116.10311, 5.9663], [116.09907, 5.96405], [116.09647, 5.95844], [116.09335, 5.96095], [116.09427, 5.9638], [116.09278, 5.96476], [116.09223, 5.96187], [116.08938, 5.96401], [116.08791, 5.96969], [116.08472, 5.97061], [116.08425, 5.96824], [116.08275, 5.96846], [116.0845, 5.97391], [116.08341, 5.97698], [116.07801, 5.97595], [116.07891, 5.97686], [116.07705, 5.97885], [116.07799, 5.98057], [116.07669, 5.98285], [116.07534, 5.98219], [116.07311, 5.98402], [116.07608, 5.98852], [116.07893, 5.98888], [116.07898, 5.99254], [116.08164, 5.99432], [116.07917, 5.99535], [116.08056, 5.99825], [116.08224, 5.99532], [116.08769, 5.99849], [116.09011, 5.99756]]]]}}, {"type": "Feature", "properties": {"state": "Sabah", "seat": "N.20 Api-Api", "seat_name": "Api-Api"}, "geometry": {"type": "MultiPolygon", "coordinates": [[[[116.07485, 5.9824], [116.07591, 5.98326], [116.07787, 5.98088], [116.07801, 5.97595], [116.08341, 5.97698], [116.0845, 5.97392], [116.08342, 5.96777], [116.08608, 5.97074], [116.08842, 5.96893], [116.08822, 5.96589], [116.09006, 5.96326], [116.09223, 5.96187], [116.09278, 5.96476], [116.09427, 5.9638], [116.09347, 5.95853], [116.08879, 5.9577], [116.08176, 5.96506], [116.08005, 5.96305], [116.07819, 5.96379], [116.07869, 5.95726], [116.07686, 5.95627], [116.07145, 5.95832], [116.06902, 5.96303], [116.07093, 5.96648], [116.07051, 5.96927], [116.06568, 5.97229], [116.07238, 5.98383], [116.07485, 5.9824]]]]}}, {"type": "Feature", "properties": {"state": "Sabah", "seat": "N.21 Luyang", "seat_name": "Luyang"}, "geometry": {"type": "MultiPolygon", "coordinates": [[[[116.0827, 5.96457], [116.08879, 5.9577], [116.09347, 5.95853], [116.09416, 5.95999], [116.09647, 5.95844], [116.09294, 5.95338], [116.09687, 5.95103], [116.09734, 5.95265], [116.0989, 5.95311], [116.09865, 5.94923], [116.09435, 5.94325], [116.09472, 5.93893], [116.09228, 5.9348], [116.08801, 5.93642], [116.08774, 5.93454], [116.08531, 5.93335], [116.08259, 5.94271], [116.07546, 5.93786], [116.07425, 5.93928], [116.06592, 5.94023], [116.06375, 5.93805], [116.0641, 5.9338], [116.06036, 5.93353], [116.05662, 5.93593], [116.06023, 5.9403], [116.05921, 5.94333], [116.05603, 5.94105], [116.05784, 5.94915], [116.0614, 5.95293], [116.06046, 5.95475], [116.06963, 5.96088], [116.07145, 5.95832], [116.07688, 5.95627], [116.07924, 5.9578], [116.07834, 5.96408], [116.07977, 5.96298], [116.0827, 5.96457]]]]}}, {"type": "Feature", "properties": {"state": "Sabah", "seat": "N.22 Tanjung Aru", "seat_name": "Tanjung Aru"}, "geometry": {"type": "MultiPolygon", "coordinates": [[[[115.99306, 5.9616], [115.99587, 5.9594], [115.99361, 5.9577], [115.9922, 5.95785], [115.99148, 5.96073], [115.99306, 5.9616]]], [[[116.01332, 5.96501], [116.01272, 5.96598], [116.01354, 5.96814], [116.01497, 5.96652], [116.01332, 5.96501]]], [[[116.00252, 5.97743], [116.00855, 5.97523], [115.99993, 5.97413], [115.99529, 5.97063], [115.99668, 5.97508], [115.99955, 5.97741], [116.00252, 5.97743]]], [[[116.06015, 5.97898], [116.06422, 5.97793], [116.06507, 5.97174], [116.07051, 5.96927], [116.07093, 5.96648], [116.06899, 5.9635], [116.06992, 5.96162], [116.06734, 5.95829], [116.06046, 5.95475], [116.0614, 5.95293], [116.05784, 5.94915], [116.05065, 5.93017], [116.05304, 5.92416], [116.05275, 5.91598], [116.04907, 5.91647], [116.04403, 5.91226], [116.03993, 5.91595], [116.04613, 5.93051], [116.0463, 5.94332], [116.04498, 5.94929], [116.0403, 5.95528], [116.04073, 5.95763], [116.04418, 5.95676], [116.04537, 5.95479], [116.05231, 5.95997], [116.05505, 5.9596], [116.05583, 5.9579], [116.05792, 5.95838], [116.05224, 5.9634], [116.0553, 5.96639], [116.05863, 5.97833], [116.06015, 5.97898]]], [[[116.00875, 6.00816], [116.005, 6.00681], [116.0043, 6.01157], [116.0073, 6.01111], [116.00875, 6.00816]]], [[[116.01686, 6.0388], [116.01803, 6.02866], [116.02182, 6.02789], [116.02743, 6.03426], [116.02787, 6.02892], [116.03105, 6.02709], [116.02881, 6.02517], [116.02974, 6.02403], [116.03991, 6.02646], [116.04282, 6.03159], [116.05049, 6.03163], [116.05135, 6.02475], [116.04815, 6.0209], [116.04841, 6.0181], [116.04581, 6.01366], [116.04671, 6.01223], [116.04757, 6.01397], [116.04931, 6.01431], [116.04977, 6.01269], [116.05157, 6.01407], [116.05237, 6.01236], [116.05028, 6.01125], [116.05111, 6.00822], [116.05481, 6.00658], [116.0583, 6.00807], [116.05981, 6.01392], [116.06345, 6.01748], [116.06386, 6.00907], [116.06137, 6.00409], [116.06155, 6.001], [116.06769, 5.99932], [116.0674, 5.99571], [116.06581, 5.99452], [116.06445, 5.99681], [116.06401, 5.99545], [116.06105, 5.99587], [116.05883, 5.99831], [116.0563, 5.99836], [116.05606, 6.00092], [116.0503, 6.00244], [116.04744, 5.99757], [116.0409, 5.99163], [116.03758, 5.99475], [116.03723, 5.99959], [116.03904, 6.00123], [116.03883, 6.00356], [116.0356, 6.00577], [116.03495, 6.00912], [116.03267, 6.00836], [116.03145, 6.01282], [116.02885, 6.01255], [116.02567, 6.00947], [116.02445, 6.00567], [116.02222, 6.01091], [116.01933, 6.01029], [116.01715, 6.01401], [116.01491, 6.01043], [116.00835, 6.01229], [116.0049, 6.02442], [116.00627, 6.03048], [116.01123, 6.04175], [116.01418, 6.04404], [116.01756, 6.04241], [116.01686, 6.0388]]], [[[115.60432, 6.21152], [115.60886, 6.20004], [115.60414, 6.19109], [115.59335, 6.18724], [115.59014, 6.18877], [115.58417, 6.20439], [115.59102, 6.20962], [115.59415, 6.20946], [115.59753, 6.21163], [115.60432, 6.21152]]]]}}, {"type": "Feature", "properties": {"state": "Sabah", "seat": "N.23 Petagas", "seat_name": "Petagas"}, "geometry": {"type": "MultiPolygon", "coordinates": [[[[116.05799, 5.91595], [116.06045, 5.91547], [116.06261, 5.91196], [116.0694, 5.91016], [116.06983, 5.90807], [116.06845, 5.90675], [116.06692, 5.90773], [116.0594, 5.90038], [116.06577, 5.89918], [116.06534, 5.89746], [116.0681, 5.89638], [116.06888, 5.89376], [116.07046, 5.89539], [116.07249, 5.89236], [116.06963, 5.89255], [116.0728, 5.89143], [116.07041, 5.89141], [116.07077, 5.88972], [116.07772, 5.88324], [116.07863, 5.87834], [116.07475, 5.8704], [116.07969, 5.86816], [116.07667, 5.85787], [116.07803, 5.85365], [116.07624, 5.85256], [116.07154, 5.85246], [116.06871, 5.85496], [116.0663, 5.85412], [116.06632, 5.85253], [116.06406, 5.8535], [116.06286, 5.85653], [116.06041, 5.85735], [116.06229, 5.85907], [116.06035, 5.86268], [116.05193, 5.86742], [116.06087, 5.86818], [116.06203, 5.87117], [116.0565, 5.87542], [116.05135, 5.87538], [116.04838, 5.89149], [116.0455, 5.89136], [116.04424, 5.89502], [116.046, 5.89945], [116.04881, 5.90004], [116.04935, 5.91351], [116.05075, 5.91317], [116.05275, 5.91598], [116.05799, 5.91595]]]]}}, {"type": "Feature", "properties": {"state": "Sabah", "seat": "N.24 Tanjung Keramat", "seat_name": "Tanjung Keramat"}, "geometry": {"type": "MultiPolygon", "coordinates": [[[[116.04802, 5.87371], [116.04899, 5.87345], [116.0455, 5.86979], [116.04697, 5.87349], [116.04802, 5.87371]]], [[[116.05468, 5.87493], [116.0565, 5.87542], [116.0611, 5.87267], [116.061, 5.86829], [116.05193, 5.86742], [116.06035, 5.86268], [116.06229, 5.85907], [116.06041, 5.85735], [116.06286, 5.85653], [116.06512, 5.85244], [116.05704, 5.84095], [116.04931, 5.83996], [116.04679, 5.82803], [116.04229, 5.82599], [116.03683, 5.83114], [116.03527, 5.83047], [116.03508, 5.83366], [116.0317, 5.83575], [116.04004, 5.84695], [116.04387, 5.84656], [116.04125, 5.8633], [116.04213, 5.86758], [116.04386, 5.86795], [116.04201, 5.86219], [116.04337, 5.86061], [116.0476, 5.86929], [116.04997, 5.86993], [116.05135, 5.87538], [116.05468, 5.87493]]], [[[116.04761, 5.87473], [116.04631, 5.87659], [116.04604, 5.87905], [116.04852, 5.87608], [116.04761, 5.87473]]], [[[116.0515, 5.91419], [116.04953, 5.91376], [116.04844, 5.91051], [116.04979, 5.91041], [116.04881, 5.90004], [116.046, 5.89945], [116.04424, 5.89502], [116.0455, 5.89136], [116.04838, 5.89149], [116.05069, 5.87788], [116.04962, 5.87976], [116.04673, 5.87929], [116.04677, 5.8811], [116.04479, 5.8799], [116.04286, 5.88098], [116.04303, 5.88505], [116.03936, 5.8938], [116.03225, 5.89502], [116.03353, 5.89966], [116.03687, 5.90238], [116.04042, 5.90945], [116.04907, 5.91647], [116.05275, 5.91598], [116.0515, 5.91419]]]]}}, {"type": "Feature", "properties": {"state": "Sabah", "seat": "N.25 Kapayan", "seat_name": "Kapayan"}, "geometry": {"type": "MultiPolygon", "coordinates": [[[[116.10969, 5.9439], [116.10892, 5.93258], [116.10623, 5.93007], [116.1063, 5.92557], [116.10444, 5.92342], [116.10936, 5.92037], [116.1091, 5.91688], [116.10708, 5.91766], [116.10317, 5.918], [116.10278, 5.91763], [116.10994, 5.91555], [116.11013, 5.91399], [116.10601, 5.91407], [116.10512, 5.91143], [116.1009, 5.91005], [116.10113, 5.9086], [116.09604, 5.90676], [116.09567, 5.90814], [116.08393, 5.91374], [116.07676, 5.923], [116.07022, 5.9167], [116.0673, 5.91003], [116.06233, 5.91214], [116.05997, 5.9158], [116.05275, 5.91598], [116.05304, 5.92416], [116.05065, 5.93017], [116.05612, 5.94294], [116.05603, 5.94105], [116.05736, 5.94078], [116.05737, 5.94226], [116.05971, 5.943], [116.06023, 5.9403], [116.05662, 5.93593], [116.0606, 5.93351], [116.0641, 5.9338], [116.06375, 5.93805], [116.06592, 5.94023], [116.07425, 5.93928], [116.07546, 5.93786], [116.08259, 5.94271], [116.08531, 5.93335], [116.08774, 5.93454], [116.08801, 5.93642], [116.09242, 5.935], [116.09472, 5.93893], [116.09435, 5.94325], [116.09865, 5.94923], [116.09844, 5.95295], [116.10608, 5.95047], [116.10969, 5.9439]]]]}}, {"type": "Feature", "properties": {"state": "Sabah", "seat": "N.26 Moyog", "seat_name": "Moyog"}, "geometry": {"type": "MultiPolygon", "coordinates": [[[[116.12376, 5.95577], [116.1256, 5.9523], [116.13431, 5.95141], [116.13493, 5.94689], [116.14595, 5.94278], [116.14996, 5.94432], [116.14978, 5.95021], [116.15445, 5.94968], [116.16364, 5.94447], [116.16833, 5.94429], [116.17143, 5.95042], [116.17318, 5.94902], [116.17717, 5.94975], [116.17739, 5.94775], [116.18122, 5.94522], [116.19213, 5.94377], [116.19262, 5.94242], [116.19477, 5.94411], [116.20119, 5.94452], [116.21021, 5.93958], [116.21601, 5.9426], [116.21482, 5.94836], [116.24224, 5.94798], [116.24746, 5.94519], [116.25038, 5.94188], [116.24922, 5.93837], [116.25101, 5.93794], [116.25994, 5.91864], [116.26025, 5.90642], [116.26179, 5.902], [116.26378, 5.90065], [116.27523, 5.90281], [116.27869, 5.90497], [116.28308, 5.90335], [116.28293, 5.89881], [116.28696, 5.88937], [116.28347, 5.88459], [116.28126, 5.88482], [116.28135, 5.88196], [116.28404, 5.87885], [116.28139, 5.87307], [116.28486, 5.87139], [116.28747, 5.86041], [116.29192, 5.85426], [116.29815, 5.85438], [116.30277, 5.85833], [116.30396, 5.85701], [116.30789, 5.85708], [116.30791, 5.8518], [116.31024, 5.85528], [116.31323, 5.85568], [116.31858, 5.85017], [116.31885, 5.84636], [116.32625, 5.845], [116.32759, 5.84056], [116.33528, 5.83616], [116.3359, 5.83415], [116.3329, 5.8335], [116.3287, 5.82901], [116.33708, 5.8273], [116.33754, 5.82231], [116.33573, 5.82015], [116.33948, 5.81751], [116.33698, 5.8086], [116.33794, 5.80661], [116.33394, 5.80192], [116.33549, 5.79817], [116.33474, 5.79087], [116.34216, 5.78403], [116.34051, 5.78243], [116.34117, 5.77879], [116.34318, 5.77726], [116.34209, 5.77508], [116.34938, 5.7723], [116.35015, 5.77062], [116.33816, 5.76583], [116.33253, 5.76855], [116.31971, 5.75952], [116.29946, 5.75183], [116.29363, 5.74815], [116.28736, 5.735], [116.25776, 5.73448], [116.25072, 5.74147], [116.24068, 5.74425], [116.23896, 5.74258], [116.22296, 5.7427], [116.22126, 5.74056], [116.2173, 5.74305], [116.21832, 5.74513], [116.21466, 5.74724], [116.21492, 5.74958], [116.21109, 5.75272], [116.21089, 5.75532], [116.20699, 5.75642], [116.20527, 5.76174], [116.20264, 5.76306], [116.20366, 5.76526], [116.20066, 5.7658], [116.20049, 5.76838], [116.19707, 5.77133], [116.19166, 5.76909], [116.19028, 5.77506], [116.1853, 5.77927], [116.18088, 5.7781], [116.17885, 5.78214], [116.16956, 5.7827], [116.16853, 5.78448], [116.1656, 5.78325], [116.1655, 5.78615], [116.16122, 5.78857], [116.15525, 5.79636], [116.14667, 5.79505], [116.14709, 5.79214], [116.14283, 5.79256], [116.14008, 5.79465], [116.13963, 5.79043], [116.13687, 5.79038], [116.13673, 5.7878], [116.13101, 5.79062], [116.12855, 5.78846], [116.12894, 5.78383], [116.12655, 5.78381], [116.12415, 5.79118], [116.12665, 5.80258], [116.13021, 5.80894], [116.13211, 5.80861], [116.13483, 5.8123], [116.13423, 5.81479], [116.11879, 5.81855], [116.11792, 5.81661], [116.11371, 5.81597], [116.11133, 5.81858], [116.10476, 5.8194], [116.0715, 5.83387], [116.06314, 5.83458], [116.06189, 5.83298], [116.06012, 5.8378], [116.05668, 5.84081], [116.0663, 5.85412], [116.06871, 5.85496], [116.07154, 5.85246], [116.07803, 5.85365], [116.07667, 5.85787], [116.07969, 5.86816], [116.07475, 5.8704], [116.07863, 5.87834], [116.0766, 5.88513], [116.07077, 5.88972], [116.07041, 5.89141], [116.07269, 5.89164], [116.06963, 5.89255], [116.07245, 5.893], [116.07028, 5.89552], [116.06888, 5.89376], [116.0681, 5.89638], [116.06534, 5.89746], [116.06577, 5.89918], [116.06134, 5.89934], [116.05945, 5.90142], [116.06706, 5.90783], [116.06845, 5.90675], [116.06983, 5.90807], [116.06747, 5.91094], [116.07022, 5.9167], [116.07331, 5.91841], [116.07573, 5.92276], [116.08393, 5.91374], [116.09567, 5.90814], [116.09604, 5.90676], [116.10512, 5.91143], [116.10601, 5.91407], [116.11013, 5.91399], [116.10994, 5.91555], [116.10278, 5.91763], [116.1091, 5.91688], [116.10936, 5.92037], [116.10444, 5.92342], [116.1063, 5.92557], [116.10623, 5.93007], [116.10892, 5.93258], [116.1111, 5.94384], [116.11424, 5.94366], [116.11711, 5.95123], [116.12154, 5.95548], [116.12376, 5.95577]]]]}}, {"type": "Feature", "properties": {"state": "Sabah", "seat": "N.27 Limbahau", "seat_name": "Limbahau"}, "geometry": {"type": "MultiPolygon", "coordinates": [[[[116.05757, 5.84009], [116.06189, 5.83298], [116.06314, 5.83458], [116.0715, 5.83387], [116.10476, 5.8194], [116.11133, 5.81858], [116.11371, 5.81597], [116.11792, 5.81661], [116.11879, 5.81855], [116.13423, 5.81479], [116.13483, 5.8123], [116.13211, 5.80861], [116.13021, 5.80894], [116.12665, 5.80258], [116.12415, 5.79118], [116.12673, 5.78372], [116.12894, 5.78383], [116.12833, 5.78773], [116.1306, 5.79044], [116.13434, 5.78983], [116.13642, 5.7877], [116.13687, 5.79038], [116.13963, 5.79043], [116.14008, 5.79465], [116.14283, 5.79256], [116.14709, 5.79214], [116.14667, 5.79505], [116.15519, 5.79638], [116.16122, 5.78857], [116.1655, 5.78615], [116.1656, 5.78325], [116.16853, 5.78448], [116.16956, 5.7827], [116.17885, 5.78214], [116.18088, 5.7781], [116.1853, 5.77927], [116.19028, 5.77506], [116.19166, 5.76909], [116.19707, 5.77133], [116.20049, 5.76838], [116.20066, 5.7658], [116.20366, 5.76526], [116.20264, 5.76306], [116.20527, 5.76174], [116.20699, 5.75642], [116.21089, 5.75532], [116.21109, 5.75272], [116.21492, 5.74958], [116.21466, 5.74724], [116.21832, 5.74513], [116.2173, 5.74305], [116.2211, 5.74062], [116.22296, 5.7427], [116.23896, 5.74258], [116.24068, 5.74425], [116.25072, 5.74147], [116.25776, 5.73448], [116.26967, 5.73557], [116.28736, 5.735], [116.28768, 5.73368], [116.28066, 5.72052], [116.276, 5.71542], [116.27046, 5.71254], [116.26098, 5.71109], [116.25887, 5.70845], [116.25885, 5.70048], [116.25512, 5.69601], [116.25342, 5.6879], [116.24855, 5.68694], [116.24622, 5.68283], [116.24342, 5.685], [116.23632, 5.68313], [116.22952, 5.67788], [116.23238, 5.67639], [116.23255, 5.67034], [116.22233, 5.66793], [116.22089, 5.67222], [116.21481, 5.67249], [116.20144, 5.69022], [116.19355, 5.69653], [116.19095, 5.69656], [116.18714, 5.69065], [116.18895, 5.68298], [116.18752, 5.68026], [116.18799, 5.67212], [116.18507, 5.6661], [116.18592, 5.66236], [116.18437, 5.66251], [116.18393, 5.64988], [116.18082, 5.6447], [116.18149, 5.62992], [116.17949, 5.62697], [116.17136, 5.62512], [116.15539, 5.62536], [116.15271, 5.62292], [116.14598, 5.62209], [116.13884, 5.61607], [116.13297, 5.61609], [116.12398, 5.61209], [116.11239, 5.61137], [116.10932, 5.60392], [116.10043, 5.59705], [116.10255, 5.58731], [116.10188, 5.58172], [116.09922, 5.57827], [116.08768, 5.57533], [116.07674, 5.57014], [116.07148, 5.57907], [116.06542, 5.60078], [116.06155, 5.60686], [116.05979, 5.61903], [116.05332, 5.62844], [116.05329, 5.63355], [116.05103, 5.63428], [116.05104, 5.63625], [116.05466, 5.63972], [116.05314, 5.6411], [116.05341, 5.64593], [116.05035, 5.65022], [116.05025, 5.65355], [116.05275, 5.65576], [116.05126, 5.65911], [116.04516, 5.65917], [116.04178, 5.66216], [116.04303, 5.66991], [116.04014, 5.67], [116.03967, 5.67232], [116.03668, 5.67412], [116.03273, 5.67456], [116.03225, 5.67804], [116.0342, 5.68064], [116.03318, 5.68247], [116.02742, 5.68349], [116.02874, 5.68676], [116.02413, 5.68807], [116.02224, 5.69254], [116.01839, 5.69597], [116.01438, 5.69485], [116.0122, 5.69672], [116.01175, 5.69422], [116.01741, 5.68959], [116.01151, 5.68548], [116.00964, 5.6821], [116.0057, 5.68202], [116.00399, 5.68498], [116.00049, 5.68474], [115.99142, 5.68883], [115.98607, 5.68793], [115.9877, 5.694], [115.98379, 5.69411], [115.97539, 5.69369], [115.97539, 5.68931], [115.97073, 5.68776], [115.97005, 5.68399], [115.96865, 5.68395], [115.96873, 5.67815], [115.96627, 5.68198], [115.96317, 5.68242], [115.9621, 5.68059], [115.96024, 5.68231], [115.95633, 5.68171], [115.95375, 5.685], [115.9524, 5.68246], [115.95132, 5.68828], [115.94692, 5.69223], [115.94281, 5.69154], [115.93885, 5.68837], [115.93928, 5.68329], [115.93694, 5.68077], [115.93419, 5.68901], [115.93429, 5.69888], [115.93201, 5.71191], [115.935, 5.71893], [115.93288, 5.72096], [115.9346, 5.72368], [115.93237, 5.72695], [115.93463, 5.72761], [115.93415, 5.72961], [115.93669, 5.73204], [115.93367, 5.73181], [115.9334, 5.73319], [115.93972, 5.73476], [115.93645, 5.74225], [115.93931, 5.74023], [115.94815, 5.74832], [115.94925, 5.74673], [115.95077, 5.74796], [115.95087, 5.75079], [115.95525, 5.74907], [115.95908, 5.75022], [115.95928, 5.74789], [115.96164, 5.74719], [115.97054, 5.75256], [115.97202, 5.75159], [115.97153, 5.74332], [115.98105, 5.74142], [115.98805, 5.74822], [115.98807, 5.75084], [115.99017, 5.75104], [115.99286, 5.74754], [115.99713, 5.74909], [116.00028, 5.75456], [116.00961, 5.76122], [116.01989, 5.76214], [116.02994, 5.76032], [116.02894, 5.76622], [116.03076, 5.76995], [116.03637, 5.77275], [116.03634, 5.77791], [116.03444, 5.78391], [116.03063, 5.78204], [116.02808, 5.7885], [116.03084, 5.7913], [116.03688, 5.80932], [116.03999, 5.8135], [116.04574, 5.81566], [116.04579, 5.82068], [116.04988, 5.82453], [116.05011, 5.82567], [116.04627, 5.82653], [116.04931, 5.83996], [116.05757, 5.84009]]]]}}, {"type": "Feature", "properties": {"state": "Sabah", "seat": "N.28 Kawang", "seat_name": "Kawang"}, "geometry": {"type": "MultiPolygon", "coordinates": [[[[116.03574, 5.8304], [116.03811, 5.83029], [116.04229, 5.82599], [116.04679, 5.82803], [116.04627, 5.82653], [116.0501, 5.82554], [116.04579, 5.82068], [116.04574, 5.81566], [116.03999, 5.8135], [116.03688, 5.80932], [116.03084, 5.7913], [116.02808, 5.7885], [116.03063, 5.78204], [116.03444, 5.78391], [116.03634, 5.77791], [116.03637, 5.77275], [116.03076, 5.76995], [116.02894, 5.76622], [116.02994, 5.76032], [116.01989, 5.76214], [116.00961, 5.76122], [116.00028, 5.75456], [115.99713, 5.74909], [115.99286, 5.74754], [115.99017, 5.75104], [115.98807, 5.75084], [115.98805, 5.74822], [115.98105, 5.74142], [115.97153, 5.74332], [115.97202, 5.75159], [115.97039, 5.75258], [115.96164, 5.74719], [115.95928, 5.74789], [115.95908, 5.75022], [115.95525, 5.74907], [115.95087, 5.75079], [115.95077, 5.74796], [115.94925, 5.74673], [115.94815, 5.74832], [115.93918, 5.74018], [115.93737, 5.74358], [115.93275, 5.74464], [115.93082, 5.75113], [115.925, 5.75948], [115.94459, 5.76685], [115.94963, 5.76668], [115.95507, 5.77053], [115.95134, 5.77035], [115.94929, 5.7681], [115.94846, 5.76904], [115.97072, 5.78119], [115.97298, 5.7857], [115.975, 5.78621], [115.97683, 5.78339], [115.9817, 5.78621], [115.99118, 5.79395], [115.99326, 5.79809], [115.99593, 5.79857], [116.00363, 5.8048], [116.00578, 5.81046], [116.00517, 5.81418], [116.01075, 5.82443], [116.01421, 5.82323], [116.01515, 5.82559], [116.02106, 5.82598], [116.03467, 5.83118], [116.03574, 5.8304]]], [[[116.01347, 5.83963], [116.01473, 5.83679], [116.01306, 5.83615], [116.01123, 5.8378], [116.01347, 5.83963]]], [[[115.99249, 5.8453], [115.99003, 5.84289], [115.98818, 5.84265], [115.9899, 5.84364], [115.98863, 5.84694], [115.99152, 5.85255], [115.99325, 5.85096], [115.99154, 5.84975], [115.99355, 5.84614], [115.99249, 5.8453]]]]}}, {"type": "Feature", "properties": {"state": "Sabah", "seat": "N.29 Pantai Manis", "seat_name": "Pantai Manis"}, "geometry": {"type": "MultiPolygon", "coordinates": [[[[115.9299, 5.7519], [115.93309, 5.74658], [115.93275, 5.74464], [115.93792, 5.74292], [115.93645, 5.74224], [115.93972, 5.73476], [115.9334, 5.73319], [115.93367, 5.73181], [115.93669, 5.73204], [115.93415, 5.72961], [115.93463, 5.72761], [115.93237, 5.72695], [115.9346, 5.72368], [115.93288, 5.72096], [115.935, 5.71894], [115.93201, 5.71191], [115.93429, 5.69888], [115.93419, 5.68901], [115.9372, 5.68052], [115.93155, 5.68326], [115.92846, 5.68711], [115.9285, 5.67953], [115.92554, 5.67674], [115.92081, 5.67672], [115.91789, 5.67301], [115.91155, 5.65511], [115.89029, 5.64655], [115.88701, 5.64331], [115.88824, 5.65238], [115.89328, 5.66506], [115.89312, 5.67224], [115.89573, 5.68301], [115.89725, 5.70902], [115.89533, 5.72851], [115.89818, 5.73991], [115.90423, 5.75064], [115.91221, 5.75565], [115.925, 5.75948], [115.9299, 5.7519]]]]}}, {"type": "Feature", "properties": {"state": "Sabah", "seat": "N.30 Bongawan", "seat_name": "Bongawan"}, "geometry": {"type": "MultiPolygon", "coordinates": [[[[116.01447, 5.69484], [116.01839, 5.69597], [116.02224, 5.69254], [116.02413, 5.68807], [116.02874, 5.68676], [116.02742, 5.68349], [116.03318, 5.68247], [116.0342, 5.68064], [116.03225, 5.67804], [116.03273, 5.67456], [116.03668, 5.67412], [116.03967, 5.67232], [116.04014, 5.67], [116.04303, 5.66991], [116.04178, 5.66216], [116.04516, 5.65917], [116.05126, 5.65911], [116.05275, 5.65576], [116.05025, 5.65355], [116.05035, 5.65022], [116.05341, 5.64593], [116.05314, 5.6411], [116.05466, 5.63972], [116.05104, 5.63625], [116.05103, 5.63428], [116.05329, 5.63355], [116.05332, 5.62844], [116.05979, 5.61903], [116.06155, 5.60686], [116.06542, 5.60078], [116.07148, 5.57907], [116.07674, 5.57014], [116.07231, 5.54986], [116.06259, 5.534], [116.06289, 5.5232], [116.06664, 5.51765], [116.07051, 5.51639], [116.07615, 5.51044], [116.075, 5.5004], [116.0672, 5.49401], [116.06415, 5.47353], [116.05969, 5.46731], [116.04947, 5.46576], [116.04528, 5.45961], [116.03877, 5.4565], [116.0347, 5.45634], [116.03035, 5.45912], [116.02857, 5.45651], [116.02865, 5.45143], [116.02347, 5.44431], [116.02034, 5.44286], [116.00585, 5.44742], [115.99764, 5.44433], [115.99298, 5.43858], [115.99331, 5.41555], [115.99819, 5.39438], [115.98987, 5.38275], [115.98711, 5.3751], [115.98268, 5.36878], [115.97095, 5.3671], [115.95069, 5.38345], [115.94667, 5.39268], [115.92627, 5.40244], [115.92366, 5.40806], [115.91816, 5.41034], [115.89927, 5.41051], [115.89691, 5.40601], [115.8954, 5.40607], [115.89129, 5.40759], [115.89075, 5.41025], [115.88919, 5.41073], [115.89346, 5.41072], [115.89445, 5.41199], [115.89379, 5.41546], [115.89149, 5.41723], [115.88692, 5.41768], [115.88351, 5.42038], [115.87679, 5.41895], [115.87546, 5.42004], [115.87654, 5.42485], [115.87264, 5.42556], [115.87106, 5.42932], [115.87184, 5.43325], [115.86973, 5.43351], [115.8678, 5.4371], [115.86427, 5.43755], [115.86238, 5.44109], [115.8579, 5.44016], [115.86097, 5.44372], [115.8595, 5.44827], [115.86061, 5.45049], [115.85501, 5.45238], [115.85604, 5.45672], [115.85468, 5.45892], [115.85485, 5.46696], [115.85137, 5.46906], [115.84725, 5.46889], [115.84481, 5.47199], [115.8471, 5.47282], [115.84815, 5.47678], [115.84769, 5.47923], [115.84549, 5.47967], [115.84772, 5.48463], [115.83656, 5.49449], [115.83435, 5.49838], [115.83207, 5.4972], [115.83104, 5.50385], [115.82706, 5.50383], [115.824, 5.50727], [115.82613, 5.5093], [115.82451, 5.51012], [115.8316, 5.51558], [115.82665, 5.52028], [115.82288, 5.52831], [115.815, 5.5238], [115.81655, 5.5222], [115.81412, 5.52003], [115.80811, 5.52821], [115.80402, 5.52785], [115.8014, 5.53324], [115.79742, 5.53606], [115.79413, 5.53589], [115.814, 5.54332], [115.84391, 5.55784], [115.8602, 5.56912], [115.86717, 5.57627], [115.87413, 5.58688], [115.87727, 5.60121], [115.88417, 5.61338], [115.88666, 5.6238], [115.88616, 5.62593], [115.88373, 5.62624], [115.88637, 5.63219], [115.88527, 5.63649], [115.88751, 5.64405], [115.89029, 5.64655], [115.91155, 5.65511], [115.91789, 5.67301], [115.92081, 5.67672], [115.92554, 5.67674], [115.9285, 5.67953], [115.92846, 5.68711], [115.93669, 5.68016], [115.93928, 5.68329], [115.93885, 5.68837], [115.94281, 5.69154], [115.94692, 5.69223], [115.95132, 5.68828], [115.9524, 5.68246], [115.95375, 5.685], [115.95633, 5.68171], [115.96024, 5.68231], [115.9621, 5.68059], [115.96317, 5.68242], [115.96627, 5.68198], [115.96873, 5.67815], [115.96865, 5.68395], [115.97005, 5.68399], [115.97073, 5.68776], [115.97539, 5.68931], [115.97539, 5.69369], [115.9877, 5.694], [115.98601, 5.68796], [115.99166, 5.68877], [116.00049, 5.68474], [116.00399, 5.68498], [116.00611, 5.68194], [116.01045, 5.68241], [116.01135, 5.68532], [116.01732, 5.68939], [116.01121, 5.69617], [116.01447, 5.69484]]]]}}, {"type": "Feature", "properties": {"state": "Sabah", "seat": "N.31 Membakut", "seat_name": "Membakut"}, "geometry": {"type": "MultiPolygon", "coordinates": [[[[115.66786, 5.53902], [115.69983, 5.53353], [115.76244, 5.53025], [115.7841, 5.53378], [115.79107, 5.53631], [115.7926, 5.53478], [115.79716, 5.53612], [115.80194, 5.53263], [115.80402, 5.52785], [115.80811, 5.52821], [115.81412, 5.52003], [115.81655, 5.5222], [115.815, 5.5238], [115.82288, 5.52831], [115.82665, 5.52028], [115.8316, 5.51558], [115.82451, 5.51012], [115.82613, 5.5093], [115.824, 5.50727], [115.82706, 5.50383], [115.83104, 5.50385], [115.83207, 5.4972], [115.83435, 5.49838], [115.83656, 5.49449], [115.84772, 5.48463], [115.84549, 5.47967], [115.84769, 5.47923], [115.84815, 5.47678], [115.8471, 5.47282], [115.84481, 5.47199], [115.84725, 5.46889], [115.85137, 5.46906], [115.85485, 5.46696], [115.85468, 5.45892], [115.85604, 5.45672], [115.85501, 5.45238], [115.86061, 5.45049], [115.8595, 5.44827], [115.86097, 5.44372], [115.8579, 5.44016], [115.86238, 5.44109], [115.86427, 5.43755], [115.8678, 5.4371], [115.86973, 5.43351], [115.87184, 5.43325], [115.87106, 5.42932], [115.87264, 5.42556], [115.87654, 5.42485], [115.87546, 5.42004], [115.87679, 5.41895], [115.88351, 5.42038], [115.88692, 5.41768], [115.89149, 5.41723], [115.89379, 5.41546], [115.89445, 5.41199], [115.89346, 5.41072], [115.88919, 5.41073], [115.89075, 5.41025], [115.89129, 5.40759], [115.8954, 5.40607], [115.89691, 5.40601], [115.89927, 5.41051], [115.91816, 5.41034], [115.92366, 5.40806], [115.92627, 5.40244], [115.94667, 5.39268], [115.95069, 5.38345], [115.97095, 5.3671], [115.95146, 5.36555], [115.94491, 5.36092], [115.94356, 5.34445], [115.94436, 5.33306], [115.94215, 5.3219], [115.89435, 5.3446], [115.89739, 5.34908], [115.89599, 5.35166], [115.89759, 5.3541], [115.89644, 5.36066], [115.89405, 5.36188], [115.89559, 5.36387], [115.8928, 5.36511], [115.89152, 5.37143], [115.89291, 5.37377], [115.88846, 5.37674], [115.88573, 5.37453], [115.8845, 5.37797], [115.88006, 5.37939], [115.88201, 5.3814], [115.88151, 5.38309], [115.8777, 5.38158], [115.87778, 5.38845], [115.87526, 5.38915], [115.87423, 5.38463], [115.87138, 5.38402], [115.87247, 5.3865], [115.86675, 5.38722], [115.86389, 5.38936], [115.86515, 5.39147], [115.86167, 5.38954], [115.85956, 5.39051], [115.85763, 5.38802], [115.85703, 5.39124], [115.8545, 5.38902], [115.85305, 5.39046], [115.85167, 5.38715], [115.84727, 5.39101], [115.84507, 5.39035], [115.8472, 5.39425], [115.84651, 5.39635], [115.84389, 5.39417], [115.84145, 5.39703], [115.83992, 5.39319], [115.83705, 5.39443], [115.83808, 5.39603], [115.83558, 5.39726], [115.83418, 5.39473], [115.83142, 5.39404], [115.8325, 5.39655], [115.82979, 5.39854], [115.83219, 5.39963], [115.83374, 5.40491], [115.82924, 5.40659], [115.8302, 5.40902], [115.82803, 5.4102], [115.82438, 5.40966], [115.81767, 5.41247], [115.81427, 5.40719], [115.81405, 5.40882], [115.81095, 5.40928], [115.80877, 5.40721], [115.80325, 5.41919], [115.80331, 5.41556], [115.80184, 5.41468], [115.8036, 5.40936], [115.79986, 5.40566], [115.79699, 5.4053], [115.79684, 5.40277], [115.79314, 5.40081], [115.79384, 5.39635], [115.7913, 5.38727], [115.78468, 5.37959], [115.78429, 5.38524], [115.78251, 5.38467], [115.77823, 5.38853], [115.77903, 5.39298], [115.7774, 5.39334], [115.77811, 5.39652], [115.77684, 5.3978], [115.7714, 5.39815], [115.77036, 5.39604], [115.76784, 5.39538], [115.76426, 5.39601], [115.75557, 5.40899], [115.75374, 5.40712], [115.74985, 5.40825], [115.7483, 5.4179], [115.7501, 5.41995], [115.74954, 5.42172], [115.73761, 5.44297], [115.72751, 5.45717], [115.71668, 5.46832], [115.68712, 5.48981], [115.67115, 5.49748], [115.66647, 5.49722], [115.66506, 5.50217], [115.65906, 5.50468], [115.65607, 5.51405], [115.66241, 5.52204], [115.6627, 5.52528], [115.66195, 5.53094], [115.65814, 5.53593], [115.65479, 5.53584], [115.65459, 5.53983], [115.65766, 5.53767], [115.65884, 5.5408], [115.66786, 5.53902]]]]}}, {"type": "Feature", "properties": {"state": "Sabah", "seat": "N.32 Klias", "seat_name": "Klias"}, "geometry": {"type": "MultiPolygon", "coordinates": [[[[115.66111, 5.50376], [115.66506, 5.50217], [115.66647, 5.49722], [115.67115, 5.49748], [115.69032, 5.48765], [115.71668, 5.46832], [115.72411, 5.46091], [115.73761, 5.44297], [115.74954, 5.42172], [115.7501, 5.41995], [115.7483, 5.4179], [115.74985, 5.40825], [115.75374, 5.40712], [115.75557, 5.40899], [115.76426, 5.39601], [115.76784, 5.39538], [115.77036, 5.39604], [115.7714, 5.39815], [115.77684, 5.3978], [115.77811, 5.39652], [115.7774, 5.39334], [115.77903, 5.39298], [115.77823, 5.38853], [115.78251, 5.38467], [115.78429, 5.38524], [115.78468, 5.37959], [115.7913, 5.38727], [115.79384, 5.39635], [115.79314, 5.40081], [115.79684, 5.40277], [115.79699, 5.4053], [115.79986, 5.40566], [115.8036, 5.40936], [115.80184, 5.41468], [115.80331, 5.41556], [115.80325, 5.41919], [115.80877, 5.40721], [115.81095, 5.40928], [115.81405, 5.40882], [115.81427, 5.40719], [115.81783, 5.41249], [115.8302, 5.40902], [115.82924, 5.40659], [115.83374, 5.40491], [115.83219, 5.39963], [115.82979, 5.39854], [115.8325, 5.39655], [115.83142, 5.39404], [115.83418, 5.39473], [115.83558, 5.39726], [115.83808, 5.39603], [115.83705, 5.39443], [115.83992, 5.39319], [115.84145, 5.39703], [115.84389, 5.39417], [115.84651, 5.39635], [115.8472, 5.39425], [115.84507, 5.39035], [115.84727, 5.39101], [115.85167, 5.38715], [115.85305, 5.39046], [115.8545, 5.38902], [115.85703, 5.39124], [115.85763, 5.38802], [115.85956, 5.39051], [115.86167, 5.38954], [115.86515, 5.39147], [115.86389, 5.38936], [115.86675, 5.38722], [115.87247, 5.3865], [115.87138, 5.38402], [115.87423, 5.38463], [115.87526, 5.38915], [115.87778, 5.38845], [115.8777, 5.38158], [115.88151, 5.38309], [115.88201, 5.3814], [115.88006, 5.37939], [115.8845, 5.37797], [115.88573, 5.37453], [115.88846, 5.37674], [115.89291, 5.37377], [115.89152, 5.37143], [115.8928, 5.36511], [115.89559, 5.36387], [115.89405, 5.36188], [115.89644, 5.36066], [115.89759, 5.3541], [115.89599, 5.35166], [115.89739, 5.34908], [115.89435, 5.3446], [115.94215, 5.3219], [115.94006, 5.31233], [115.9266, 5.28947], [115.92004, 5.2859], [115.91285, 5.29269], [115.88699, 5.30104], [115.86686, 5.29166], [115.86152, 5.29064], [115.85474, 5.28504], [115.85126, 5.2769], [115.85074, 5.25702], [115.84417, 5.25028], [115.83742, 5.24612], [115.82682, 5.25716], [115.82618, 5.26252], [115.82355, 5.26548], [115.81629, 5.26827], [115.80561, 5.2642], [115.80076, 5.27108], [115.80171, 5.27903], [115.79845, 5.28326], [115.79884, 5.29188], [115.80326, 5.29466], [115.80414, 5.29874], [115.79495, 5.30441], [115.78853, 5.31542], [115.79385, 5.32214], [115.79604, 5.33436], [115.79448, 5.34096], [115.78418, 5.34037], [115.77785, 5.33638], [115.77256, 5.34195], [115.76405, 5.34463], [115.76067, 5.34277], [115.75606, 5.33632], [115.75321, 5.33569], [115.7469, 5.33795], [115.74339, 5.34257], [115.73814, 5.34485], [115.74182, 5.34663], [115.74009, 5.34907], [115.73058, 5.34858], [115.7253, 5.353], [115.7202, 5.35231], [115.71515, 5.35449], [115.71333, 5.35324], [115.71271, 5.34691], [115.70528, 5.34786], [115.69944, 5.34384], [115.69738, 5.34636], [115.69821, 5.34959], [115.70699, 5.35101], [115.70908, 5.35311], [115.70555, 5.36124], [115.70012, 5.35903], [115.69612, 5.36044], [115.69581, 5.36384], [115.70026, 5.36654], [115.69404, 5.37271], [115.69142, 5.37271], [115.68607, 5.36694], [115.68473, 5.37129], [115.68685, 5.37621], [115.68656, 5.38099], [115.68936, 5.38175], [115.68085, 5.38589], [115.66275, 5.40143], [115.66103, 5.39325], [115.65096, 5.39864], [115.63934, 5.38524], [115.6363, 5.38745], [115.63007, 5.3809], [115.62768, 5.38137], [115.62245, 5.38395], [115.61956, 5.38772], [115.61966, 5.39431], [115.60652, 5.39626], [115.6061, 5.40554], [115.57892, 5.43718], [115.576, 5.43761], [115.57592, 5.4351], [115.57442, 5.43466], [115.56985, 5.43482], [115.56819, 5.43129], [115.56218, 5.43242], [115.55853, 5.42759], [115.55147, 5.43087], [115.5449, 5.4276], [115.54099, 5.42772], [115.58162, 5.4772], [115.60132, 5.49805], [115.60055, 5.5003], [115.60169, 5.50144], [115.65863, 5.50537], [115.66111, 5.50376]]]]}}, {"type": "Feature", "properties": {"state": "Sabah", "seat": "N.33 Kuala Penyu", "seat_name": "Kuala Penyu"}, "geometry": {"type": "MultiPolygon", "coordinates": [[[[115.43339, 5.26178], [115.43009, 5.25674], [115.42636, 5.25986], [115.42871, 5.26147], [115.43339, 5.26178]]], [[[115.42978, 5.2719], [115.42899, 5.26815], [115.41807, 5.2654], [115.41512, 5.2703], [115.41619, 5.27331], [115.4188, 5.27132], [115.41466, 5.27984], [115.42248, 5.28623], [115.4276, 5.27948], [115.42978, 5.2719]]], [[[115.35305, 5.28842], [115.35444, 5.28848], [115.35365, 5.28567], [115.35016, 5.28714], [115.34972, 5.29012], [115.35305, 5.28842]]], [[[115.37534, 5.29193], [115.37459, 5.29276], [115.37555, 5.29372], [115.37569, 5.29211], [115.37534, 5.29193]]], [[[115.38051, 5.30264], [115.37825, 5.30369], [115.37878, 5.30634], [115.38186, 5.30605], [115.38051, 5.30264]]], [[[115.39859, 5.29092], [115.40081, 5.28236], [115.39131, 5.28664], [115.38924, 5.28936], [115.38158, 5.29192], [115.37932, 5.2946], [115.39091, 5.30835], [115.39198, 5.30434], [115.39461, 5.29932], [115.39718, 5.29804], [115.39859, 5.29092]]], [[[115.38505, 5.30763], [115.38126, 5.30901], [115.38215, 5.32087], [115.3925, 5.32518], [115.38926, 5.31277], [115.38505, 5.30763]]], [[[115.60095, 5.63014], [115.60866, 5.62467], [115.61745, 5.62322], [115.62082, 5.61429], [115.61976, 5.60537], [115.61646, 5.60367], [115.61452, 5.59724], [115.61089, 5.59379], [115.60916, 5.58295], [115.60596, 5.57965], [115.60669, 5.57698], [115.5928, 5.56373], [115.58796, 5.55684], [115.58463, 5.53759], [115.59933, 5.52629], [115.60333, 5.52039], [115.60743, 5.52139], [115.60933, 5.52844], [115.60488, 5.53297], [115.59896, 5.54484], [115.58998, 5.55249], [115.59072, 5.55611], [115.60014, 5.56889], [115.60352, 5.57113], [115.60697, 5.57055], [115.61271, 5.5627], [115.62203, 5.5567], [115.64028, 5.54665], [115.65939, 5.54153], [115.65766, 5.53767], [115.65459, 5.53983], [115.6545, 5.53862], [115.65479, 5.53584], [115.65814, 5.53593], [115.66158, 5.53159], [115.6627, 5.52528], [115.66241, 5.52204], [115.65607, 5.51405], [115.65863, 5.50537], [115.60169, 5.50144], [115.60055, 5.5003], [115.60132, 5.49805], [115.58162, 5.4772], [115.54099, 5.42772], [115.53747, 5.4279], [115.53732, 5.42158], [115.53466, 5.41992], [115.53124, 5.42046], [115.52891, 5.41769], [115.53126, 5.40788], [115.52842, 5.40564], [115.52409, 5.40765], [115.52128, 5.40707], [115.52091, 5.3991], [115.52483, 5.39177], [115.52341, 5.38958], [115.50862, 5.39002], [115.49855, 5.38212], [115.49574, 5.38203], [115.49452, 5.38614], [115.49221, 5.38649], [115.4857, 5.38], [115.48537, 5.37352], [115.48219, 5.3703], [115.48428, 5.36658], [115.48402, 5.32597], [115.48044, 5.3157], [115.47862, 5.29189], [115.4741, 5.28784], [115.47728, 5.28216], [115.47122, 5.28032], [115.47091, 5.27925], [115.47441, 5.27884], [115.47353, 5.27262], [115.46469, 5.26689], [115.4649, 5.26266], [115.45414, 5.25468], [115.44825, 5.25591], [115.44428, 5.25175], [115.44448, 5.24915], [115.44151, 5.24484], [115.43713, 5.24739], [115.4349, 5.25391], [115.43184, 5.25165], [115.42958, 5.25186], [115.43209, 5.25788], [115.43964, 5.26329], [115.43745, 5.26631], [115.43368, 5.26716], [115.43581, 5.2696], [115.43436, 5.27529], [115.43047, 5.27415], [115.4293, 5.27873], [115.42245, 5.28846], [115.41351, 5.28141], [115.41438, 5.27474], [115.41288, 5.27053], [115.40616, 5.2766], [115.40543, 5.2817], [115.40276, 5.2834], [115.40066, 5.28778], [115.39838, 5.29842], [115.39474, 5.29965], [115.39219, 5.30525], [115.3917, 5.30888], [115.39707, 5.32661], [115.39272, 5.32868], [115.39126, 5.32687], [115.38623, 5.32722], [115.38138, 5.32386], [115.3792, 5.32059], [115.37962, 5.31422], [115.37404, 5.30236], [115.36826, 5.29682], [115.35327, 5.29429], [115.33978, 5.29657], [115.34025, 5.29913], [115.35606, 5.31187], [115.35655, 5.31754], [115.36126, 5.32146], [115.36471, 5.32826], [115.36504, 5.34326], [115.36281, 5.3463], [115.3694, 5.35745], [115.37102, 5.36756], [115.36936, 5.37948], [115.36519, 5.38692], [115.37572, 5.40383], [115.38049, 5.40613], [115.38495, 5.41119], [115.40694, 5.41407], [115.42251, 5.42346], [115.43368, 5.43507], [115.44459, 5.45005], [115.46706, 5.47337], [115.47524, 5.48439], [115.48856, 5.49379], [115.50304, 5.50985], [115.51318, 5.51509], [115.51952, 5.52209], [115.52586, 5.52572], [115.52821, 5.52937], [115.53771, 5.53244], [115.54415, 5.5385], [115.55767, 5.55519], [115.56381, 5.56932], [115.56322, 5.57546], [115.57132, 5.58014], [115.57251, 5.58395], [115.57626, 5.58705], [115.57692, 5.59546], [115.57889, 5.59603], [115.58409, 5.60484], [115.58778, 5.61539], [115.5917, 5.61893], [115.592, 5.62164], [115.59016, 5.62279], [115.59361, 5.63122], [115.59817, 5.62992], [115.60007, 5.63149], [115.60095, 5.63014]]], [[[115.64699, 5.73406], [115.65186, 5.73498], [115.65473, 5.73367], [115.65854, 5.72601], [115.6699, 5.71482], [115.67043, 5.71148], [115.66748, 5.7087], [115.6666, 5.70523], [115.65783, 5.70591], [115.65514, 5.70966], [115.65422, 5.71675], [115.64943, 5.72246], [115.63634, 5.72535], [115.63178, 5.73387], [115.63367, 5.73817], [115.6373, 5.73903], [115.64699, 5.73406]]]]}}, {"type": "Feature", "properties": {"state": "Sabah", "seat": "N.34 Lumadan", "seat_name": "Lumadan"}, "geometry": {"type": "MultiPolygon", "coordinates": [[[[115.5836, 5.19515], [115.57877, 5.19444], [115.58393, 5.2012], [115.58493, 5.19775], [115.5836, 5.19515]]], [[[115.58698, 5.19939], [115.58525, 5.19927], [115.58584, 5.20359], [115.58692, 5.202], [115.58698, 5.19939]]], [[[115.58112, 5.43494], [115.6061, 5.40554], [115.60652, 5.39626], [115.61966, 5.39431], [115.61956, 5.38772], [115.62245, 5.38395], [115.62768, 5.38137], [115.63007, 5.3809], [115.6363, 5.38745], [115.63934, 5.38524], [115.65096, 5.39864], [115.66103, 5.39325], [115.66275, 5.40143], [115.68085, 5.38589], [115.68936, 5.38175], [115.68656, 5.38099], [115.68685, 5.37621], [115.68473, 5.37129], [115.68607, 5.36694], [115.69142, 5.37271], [115.69404, 5.37271], [115.70026, 5.36654], [115.69581, 5.36384], [115.69594, 5.36064], [115.70062, 5.35908], [115.70516, 5.36158], [115.70912, 5.35506], [115.70736, 5.35115], [115.69794, 5.34931], [115.69738, 5.34636], [115.69923, 5.34393], [115.70128, 5.34394], [115.70528, 5.34786], [115.71271, 5.34691], [115.71333, 5.35324], [115.71515, 5.35449], [115.7202, 5.35231], [115.7253, 5.353], [115.73058, 5.34858], [115.74009, 5.34907], [115.74182, 5.34663], [115.73814, 5.34485], [115.74339, 5.34257], [115.7469, 5.33795], [115.75321, 5.33569], [115.75606, 5.33632], [115.76067, 5.34277], [115.76413, 5.34464], [115.77256, 5.34195], [115.77777, 5.33639], [115.78471, 5.34051], [115.79489, 5.34057], [115.79602, 5.33394], [115.79385, 5.32214], [115.78853, 5.31542], [115.79495, 5.30441], [115.80414, 5.29874], [115.80326, 5.29466], [115.79884, 5.29188], [115.79845, 5.28326], [115.80171, 5.27903], [115.80065, 5.27133], [115.80537, 5.26426], [115.81629, 5.26827], [115.82459, 5.26469], [115.82677, 5.25723], [115.83724, 5.24681], [115.83652, 5.24365], [115.83776, 5.24134], [115.83721, 5.2376], [115.83334, 5.23231], [115.82639, 5.22862], [115.81775, 5.22695], [115.8084, 5.21581], [115.80717, 5.21342], [115.80805, 5.20541], [115.80127, 5.18486], [115.78955, 5.16512], [115.7917, 5.16086], [115.78998, 5.15571], [115.79142, 5.14862], [115.78688, 5.1444], [115.78582, 5.13886], [115.78145, 5.13404], [115.77989, 5.12849], [115.78194, 5.1214], [115.78191, 5.11469], [115.78455, 5.11126], [115.78305, 5.10799], [115.78425, 5.10175], [115.78135, 5.09923], [115.78025, 5.09517], [115.78682, 5.09399], [115.7903, 5.09155], [115.78926, 5.0866], [115.7852, 5.08216], [115.78657, 5.08025], [115.78491, 5.07709], [115.7858, 5.07376], [115.78297, 5.07521], [115.78225, 5.07393], [115.78181, 5.07022], [115.78336, 5.06939], [115.78153, 5.06207], [115.77543, 5.06135], [115.77228, 5.05841], [115.76901, 5.05947], [115.76785, 5.0566], [115.76496, 5.05642], [115.75505, 5.06338], [115.74746, 5.06485], [115.73403, 5.05185], [115.71374, 5.05499], [115.68019, 5.08587], [115.67345, 5.08898], [115.66895, 5.09457], [115.66435, 5.10844], [115.66693, 5.125], [115.66515, 5.12968], [115.66807, 5.13461], [115.66222, 5.13451], [115.6585, 5.1308], [115.65125, 5.13256], [115.64921, 5.13554], [115.64411, 5.13731], [115.64119, 5.13483], [115.6347, 5.13737], [115.62341, 5.13832], [115.61584, 5.14067], [115.61329, 5.1415], [115.611, 5.15051], [115.60936, 5.14814], [115.60741, 5.15241], [115.60194, 5.15152], [115.59858, 5.15706], [115.59208, 5.15929], [115.58502, 5.15446], [115.58167, 5.14823], [115.57619, 5.15353], [115.56823, 5.15573], [115.56824, 5.15902], [115.57147, 5.16012], [115.57286, 5.1636], [115.57008, 5.17613], [115.57301, 5.18688], [115.57592, 5.18366], [115.57694, 5.17943], [115.59323, 5.18071], [115.59315, 5.18265], [115.59517, 5.18333], [115.59301, 5.1876], [115.58617, 5.18922], [115.58661, 5.1931], [115.58899, 5.19625], [115.58689, 5.20528], [115.58924, 5.2114], [115.59326, 5.21486], [115.60302, 5.21884], [115.60161, 5.22027], [115.59239, 5.21801], [115.59277, 5.22117], [115.59469, 5.22236], [115.59003, 5.22373], [115.58598, 5.22051], [115.58395, 5.21324], [115.58435, 5.22134], [115.58307, 5.22441], [115.58054, 5.22346], [115.58257, 5.21966], [115.58044, 5.22009], [115.58044, 5.21536], [115.5701, 5.196], [115.56423, 5.18956], [115.56442, 5.18745], [115.55748, 5.18464], [115.5562, 5.18558], [115.5581, 5.18828], [115.54951, 5.18292], [115.54924, 5.1863], [115.55235, 5.18967], [115.54881, 5.19129], [115.54831, 5.19367], [115.55085, 5.19713], [115.55005, 5.19912], [115.55382, 5.20063], [115.55443, 5.20289], [115.55303, 5.20292], [115.5525, 5.20522], [115.55126, 5.20174], [115.5514, 5.20408], [115.54614, 5.20086], [115.54552, 5.20343], [115.54184, 5.19986], [115.54095, 5.2035], [115.5384, 5.20031], [115.53118, 5.19763], [115.52217, 5.19557], [115.52011, 5.19724], [115.51777, 5.19635], [115.51649, 5.19735], [115.51868, 5.20035], [115.51759, 5.20454], [115.51101, 5.20708], [115.509, 5.20536], [115.50498, 5.20727], [115.49676, 5.20663], [115.49082, 5.21191], [115.49128, 5.21527], [115.48881, 5.21755], [115.48498, 5.21818], [115.48233, 5.22328], [115.4763, 5.22391], [115.46927, 5.22746], [115.46917, 5.23155], [115.46762, 5.23283], [115.4583, 5.23419], [115.45429, 5.23719], [115.45054, 5.23747], [115.44899, 5.24002], [115.44369, 5.23847], [115.44159, 5.23929], [115.44378, 5.24293], [115.44151, 5.24484], [115.44483, 5.25243], [115.44825, 5.25591], [115.45414, 5.25468], [115.46421, 5.26198], [115.46469, 5.26689], [115.47353, 5.27262], [115.47441, 5.27884], [115.47091, 5.27925], [115.47122, 5.28032], [115.47728, 5.28216], [115.4741, 5.28784], [115.47862, 5.29189], [115.48044, 5.3157], [115.48402, 5.32597], [115.48428, 5.36658], [115.48219, 5.3703], [115.48537, 5.37352], [115.4857, 5.38], [115.49221, 5.38649], [115.49452, 5.38614], [115.49574, 5.38203], [115.49855, 5.38212], [115.50862, 5.39002], [115.52341, 5.38958], [115.52483, 5.39177], [115.52091, 5.3991], [115.52128, 5.40707], [115.52409, 5.40765], [115.52842, 5.40564], [115.53126, 5.40788], [115.52891, 5.41769], [115.53124, 5.42046], [115.53466, 5.41992], [115.53732, 5.42158], [115.53747, 5.4279], [115.5449, 5.4276], [115.55147, 5.43087], [115.55853, 5.42759], [115.56218, 5.43242], [115.56819, 5.43129], [115.56985, 5.43482], [115.57591, 5.43509], [115.576, 5.43761], [115.58112, 5.43494]]]]}}, {"type": "Feature", "properties": {"state": "Sabah", "seat": "N.35 Sindumin", "seat_name": "Sindumin"}, "geometry": {"type": "MultiPolygon", "coordinates": [[[[115.60179, 5.15173], [115.60741, 5.15241], [115.60936, 5.14814], [115.611, 5.15051], [115.61329, 5.1415], [115.62341, 5.13832], [115.63445, 5.13742], [115.64119, 5.13483], [115.64411, 5.13731], [115.64921, 5.13554], [115.65125, 5.13256], [115.6585, 5.1308], [115.66222, 5.13451], [115.66807, 5.13461], [115.66515, 5.12968], [115.66693, 5.125], [115.66435, 5.10844], [115.66895, 5.09457], [115.67345, 5.08898], [115.68019, 5.08587], [115.71374, 5.05499], [115.73403, 5.05185], [115.74746, 5.06485], [115.75505, 5.06338], [115.76496, 5.05642], [115.76785, 5.0566], [115.77061, 5.05403], [115.76923, 5.05165], [115.77167, 5.04894], [115.77419, 5.04917], [115.77482, 5.05191], [115.78076, 5.0554], [115.78221, 5.05343], [115.79155, 5.04944], [115.79635, 5.05092], [115.80259, 5.04617], [115.80288, 5.03888], [115.80732, 5.03947], [115.81146, 5.0369], [115.81569, 5.03809], [115.81776, 5.0371], [115.81973, 5.02922], [115.81688, 5.02892], [115.8153, 5.02656], [115.80949, 5.01267], [115.81412, 5.00301], [115.82208, 4.9993], [115.82604, 5.00183], [115.83654, 5.00216], [115.83278, 4.96885], [115.82841, 4.96048], [115.82165, 4.91584], [115.81368, 4.90212], [115.8142, 4.88237], [115.81507, 4.87546], [115.84387, 4.86464], [115.8487, 4.85704], [115.84389, 4.84774], [115.8452, 4.84222], [115.84402, 4.83539], [115.8484, 4.831], [115.84323, 4.8191], [115.84341, 4.81287], [115.84165, 4.81187], [115.83377, 4.81489], [115.82852, 4.81384], [115.82825, 4.8053], [115.82536, 4.80176], [115.83036, 4.78192], [115.83535, 4.77745], [115.83259, 4.76471], [115.82865, 4.76221], [115.82431, 4.75276], [115.81998, 4.75263], [115.81906, 4.75131], [115.81971, 4.74724], [115.81827, 4.74356], [115.82142, 4.74041], [115.81906, 4.73778], [115.81945, 4.72753], [115.81656, 4.72267], [115.8198, 4.72069], [115.82085, 4.71477], [115.82373, 4.71144], [115.82957, 4.71432], [115.83774, 4.71324], [115.83811, 4.6919], [115.83536, 4.68591], [115.83324, 4.67131], [115.83841, 4.65868], [115.82057, 4.63436], [115.82292, 4.62455], [115.83174, 4.61531], [115.83881, 4.60044], [115.84958, 4.58947], [115.86191, 4.58293], [115.86419, 4.5792], [115.86412, 4.57354], [115.85991, 4.568], [115.8605, 4.5629], [115.85836, 4.55728], [115.85714, 4.52527], [115.86204, 4.51953], [115.86369, 4.5141], [115.86954, 4.51035], [115.8724, 4.51025], [115.87112, 4.5072], [115.87398, 4.49784], [115.87148, 4.49463], [115.86534, 4.47274], [115.86481, 4.46451], [115.86754, 4.45694], [115.86759, 4.44933], [115.87648, 4.43041], [115.87777, 4.42212], [115.87511, 4.40861], [115.87077, 4.40846], [115.86954, 4.40338], [115.87743, 4.38809], [115.87272, 4.38217], [115.87257, 4.37512], [115.87005, 4.37239], [115.87178, 4.36657], [115.8706, 4.35793], [115.87354, 4.35328], [115.87042, 4.35118], [115.86923, 4.34654], [115.86308, 4.34339], [115.86595, 4.34109], [115.86441, 4.32181], [115.87051, 4.30764], [115.8718, 4.2955], [115.8703, 4.2922], [115.85165, 4.28207], [115.84463, 4.26873], [115.83881, 4.26772], [115.83454, 4.26334], [115.82436, 4.26181], [115.82655, 4.25224], [115.82434, 4.24905], [115.82454, 4.24095], [115.82955, 4.23509], [115.8232, 4.23206], [115.81717, 4.22595], [115.80927, 4.22597], [115.79982, 4.22111], [115.79398, 4.24364], [115.7727, 4.2436], [115.76783, 4.24492], [115.76433, 4.24364], [115.76304, 4.235], [115.75684, 4.22625], [115.75511, 4.21862], [115.75216, 4.21456], [115.74425, 4.21168], [115.74052, 4.21426], [115.73134, 4.21043], [115.72696, 4.19047], [115.71637, 4.19586], [115.7101, 4.19364], [115.70329, 4.19716], [115.69725, 4.18809], [115.69552, 4.18255], [115.68801, 4.17506], [115.68637, 4.17006], [115.68745, 4.16633], [115.68344, 4.16329], [115.68183, 4.15973], [115.68045, 4.15327], [115.68211, 4.14579], [115.68012, 4.14072], [115.68353, 4.13509], [115.6823, 4.13158], [115.67579, 4.12563], [115.67413, 4.11514], [115.66247, 4.12239], [115.65322, 4.1185], [115.64463, 4.12375], [115.64581, 4.13247], [115.64881, 4.13742], [115.6474, 4.14732], [115.63978, 4.15148], [115.63967, 4.16085], [115.63726, 4.1645], [115.63023, 4.16501], [115.62847, 4.16768], [115.62929, 4.17807], [115.63503, 4.18348], [115.6341, 4.18791], [115.64147, 4.1957], [115.63796, 4.20522], [115.63972, 4.21282], [115.63809, 4.21562], [115.63871, 4.22519], [115.64213, 4.22878], [115.6415, 4.23399], [115.64024, 4.23662], [115.6358, 4.23929], [115.64554, 4.25129], [115.64899, 4.25289], [115.65029, 4.26231], [115.65328, 4.26543], [115.65689, 4.26589], [115.65678, 4.27047], [115.66417, 4.27561], [115.66507, 4.27801], [115.66374, 4.28379], [115.66459, 4.28652], [115.66699, 4.28784], [115.6661, 4.29297], [115.67148, 4.29872], [115.66515, 4.31639], [115.66672, 4.32911], [115.65485, 4.34029], [115.64939, 4.33889], [115.64369, 4.34379], [115.63899, 4.34318], [115.63444, 4.34537], [115.63286, 4.35224], [115.61884, 4.34114], [115.61166, 4.34202], [115.60605, 4.34687], [115.60749, 4.36011], [115.59416, 4.36133], [115.58655, 4.36519], [115.587, 4.37668], [115.58936, 4.38614], [115.58773, 4.39195], [115.59348, 4.40278], [115.59497, 4.41527], [115.59159, 4.42601], [115.58733, 4.43165], [115.58583, 4.44147], [115.57959, 4.44382], [115.57818, 4.45317], [115.57652, 4.45729], [115.57378, 4.45865], [115.57177, 4.4667], [115.56285, 4.47382], [115.55898, 4.48304], [115.55981, 4.48803], [115.56764, 4.48945], [115.57007, 4.49467], [115.57718, 4.49853], [115.57427, 4.50694], [115.57912, 4.51762], [115.57824, 4.52199], [115.57232, 4.52616], [115.5735, 4.53676], [115.56629, 4.54258], [115.56159, 4.54916], [115.56908, 4.5638], [115.56934, 4.5686], [115.56133, 4.57362], [115.55805, 4.58093], [115.54619, 4.59365], [115.54532, 4.60046], [115.54644, 4.6051], [115.55777, 4.62483], [115.55819, 4.63273], [115.56449, 4.64541], [115.57212, 4.64853], [115.57661, 4.6547], [115.58288, 4.65801], [115.60225, 4.68037], [115.60878, 4.69517], [115.61141, 4.71153], [115.61716, 4.7196], [115.61373, 4.72665], [115.62494, 4.74101], [115.62902, 4.74924], [115.63214, 4.76227], [115.64316, 4.77155], [115.65254, 4.77067], [115.65524, 4.77229], [115.65416, 4.77873], [115.65613, 4.79053], [115.65498, 4.80525], [115.65646, 4.81475], [115.65118, 4.82235], [115.65253, 4.83102], [115.65097, 4.83994], [115.65211, 4.84853], [115.64084, 4.85799], [115.63759, 4.86474], [115.63767, 4.86997], [115.63582, 4.87403], [115.6383, 4.88251], [115.63824, 4.88896], [115.63392, 4.90285], [115.63406, 4.90948], [115.62338, 4.9239], [115.62136, 4.93977], [115.6249, 4.94883], [115.62237, 4.95859], [115.62252, 4.96768], [115.61701, 4.9723], [115.60517, 4.97711], [115.59515, 4.99101], [115.59128, 4.99129], [115.58665, 4.98909], [115.58183, 4.98983], [115.57933, 4.99528], [115.57533, 4.99231], [115.57165, 4.98541], [115.54909, 4.97724], [115.51504, 4.96181], [115.50551, 4.96046], [115.50365, 4.95777], [115.47428, 4.9589], [115.47079, 4.95674], [115.46589, 4.95638], [115.44948, 4.97214], [115.45215, 4.98403], [115.45639, 4.99059], [115.45939, 5.00766], [115.45953, 5.00924], [115.45764, 5.00897], [115.45837, 5.01033], [115.46206, 5.01093], [115.46305, 5.01379], [115.47135, 5.01452], [115.47751, 5.01804], [115.48506, 5.02456], [115.48607, 5.02764], [115.49215, 5.02359], [115.49221, 5.0251], [115.49602, 5.02503], [115.49766, 5.02662], [115.50215, 5.0259], [115.51043, 5.02817], [115.51272, 5.03058], [115.51233, 5.03401], [115.51832, 5.04098], [115.51652, 5.0445], [115.52442, 5.04612], [115.52713, 5.05097], [115.53193, 5.06303], [115.53312, 5.07126], [115.53563, 5.06731], [115.5406, 5.06583], [115.54062, 5.06748], [115.54655, 5.07188], [115.55103, 5.082], [115.54989, 5.08277], [115.55495, 5.11519], [115.55377, 5.13912], [115.56144, 5.15143], [115.5685, 5.15572], [115.57619, 5.15353], [115.58167, 5.14823], [115.58502, 5.15446], [115.59208, 5.15929], [115.59858, 5.15706], [115.60179, 5.15173]]]]}}, {"type": "Feature", "properties": {"state": "Sabah", "seat": "N.36 Kundasang", "seat_name": "Kundasang"}, "geometry": {"type": "MultiPolygon", "coordinates": [[[[116.93609, 6.31933], [116.94598, 6.31468], [116.95197, 6.3016], [116.99606, 6.27872], [116.99631, 6.27566], [117.0015, 6.27396], [117.00649, 6.26417], [117.01172, 6.26187], [117.02075, 6.24909], [117.028, 6.24585], [117.0298, 6.24292], [117.02883, 6.23897], [117.03166, 6.23637], [117.04014, 6.23827], [117.04608, 6.23431], [117.05201, 6.23324], [117.05085, 6.22992], [117.05242, 6.22738], [117.05409, 6.22773], [117.05493, 6.22433], [117.05618, 6.22547], [117.05795, 6.22385], [117.06034, 6.22483], [117.0643, 6.22335], [117.06632, 6.22731], [117.07163, 6.22476], [117.07414, 6.22491], [117.07577, 6.2274], [117.08954, 6.22382], [117.09569, 6.2273], [117.09859, 6.22702], [117.10065, 6.22449], [117.10159, 6.21823], [117.10952, 6.2059], [117.11228, 6.20958], [117.11596, 6.20947], [117.12174, 6.20673], [117.12372, 6.20146], [117.12831, 6.20159], [117.13301, 6.20414], [117.13729, 6.19148], [117.14593, 6.1955], [117.14732, 6.20004], [117.15231, 6.19916], [117.15547, 6.19039], [117.15263, 6.18925], [117.15369, 6.18528], [117.15116, 6.18204], [117.15502, 6.1831], [117.16254, 6.1775], [117.1698, 6.17507], [117.1715, 6.17214], [117.17476, 6.17415], [117.17839, 6.17292], [117.17653, 6.16339], [117.17715, 6.15871], [117.1791, 6.15465], [117.18248, 6.15271], [117.1823, 6.1483], [117.17848, 6.1461], [117.17671, 6.14248], [117.17848, 6.13807], [117.1776, 6.12863], [117.17138, 6.13189], [117.16668, 6.12828], [117.16068, 6.1301], [117.16023, 6.1329], [117.15821, 6.13293], [117.15465, 6.12835], [117.16016, 6.12177], [117.15624, 6.12193], [117.15497, 6.11794], [117.15104, 6.11895], [117.14812, 6.11783], [117.14647, 6.11999], [117.1449, 6.11973], [117.13417, 6.11193], [117.13198, 6.1127], [117.1313, 6.11625], [117.12754, 6.11921], [117.12553, 6.11832], [117.12549, 6.11283], [117.13939, 6.10401], [117.13942, 6.09898], [117.14577, 6.08874], [117.14831, 6.08916], [117.16319, 6.08392], [117.16369, 6.07324], [117.16985, 6.06735], [117.17173, 6.05963], [117.16963, 6.05151], [117.16379, 6.04491], [117.16329, 6.03947], [117.15841, 6.03516], [117.16097, 6.02382], [117.1657, 6.02383], [117.1613, 6.01856], [117.15891, 6.01853], [117.16047, 6.01335], [117.16359, 6.01095], [117.13095, 5.9824], [117.1264, 5.97312], [117.12906, 5.97008], [117.13247, 5.95758], [117.12735, 5.94393], [117.12242, 5.93578], [117.11598, 5.93351], [117.1137, 5.92422], [117.10916, 5.91967], [117.10404, 5.90963], [117.10555, 5.90508], [117.09987, 5.89693], [117.08888, 5.90243], [117.07618, 5.90356], [117.07209, 5.91234], [117.06906, 5.91442], [117.06622, 5.9131], [117.06546, 5.91461], [117.0628, 5.9148], [117.06224, 5.91158], [117.05958, 5.91006], [117.05655, 5.91158], [117.05579, 5.91499], [117.05219, 5.9167], [117.04025, 5.91859], [117.02812, 5.91745], [117.01838, 5.92226], [117.01582, 5.92681], [117.0198, 5.93108], [117.01895, 5.93619], [117.01938, 5.93889], [117.021, 5.93966], [117.02046, 5.94158], [117.01471, 5.94541], [117.01353, 5.94861], [117.00618, 5.95192], [117.00692, 5.95735], [117.00564, 5.96077], [117.00159, 5.96332], [117.00255, 5.9677], [116.99978, 5.97665], [116.99136, 5.98283], [116.99328, 5.98475], [116.99285, 5.98784], [116.9952, 5.98891], [116.99104, 5.99381], [116.99307, 5.99584], [116.98432, 5.99744], [116.98358, 6.00032], [116.98005, 6.00305], [116.97779, 6.00048], [116.97423, 6.00466], [116.96755, 6.00241], [116.96723, 5.99951], [116.95706, 5.99712], [116.94847, 5.98821], [116.94562, 5.98751], [116.93249, 5.97658], [116.92537, 5.97657], [116.90095, 5.95863], [116.88729, 5.95325], [116.88252, 5.94734], [116.87223, 5.94077], [116.86805, 5.94026], [116.86577, 5.93112], [116.85565, 5.92579], [116.854, 5.93084], [116.85561, 5.94138], [116.8506, 5.94524], [116.85004, 5.94781], [116.85206, 5.94886], [116.85222, 5.95272], [116.85497, 5.95199], [116.8565, 5.95368], [116.85343, 5.96204], [116.8485, 5.96832], [116.8489, 5.97234], [116.84179, 5.99708], [116.80072, 5.99881], [116.79961, 6.0042], [116.80068, 6.00779], [116.79561, 6.01443], [116.79642, 6.01998], [116.80038, 6.02032], [116.79861, 6.02624], [116.8026, 6.02744], [116.79909, 6.03071], [116.79968, 6.04492], [116.79639, 6.04634], [116.79603, 6.05075], [116.80838, 6.06383], [116.80549, 6.06811], [116.8079, 6.06869], [116.81049, 6.06673], [116.81038, 6.07088], [116.81454, 6.0718], [116.81619, 6.07565], [116.81024, 6.07643], [116.80275, 6.07037], [116.79644, 6.07192], [116.79035, 6.07651], [116.7805, 6.07582], [116.77707, 6.07329], [116.7729, 6.07267], [116.77063, 6.07138], [116.76965, 6.06547], [116.76661, 6.06018], [116.76871, 6.0562], [116.75991, 6.04963], [116.75509, 6.05098], [116.75323, 6.04912], [116.74551, 6.04716], [116.73082, 6.04849], [116.72346, 6.04584], [116.71538, 6.04658], [116.70591, 6.05447], [116.70169, 6.06269], [116.65787, 6.05902], [116.65356, 6.05106], [116.65383, 6.04359], [116.65801, 6.03417], [116.66424, 6.03224], [116.66008, 6.0271], [116.66253, 6.0255], [116.66188, 6.02256], [116.66345, 6.02077], [116.65828, 6.0165], [116.65803, 6.01139], [116.64833, 6.00745], [116.63416, 5.99685], [116.63384, 5.99308], [116.638, 5.98663], [116.63696, 5.98311], [116.62959, 5.97975], [116.6214, 5.97967], [116.62181, 5.97402], [116.62658, 5.97349], [116.63186, 5.96989], [116.63361, 5.97077], [116.6359, 5.963], [116.6318, 5.95253], [116.61795, 5.95167], [116.61048, 5.95418], [116.60898, 5.95068], [116.61371, 5.94607], [116.61315, 5.94358], [116.60839, 5.94401], [116.60707, 5.94714], [116.59965, 5.95103], [116.59412, 5.95133], [116.59041, 5.95448], [116.58612, 5.95232], [116.58158, 5.95217], [116.58432, 5.95415], [116.58398, 5.95688], [116.57444, 5.96449], [116.56987, 5.96549], [116.56335, 5.96438], [116.56099, 5.95915], [116.55795, 5.95944], [116.55419, 5.96246], [116.53994, 5.96207], [116.53862, 5.95816], [116.53532, 5.95735], [116.53232, 5.94904], [116.52879, 5.9477], [116.50986, 5.95285], [116.51046, 5.96061], [116.5132, 5.96546], [116.51175, 5.97576], [116.50626, 5.98387], [116.50561, 5.9891], [116.50639, 5.99133], [116.51096, 5.99434], [116.51259, 6.01043], [116.52077, 6.00933], [116.52588, 6.00481], [116.5315, 6.00438], [116.53963, 6.01209], [116.54594, 6.02144], [116.55669, 6.02739], [116.56008, 6.03412], [116.56516, 6.03751], [116.56956, 6.04546], [116.57304, 6.04864], [116.57263, 6.0537], [116.57842, 6.05993], [116.58172, 6.06658], [116.58661, 6.08849], [116.58825, 6.0888], [116.58902, 6.0966], [116.59312, 6.10101], [116.59495, 6.10987], [116.59247, 6.11544], [116.59287, 6.12845], [116.59672, 6.14182], [116.60021, 6.14748], [116.60447, 6.14904], [116.60701, 6.15728], [116.60642, 6.16959], [116.60769, 6.17123], [116.615, 6.17298], [116.61939, 6.17172], [116.62839, 6.17473], [116.6311, 6.17989], [116.64018, 6.1879], [116.64467, 6.19014], [116.64574, 6.18814], [116.65865, 6.20002], [116.66136, 6.19967], [116.66417, 6.20313], [116.67066, 6.20461], [116.67485, 6.20943], [116.6815, 6.21191], [116.68521, 6.21646], [116.69609, 6.22258], [116.71132, 6.22277], [116.7151, 6.22456], [116.72785, 6.22569], [116.74282, 6.23204], [116.74608, 6.23025], [116.76137, 6.23232], [116.77681, 6.23192], [116.78989, 6.22691], [116.79124, 6.22249], [116.79448, 6.22079], [116.79783, 6.22507], [116.79988, 6.23315], [116.80727, 6.23846], [116.81597, 6.23897], [116.83154, 6.24563], [116.83624, 6.24585], [116.8419, 6.25187], [116.84209, 6.25654], [116.84776, 6.26078], [116.86041, 6.26406], [116.86543, 6.28277], [116.8739, 6.28091], [116.87694, 6.2819], [116.88388, 6.28716], [116.88872, 6.28696], [116.88927, 6.28915], [116.9025, 6.29808], [116.90938, 6.29753], [116.90814, 6.29956], [116.90919, 6.3019], [116.91173, 6.3014], [116.91173, 6.30324], [116.91403, 6.30329], [116.91684, 6.30795], [116.92042, 6.3052], [116.92195, 6.30804], [116.92461, 6.30599], [116.92621, 6.3128], [116.92834, 6.31307], [116.9304, 6.31618], [116.92867, 6.3177], [116.92922, 6.3191], [116.93609, 6.31933]]]]}}, {"type": "Feature", "properties": {"state": "Sabah", "seat": "N.37 Karanaan", "seat_name": "Karanaan"}, "geometry": {"type": "MultiPolygon", "coordinates": [[[[116.65281, 5.99549], [116.65079, 5.99521], [116.65469, 5.99109], [116.65342, 5.98768], [116.64975, 5.9852], [116.65037, 5.97209], [116.657, 5.96757], [116.65924, 5.96776], [116.66032, 5.96526], [116.66249, 5.96567], [116.67042, 5.96204], [116.675, 5.95782], [116.67795, 5.96134], [116.67834, 5.96429], [116.68142, 5.96413], [116.68218, 5.96122], [116.67733, 5.95149], [116.68443, 5.94038], [116.67855, 5.93876], [116.67575, 5.93586], [116.67152, 5.93675], [116.67182, 5.93363], [116.6658, 5.93184], [116.66231, 5.93385], [116.65949, 5.93282], [116.66111, 5.92424], [116.6588, 5.92181], [116.65271, 5.92247], [116.65124, 5.91099], [116.64711, 5.9067], [116.65181, 5.89687], [116.65342, 5.89905], [116.65623, 5.89805], [116.66075, 5.90065], [116.66524, 5.89014], [116.66329, 5.88725], [116.66641, 5.8853], [116.65348, 5.88376], [116.63833, 5.88454], [116.61784, 5.88184], [116.60926, 5.88778], [116.59962, 5.89171], [116.59791, 5.88691], [116.60167, 5.88196], [116.60006, 5.87924], [116.59518, 5.87904], [116.58934, 5.87288], [116.58207, 5.87155], [116.57605, 5.86511], [116.56122, 5.86579], [116.55725, 5.86129], [116.55328, 5.86224], [116.55246, 5.86478], [116.54812, 5.86574], [116.54764, 5.86991], [116.54439, 5.87324], [116.52709, 5.87981], [116.51934, 5.88827], [116.51547, 5.88834], [116.50313, 5.90727], [116.50214, 5.91153], [116.49136, 5.91503], [116.48548, 5.92054], [116.47798, 5.92355], [116.45911, 5.92435], [116.46135, 5.93409], [116.46374, 5.93716], [116.48668, 5.96037], [116.49517, 5.97145], [116.50935, 5.98072], [116.51175, 5.97576], [116.5132, 5.96546], [116.51046, 5.96061], [116.50986, 5.95285], [116.52879, 5.9477], [116.53232, 5.94904], [116.53532, 5.95735], [116.53862, 5.95816], [116.53994, 5.96207], [116.55419, 5.96246], [116.55795, 5.95944], [116.56099, 5.95915], [116.56335, 5.96438], [116.57211, 5.96528], [116.58398, 5.95688], [116.58432, 5.95415], [116.58158, 5.95217], [116.58612, 5.95232], [116.59041, 5.95448], [116.59531, 5.95084], [116.60123, 5.95036], [116.60707, 5.94714], [116.60772, 5.9444], [116.61147, 5.94292], [116.61414, 5.94456], [116.60898, 5.95068], [116.61048, 5.95418], [116.61795, 5.95167], [116.63088, 5.95222], [116.63298, 5.95386], [116.63513, 5.95992], [116.63588, 5.96431], [116.63361, 5.97077], [116.63186, 5.96989], [116.62658, 5.97349], [116.62181, 5.97402], [116.6214, 5.97967], [116.62959, 5.97975], [116.63696, 5.98311], [116.638, 5.98663], [116.63384, 5.99308], [116.63416, 5.99685], [116.64833, 6.00745], [116.65803, 6.01139], [116.65909, 6.00436], [116.6546, 5.99982], [116.65281, 5.99549]]]]}}, {"type": "Feature", "properties": {"state": "Sabah", "seat": "N.38 Paginatan", "seat_name": "Paginatan"}, "geometry": {"type": "MultiPolygon", "coordinates": [[[[116.81492, 6.07568], [116.81619, 6.07565], [116.81426, 6.07133], [116.81038, 6.07088], [116.81049, 6.06673], [116.8079, 6.06869], [116.80549, 6.06811], [116.80838, 6.06383], [116.79603, 6.05075], [116.79639, 6.04634], [116.79968, 6.04492], [116.79909, 6.03071], [116.8026, 6.02744], [116.79861, 6.02624], [116.80038, 6.02032], [116.79642, 6.01998], [116.79561, 6.01443], [116.80068, 6.00779], [116.79961, 6.0042], [116.80072, 5.99881], [116.84179, 5.99708], [116.8489, 5.97234], [116.8485, 5.96832], [116.85343, 5.96204], [116.8565, 5.95368], [116.85497, 5.95199], [116.85222, 5.95272], [116.85206, 5.94886], [116.85004, 5.94781], [116.8506, 5.94524], [116.85561, 5.94138], [116.854, 5.93084], [116.85554, 5.91939], [116.86002, 5.91322], [116.86619, 5.91116], [116.86771, 5.90666], [116.86607, 5.89712], [116.85651, 5.88274], [116.85774, 5.86336], [116.87433, 5.85155], [116.88345, 5.84847], [116.88952, 5.84891], [116.89823, 5.84702], [116.91024, 5.84087], [116.91442, 5.83523], [116.92552, 5.82988], [116.93442, 5.82808], [116.94501, 5.82036], [116.96038, 5.81775], [116.96658, 5.81067], [116.96855, 5.80205], [116.97347, 5.79765], [116.97931, 5.7954], [116.99007, 5.77253], [116.99189, 5.7622], [116.99554, 5.75356], [117.00484, 5.74092], [117.01027, 5.73783], [117.01445, 5.73151], [117.02448, 5.72602], [117.02777, 5.71559], [117.02722, 5.70997], [117.02407, 5.70752], [117.01505, 5.70626], [117.01183, 5.70834], [117.0104, 5.70559], [117.00214, 5.70456], [116.99402, 5.69596], [116.98891, 5.68744], [116.98536, 5.68509], [116.97402, 5.68947], [116.97053, 5.68917], [116.96711, 5.68671], [116.96054, 5.68822], [116.95553, 5.68033], [116.93825, 5.67984], [116.93688, 5.67632], [116.93349, 5.67784], [116.92963, 5.67337], [116.92449, 5.67276], [116.92227, 5.67005], [116.91508, 5.66912], [116.90638, 5.67074], [116.90452, 5.67764], [116.90158, 5.67777], [116.90064, 5.68112], [116.89476, 5.68056], [116.89214, 5.67755], [116.89405, 5.67486], [116.89152, 5.67125], [116.88267, 5.66541], [116.88235, 5.66333], [116.88401, 5.65382], [116.88724, 5.64627], [116.89212, 5.64186], [116.89141, 5.63683], [116.89751, 5.62989], [116.89914, 5.61485], [116.89647, 5.60987], [116.87436, 5.58421], [116.87034, 5.57099], [116.8738, 5.5681], [116.87064, 5.56679], [116.87147, 5.56278], [116.87015, 5.56049], [116.87165, 5.55621], [116.87007, 5.5465], [116.86759, 5.54337], [116.86451, 5.54477], [116.86357, 5.54337], [116.86926, 5.52926], [116.86801, 5.52695], [116.86551, 5.529], [116.85453, 5.52669], [116.84846, 5.52802], [116.8456, 5.52624], [116.83717, 5.52609], [116.82799, 5.51587], [116.83681, 5.50165], [116.83675, 5.49314], [116.83257, 5.48471], [116.81426, 5.48364], [116.80765, 5.48578], [116.80702, 5.48409], [116.80157, 5.48284], [116.80193, 5.48551], [116.79863, 5.4856], [116.798, 5.48818], [116.7947, 5.48978], [116.79595, 5.49031], [116.79497, 5.49253], [116.78934, 5.49324], [116.78612, 5.49093], [116.78193, 5.49164], [116.7751, 5.50247], [116.77484, 5.50521], [116.77178, 5.50738], [116.76734, 5.50619], [116.76666, 5.50427], [116.76549, 5.50709], [116.75854, 5.50972], [116.75433, 5.5062], [116.75286, 5.50867], [116.75384, 5.51242], [116.7486, 5.5101], [116.74558, 5.51347], [116.7434, 5.51284], [116.73669, 5.51625], [116.73342, 5.51482], [116.73128, 5.51673], [116.73073, 5.51173], [116.7259, 5.51828], [116.72023, 5.51878], [116.71817, 5.51583], [116.71616, 5.51763], [116.7144, 5.51528], [116.71284, 5.51808], [116.70797, 5.51693], [116.70405, 5.52238], [116.70162, 5.51924], [116.6978, 5.51824], [116.69566, 5.51924], [116.6915, 5.52737], [116.68641, 5.53084], [116.68266, 5.53057], [116.67871, 5.52651], [116.67422, 5.52597], [116.66625, 5.53337], [116.66329, 5.53394], [116.66254, 5.53728], [116.66436, 5.54194], [116.66005, 5.54199], [116.65932, 5.54333], [116.65291, 5.54364], [116.65034, 5.54093], [116.64874, 5.54256], [116.64244, 5.54357], [116.64036, 5.54018], [116.63045, 5.5608], [116.62333, 5.56153], [116.61973, 5.56057], [116.61793, 5.55814], [116.61146, 5.55874], [116.60649, 5.55677], [116.59858, 5.55893], [116.58942, 5.56512], [116.58346, 5.5635], [116.58099, 5.56564], [116.57138, 5.56566], [116.5664, 5.56846], [116.56148, 5.56721], [116.55644, 5.57088], [116.56719, 5.58129], [116.5677, 5.58632], [116.56422, 5.60005], [116.5638, 5.61012], [116.5664, 5.61883], [116.58011, 5.63988], [116.5846, 5.65012], [116.59299, 5.65835], [116.59714, 5.66769], [116.59706, 5.68587], [116.6001, 5.70001], [116.59852, 5.70575], [116.60228, 5.71361], [116.60317, 5.7263], [116.602, 5.73409], [116.59213, 5.74577], [116.57889, 5.75274], [116.61078, 5.78084], [116.6154, 5.78549], [116.61573, 5.78816], [116.61019, 5.79234], [116.60838, 5.79952], [116.60538, 5.80072], [116.60284, 5.80684], [116.59823, 5.80943], [116.59783, 5.81182], [116.6003, 5.81322], [116.6019, 5.82007], [116.60377, 5.81767], [116.60444, 5.81874], [116.60397, 5.82505], [116.60016, 5.82911], [116.59462, 5.83137], [116.59028, 5.84533], [116.58922, 5.85495], [116.57696, 5.8655], [116.58207, 5.87155], [116.58835, 5.87236], [116.59428, 5.87668], [116.59518, 5.87904], [116.60105, 5.88022], [116.60144, 5.88271], [116.59791, 5.88691], [116.59962, 5.89171], [116.60926, 5.88778], [116.61784, 5.88184], [116.63833, 5.88454], [116.65348, 5.88376], [116.66652, 5.88537], [116.66329, 5.88725], [116.66524, 5.89014], [116.66075, 5.90065], [116.65623, 5.89805], [116.65342, 5.89905], [116.65181, 5.89687], [116.64711, 5.9067], [116.65124, 5.91099], [116.65271, 5.92247], [116.6588, 5.92181], [116.66111, 5.92424], [116.65949, 5.93282], [116.66231, 5.93385], [116.6658, 5.93184], [116.67182, 5.93363], [116.67152, 5.93675], [116.67575, 5.93586], [116.67855, 5.93876], [116.68443, 5.94038], [116.67733, 5.95149], [116.67882, 5.95317], [116.67763, 5.95429], [116.68161, 5.95918], [116.68142, 5.96413], [116.67834, 5.96429], [116.67795, 5.96134], [116.675, 5.95782], [116.66705, 5.96391], [116.66032, 5.96526], [116.65924, 5.96776], [116.6528, 5.97], [116.6496, 5.97478], [116.64975, 5.9852], [116.65342, 5.98768], [116.65469, 5.99109], [116.65079, 5.99521], [116.65274, 5.99457], [116.6546, 5.99982], [116.65909, 6.00436], [116.65779, 6.01507], [116.65935, 6.01811], [116.66345, 6.02077], [116.66188, 6.02256], [116.66253, 6.0255], [116.66008, 6.0271], [116.66424, 6.03224], [116.65727, 6.03504], [116.65383, 6.04359], [116.65356, 6.05106], [116.65787, 6.05902], [116.70169, 6.06269], [116.70591, 6.05447], [116.71538, 6.04658], [116.72346, 6.04584], [116.73082, 6.04849], [116.74551, 6.04716], [116.75323, 6.04912], [116.75509, 6.05098], [116.75991, 6.04963], [116.76871, 6.0562], [116.76651, 6.05945], [116.77082, 6.06882], [116.77063, 6.07138], [116.78011, 6.07571], [116.79187, 6.07632], [116.79644, 6.07192], [116.80275, 6.07037], [116.81024, 6.07643], [116.81492, 6.07568]]]]}}, {"type": "Feature", "properties": {"state": "Sabah", "seat": "N.39 Tambunan", "seat_name": "Tambunan"}, "geometry": {"type": "MultiPolygon", "coordinates": [[[[116.46429, 5.92428], [116.47798, 5.92355], [116.48548, 5.92054], [116.49136, 5.91503], [116.50214, 5.91153], [116.50313, 5.90727], [116.51547, 5.88834], [116.51934, 5.88827], [116.52709, 5.87981], [116.54439, 5.87324], [116.54764, 5.86991], [116.54764, 5.86632], [116.55246, 5.86478], [116.55328, 5.86224], [116.55776, 5.86142], [116.56122, 5.86579], [116.57696, 5.8655], [116.58922, 5.85495], [116.59028, 5.84533], [116.59462, 5.83137], [116.60016, 5.82911], [116.60397, 5.82505], [116.60444, 5.81874], [116.60377, 5.81767], [116.6019, 5.82007], [116.6003, 5.81322], [116.59783, 5.81182], [116.59823, 5.80943], [116.60284, 5.80684], [116.60538, 5.80072], [116.60838, 5.79952], [116.61019, 5.79234], [116.61306, 5.78935], [116.61573, 5.78909], [116.6154, 5.78549], [116.61078, 5.78084], [116.57889, 5.75274], [116.59213, 5.74577], [116.602, 5.73409], [116.60317, 5.7263], [116.60228, 5.71361], [116.59852, 5.70575], [116.6001, 5.70001], [116.59706, 5.68587], [116.59714, 5.66769], [116.59299, 5.65835], [116.5846, 5.65012], [116.58011, 5.63988], [116.5664, 5.61883], [116.5638, 5.61012], [116.56422, 5.60005], [116.5677, 5.58632], [116.56719, 5.58129], [116.55644, 5.57088], [116.56148, 5.56721], [116.56444, 5.56836], [116.56163, 5.56531], [116.56491, 5.56517], [116.55702, 5.56261], [116.55109, 5.55603], [116.53392, 5.55623], [116.53202, 5.55391], [116.5245, 5.55093], [116.52166, 5.55246], [116.51649, 5.54857], [116.51222, 5.54861], [116.51186, 5.54565], [116.50651, 5.5426], [116.49515, 5.54247], [116.49446, 5.53917], [116.4888, 5.53678], [116.48254, 5.53654], [116.47988, 5.53934], [116.47621, 5.53899], [116.471, 5.53174], [116.46816, 5.53132], [116.46554, 5.5336], [116.46337, 5.5325], [116.46003, 5.53559], [116.45524, 5.5299], [116.44979, 5.52934], [116.44682, 5.52579], [116.44327, 5.5252], [116.44044, 5.52732], [116.43848, 5.52612], [116.43886, 5.52434], [116.43271, 5.52076], [116.42514, 5.52468], [116.41919, 5.52441], [116.41088, 5.51911], [116.40626, 5.51846], [116.40542, 5.52007], [116.40155, 5.51728], [116.39739, 5.51694], [116.39405, 5.51314], [116.3954, 5.50661], [116.38701, 5.4987], [116.38791, 5.4932], [116.37845, 5.48095], [116.37844, 5.47754], [116.38355, 5.46866], [116.38335, 5.46506], [116.37987, 5.46308], [116.37247, 5.46593], [116.37017, 5.47133], [116.36725, 5.47197], [116.36526, 5.46461], [116.36149, 5.46523], [116.35312, 5.47096], [116.34823, 5.48052], [116.3386, 5.48293], [116.33892, 5.48562], [116.33673, 5.48779], [116.33122, 5.48427], [116.3254, 5.4856], [116.32395, 5.48327], [116.31846, 5.48682], [116.31591, 5.49046], [116.30052, 5.49423], [116.30054, 5.4974], [116.29792, 5.49926], [116.29671, 5.50261], [116.29425, 5.50355], [116.29424, 5.50752], [116.2895, 5.51465], [116.28744, 5.51455], [116.28209, 5.52079], [116.26918, 5.52289], [116.26093, 5.52991], [116.25913, 5.52966], [116.25008, 5.54261], [116.24255, 5.54392], [116.24016, 5.54211], [116.23982, 5.53951], [116.23843, 5.53972], [116.237, 5.53739], [116.23937, 5.53731], [116.24002, 5.5314], [116.23687, 5.53151], [116.23102, 5.53627], [116.22962, 5.53919], [116.23727, 5.54693], [116.22738, 5.54929], [116.2272, 5.55252], [116.23004, 5.55554], [116.22676, 5.56554], [116.22365, 5.56751], [116.22612, 5.57257], [116.22511, 5.57677], [116.21753, 5.58883], [116.20697, 5.59233], [116.2053, 5.5908], [116.20276, 5.59392], [116.19495, 5.59458], [116.19432, 5.59704], [116.19254, 5.59752], [116.1938, 5.6013], [116.18983, 5.6081], [116.18938, 5.61239], [116.18568, 5.61444], [116.18255, 5.62231], [116.17855, 5.62621], [116.18149, 5.62992], [116.18082, 5.6447], [116.18393, 5.64988], [116.18437, 5.66251], [116.18592, 5.66236], [116.18507, 5.6661], [116.18799, 5.67212], [116.18752, 5.68026], [116.18895, 5.68298], [116.18714, 5.69065], [116.19095, 5.69656], [116.19355, 5.69653], [116.20144, 5.69022], [116.21481, 5.67249], [116.22089, 5.67222], [116.22233, 5.66793], [116.23255, 5.67034], [116.23238, 5.67639], [116.22952, 5.67788], [116.23632, 5.68313], [116.24342, 5.685], [116.24622, 5.68283], [116.24855, 5.68694], [116.25342, 5.6879], [116.25512, 5.69601], [116.25885, 5.70048], [116.25887, 5.70845], [116.26098, 5.71109], [116.27046, 5.71254], [116.27844, 5.71786], [116.28583, 5.72909], [116.29363, 5.74815], [116.29946, 5.75183], [116.31971, 5.75952], [116.33253, 5.76855], [116.33816, 5.76583], [116.35036, 5.7709], [116.34209, 5.77508], [116.34318, 5.77726], [116.34117, 5.77879], [116.34051, 5.78243], [116.34216, 5.78403], [116.33474, 5.79087], [116.33549, 5.79817], [116.33394, 5.80192], [116.33794, 5.80661], [116.33698, 5.8086], [116.3395, 5.81674], [116.33858, 5.81925], [116.33573, 5.82015], [116.33754, 5.82231], [116.33721, 5.829], [116.34011, 5.83024], [116.34371, 5.82797], [116.34338, 5.82461], [116.34665, 5.82153], [116.35604, 5.82306], [116.36066, 5.82073], [116.36308, 5.81803], [116.35918, 5.81494], [116.36725, 5.81634], [116.36748, 5.8142], [116.36922, 5.81625], [116.37564, 5.81836], [116.37787, 5.82064], [116.37773, 5.8228], [116.38225, 5.82703], [116.38405, 5.83219], [116.38771, 5.83389], [116.38995, 5.83736], [116.39266, 5.83681], [116.39417, 5.84066], [116.39948, 5.84351], [116.39752, 5.84516], [116.40015, 5.84661], [116.40438, 5.86695], [116.40665, 5.87035], [116.40667, 5.87532], [116.40963, 5.87834], [116.40931, 5.88026], [116.40708, 5.88119], [116.41119, 5.88345], [116.40995, 5.88568], [116.41409, 5.88819], [116.41212, 5.88829], [116.41334, 5.88958], [116.41105, 5.89122], [116.41239, 5.90144], [116.41509, 5.90133], [116.41391, 5.90466], [116.41485, 5.90768], [116.41915, 5.91295], [116.42541, 5.91731], [116.43531, 5.91614], [116.44519, 5.91827], [116.45911, 5.92435], [116.46429, 5.92428]]]]}}, {"type": "Feature", "properties": {"state": "Sabah", "seat": "N.40 Bingkor", "seat_name": "Bingkor"}, "geometry": {"type": "MultiPolygon", "coordinates": [[[[116.17947, 5.62549], [116.18255, 5.62231], [116.18568, 5.61444], [116.18938, 5.61239], [116.18983, 5.6081], [116.1938, 5.6013], [116.19254, 5.59752], [116.19432, 5.59704], [116.19495, 5.59458], [116.20276, 5.59392], [116.2053, 5.5908], [116.20697, 5.59233], [116.21753, 5.58883], [116.22511, 5.57677], [116.22612, 5.57257], [116.22365, 5.56751], [116.22676, 5.56554], [116.23004, 5.55554], [116.2272, 5.55252], [116.22738, 5.54929], [116.23727, 5.54693], [116.22962, 5.53919], [116.23102, 5.53627], [116.23687, 5.53151], [116.24002, 5.5314], [116.23937, 5.53731], [116.237, 5.53739], [116.23843, 5.53972], [116.23982, 5.53951], [116.24016, 5.54211], [116.24255, 5.54392], [116.25008, 5.54261], [116.25913, 5.52966], [116.26093, 5.52991], [116.26918, 5.52289], [116.28209, 5.52079], [116.28744, 5.51455], [116.2895, 5.51465], [116.29424, 5.50752], [116.29425, 5.50355], [116.29671, 5.50261], [116.29792, 5.49926], [116.30054, 5.4974], [116.30052, 5.49423], [116.31591, 5.49046], [116.31846, 5.48682], [116.32395, 5.48327], [116.3254, 5.4856], [116.33122, 5.48427], [116.33673, 5.48779], [116.33892, 5.48562], [116.3386, 5.48293], [116.34823, 5.48052], [116.35312, 5.47096], [116.3559, 5.47001], [116.3579, 5.46689], [116.36527, 5.46431], [116.36336, 5.45677], [116.35975, 5.45434], [116.34245, 5.46318], [116.34517, 5.46668], [116.33995, 5.46694], [116.33538, 5.46605], [116.333, 5.45769], [116.32185, 5.46376], [116.31339, 5.46269], [116.29996, 5.46492], [116.29457, 5.45818], [116.29682, 5.45853], [116.29986, 5.45316], [116.29157, 5.45431], [116.29027, 5.45168], [116.28526, 5.45029], [116.28153, 5.45131], [116.27687, 5.45525], [116.27405, 5.45397], [116.26285, 5.43648], [116.26119, 5.42847], [116.25831, 5.42485], [116.25584, 5.42752], [116.25151, 5.4271], [116.24295, 5.42121], [116.24048, 5.41062], [116.23565, 5.41137], [116.23295, 5.40175], [116.22832, 5.40026], [116.22721, 5.39244], [116.22347, 5.3916], [116.22197, 5.38877], [116.21421, 5.38504], [116.21367, 5.38097], [116.20684, 5.3777], [116.20883, 5.37286], [116.20456, 5.36998], [116.2067, 5.36462], [116.20326, 5.36111], [116.20533, 5.35701], [116.20123, 5.3549], [116.19415, 5.34091], [116.18587, 5.33605], [116.18037, 5.33815], [116.17946, 5.33275], [116.1734, 5.33611], [116.17002, 5.33429], [116.16593, 5.33746], [116.16354, 5.33588], [116.16024, 5.33729], [116.1604, 5.33569], [116.15715, 5.33309], [116.15522, 5.33514], [116.15407, 5.33352], [116.1502, 5.33751], [116.15494, 5.34191], [116.15524, 5.33968], [116.15687, 5.34064], [116.15755, 5.33856], [116.16614, 5.34958], [116.16148, 5.36746], [116.16574, 5.36907], [116.17107, 5.36748], [116.17071, 5.35878], [116.168, 5.35779], [116.16843, 5.35591], [116.17045, 5.35632], [116.17043, 5.35457], [116.17675, 5.36203], [116.17441, 5.36426], [116.17748, 5.36646], [116.17988, 5.37435], [116.18095, 5.37372], [116.18396, 5.37774], [116.18716, 5.37431], [116.1959, 5.38496], [116.19116, 5.39023], [116.19085, 5.38795], [116.18643, 5.38314], [116.17185, 5.39552], [116.17384, 5.39851], [116.16965, 5.40299], [116.17306, 5.40669], [116.17091, 5.41095], [116.16377, 5.41543], [116.16561, 5.4186], [116.1597, 5.43141], [116.15001, 5.42555], [116.14609, 5.4251], [116.14149, 5.43639], [116.14266, 5.44237], [116.14011, 5.45252], [116.13613, 5.4549], [116.14009, 5.46163], [116.14074, 5.46846], [116.1345, 5.47589], [116.1253, 5.48073], [116.12427, 5.48336], [116.1194, 5.48678], [116.11707, 5.49076], [116.12019, 5.50997], [116.11086, 5.51524], [116.11042, 5.51872], [116.10241, 5.52678], [116.09017, 5.54439], [116.09407, 5.56214], [116.09749, 5.56769], [116.10519, 5.56947], [116.10205, 5.57577], [116.11354, 5.58038], [116.11246, 5.58195], [116.10205, 5.58309], [116.10255, 5.58731], [116.10011, 5.5943], [116.10043, 5.59705], [116.10932, 5.60392], [116.11239, 5.61137], [116.12398, 5.61209], [116.13297, 5.61609], [116.13884, 5.61607], [116.14598, 5.62209], [116.15271, 5.62292], [116.15539, 5.62536], [116.17947, 5.62549]]]]}}, {"type": "Feature", "properties": {"state": "Sabah", "seat": "N.41 Liawan", "seat_name": "Liawan"}, "geometry": {"type": "MultiPolygon", "coordinates": [[[[116.11925, 5.48702], [116.12427, 5.48336], [116.1253, 5.48073], [116.1345, 5.47589], [116.14124, 5.46731], [116.14009, 5.46163], [116.13613, 5.4549], [116.14011, 5.45252], [116.14266, 5.44237], [116.14149, 5.43639], [116.14609, 5.4251], [116.15001, 5.42555], [116.1597, 5.43141], [116.16561, 5.4186], [116.16377, 5.41543], [116.17091, 5.41095], [116.17306, 5.40669], [116.16965, 5.40299], [116.17384, 5.39851], [116.17185, 5.39552], [116.18643, 5.38314], [116.19085, 5.38795], [116.19116, 5.39023], [116.1959, 5.38496], [116.18716, 5.37431], [116.18396, 5.37774], [116.18095, 5.37372], [116.17988, 5.37435], [116.17748, 5.36646], [116.17441, 5.36426], [116.17675, 5.36203], [116.17043, 5.35457], [116.17045, 5.35632], [116.16843, 5.35591], [116.168, 5.35779], [116.17071, 5.35878], [116.17107, 5.36748], [116.16574, 5.36907], [116.16148, 5.36746], [116.16614, 5.34958], [116.15755, 5.33856], [116.15687, 5.34064], [116.15524, 5.33968], [116.15494, 5.34191], [116.1502, 5.3375], [116.15407, 5.33352], [116.15522, 5.33514], [116.15715, 5.33309], [116.1604, 5.33569], [116.16024, 5.33729], [116.16354, 5.33588], [116.16593, 5.33746], [116.1707, 5.33431], [116.16977, 5.33045], [116.17188, 5.326], [116.1699, 5.31967], [116.168, 5.32021], [116.16507, 5.31499], [116.15659, 5.31372], [116.15088, 5.31455], [116.14705, 5.31013], [116.14019, 5.31176], [116.1389, 5.30632], [116.13534, 5.30382], [116.13511, 5.29879], [116.13016, 5.29857], [116.12625, 5.29463], [116.12169, 5.29504], [116.12083, 5.28678], [116.11487, 5.27978], [116.1137, 5.27463], [116.1099, 5.27214], [116.10559, 5.27448], [116.10358, 5.27384], [116.10264, 5.26991], [116.09561, 5.26176], [116.09488, 5.25098], [116.09034, 5.24303], [116.08593, 5.2399], [116.08244, 5.2336], [116.07774, 5.23266], [116.07409, 5.22518], [116.06559, 5.22561], [116.05963, 5.22201], [116.05541, 5.2225], [116.05379, 5.22129], [116.04813, 5.22666], [116.04594, 5.22569], [116.04417, 5.22777], [116.04144, 5.22688], [116.03955, 5.2283], [116.03729, 5.22543], [116.03124, 5.22615], [116.0253, 5.22309], [116.02309, 5.21944], [116.02035, 5.21924], [116.02077, 5.2154], [116.01555, 5.21143], [116.01367, 5.21133], [116.01226, 5.21359], [116.00769, 5.21416], [116.00631, 5.21287], [116.00141, 5.21718], [115.99524, 5.21518], [115.99466, 5.22012], [115.99109, 5.22539], [115.99236, 5.23134], [115.99025, 5.23022], [115.98793, 5.23306], [115.98356, 5.23309], [115.98267, 5.23567], [115.99253, 5.23784], [116.00347, 5.23812], [116.00888, 5.24378], [116.00902, 5.24852], [116.0051, 5.24885], [116.00339, 5.25423], [116.00074, 5.25469], [115.99647, 5.2525], [115.98878, 5.26554], [115.99428, 5.26633], [115.99502, 5.26838], [115.99704, 5.26784], [116.0012, 5.27007], [116.00375, 5.26855], [116.00513, 5.26981], [116.00762, 5.26898], [116.00909, 5.27152], [116.01116, 5.26976], [116.01293, 5.27144], [116.01616, 5.26904], [116.01674, 5.27242], [116.02374, 5.27786], [116.01637, 5.27696], [116.01484, 5.27538], [116.01223, 5.27702], [116.00848, 5.27478], [116.00319, 5.28092], [115.9968, 5.28097], [116.00352, 5.28661], [116.00298, 5.29079], [115.99991, 5.29246], [116.00697, 5.29397], [116.00779, 5.29651], [116.01124, 5.29462], [116.01426, 5.29621], [116.01601, 5.29446], [116.01797, 5.2948], [116.02006, 5.29709], [116.02329, 5.29545], [116.02769, 5.2968], [116.02869, 5.29942], [116.03434, 5.30028], [116.0337, 5.30465], [116.0372, 5.30524], [116.03684, 5.31374], [116.04236, 5.32253], [116.03894, 5.3259], [116.03881, 5.32844], [116.04281, 5.32928], [116.0404, 5.33492], [116.04052, 5.3404], [116.03513, 5.35116], [116.03818, 5.35576], [116.03659, 5.35637], [116.03774, 5.35851], [116.03519, 5.36339], [116.0368, 5.36584], [116.04003, 5.36694], [116.0402, 5.36875], [116.03868, 5.3702], [116.03503, 5.36994], [116.03417, 5.37521], [116.0313, 5.37872], [116.03015, 5.38425], [116.02689, 5.38717], [116.02599, 5.39208], [116.02359, 5.39259], [116.0186, 5.40315], [116.01135, 5.40891], [116.01362, 5.41769], [116.01159, 5.42117], [116.00995, 5.42129], [116.00696, 5.4298], [116.00892, 5.43503], [116.00706, 5.43797], [116.00687, 5.44365], [116.0087, 5.44632], [116.01899, 5.44302], [116.02307, 5.44409], [116.02865, 5.45143], [116.02857, 5.45651], [116.03035, 5.45912], [116.0347, 5.45634], [116.03877, 5.4565], [116.04528, 5.45961], [116.04947, 5.46576], [116.05969, 5.46731], [116.06415, 5.47353], [116.0672, 5.49401], [116.075, 5.5004], [116.07615, 5.51044], [116.07051, 5.51639], [116.06664, 5.51765], [116.06289, 5.5232], [116.06259, 5.534], [116.07231, 5.54986], [116.07674, 5.57014], [116.08768, 5.57533], [116.09567, 5.57639], [116.09922, 5.57827], [116.10205, 5.58309], [116.11246, 5.58195], [116.11354, 5.58038], [116.10205, 5.57577], [116.10519, 5.56947], [116.09749, 5.56769], [116.09407, 5.56214], [116.09017, 5.54439], [116.10241, 5.52678], [116.11042, 5.51872], [116.11086, 5.51524], [116.12019, 5.50997], [116.11707, 5.49076], [116.11925, 5.48702]]]]}}, {"type": "Feature", "properties": {"state": "Sabah", "seat": "N.42 Melalap", "seat_name": "Melalap"}, "geometry": {"type": "MultiPolygon", "coordinates": [[[[116.0087, 5.44632], [116.00659, 5.44069], [116.00892, 5.43503], [116.00682, 5.43053], [116.00995, 5.42129], [116.01159, 5.42117], [116.01362, 5.41769], [116.01135, 5.40891], [116.0186, 5.40315], [116.02359, 5.39259], [116.02599, 5.39208], [116.02689, 5.38717], [116.03015, 5.38425], [116.0313, 5.37872], [116.03417, 5.37521], [116.03503, 5.36994], [116.03868, 5.3702], [116.0402, 5.36875], [116.04003, 5.36694], [116.0368, 5.36584], [116.03519, 5.36339], [116.03774, 5.35851], [116.03659, 5.35637], [116.03818, 5.35576], [116.03513, 5.35116], [116.04074, 5.33971], [116.0404, 5.33492], [116.04281, 5.32928], [116.03926, 5.32889], [116.03859, 5.32699], [116.04236, 5.32253], [116.03684, 5.31374], [116.0372, 5.30524], [116.0337, 5.30465], [116.03434, 5.30028], [116.02869, 5.29942], [116.02769, 5.2968], [116.02329, 5.29545], [116.02006, 5.29709], [116.01797, 5.2948], [116.01601, 5.29446], [116.01426, 5.29621], [116.01124, 5.29462], [116.00779, 5.29651], [116.00697, 5.29397], [115.99991, 5.29246], [116.00298, 5.29079], [116.00352, 5.28661], [115.9968, 5.28097], [116.00319, 5.28092], [116.00848, 5.27478], [116.01223, 5.27702], [116.01484, 5.27538], [116.02186, 5.27809], [116.02374, 5.27786], [116.02331, 5.2763], [116.01674, 5.27242], [116.01616, 5.26904], [116.01293, 5.27144], [116.01116, 5.26976], [116.00909, 5.27152], [116.00762, 5.26898], [116.00513, 5.26981], [116.00375, 5.26855], [116.0012, 5.27007], [115.99704, 5.26784], [115.99502, 5.26838], [115.99428, 5.26633], [115.98878, 5.26554], [115.99647, 5.2525], [116.00074, 5.25469], [116.00339, 5.25423], [116.0051, 5.24885], [116.00902, 5.24852], [116.00888, 5.24378], [116.00347, 5.23812], [115.99253, 5.23784], [115.98267, 5.23567], [115.98283, 5.23412], [115.9856, 5.23231], [115.98793, 5.23306], [115.99025, 5.23022], [115.99236, 5.23134], [115.99109, 5.22539], [115.99466, 5.22012], [115.99524, 5.21518], [116.00141, 5.21718], [116.00631, 5.21287], [116.00769, 5.21416], [116.01226, 5.21359], [116.01367, 5.21133], [116.01771, 5.21233], [116.02077, 5.2154], [116.02035, 5.21924], [116.02309, 5.21944], [116.0253, 5.22309], [116.03124, 5.22615], [116.03729, 5.22543], [116.03818, 5.22798], [116.04417, 5.22777], [116.04594, 5.22569], [116.04813, 5.22666], [116.05379, 5.22129], [116.05168, 5.22028], [116.04593, 5.20907], [116.04999, 5.207], [116.04835, 5.20501], [116.04861, 5.19061], [116.04844, 5.18941], [116.04448, 5.19044], [116.0457, 5.18573], [116.04236, 5.18376], [116.04202, 5.18146], [116.04626, 5.17521], [116.04241, 5.16857], [116.04352, 5.16799], [116.04215, 5.15995], [116.04393, 5.15247], [116.04231, 5.15052], [116.04359, 5.14449], [116.03657, 5.13256], [116.03708, 5.12934], [116.04058, 5.12892], [116.04194, 5.12705], [116.04187, 5.12501], [116.03957, 5.12438], [116.03869, 5.12174], [116.03812, 5.11457], [116.04017, 5.11203], [116.03705, 5.10839], [116.03368, 5.1079], [116.03171, 5.1031], [116.03331, 5.10007], [116.03723, 5.09905], [116.03783, 5.09599], [116.0365, 5.09576], [116.03539, 5.09168], [116.0304, 5.0896], [116.03086, 5.08521], [116.0287, 5.08173], [116.03051, 5.08009], [116.03178, 5.07454], [116.02627, 5.0664], [116.024, 5.05477], [116.02553, 5.05186], [116.02424, 5.04822], [116.02658, 5.04485], [116.02198, 5.029], [116.01601, 5.0247], [116.01709, 5.01234], [116.01376, 5.00695], [116.01477, 5.00133], [116.0173, 4.99858], [116.0139, 4.9973], [116.0136, 4.99543], [116.00955, 4.99955], [116.00634, 4.99358], [115.951, 5.02507], [115.94857, 5.02501], [115.94503, 5.03698], [115.95035, 5.04108], [115.94818, 5.04713], [115.95414, 5.04713], [115.95616, 5.05014], [115.954, 5.05244], [115.9475, 5.0517], [115.95271, 5.05477], [115.95583, 5.06828], [115.95377, 5.07155], [115.95592, 5.0722], [115.95465, 5.07455], [115.95712, 5.07898], [115.95625, 5.08149], [115.95082, 5.08217], [115.94842, 5.08706], [115.95028, 5.089], [115.95174, 5.09564], [115.94896, 5.09736], [115.94635, 5.10294], [115.94354, 5.101], [115.93414, 5.10543], [115.92844, 5.11296], [115.92103, 5.11494], [115.9138, 5.11314], [115.89905, 5.12674], [115.89315, 5.12678], [115.88868, 5.13043], [115.88368, 5.13005], [115.87946, 5.13395], [115.87427, 5.13198], [115.86449, 5.13681], [115.82874, 5.14528], [115.79139, 5.15103], [115.78998, 5.15571], [115.7917, 5.16086], [115.78955, 5.16512], [115.80127, 5.18486], [115.80805, 5.20541], [115.80717, 5.21342], [115.8084, 5.21581], [115.81775, 5.22695], [115.82639, 5.22862], [115.83334, 5.23231], [115.83721, 5.2376], [115.83742, 5.24612], [115.84417, 5.25028], [115.85074, 5.25702], [115.85126, 5.2769], [115.85474, 5.28504], [115.86152, 5.29064], [115.86686, 5.29166], [115.88699, 5.30104], [115.91285, 5.29269], [115.92004, 5.2859], [115.9266, 5.28947], [115.94006, 5.31233], [115.94436, 5.33306], [115.94356, 5.34445], [115.94491, 5.36092], [115.95146, 5.36555], [115.98268, 5.36878], [115.98711, 5.3751], [115.98987, 5.38275], [115.99819, 5.39438], [115.99331, 5.41555], [115.99263, 5.43757], [115.99764, 5.44433], [116.00585, 5.44742], [116.0087, 5.44632]]]]}}, {"type": "Feature", "properties": {"state": "Sabah", "seat": "N.43 Kemabong", "seat_name": "Kemabong"}, "geometry": {"type": "MultiPolygon", "coordinates": [[[[115.8208, 5.14627], [115.86449, 5.13681], [115.87427, 5.13198], [115.87978, 5.13385], [115.88368, 5.13005], [115.88868, 5.13043], [115.89315, 5.12678], [115.89905, 5.12674], [115.9138, 5.11314], [115.92103, 5.11494], [115.92844, 5.11296], [115.93414, 5.10543], [115.94354, 5.101], [115.94635, 5.10294], [115.94896, 5.09736], [115.95174, 5.09564], [115.95028, 5.089], [115.94842, 5.08706], [115.95082, 5.08217], [115.95625, 5.08149], [115.95712, 5.07898], [115.95465, 5.07455], [115.95592, 5.0722], [115.95377, 5.07155], [115.95583, 5.06828], [115.95271, 5.05477], [115.9475, 5.0517], [115.954, 5.05244], [115.95616, 5.05014], [115.95414, 5.04713], [115.94818, 5.04713], [115.95035, 5.04108], [115.94503, 5.03698], [115.94857, 5.02501], [115.951, 5.02507], [116.00634, 4.99358], [116.00955, 4.99955], [116.0136, 4.99543], [116.00864, 4.99206], [116.00945, 4.9897], [116.01498, 4.98783], [116.01316, 4.98389], [116.01437, 4.98046], [116.01299, 4.97979], [116.0113, 4.98131], [116.0102, 4.97955], [116.01106, 4.97614], [116.00917, 4.97395], [116.01136, 4.97026], [116.00761, 4.96682], [116.00901, 4.96286], [116.01261, 4.9603], [116.00987, 4.95213], [116.01499, 4.9501], [116.01618, 4.94771], [116.02029, 4.94789], [116.01943, 4.94379], [116.02354, 4.94022], [116.02748, 4.94243], [116.02902, 4.94175], [116.0302, 4.93818], [116.02782, 4.93426], [116.02781, 4.9273], [116.03309, 4.9246], [116.03376, 4.92598], [116.03628, 4.91828], [116.04035, 4.91608], [116.04018, 4.9112], [116.04409, 4.91306], [116.0463, 4.91187], [116.04409, 4.90764], [116.04511, 4.90594], [116.04697, 4.90577], [116.04833, 4.90307], [116.05084, 4.90307], [116.05255, 4.90034], [116.05565, 4.90135], [116.05786, 4.89327], [116.06227, 4.89266], [116.06124, 4.89032], [116.06358, 4.88857], [116.06937, 4.88886], [116.07077, 4.88555], [116.06963, 4.88337], [116.07176, 4.88167], [116.07228, 4.87299], [116.07531, 4.87388], [116.07759, 4.8727], [116.07499, 4.86938], [116.07616, 4.86697], [116.07758, 4.86762], [116.07819, 4.86591], [116.08446, 4.86408], [116.0832, 4.86178], [116.0981, 4.82215], [116.12315, 4.80689], [116.13083, 4.7858], [116.13894, 4.779], [116.14201, 4.77089], [116.13265, 4.73496], [116.13425, 4.71461], [116.13034, 4.69885], [116.13071, 4.69493], [116.12923, 4.69419], [116.13012, 4.68954], [116.12376, 4.68422], [116.12539, 4.67934], [116.11911, 4.66574], [116.11763, 4.65377], [116.10588, 4.64638], [116.10388, 4.62924], [116.10817, 4.62658], [116.10536, 4.62503], [116.10677, 4.62333], [116.10544, 4.62088], [116.08425, 4.61661], [116.07968, 4.6113], [116.07711, 4.60411], [116.0715, 4.60037], [116.07153, 4.59701], [116.06836, 4.59357], [116.06633, 4.59649], [116.06182, 4.59819], [116.05556, 4.60986], [116.0463, 4.60661], [116.04283, 4.58969], [116.03803, 4.58814], [116.03352, 4.59095], [116.03086, 4.58814], [116.03197, 4.586], [116.02945, 4.58297], [116.03027, 4.58119], [116.02805, 4.57558], [116.03019, 4.56981], [116.03056, 4.56087], [116.02465, 4.54971], [116.02436, 4.54402], [116.02029, 4.54358], [116.01697, 4.5404], [116.01475, 4.53397], [116.01495, 4.52908], [116.01796, 4.52709], [116.0179, 4.51709], [116.01265, 4.50984], [116.00423, 4.50789], [116.00135, 4.50478], [116.00234, 4.50722], [115.99896, 4.50789], [115.99763, 4.51193], [115.99475, 4.50722], [115.9912, 4.50694], [115.98454, 4.50312], [115.98099, 4.5046], [115.97606, 4.50342], [115.97478, 4.50608], [115.97045, 4.50874], [115.9647, 4.50487], [115.96086, 4.49728], [115.96056, 4.48901], [115.95672, 4.48428], [115.95514, 4.47945], [115.95076, 4.47546], [115.95388, 4.46968], [115.94883, 4.46336], [115.95116, 4.45987], [115.9531, 4.46025], [115.95421, 4.45736], [115.95216, 4.45599], [115.95227, 4.45416], [115.94606, 4.4515], [115.94653, 4.44366], [115.94495, 4.44091], [115.94634, 4.43914], [115.93067, 4.42953], [115.92827, 4.41967], [115.90794, 4.39186], [115.90235, 4.39275], [115.90135, 4.39487], [115.89507, 4.3924], [115.8794, 4.39097], [115.87743, 4.38809], [115.86954, 4.40338], [115.87077, 4.40846], [115.87511, 4.40861], [115.87738, 4.42522], [115.87648, 4.43041], [115.86759, 4.44933], [115.86754, 4.45694], [115.86481, 4.46451], [115.86534, 4.47274], [115.87148, 4.49463], [115.87398, 4.49784], [115.87112, 4.5072], [115.8724, 4.51025], [115.86954, 4.51035], [115.86369, 4.5141], [115.86204, 4.51953], [115.85714, 4.52527], [115.85836, 4.55728], [115.8605, 4.5629], [115.85991, 4.568], [115.86412, 4.57354], [115.86419, 4.5792], [115.86191, 4.58293], [115.84958, 4.58947], [115.83881, 4.60044], [115.83174, 4.61531], [115.82292, 4.62455], [115.82057, 4.63436], [115.83841, 4.65868], [115.83324, 4.67131], [115.83536, 4.68591], [115.83811, 4.6919], [115.83774, 4.71324], [115.82957, 4.71432], [115.82373, 4.71144], [115.82085, 4.71477], [115.8198, 4.72069], [115.81656, 4.72267], [115.81945, 4.72753], [115.81906, 4.73778], [115.82142, 4.74041], [115.81827, 4.74356], [115.81971, 4.74724], [115.81906, 4.75131], [115.81998, 4.75263], [115.82431, 4.75276], [115.82865, 4.76221], [115.83259, 4.76471], [115.83535, 4.77745], [115.83036, 4.78192], [115.82536, 4.80176], [115.82825, 4.8053], [115.82852, 4.81384], [115.83377, 4.81489], [115.84165, 4.81187], [115.84341, 4.81287], [115.84323, 4.8191], [115.8484, 4.831], [115.84402, 4.83539], [115.8452, 4.84222], [115.84389, 4.84774], [115.8487, 4.85704], [115.84387, 4.86464], [115.81507, 4.87546], [115.8142, 4.88237], [115.81368, 4.90212], [115.82165, 4.91584], [115.82841, 4.96048], [115.83278, 4.96885], [115.83654, 5.00216], [115.82604, 5.00183], [115.82208, 4.9993], [115.81579, 5.00163], [115.81254, 5.00537], [115.80949, 5.01267], [115.8153, 5.02656], [115.81688, 5.02892], [115.81973, 5.02922], [115.81776, 5.0371], [115.81569, 5.03809], [115.81146, 5.0369], [115.80732, 5.03947], [115.80288, 5.03888], [115.80259, 5.04617], [115.8004, 5.04907], [115.79635, 5.05092], [115.79155, 5.04944], [115.78221, 5.05343], [115.78076, 5.0554], [115.77482, 5.05191], [115.77419, 5.04917], [115.77167, 5.04894], [115.76923, 5.05165], [115.77061, 5.05403], [115.76785, 5.0566], [115.76901, 5.05947], [115.77228, 5.05841], [115.77543, 5.06135], [115.78242, 5.06323], [115.78336, 5.06939], [115.78181, 5.07022], [115.78225, 5.07393], [115.78297, 5.07521], [115.7858, 5.07376], [115.78491, 5.07709], [115.78657, 5.08025], [115.7852, 5.08216], [115.78978, 5.08807], [115.7903, 5.09155], [115.7801, 5.09591], [115.78425, 5.10175], [115.78305, 5.10799], [115.78455, 5.11126], [115.78191, 5.11469], [115.78194, 5.1214], [115.77989, 5.12849], [115.78145, 5.13404], [115.78582, 5.13886], [115.78688, 5.1444], [115.78942, 5.14557], [115.79139, 5.15103], [115.8208, 5.14627]]]]}}, {"type": "Feature", "properties": {"state": "Sabah", "seat": "N.44 Tulid", "seat_name": "Tulid"}, "geometry": {"type": "MultiPolygon", "coordinates": [[[[116.67252, 5.52768], [116.67156, 5.52147], [116.66898, 5.51776], [116.6677, 5.50386], [116.65223, 5.4871], [116.65412, 5.47866], [116.65315, 5.4746], [116.65642, 5.47067], [116.65805, 5.4708], [116.6561, 5.46711], [116.65181, 5.46424], [116.65752, 5.45857], [116.66491, 5.45542], [116.6683, 5.44863], [116.67179, 5.44989], [116.67838, 5.44586], [116.67888, 5.43736], [116.67708, 5.42857], [116.67099, 5.42659], [116.66537, 5.42692], [116.64128, 5.41943], [116.63265, 5.42387], [116.62898, 5.42308], [116.6271, 5.42641], [116.62539, 5.425], [116.62422, 5.4268], [116.62356, 5.4254], [116.62064, 5.42795], [116.61573, 5.42597], [116.6065, 5.42607], [116.60047, 5.42295], [116.59177, 5.42381], [116.58923, 5.42071], [116.59053, 5.41429], [116.59598, 5.41083], [116.59547, 5.40959], [116.59286, 5.41036], [116.59381, 5.40054], [116.59293, 5.39785], [116.59075, 5.39702], [116.59326, 5.38723], [116.59527, 5.38574], [116.59399, 5.38362], [116.59256, 5.38411], [116.59069, 5.36076], [116.58679, 5.35714], [116.57413, 5.35749], [116.56919, 5.35242], [116.56809, 5.34658], [116.57679, 5.33376], [116.57747, 5.328], [116.5803, 5.32779], [116.58117, 5.32587], [116.58072, 5.31825], [116.58194, 5.31578], [116.58757, 5.31065], [116.59022, 5.31063], [116.59041, 5.30828], [116.59477, 5.3041], [116.59198, 5.29451], [116.58687, 5.28958], [116.55933, 5.29072], [116.54823, 5.28742], [116.54671, 5.28537], [116.54743, 5.2737], [116.54006, 5.27178], [116.5373, 5.27341], [116.53471, 5.27293], [116.53435, 5.26893], [116.53705, 5.26687], [116.53584, 5.26277], [116.53284, 5.26314], [116.52916, 5.26058], [116.52637, 5.2558], [116.51777, 5.25682], [116.512, 5.26024], [116.51005, 5.25883], [116.50755, 5.25954], [116.49604, 5.23955], [116.49129, 5.24272], [116.48772, 5.23971], [116.48495, 5.22134], [116.48144, 5.2172], [116.47942, 5.21794], [116.4738, 5.2139], [116.47166, 5.21432], [116.47132, 5.21274], [116.46031, 5.21033], [116.45728, 5.21124], [116.4506, 5.2144], [116.45006, 5.21831], [116.44582, 5.21929], [116.44441, 5.21775], [116.44342, 5.22021], [116.44487, 5.221], [116.43226, 5.22569], [116.42807, 5.22508], [116.42728, 5.22295], [116.4191, 5.22267], [116.41652, 5.22485], [116.41702, 5.23419], [116.41853, 5.23647], [116.41536, 5.23893], [116.41629, 5.24282], [116.40629, 5.24182], [116.40068, 5.24541], [116.39804, 5.24398], [116.39461, 5.24551], [116.38392, 5.2452], [116.36051, 5.25647], [116.35508, 5.25408], [116.33996, 5.25539], [116.32874, 5.26096], [116.32413, 5.26024], [116.3178, 5.26177], [116.31975, 5.26565], [116.31953, 5.26915], [116.30977, 5.27813], [116.30187, 5.27949], [116.29902, 5.27708], [116.28493, 5.27326], [116.28008, 5.26836], [116.27083, 5.26838], [116.26906, 5.26309], [116.26154, 5.2649], [116.25648, 5.26284], [116.25038, 5.26793], [116.24026, 5.26731], [116.23774, 5.26518], [116.23449, 5.26535], [116.23108, 5.26793], [116.21997, 5.27009], [116.21857, 5.27816], [116.21962, 5.28022], [116.20973, 5.28949], [116.20579, 5.30031], [116.19431, 5.29845], [116.19401, 5.30076], [116.18833, 5.30424], [116.18409, 5.30198], [116.17836, 5.30188], [116.16431, 5.30732], [116.16506, 5.30859], [116.16299, 5.31241], [116.16851, 5.31503], [116.17188, 5.326], [116.16977, 5.33045], [116.17106, 5.33515], [116.17398, 5.33598], [116.17963, 5.33279], [116.18028, 5.3381], [116.18587, 5.33605], [116.19415, 5.34091], [116.20123, 5.3549], [116.20533, 5.35701], [116.20326, 5.36111], [116.2067, 5.36462], [116.20456, 5.36998], [116.20883, 5.37286], [116.20684, 5.3777], [116.21367, 5.38097], [116.21421, 5.38504], [116.22197, 5.38877], [116.22347, 5.3916], [116.22721, 5.39244], [116.22832, 5.40026], [116.23295, 5.40175], [116.23565, 5.41137], [116.24048, 5.41062], [116.24295, 5.42121], [116.25151, 5.4271], [116.25584, 5.42752], [116.25831, 5.42485], [116.26119, 5.42847], [116.26285, 5.43648], [116.27366, 5.45366], [116.27687, 5.45525], [116.28153, 5.45131], [116.28526, 5.45029], [116.29027, 5.45168], [116.29157, 5.45431], [116.29986, 5.45316], [116.29682, 5.45853], [116.29457, 5.45818], [116.29996, 5.46492], [116.31339, 5.46269], [116.32185, 5.46376], [116.333, 5.45769], [116.33538, 5.46605], [116.33995, 5.46694], [116.34517, 5.46668], [116.34245, 5.46318], [116.35975, 5.45434], [116.36359, 5.4572], [116.36599, 5.47108], [116.36725, 5.47197], [116.37017, 5.47133], [116.37247, 5.46593], [116.3814, 5.46297], [116.38379, 5.46731], [116.37844, 5.47754], [116.37845, 5.48095], [116.38791, 5.4932], [116.38701, 5.4987], [116.3954, 5.50661], [116.39405, 5.51314], [116.39739, 5.51694], [116.40155, 5.51728], [116.40542, 5.52007], [116.40626, 5.51846], [116.41088, 5.51911], [116.41919, 5.52441], [116.42514, 5.52468], [116.43271, 5.52076], [116.43886, 5.52434], [116.43848, 5.52612], [116.44044, 5.52732], [116.44327, 5.5252], [116.44682, 5.52579], [116.44979, 5.52934], [116.45524, 5.5299], [116.46003, 5.53559], [116.46337, 5.5325], [116.46554, 5.5336], [116.46816, 5.53132], [116.471, 5.53174], [116.47621, 5.53899], [116.47988, 5.53934], [116.48254, 5.53654], [116.4911, 5.53748], [116.49446, 5.53917], [116.49515, 5.54247], [116.50651, 5.5426], [116.51186, 5.54565], [116.51222, 5.54861], [116.51649, 5.54857], [116.52166, 5.55246], [116.5245, 5.55093], [116.53202, 5.55391], [116.53392, 5.55623], [116.55109, 5.55603], [116.55702, 5.56261], [116.56491, 5.56517], [116.56163, 5.56531], [116.5664, 5.56846], [116.57138, 5.56566], [116.58099, 5.56564], [116.58346, 5.5635], [116.58942, 5.56512], [116.59858, 5.55893], [116.60649, 5.55677], [116.61146, 5.55874], [116.61793, 5.55814], [116.61973, 5.56057], [116.62333, 5.56153], [116.63045, 5.5608], [116.64013, 5.54033], [116.64378, 5.54376], [116.65034, 5.54093], [116.65291, 5.54364], [116.66436, 5.54194], [116.66254, 5.53728], [116.66329, 5.53394], [116.66625, 5.53337], [116.67252, 5.52768]]]]}}, {"type": "Feature", "properties": {"state": "Sabah", "seat": "N.45 Sook", "seat_name": "Sook"}, "geometry": {"type": "MultiPolygon", "coordinates": [[[[116.16986, 5.31971], [116.16837, 5.31483], [116.16299, 5.31241], [116.16506, 5.30859], [116.16501, 5.30811], [116.16459, 5.30765], [116.16431, 5.30732], [116.16432, 5.30731], [116.17836, 5.30188], [116.18409, 5.30198], [116.18833, 5.30424], [116.19401, 5.30076], [116.19431, 5.29845], [116.20579, 5.30031], [116.20973, 5.28949], [116.21962, 5.28022], [116.21857, 5.27816], [116.21997, 5.27009], [116.23108, 5.26793], [116.23449, 5.26535], [116.23774, 5.26518], [116.24026, 5.26731], [116.25038, 5.26793], [116.25648, 5.26284], [116.26154, 5.2649], [116.26906, 5.26309], [116.27083, 5.26838], [116.28008, 5.26836], [116.28493, 5.27326], [116.29902, 5.27708], [116.30187, 5.27949], [116.30977, 5.27813], [116.318, 5.27169], [116.31975, 5.26565], [116.3178, 5.26177], [116.32413, 5.26024], [116.32874, 5.26096], [116.33996, 5.25539], [116.35508, 5.25408], [116.36051, 5.25647], [116.38392, 5.2452], [116.39461, 5.24551], [116.39804, 5.24398], [116.40068, 5.24541], [116.40629, 5.24182], [116.41629, 5.24282], [116.41536, 5.23893], [116.41853, 5.23647], [116.41702, 5.23419], [116.41652, 5.22485], [116.4191, 5.22267], [116.42728, 5.22295], [116.42807, 5.22508], [116.43089, 5.22569], [116.43789, 5.22442], [116.44487, 5.221], [116.44342, 5.22021], [116.44441, 5.21775], [116.44582, 5.21929], [116.45006, 5.21831], [116.4506, 5.2144], [116.45534, 5.21266], [116.45262, 5.20967], [116.45349, 5.20863], [116.45019, 5.2025], [116.45495, 5.19911], [116.46078, 5.19019], [116.46159, 5.17632], [116.46662, 5.17326], [116.46984, 5.16628], [116.46711, 5.16212], [116.46691, 5.15634], [116.46915, 5.14561], [116.47261, 5.14305], [116.47025, 5.13577], [116.47464, 5.13192], [116.47222, 5.13079], [116.47249, 5.12862], [116.4717, 5.1306], [116.46724, 5.12909], [116.46559, 5.13119], [116.4622, 5.1301], [116.45498, 5.13187], [116.45331, 5.12954], [116.45508, 5.12483], [116.45286, 5.12312], [116.44804, 5.12472], [116.45009, 5.1196], [116.44363, 5.11498], [116.44292, 5.10931], [116.43848, 5.10382], [116.43848, 5.10099], [116.43402, 5.09877], [116.43085, 5.09899], [116.43008, 5.09626], [116.42665, 5.09588], [116.42483, 5.09401], [116.42071, 5.09591], [116.41182, 5.09052], [116.41022, 5.0917], [116.40506, 5.09102], [116.40216, 5.08781], [116.3978, 5.08993], [116.39181, 5.08997], [116.3898, 5.08642], [116.39046, 5.0843], [116.38815, 5.08152], [116.38632, 5.08156], [116.38441, 5.08471], [116.38475, 5.07965], [116.38262, 5.07862], [116.38356, 5.07619], [116.37262, 5.07333], [116.36995, 5.07104], [116.36971, 5.06714], [116.36676, 5.06656], [116.36724, 5.06372], [116.37099, 5.06006], [116.37375, 5.05001], [116.36719, 5.04666], [116.36654, 5.03823], [116.36448, 5.03598], [116.36328, 5.02807], [116.34197, 5.01867], [116.33015, 5.00761], [116.32599, 5.0063], [116.32419, 5.00739], [116.3066, 5.00689], [116.29826, 5.01047], [116.29251, 5.00928], [116.29114, 5.01527], [116.2859, 5.01336], [116.28344, 5.01472], [116.28356, 5.02434], [116.28133, 5.02572], [116.27996, 5.02309], [116.27814, 5.02392], [116.27601, 5.02271], [116.2757, 5.01756], [116.27203, 5.01744], [116.27071, 5.0143], [116.2676, 5.01381], [116.26532, 5.01039], [116.26181, 5.01091], [116.2596, 5.01319], [116.25584, 5.00796], [116.25241, 5.00863], [116.25122, 5.00417], [116.24409, 5.00766], [116.24072, 5.00748], [116.23989, 5.00197], [116.23139, 4.99397], [116.23297, 4.98047], [116.22859, 4.97159], [116.23156, 4.96346], [116.22751, 4.95842], [116.22898, 4.95168], [116.22585, 4.94987], [116.21985, 4.9495], [116.21911, 4.94623], [116.21456, 4.94513], [116.21364, 4.94097], [116.2089, 4.93628], [116.2067, 4.93747], [116.20032, 4.93549], [116.1996, 4.93045], [116.19558, 4.92741], [116.19688, 4.92268], [116.19287, 4.91993], [116.19348, 4.91613], [116.191, 4.9118], [116.191, 4.90506], [116.18756, 4.90431], [116.18626, 4.902], [116.18829, 4.89976], [116.18751, 4.88994], [116.18367, 4.88875], [116.18258, 4.8855], [116.18096, 4.88528], [116.18055, 4.88036], [116.1769, 4.8805], [116.17741, 4.87602], [116.17358, 4.8745], [116.17336, 4.87054], [116.16881, 4.86881], [116.16916, 4.86336], [116.16386, 4.86165], [116.16414, 4.85637], [116.16209, 4.8568], [116.16198, 4.85884], [116.15784, 4.85714], [116.15501, 4.85908], [116.14861, 4.85444], [116.14892, 4.85573], [116.1408, 4.85458], [116.1318, 4.85734], [116.12909, 4.85632], [116.12742, 4.86275], [116.12611, 4.86325], [116.12144, 4.86041], [116.12081, 4.85664], [116.11236, 4.8632], [116.09788, 4.85867], [116.09065, 4.86022], [116.07819, 4.86591], [116.07758, 4.86762], [116.07616, 4.86697], [116.07499, 4.86938], [116.07776, 4.87245], [116.07531, 4.87388], [116.07228, 4.87299], [116.07176, 4.88167], [116.06963, 4.88337], [116.07077, 4.88555], [116.06937, 4.88886], [116.06358, 4.88857], [116.06124, 4.89032], [116.06227, 4.89266], [116.05786, 4.89327], [116.05565, 4.90135], [116.05255, 4.90034], [116.05084, 4.90307], [116.04833, 4.90307], [116.04697, 4.90577], [116.04511, 4.90594], [116.04409, 4.90764], [116.0463, 4.91187], [116.04409, 4.91306], [116.04018, 4.9112], [116.04035, 4.91608], [116.03628, 4.91828], [116.03376, 4.92598], [116.03309, 4.9246], [116.02781, 4.9273], [116.02782, 4.93426], [116.0302, 4.93818], [116.02902, 4.94175], [116.02748, 4.94243], [116.02354, 4.94022], [116.01943, 4.94379], [116.02029, 4.94789], [116.01618, 4.94771], [116.01499, 4.9501], [116.00987, 4.95213], [116.01261, 4.9603], [116.00901, 4.96286], [116.00761, 4.96682], [116.01136, 4.97026], [116.00917, 4.97395], [116.01106, 4.97614], [116.0102, 4.97955], [116.0113, 4.98131], [116.01299, 4.97979], [116.01437, 4.98046], [116.01316, 4.98389], [116.01498, 4.98783], [116.00945, 4.9897], [116.00864, 4.99206], [116.01047, 4.99415], [116.01309, 4.99439], [116.0139, 4.9973], [116.0173, 4.99858], [116.01477, 5.00133], [116.01376, 5.00695], [116.01709, 5.01234], [116.01601, 5.0247], [116.02198, 5.029], [116.02658, 5.04485], [116.02424, 5.04822], [116.02553, 5.05186], [116.024, 5.05477], [116.02627, 5.0664], [116.03178, 5.07454], [116.03051, 5.08009], [116.0287, 5.08173], [116.03086, 5.08521], [116.0304, 5.0896], [116.03539, 5.09168], [116.0365, 5.09576], [116.03783, 5.09599], [116.03723, 5.09905], [116.03331, 5.10007], [116.03171, 5.1031], [116.03368, 5.1079], [116.03705, 5.10839], [116.04017, 5.11203], [116.03812, 5.11457], [116.03869, 5.12174], [116.03957, 5.12438], [116.04187, 5.12501], [116.04194, 5.12705], [116.04058, 5.12892], [116.03708, 5.12934], [116.03657, 5.13256], [116.04359, 5.14449], [116.04231, 5.15052], [116.04393, 5.15247], [116.04215, 5.15995], [116.04352, 5.16799], [116.04241, 5.16857], [116.04626, 5.17521], [116.04202, 5.18146], [116.04236, 5.18376], [116.0457, 5.18573], [116.04448, 5.19044], [116.04844, 5.18941], [116.04835, 5.20501], [116.04999, 5.207], [116.04593, 5.20907], [116.05217, 5.22066], [116.05541, 5.2225], [116.05963, 5.22201], [116.06559, 5.22561], [116.07324, 5.22473], [116.07774, 5.23266], [116.08253, 5.23369], [116.09468, 5.25037], [116.09561, 5.26176], [116.10264, 5.26991], [116.10358, 5.27384], [116.10559, 5.27448], [116.1099, 5.27214], [116.11364, 5.27455], [116.11487, 5.27978], [116.12083, 5.28678], [116.12155, 5.2949], [116.12625, 5.29463], [116.13016, 5.29857], [116.13511, 5.29879], [116.13534, 5.30382], [116.1389, 5.30632], [116.14003, 5.31165], [116.14297, 5.31205], [116.14671, 5.31007], [116.15105, 5.31461], [116.15659, 5.31372], [116.16507, 5.31499], [116.168, 5.32021], [116.16986, 5.31971]]]]}}, {"type": "Feature", "properties": {"state": "Sabah", "seat": "N.46 Nabawan", "seat_name": "Nabawan"}, "geometry": {"type": "MultiPolygon", "coordinates": [[[[116.46133, 5.1302], [116.46559, 5.13119], [116.46724, 5.12909], [116.4717, 5.1306], [116.4786, 5.11323], [116.48864, 5.09387], [116.4906, 5.09473], [116.51094, 5.08924], [116.51577, 5.0802], [116.52553, 5.07144], [116.52955, 5.06089], [116.53172, 5.05916], [116.5312, 5.05408], [116.54559, 5.053], [116.54336, 5.04536], [116.54571, 5.0414], [116.54131, 5.03581], [116.54205, 5.00822], [116.54491, 5.00777], [116.54828, 5.00999], [116.55213, 5.00541], [116.55387, 4.99986], [116.54146, 4.97944], [116.52386, 4.9656], [116.52629, 4.95162], [116.52436, 4.94784], [116.52577, 4.93651], [116.53091, 4.92804], [116.53336, 4.91052], [116.53274, 4.89948], [116.5246, 4.88891], [116.55657, 4.80811], [116.57138, 4.8035], [116.572, 4.7948], [116.5754, 4.79152], [116.59301, 4.78849], [116.59489, 4.78638], [116.59216, 4.77557], [116.58899, 4.76988], [116.5906, 4.7649], [116.58161, 4.75471], [116.57935, 4.74634], [116.584, 4.74523], [116.60619, 4.73286], [116.62068, 4.73028], [116.62911, 4.73954], [116.6285, 4.75071], [116.63124, 4.7552], [116.6414, 4.76428], [116.64497, 4.77582], [116.65522, 4.77574], [116.66308, 4.77882], [116.66991, 4.79009], [116.68455, 4.79967], [116.6973, 4.80114], [116.70958, 4.79853], [116.74118, 4.79646], [116.75227, 4.78523], [116.7594, 4.78191], [116.76688, 4.78351], [116.77053, 4.80676], [116.79191, 4.79994], [116.80146, 4.78611], [116.80157, 4.76872], [116.82771, 4.745], [116.83106, 4.7301], [116.83875, 4.72072], [116.85098, 4.72072], [116.86802, 4.71125], [116.8781, 4.68081], [116.87088, 4.67062], [116.87421, 4.65979], [116.8674, 4.64954], [116.87034, 4.64814], [116.87109, 4.64428], [116.86835, 4.63997], [116.86819, 4.63445], [116.87298, 4.62339], [116.86928, 4.60943], [116.87557, 4.59007], [116.88501, 4.59046], [116.89844, 4.58407], [116.90966, 4.5842], [116.91813, 4.58029], [116.93104, 4.58303], [116.93874, 4.58159], [116.94739, 4.58585], [116.95639, 4.58555], [116.96324, 4.58135], [116.97145, 4.58223], [116.97634, 4.58037], [116.98916, 4.58017], [117.00109, 4.56941], [117.00832, 4.55582], [117.01419, 4.55416], [117.02534, 4.53998], [117.03581, 4.54066], [117.03874, 4.53792], [117.04393, 4.53753], [117.05684, 4.54252], [117.07092, 4.55641], [117.07415, 4.56169], [117.08549, 4.56854], [117.10479, 4.56553], [117.1206, 4.56639], [117.14219, 4.54675], [117.12503, 4.54057], [117.11682, 4.53589], [117.09285, 4.53683], [117.07388, 4.50623], [117.06189, 4.49577], [117.05213, 4.46927], [117.04063, 4.45997], [117.03971, 4.45718], [117.03742, 4.4562], [117.03498, 4.44833], [117.03176, 4.44759], [117.02593, 4.4391], [117.03499, 4.42588], [117.04433, 4.41722], [117.04429, 4.4063], [117.03327, 4.39625], [117.02236, 4.38141], [117.00779, 4.37504], [116.98294, 4.37957], [116.9692, 4.36433], [116.95397, 4.3552], [116.94516, 4.35679], [116.94092, 4.35345], [116.92949, 4.35979], [116.92454, 4.3605], [116.92054, 4.36571], [116.90326, 4.36506], [116.8854, 4.34803], [116.87892, 4.34678], [116.87271, 4.34292], [116.86265, 4.34113], [116.86, 4.33635], [116.84845, 4.33759], [116.84193, 4.32658], [116.83631, 4.32718], [116.82538, 4.33317], [116.81833, 4.34361], [116.81149, 4.34902], [116.7974, 4.33741], [116.79146, 4.33699], [116.78669, 4.34068], [116.78163, 4.35431], [116.77121, 4.37213], [116.75264, 4.38699], [116.74036, 4.37889], [116.73932, 4.36506], [116.73156, 4.34965], [116.70662, 4.33827], [116.69994, 4.33235], [116.69551, 4.33687], [116.67774, 4.3378], [116.66714, 4.35033], [116.6653, 4.35066], [116.65825, 4.34743], [116.65033, 4.34087], [116.65153, 4.33572], [116.64748, 4.33635], [116.64436, 4.33951], [116.64096, 4.33558], [116.63855, 4.33516], [116.63286, 4.33688], [116.62934, 4.33409], [116.62425, 4.33732], [116.61839, 4.33599], [116.61557, 4.33927], [116.6154, 4.34211], [116.61829, 4.35591], [116.61407, 4.36253], [116.61356, 4.37015], [116.61073, 4.37735], [116.60995, 4.37611], [116.6035, 4.37751], [116.59474, 4.37287], [116.5854, 4.37307], [116.56833, 4.40644], [116.56472, 4.40753], [116.56175, 4.39915], [116.56255, 4.39054], [116.55464, 4.38448], [116.54796, 4.38518], [116.54491, 4.37974], [116.53761, 4.37763], [116.53413, 4.37157], [116.53072, 4.34958], [116.52785, 4.34577], [116.5396, 4.33403], [116.53629, 4.31989], [116.52367, 4.3266], [116.51422, 4.32411], [116.50484, 4.3256], [116.49741, 4.33376], [116.49233, 4.33323], [116.48795, 4.33553], [116.48415, 4.32933], [116.48543, 4.32096], [116.48035, 4.31388], [116.48235, 4.30996], [116.47615, 4.30175], [116.46771, 4.30021], [116.46567, 4.29703], [116.4615, 4.2964], [116.45938, 4.2944], [116.4559, 4.29744], [116.45242, 4.29629], [116.44686, 4.29083], [116.44178, 4.28931], [116.4373, 4.29043], [116.43617, 4.29972], [116.42645, 4.30661], [116.42838, 4.3139], [116.42804, 4.33125], [116.41942, 4.33161], [116.41601, 4.33515], [116.40657, 4.34604], [116.40311, 4.35352], [116.40268, 4.35813], [116.39403, 4.3626], [116.39211, 4.35955], [116.38626, 4.35755], [116.38078, 4.36376], [116.38173, 4.36921], [116.37949, 4.3736], [116.36837, 4.37862], [116.3642, 4.37895], [116.35829, 4.3869], [116.35407, 4.38939], [116.34757, 4.39062], [116.33813, 4.38499], [116.3243, 4.38474], [116.31989, 4.38115], [116.31751, 4.37484], [116.3063, 4.36943], [116.29128, 4.37288], [116.28408, 4.36602], [116.28262, 4.36185], [116.27722, 4.35961], [116.27011, 4.36292], [116.26101, 4.36153], [116.25228, 4.37217], [116.25186, 4.37642], [116.24305, 4.37503], [116.2384, 4.37833], [116.22901, 4.37795], [116.22498, 4.38034], [116.22169, 4.38034], [116.2209, 4.38231], [116.21624, 4.37964], [116.2108, 4.37913], [116.20746, 4.37692], [116.20467, 4.37228], [116.20241, 4.37193], [116.20005, 4.37341], [116.19818, 4.37792], [116.1908, 4.37845], [116.18869, 4.38212], [116.17979, 4.37934], [116.17463, 4.37978], [116.17477, 4.3869], [116.16849, 4.39073], [116.16632, 4.3899], [116.16011, 4.37605], [116.15946, 4.35993], [116.15471, 4.33926], [116.14917, 4.33931], [116.14688, 4.3363], [116.14069, 4.33692], [116.13978, 4.33125], [116.13569, 4.33242], [116.13216, 4.32914], [116.12972, 4.33182], [116.12117, 4.33282], [116.11406, 4.3359], [116.11089, 4.3352], [116.11038, 4.32609], [116.10766, 4.31995], [116.1011, 4.31519], [116.09759, 4.30949], [116.09355, 4.31], [116.09088, 4.30201], [116.08959, 4.30679], [116.08741, 4.30578], [116.08833, 4.29845], [116.08387, 4.28563], [116.0844, 4.2791], [116.08084, 4.27388], [116.07543, 4.27377], [116.07152, 4.27628], [116.06842, 4.27362], [116.06385, 4.27937], [116.05798, 4.28109], [116.05702, 4.27949], [116.05373, 4.28574], [116.05239, 4.28354], [116.04812, 4.28207], [116.05076, 4.28695], [116.05102, 4.29295], [116.04963, 4.29374], [116.04348, 4.28895], [116.03568, 4.28998], [116.03174, 4.29225], [116.0345, 4.29743], [116.03016, 4.30171], [116.03055, 4.3167], [116.03292, 4.31808], [116.03272, 4.3212], [116.02898, 4.32397], [116.02819, 4.32846], [116.02523, 4.33104], [116.02582, 4.33347], [116.02049, 4.33056], [116.01985, 4.33631], [116.01746, 4.33357], [116.01534, 4.33622], [116.01126, 4.33489], [116.00859, 4.33872], [116.00511, 4.33624], [116.00371, 4.34382], [116.00093, 4.34845], [115.9967, 4.34971], [115.99224, 4.34789], [115.99069, 4.35148], [115.98609, 4.34962], [115.98011, 4.3513], [115.97878, 4.34896], [115.97756, 4.35154], [115.97321, 4.35112], [115.97278, 4.35585], [115.96953, 4.35644], [115.9625, 4.35066], [115.96053, 4.35636], [115.95752, 4.35966], [115.95021, 4.35822], [115.94776, 4.35563], [115.94236, 4.35712], [115.93799, 4.354], [115.92946, 4.35436], [115.92634, 4.35603], [115.92259, 4.36148], [115.91659, 4.3627], [115.91709, 4.36996], [115.91427, 4.37654], [115.91568, 4.38016], [115.91361, 4.38412], [115.90734, 4.38427], [115.90235, 4.39275], [115.90794, 4.39186], [115.91151, 4.39549], [115.92827, 4.41967], [115.93067, 4.42953], [115.94634, 4.43914], [115.94495, 4.44091], [115.94653, 4.44366], [115.94606, 4.4515], [115.95227, 4.45416], [115.95216, 4.45599], [115.95421, 4.45736], [115.9531, 4.46025], [115.95116, 4.45987], [115.94883, 4.46336], [115.95388, 4.46968], [115.95076, 4.47546], [115.95514, 4.47945], [115.95672, 4.48428], [115.96056, 4.48901], [115.96086, 4.49728], [115.9647, 4.50487], [115.97045, 4.50874], [115.97478, 4.50608], [115.97606, 4.50342], [115.98099, 4.5046], [115.98454, 4.50312], [115.9912, 4.50694], [115.99475, 4.50722], [115.99763, 4.51193], [115.99896, 4.50789], [116.00234, 4.50722], [116.00135, 4.50478], [116.00423, 4.50789], [116.01265, 4.50984], [116.0179, 4.51709], [116.01796, 4.52709], [116.01495, 4.52908], [116.01475, 4.53397], [116.01918, 4.54292], [116.02436, 4.54402], [116.02465, 4.54971], [116.03041, 4.56028], [116.03019, 4.56981], [116.02805, 4.57558], [116.03027, 4.58119], [116.02945, 4.58297], [116.03197, 4.586], [116.03086, 4.58814], [116.03352, 4.59095], [116.03803, 4.58814], [116.04283, 4.58969], [116.0463, 4.60661], [116.05556, 4.60986], [116.06182, 4.59819], [116.06633, 4.59649], [116.06836, 4.59357], [116.07153, 4.59701], [116.0715, 4.60037], [116.07711, 4.60411], [116.07899, 4.61002], [116.08299, 4.61565], [116.08676, 4.61757], [116.09201, 4.61728], [116.09356, 4.61898], [116.0988, 4.61868], [116.10248, 4.6212], [116.10411, 4.62025], [116.10677, 4.62303], [116.10536, 4.62503], [116.10817, 4.62658], [116.10388, 4.62924], [116.10588, 4.64638], [116.11763, 4.65377], [116.11911, 4.66574], [116.12539, 4.67934], [116.12376, 4.68422], [116.13012, 4.68954], [116.12923, 4.69419], [116.13071, 4.69493], [116.13034, 4.69885], [116.13425, 4.71461], [116.13265, 4.73496], [116.14201, 4.77089], [116.13894, 4.779], [116.13083, 4.7858], [116.12315, 4.80689], [116.0981, 4.82215], [116.0832, 4.86178], [116.08425, 4.86332], [116.09788, 4.85867], [116.11236, 4.8632], [116.12031, 4.85662], [116.12144, 4.86041], [116.12611, 4.86325], [116.12742, 4.86275], [116.12909, 4.85632], [116.1318, 4.85734], [116.1408, 4.85458], [116.14892, 4.85573], [116.14861, 4.85444], [116.15501, 4.85908], [116.15784, 4.85714], [116.16198, 4.85884], [116.16209, 4.8568], [116.16414, 4.85637], [116.16386, 4.86165], [116.16916, 4.86336], [116.16881, 4.86881], [116.17336, 4.87054], [116.17358, 4.8745], [116.17741, 4.87602], [116.1769, 4.8805], [116.18055, 4.88036], [116.18096, 4.88528], [116.18258, 4.8855], [116.18367, 4.88875], [116.18751, 4.88994], [116.18829, 4.89976], [116.18626, 4.902], [116.18756, 4.90431], [116.191, 4.90506], [116.191, 4.9118], [116.19348, 4.91613], [116.19287, 4.91993], [116.19688, 4.92268], [116.19558, 4.92741], [116.1996, 4.93045], [116.20032, 4.93549], [116.2067, 4.93747], [116.2089, 4.93628], [116.21364, 4.94097], [116.21456, 4.94513], [116.21911, 4.94623], [116.21985, 4.9495], [116.22585, 4.94987], [116.22898, 4.95168], [116.22751, 4.95842], [116.23156, 4.96346], [116.22859, 4.97159], [116.23297, 4.98047], [116.23139, 4.99397], [116.23989, 5.00197], [116.24072, 5.00748], [116.24409, 5.00766], [116.25122, 5.00417], [116.25241, 5.00863], [116.25584, 5.00796], [116.2596, 5.01319], [116.26181, 5.01091], [116.26532, 5.01039], [116.2676, 5.01381], [116.27071, 5.0143], [116.27203, 5.01744], [116.2757, 5.01756], [116.27601, 5.02271], [116.27814, 5.02392], [116.27996, 5.02309], [116.28133, 5.02572], [116.28356, 5.02434], [116.28344, 5.01472], [116.2859, 5.01336], [116.29114, 5.01527], [116.29251, 5.00928], [116.29826, 5.01047], [116.3066, 5.00689], [116.32419, 5.00739], [116.32599, 5.0063], [116.33015, 5.00761], [116.34197, 5.01867], [116.36328, 5.02807], [116.36448, 5.03598], [116.36654, 5.03823], [116.36719, 5.04666], [116.37375, 5.05001], [116.37099, 5.06006], [116.36667, 5.06546], [116.36971, 5.06714], [116.3714, 5.07256], [116.3832, 5.07584], [116.38262, 5.07862], [116.38475, 5.07965], [116.38441, 5.08471], [116.38632, 5.08156], [116.38908, 5.08183], [116.39181, 5.08997], [116.3978, 5.08993], [116.40216, 5.08781], [116.40506, 5.09102], [116.41022, 5.0917], [116.41182, 5.09052], [116.42071, 5.09591], [116.42528, 5.09407], [116.42665, 5.09588], [116.43008, 5.09626], [116.43085, 5.09899], [116.43642, 5.09964], [116.4423, 5.10772], [116.44363, 5.11498], [116.45009, 5.1196], [116.44804, 5.12472], [116.45414, 5.12362], [116.45509, 5.12599], [116.45331, 5.12988], [116.45498, 5.13187], [116.46133, 5.1302]]]]}}, {"type": "Feature", "properties": {"state": "Sabah", "seat": "N.47 Telupid", "seat_name": "Telupid"}, "geometry": {"type": "MultiPolygon", "coordinates": [[[[117.10025, 5.89731], [117.09813, 5.892], [117.09643, 5.87338], [117.09771, 5.8657], [117.10268, 5.86158], [117.10666, 5.84794], [117.11172, 5.8424], [117.11744, 5.84283], [117.12102, 5.83668], [117.12388, 5.82367], [117.13103, 5.83654], [117.1379, 5.83926], [117.14116, 5.84376], [117.14726, 5.84796], [117.14898, 5.85521], [117.15127, 5.85635], [117.15091, 5.86472], [117.14762, 5.86629], [117.14848, 5.86801], [117.14262, 5.8763], [117.14419, 5.88288], [117.14762, 5.88374], [117.15191, 5.88932], [117.15921, 5.88531], [117.16049, 5.89189], [117.16622, 5.89189], [117.1665, 5.89532], [117.18876, 5.91037], [117.19097, 5.91318], [117.19172, 5.92132], [117.1964, 5.92957], [117.20809, 5.93794], [117.21053, 5.94139], [117.20995, 5.94409], [117.23168, 5.96023], [117.238, 5.97051], [117.24969, 5.97564], [117.2505, 5.98608], [117.26499, 5.98768], [117.27897, 5.99244], [117.2808, 5.99427], [117.27964, 6.00031], [117.29308, 6.00078], [117.29643, 5.99704], [117.29628, 5.99869], [117.29989, 6.00048], [117.30175, 5.99899], [117.30541, 6.00053], [117.30701, 5.99929], [117.31077, 5.99988], [117.31263, 5.99844], [117.31243, 5.9955], [117.30921, 5.99285], [117.31103, 5.98821], [117.31781, 5.98283], [117.33019, 5.96872], [117.32854, 5.96236], [117.33495, 5.95674], [117.33625, 5.9515], [117.34823, 5.94839], [117.35635, 5.94246], [117.35589, 5.9394], [117.35359, 5.93811], [117.35441, 5.93392], [117.36042, 5.93004], [117.35934, 5.92792], [117.36234, 5.92528], [117.36271, 5.92192], [117.36808, 5.91696], [117.36835, 5.91363], [117.37181, 5.91059], [117.37424, 5.90449], [117.37822, 5.90539], [117.38303, 5.90418], [117.38761, 5.91002], [117.39179, 5.91282], [117.39587, 5.91296], [117.39754, 5.91647], [117.39986, 5.91677], [117.40264, 5.91355], [117.41162, 5.90847], [117.41385, 5.8989], [117.42507, 5.8976], [117.42885, 5.89162], [117.43714, 5.89038], [117.43729, 5.88353], [117.43506, 5.88266], [117.43519, 5.87598], [117.43367, 5.87386], [117.43101, 5.87429], [117.43018, 5.87763], [117.42608, 5.87967], [117.42277, 5.87789], [117.428, 5.87503], [117.42783, 5.8736], [117.42425, 5.87104], [117.42246, 5.87173], [117.42229, 5.87637], [117.42002, 5.87919], [117.41806, 5.87846], [117.42006, 5.87633], [117.41689, 5.87477], [117.42782, 5.86173], [117.4285, 5.85708], [117.4313, 5.85595], [117.43441, 5.8573], [117.43569, 5.85317], [117.4381, 5.85248], [117.43946, 5.84455], [117.43462, 5.83671], [117.42935, 5.83827], [117.42887, 5.83658], [117.426, 5.83594], [117.42952, 5.82735], [117.42365, 5.82735], [117.41944, 5.83122], [117.42208, 5.83398], [117.42117, 5.83814], [117.41843, 5.83697], [117.41713, 5.83086], [117.4138, 5.83382], [117.40889, 5.83231], [117.40877, 5.83437], [117.41086, 5.83593], [117.40459, 5.83917], [117.40433, 5.83709], [117.40695, 5.83385], [117.40172, 5.83501], [117.39807, 5.83371], [117.39768, 5.83189], [117.40199, 5.82956], [117.39781, 5.82774], [117.39076, 5.82696], [117.38711, 5.83281], [117.38241, 5.83371], [117.37849, 5.8306], [117.38267, 5.82294], [117.36335, 5.8184], [117.3631, 5.81648], [117.3666, 5.8134], [117.36637, 5.81112], [117.3605, 5.81073], [117.35958, 5.80696], [117.37239, 5.797], [117.3781, 5.79874], [117.38129, 5.7925], [117.38476, 5.7924], [117.38758, 5.786], [117.39519, 5.79046], [117.39786, 5.78828], [117.39834, 5.78562], [117.40038, 5.78789], [117.40572, 5.78742], [117.40689, 5.78303], [117.41059, 5.78875], [117.41334, 5.78977], [117.41271, 5.78515], [117.41436, 5.78062], [117.41664, 5.78148], [117.41726, 5.78502], [117.42064, 5.78375], [117.42128, 5.77976], [117.41782, 5.77789], [117.41806, 5.77632], [117.41505, 5.77516], [117.41071, 5.76837], [117.4079, 5.76701], [117.40725, 5.76201], [117.41214, 5.75874], [117.42562, 5.75496], [117.43505, 5.74779], [117.4322, 5.74369], [117.43334, 5.73747], [117.42834, 5.73849], [117.42682, 5.73157], [117.4297, 5.72951], [117.43269, 5.73005], [117.43682, 5.72702], [117.44204, 5.72913], [117.44824, 5.72872], [117.45225, 5.72739], [117.45923, 5.7182], [117.46157, 5.72075], [117.47081, 5.71788], [117.47321, 5.71533], [117.49074, 5.71432], [117.49339, 5.71575], [117.49944, 5.71218], [117.51671, 5.70907], [117.52125, 5.70565], [117.52573, 5.70732], [117.53588, 5.70576], [117.5424, 5.7067], [117.54346, 5.70307], [117.54175, 5.69938], [117.54252, 5.69533], [117.53996, 5.69355], [117.53608, 5.6944], [117.52395, 5.69102], [117.47624, 5.70255], [117.43043, 5.69927], [117.41909, 5.70255], [117.40197, 5.69809], [117.38411, 5.68886], [117.38236, 5.6836], [117.35722, 5.67656], [117.35521, 5.67186], [117.35608, 5.66547], [117.36327, 5.65589], [117.36652, 5.65581], [117.36721, 5.65377], [117.37779, 5.65353], [117.38334, 5.64454], [117.37656, 5.64115], [117.38813, 5.62373], [117.37086, 5.6122], [117.35417, 5.60647], [117.33725, 5.60891], [117.33738, 5.60278], [117.32898, 5.60265], [117.32912, 5.60878], [117.31967, 5.60891], [117.3198, 5.59507], [117.31206, 5.59494], [117.31219, 5.58893], [117.30261, 5.58854], [117.30234, 5.56124], [117.30825, 5.55471], [117.29322, 5.55528], [117.29303, 5.55269], [117.28996, 5.55147], [117.28825, 5.54597], [117.2891, 5.53738], [117.28741, 5.53615], [117.28339, 5.53937], [117.28001, 5.53922], [117.27866, 5.53538], [117.27451, 5.5317], [117.27211, 5.53215], [117.26989, 5.52316], [117.26329, 5.51917], [117.25049, 5.5203], [117.24255, 5.52463], [117.23795, 5.52439], [117.23206, 5.52082], [117.2249, 5.52133], [117.21851, 5.53024], [117.2157, 5.53178], [117.20701, 5.52948], [117.20497, 5.52695], [117.18968, 5.52594], [117.18372, 5.52638], [117.17389, 5.53082], [117.16445, 5.52946], [117.15815, 5.53103], [117.15217, 5.53745], [117.14227, 5.53574], [117.12228, 5.52646], [117.11406, 5.52616], [117.10567, 5.53163], [117.09146, 5.53743], [117.09119, 5.54194], [117.08575, 5.55145], [117.09145, 5.56936], [117.08838, 5.57356], [117.07571, 5.5759], [117.06694, 5.57452], [117.06298, 5.57214], [117.05202, 5.57337], [117.04967, 5.56536], [117.04851, 5.57234], [117.02838, 5.57014], [117.01949, 5.57459], [117.01335, 5.57517], [116.99993, 5.58799], [116.98947, 5.58706], [116.979, 5.58091], [116.9753, 5.58091], [116.96419, 5.5866], [116.96205, 5.58474], [116.95916, 5.59542], [116.95516, 5.59928], [116.95603, 5.60278], [116.95382, 5.60625], [116.94874, 5.60756], [116.94748, 5.61155], [116.94233, 5.61608], [116.9349, 5.61959], [116.91453, 5.62129], [116.90955, 5.62303], [116.90641, 5.62668], [116.89779, 5.62469], [116.89751, 5.62989], [116.89141, 5.63683], [116.89212, 5.64186], [116.88844, 5.64433], [116.88401, 5.65382], [116.88267, 5.66541], [116.89152, 5.67125], [116.89405, 5.67486], [116.89214, 5.67755], [116.89511, 5.68074], [116.90064, 5.68112], [116.90158, 5.67777], [116.90452, 5.67764], [116.90788, 5.6695], [116.91071, 5.67071], [116.91508, 5.66912], [116.92227, 5.67005], [116.92449, 5.67276], [116.92963, 5.67337], [116.93349, 5.67784], [116.93688, 5.67632], [116.93825, 5.67984], [116.95553, 5.68033], [116.96054, 5.68822], [116.96711, 5.68671], [116.97053, 5.68917], [116.97402, 5.68947], [116.98536, 5.68509], [116.98891, 5.68744], [116.99402, 5.69596], [117.00214, 5.70456], [117.0104, 5.70559], [117.01183, 5.70834], [117.01505, 5.70626], [117.01884, 5.70628], [117.02684, 5.70928], [117.02777, 5.71559], [117.0263, 5.72188], [117.02481, 5.72277], [117.02448, 5.72602], [117.01445, 5.73151], [117.01027, 5.73783], [117.0055, 5.74017], [116.99554, 5.75356], [116.99189, 5.7622], [116.99007, 5.77253], [116.97931, 5.7954], [116.97347, 5.79765], [116.96855, 5.80205], [116.96658, 5.81067], [116.96038, 5.81775], [116.94501, 5.82036], [116.93442, 5.82808], [116.92552, 5.82988], [116.91442, 5.83523], [116.91024, 5.84087], [116.89823, 5.84702], [116.87927, 5.84954], [116.86687, 5.85571], [116.85826, 5.86251], [116.85651, 5.88274], [116.86607, 5.89712], [116.86771, 5.90666], [116.86619, 5.91116], [116.86002, 5.91322], [116.85554, 5.91939], [116.85499, 5.92525], [116.86577, 5.93112], [116.86805, 5.94026], [116.87223, 5.94077], [116.88252, 5.94734], [116.88729, 5.95325], [116.90095, 5.95863], [116.92537, 5.97657], [116.93249, 5.97658], [116.94562, 5.98751], [116.94847, 5.98821], [116.95706, 5.99712], [116.96723, 5.99951], [116.96755, 6.00241], [116.97423, 6.00466], [116.97779, 6.00048], [116.98005, 6.00305], [116.98358, 6.00032], [116.98432, 5.99744], [116.99307, 5.99584], [116.99104, 5.99381], [116.9952, 5.98891], [116.99285, 5.98784], [116.99328, 5.98475], [116.99136, 5.98283], [116.99978, 5.97665], [117.00255, 5.9677], [117.00159, 5.96332], [117.00564, 5.96077], [117.00692, 5.95735], [117.00618, 5.95192], [117.01353, 5.94861], [117.01471, 5.94541], [117.02046, 5.94158], [117.021, 5.93966], [117.01938, 5.93889], [117.01895, 5.93619], [117.0198, 5.93108], [117.01582, 5.92681], [117.01838, 5.92226], [117.02812, 5.91745], [117.04025, 5.91859], [117.05219, 5.9167], [117.05579, 5.91499], [117.05655, 5.91158], [117.05958, 5.91006], [117.06224, 5.91158], [117.0628, 5.9148], [117.06546, 5.91461], [117.06622, 5.9131], [117.06906, 5.91442], [117.07209, 5.91234], [117.07618, 5.90356], [117.08888, 5.90243], [117.09703, 5.89731], [117.10025, 5.89731]]]]}}, {"type": "Feature", "properties": {"state": "Sabah", "seat": "N.48 Sugut", "seat_name": "Sugut"}, "geometry": {"type": "MultiPolygon", "coordinates": [[[[117.46407, 6.56743], [117.46293, 6.56793], [117.46477, 6.57052], [117.46407, 6.568], [117.46407, 6.56743]]], [[[117.47329, 6.57261], [117.47323, 6.5697], [117.469, 6.57096], [117.47235, 6.57558], [117.47329, 6.57261]]], [[[117.39952, 6.59447], [117.39828, 6.59638], [117.4003, 6.59997], [117.40086, 6.61087], [117.40356, 6.60873], [117.40502, 6.60121], [117.39952, 6.59447]]], [[[117.38828, 6.60885], [117.38446, 6.61031], [117.38593, 6.61311], [117.38873, 6.61188], [117.38828, 6.60885]]], [[[117.52178, 6.63088], [117.52231, 6.61768], [117.52603, 6.60335], [117.52545, 6.59628], [117.52943, 6.59351], [117.53364, 6.58426], [117.53476, 6.57422], [117.5433, 6.56574], [117.54354, 6.56358], [117.54188, 6.56211], [117.54307, 6.55624], [117.55848, 6.55193], [117.55137, 6.53635], [117.55379, 6.53652], [117.55481, 6.53909], [117.5576, 6.53843], [117.5624, 6.53295], [117.58298, 6.51956], [117.58735, 6.51913], [117.59936, 6.51096], [117.6041, 6.513], [117.60117, 6.50757], [117.6076, 6.5091], [117.61554, 6.50752], [117.61621, 6.50938], [117.62003, 6.50882], [117.62537, 6.51161], [117.63126, 6.51123], [117.63728, 6.50252], [117.6425, 6.49884], [117.64881, 6.49732], [117.65416, 6.50004], [117.65873, 6.49916], [117.66555, 6.4831], [117.67787, 6.47602], [117.68487, 6.46817], [117.68917, 6.47188], [117.69235, 6.47132], [117.71084, 6.45164], [117.73065, 6.44171], [117.72981, 6.43623], [117.73579, 6.42946], [117.74158, 6.42621], [117.73282, 6.39002], [117.73071, 6.38868], [117.72523, 6.39369], [117.72132, 6.37503], [117.72096, 6.35464], [117.7186, 6.35208], [117.71897, 6.3477], [117.72147, 6.34668], [117.72073, 6.34207], [117.72346, 6.33944], [117.72909, 6.32479], [117.72049, 6.326], [117.71648, 6.32147], [117.71287, 6.33177], [117.70209, 6.31992], [117.6965, 6.32058], [117.69223, 6.32319], [117.68565, 6.32352], [117.67841, 6.31992], [117.6613, 6.32057], [117.65407, 6.32253], [117.65078, 6.32221], [117.64651, 6.31927], [117.64256, 6.31926], [117.64043, 6.31731], [117.63703, 6.31916], [117.62461, 6.31858], [117.62099, 6.31596], [117.61603, 6.30581], [117.60666, 6.29487], [117.60386, 6.28424], [117.59386, 6.28084], [117.58497, 6.27559], [117.58404, 6.26879], [117.57162, 6.26036], [117.57065, 6.25352], [117.56868, 6.25058], [117.55895, 6.24521], [117.55923, 6.24353], [117.56316, 6.24136], [117.56266, 6.23497], [117.547, 6.22833], [117.54405, 6.22895], [117.53682, 6.22641], [117.5284, 6.22759], [117.52135, 6.22585], [117.5168, 6.22777], [117.51268, 6.22554], [117.50981, 6.22734], [117.50968, 6.22982], [117.50738, 6.23001], [117.50251, 6.22846], [117.50233, 6.2225], [117.49971, 6.2189], [117.48658, 6.21401], [117.48133, 6.21042], [117.48098, 6.20486], [117.47573, 6.19768], [117.47622, 6.1939], [117.46674, 6.18636], [117.46714, 6.18487], [117.47128, 6.18343], [117.47225, 6.18589], [117.47507, 6.18467], [117.47961, 6.1753], [117.47541, 6.16718], [117.47807, 6.16429], [117.47807, 6.16174], [117.46884, 6.14446], [117.47873, 6.13629], [117.47873, 6.13368], [117.4748, 6.1327], [117.47251, 6.12976], [117.47317, 6.12552], [117.47454, 6.12331], [117.47742, 6.12291], [117.47839, 6.11834], [117.47794, 6.11677], [117.47524, 6.11892], [117.47232, 6.11834], [117.45892, 6.10523], [117.45873, 6.10188], [117.4651, 6.10056], [117.46614, 6.09872], [117.46437, 6.09499], [117.46496, 6.0926], [117.46281, 6.0926], [117.46046, 6.07898], [117.45427, 6.07876], [117.44805, 6.08455], [117.44423, 6.08603], [117.43629, 6.07867], [117.43205, 6.08138], [117.42879, 6.07951], [117.40944, 6.0542], [117.40905, 6.04684], [117.41336, 6.04397], [117.41398, 6.04086], [117.4062, 6.03681], [117.40086, 6.03868], [117.39877, 6.0344], [117.40174, 6.02979], [117.40676, 6.03071], [117.40787, 6.0333], [117.40992, 6.0333], [117.41308, 6.02831], [117.41754, 6.03163], [117.422, 6.0326], [117.42545, 6.03141], [117.42809, 6.02663], [117.43908, 6.02771], [117.44442, 6.03334], [117.45259, 6.03053], [117.45344, 6.01718], [117.4483, 6.01624], [117.44662, 6.01384], [117.45389, 6.01132], [117.45289, 6.00703], [117.46004, 6.00539], [117.45915, 6.00064], [117.45576, 6.00025], [117.45207, 5.99659], [117.44653, 5.99701], [117.44667, 5.99102], [117.44982, 5.98622], [117.44795, 5.98092], [117.45196, 5.98075], [117.45546, 5.9841], [117.45803, 5.98358], [117.45769, 5.97837], [117.46244, 5.97038], [117.45518, 5.97002], [117.45254, 5.96157], [117.44547, 5.9678], [117.43722, 5.96571], [117.43309, 5.96675], [117.42953, 5.96361], [117.45021, 5.94236], [117.44609, 5.93819], [117.44693, 5.92689], [117.44823, 5.9209], [117.45158, 5.92348], [117.45425, 5.91954], [117.4547, 5.91726], [117.45295, 5.91666], [117.45569, 5.91423], [117.45577, 5.91203], [117.45066, 5.90748], [117.44518, 5.91021], [117.4442, 5.90937], [117.44784, 5.89387], [117.44224, 5.89081], [117.43373, 5.88994], [117.42885, 5.89162], [117.42507, 5.8976], [117.41477, 5.89834], [117.41162, 5.90847], [117.40264, 5.91355], [117.39986, 5.91677], [117.39754, 5.91647], [117.39587, 5.91296], [117.39179, 5.91282], [117.38761, 5.91002], [117.38303, 5.90418], [117.37822, 5.90539], [117.37424, 5.90449], [117.37181, 5.91059], [117.36835, 5.91363], [117.36808, 5.91696], [117.36271, 5.92192], [117.36234, 5.92528], [117.35934, 5.92792], [117.36042, 5.93004], [117.35441, 5.93392], [117.35359, 5.93811], [117.35589, 5.9394], [117.35635, 5.94246], [117.34823, 5.94839], [117.33625, 5.9515], [117.33495, 5.95674], [117.32854, 5.96236], [117.33019, 5.96872], [117.31781, 5.98283], [117.31103, 5.98821], [117.30921, 5.99285], [117.31243, 5.9955], [117.31233, 5.99914], [117.30541, 6.00053], [117.301, 5.99904], [117.29989, 6.00048], [117.29628, 5.99869], [117.29643, 5.99704], [117.29308, 6.00078], [117.27964, 6.00031], [117.2808, 5.99427], [117.27897, 5.99244], [117.26499, 5.98768], [117.2505, 5.98608], [117.24969, 5.97564], [117.238, 5.97051], [117.23168, 5.96023], [117.20995, 5.94409], [117.21053, 5.94139], [117.20809, 5.93794], [117.1964, 5.92957], [117.19172, 5.92132], [117.19097, 5.91318], [117.18876, 5.91037], [117.1665, 5.89532], [117.16622, 5.89189], [117.16049, 5.89189], [117.15921, 5.88531], [117.15191, 5.88932], [117.14762, 5.88374], [117.14419, 5.88288], [117.14262, 5.8763], [117.14848, 5.86801], [117.14762, 5.86629], [117.15091, 5.86472], [117.15127, 5.85635], [117.14898, 5.85521], [117.14726, 5.84796], [117.14116, 5.84376], [117.1379, 5.83926], [117.13103, 5.83654], [117.12388, 5.82367], [117.12102, 5.83668], [117.11744, 5.84283], [117.11172, 5.8424], [117.10666, 5.84794], [117.10268, 5.86158], [117.09771, 5.8657], [117.09643, 5.87338], [117.09813, 5.892], [117.10177, 5.90091], [117.10555, 5.90508], [117.10404, 5.90963], [117.10916, 5.91967], [117.1137, 5.92422], [117.11598, 5.93351], [117.12242, 5.93578], [117.12735, 5.94393], [117.13247, 5.95758], [117.12906, 5.97008], [117.1264, 5.97312], [117.13095, 5.9824], [117.16359, 6.01095], [117.16047, 6.01335], [117.15891, 6.01853], [117.1613, 6.01856], [117.1657, 6.02383], [117.16097, 6.02382], [117.15841, 6.03516], [117.16329, 6.03947], [117.16379, 6.04491], [117.16963, 6.05151], [117.17173, 6.05963], [117.16985, 6.06735], [117.16369, 6.07324], [117.16319, 6.08392], [117.14831, 6.08916], [117.14577, 6.08874], [117.13942, 6.09898], [117.13939, 6.10401], [117.12549, 6.11283], [117.12553, 6.11832], [117.12754, 6.11921], [117.1313, 6.11625], [117.13198, 6.1127], [117.13417, 6.11193], [117.1449, 6.11973], [117.14647, 6.11999], [117.14812, 6.11783], [117.15104, 6.11895], [117.15497, 6.11794], [117.15624, 6.12193], [117.16016, 6.12177], [117.15465, 6.12835], [117.15821, 6.13293], [117.16023, 6.1329], [117.16068, 6.1301], [117.16668, 6.12828], [117.17138, 6.13189], [117.1776, 6.12863], [117.17848, 6.13807], [117.17671, 6.14248], [117.17848, 6.1461], [117.1823, 6.1483], [117.18248, 6.15271], [117.1791, 6.15465], [117.17715, 6.15871], [117.17653, 6.16339], [117.17839, 6.17292], [117.17476, 6.17415], [117.1715, 6.17214], [117.1698, 6.17507], [117.16254, 6.1775], [117.15502, 6.1831], [117.15116, 6.18204], [117.15369, 6.18528], [117.15263, 6.18925], [117.15547, 6.19039], [117.15231, 6.19916], [117.14732, 6.20004], [117.14593, 6.1955], [117.13729, 6.19148], [117.13301, 6.20414], [117.12831, 6.20159], [117.12372, 6.20146], [117.12174, 6.20673], [117.11596, 6.20947], [117.11228, 6.20958], [117.10952, 6.2059], [117.10159, 6.21823], [117.10065, 6.22449], [117.09859, 6.22702], [117.09569, 6.2273], [117.08954, 6.22382], [117.07577, 6.2274], [117.07414, 6.22491], [117.07163, 6.22476], [117.06632, 6.22731], [117.0643, 6.22335], [117.06034, 6.22483], [117.05795, 6.22385], [117.05618, 6.22547], [117.05493, 6.22433], [117.05409, 6.22773], [117.05242, 6.22738], [117.05085, 6.22992], [117.05201, 6.23324], [117.04608, 6.23431], [117.04014, 6.23827], [117.03166, 6.23637], [117.02883, 6.23897], [117.0298, 6.24292], [117.028, 6.24585], [117.02181, 6.24815], [117.01172, 6.26187], [117.00649, 6.26417], [117.0015, 6.27396], [116.99631, 6.27566], [116.99606, 6.27872], [116.95197, 6.3016], [116.9469, 6.31273], [116.95612, 6.3144], [116.95974, 6.3109], [116.95993, 6.31503], [116.95597, 6.31836], [116.95658, 6.32041], [116.96606, 6.32436], [116.97156, 6.32924], [116.97174, 6.33375], [116.9742, 6.33629], [116.98665, 6.33713], [116.98942, 6.34371], [116.99429, 6.34671], [116.99937, 6.35334], [117.00544, 6.35095], [117.00616, 6.34634], [117.00875, 6.34455], [117.01251, 6.34679], [117.0192, 6.34739], [117.02559, 6.34291], [117.02765, 6.34297], [117.03109, 6.34784], [117.03883, 6.34867], [117.044, 6.35398], [117.05192, 6.35391], [117.05616, 6.35861], [117.06068, 6.3604], [117.06174, 6.36269], [117.06869, 6.36507], [117.0894, 6.3569], [117.09399, 6.36075], [117.10304, 6.38382], [117.10285, 6.38709], [117.10163, 6.39028], [117.08613, 6.40048], [117.0843, 6.42144], [117.07852, 6.42778], [117.08182, 6.43194], [117.08868, 6.44803], [117.08708, 6.45724], [117.09268, 6.46128], [117.09326, 6.46472], [117.09271, 6.47006], [117.08634, 6.47079], [117.08395, 6.47289], [117.08317, 6.47873], [117.08115, 6.4818], [117.08281, 6.48818], [117.09044, 6.49237], [117.10214, 6.48642], [117.10614, 6.48616], [117.10751, 6.48909], [117.1029, 6.49863], [117.10099, 6.50767], [117.09727, 6.50978], [117.09634, 6.5141], [117.0969, 6.51958], [117.10056, 6.52395], [117.09969, 6.53285], [117.10136, 6.53967], [117.10479, 6.53892], [117.11617, 6.53112], [117.12073, 6.53084], [117.12318, 6.53341], [117.12788, 6.53095], [117.12408, 6.53553], [117.124, 6.53994], [117.12518, 6.54262], [117.1317, 6.54329], [117.13016, 6.54628], [117.13077, 6.55157], [117.14875, 6.55541], [117.15816, 6.56437], [117.168, 6.56459], [117.17947, 6.55599], [117.1942, 6.55163], [117.20602, 6.55328], [117.21381, 6.56025], [117.21897, 6.56813], [117.22822, 6.57385], [117.22943, 6.57319], [117.23088, 6.57607], [117.23635, 6.57805], [117.24158, 6.57794], [117.24295, 6.58076], [117.24636, 6.58086], [117.249, 6.57766], [117.26329, 6.57902], [117.26902, 6.57654], [117.27292, 6.58073], [117.27393, 6.58958], [117.28281, 6.59042], [117.28285, 6.5919], [117.28269, 6.59337], [117.27268, 6.59631], [117.26829, 6.60033], [117.26779, 6.60561], [117.269, 6.60711], [117.28176, 6.6071], [117.29025, 6.60952], [117.29357, 6.6066], [117.29731, 6.60672], [117.29799, 6.60801], [117.30011, 6.6062], [117.30298, 6.61287], [117.30746, 6.60835], [117.31252, 6.6083], [117.31647, 6.61523], [117.31802, 6.61452], [117.31831, 6.62007], [117.32235, 6.62134], [117.32683, 6.61238], [117.33332, 6.60651], [117.33771, 6.60691], [117.33953, 6.60916], [117.34668, 6.61181], [117.34921, 6.61476], [117.35192, 6.61463], [117.35152, 6.61732], [117.35388, 6.61926], [117.35632, 6.61662], [117.35792, 6.61781], [117.35969, 6.61071], [117.36267, 6.61], [117.36174, 6.6074], [117.37048, 6.60634], [117.37466, 6.60841], [117.37479, 6.61026], [117.37741, 6.6104], [117.37923, 6.60691], [117.37839, 6.60523], [117.38913, 6.60194], [117.3885, 6.59794], [117.3896, 6.59692], [117.39623, 6.59872], [117.39379, 6.59002], [117.40002, 6.58249], [117.39742, 6.57649], [117.40137, 6.57284], [117.40121, 6.56892], [117.40279, 6.5668], [117.41254, 6.55924], [117.42388, 6.56121], [117.42537, 6.55629], [117.42956, 6.55532], [117.44212, 6.55753], [117.45149, 6.55606], [117.46062, 6.56022], [117.46654, 6.55607], [117.47311, 6.55536], [117.48009, 6.56753], [117.47988, 6.57036], [117.48548, 6.5818], [117.48829, 6.58304], [117.49436, 6.59447], [117.50027, 6.59926], [117.50028, 6.60251], [117.50588, 6.60885], [117.50854, 6.61659], [117.51385, 6.6251], [117.52178, 6.63088]]], [[[117.4717, 6.75746], [117.47495, 6.75462], [117.47655, 6.74845], [117.47495, 6.74568], [117.47801, 6.73851], [117.47658, 6.73755], [117.48036, 6.7348], [117.48081, 6.72981], [117.48393, 6.72859], [117.48887, 6.72322], [117.49546, 6.707], [117.50979, 6.69254], [117.51104, 6.67077], [117.50116, 6.65626], [117.49449, 6.65373], [117.48929, 6.64723], [117.48478, 6.64658], [117.48019, 6.64284], [117.47367, 6.64322], [117.4706, 6.64048], [117.45264, 6.63852], [117.44595, 6.63174], [117.44008, 6.63394], [117.43935, 6.6296], [117.43131, 6.62337], [117.4202, 6.62299], [117.41361, 6.62458], [117.39895, 6.61828], [117.39416, 6.62441], [117.38606, 6.62671], [117.38472, 6.63026], [117.38187, 6.63185], [117.36958, 6.63496], [117.34624, 6.63654], [117.32573, 6.65603], [117.32619, 6.6662], [117.33155, 6.6733], [117.35422, 6.68229], [117.35922, 6.68097], [117.36406, 6.68229], [117.36803, 6.68229], [117.37067, 6.68053], [117.37787, 6.68127], [117.40597, 6.67352], [117.42037, 6.6806], [117.4231, 6.68482], [117.43046, 6.68783], [117.43129, 6.68979], [117.43463, 6.69024], [117.43643, 6.69309], [117.43314, 6.69357], [117.42483, 6.70531], [117.41189, 6.70663], [117.40442, 6.71174], [117.39607, 6.71201], [117.3935, 6.71364], [117.39151, 6.72173], [117.39285, 6.72623], [117.3894, 6.73155], [117.38645, 6.73251], [117.38831, 6.73903], [117.39315, 6.74393], [117.4128, 6.75379], [117.41732, 6.75435], [117.42475, 6.75006], [117.42955, 6.75045], [117.43679, 6.74768], [117.44695, 6.74673], [117.46309, 6.75149], [117.46525, 6.75265], [117.46575, 6.75535], [117.4717, 6.75746]]]]}}, {"type": "Feature", "properties": {"state": "Sabah", "seat": "N.49 Labuk", "seat_name": "Labuk"}, "geometry": {"type": "MultiPolygon", "coordinates": [[[[117.57814, 5.91318], [117.57177, 5.91126], [117.56791, 5.91233], [117.56913, 5.91424], [117.57813, 5.91803], [117.58363, 5.91718], [117.57814, 5.91318]]], [[[117.6508, 5.9317], [117.65316, 5.92934], [117.64963, 5.92548], [117.65295, 5.92294], [117.65331, 5.92067], [117.6403, 5.91846], [117.63606, 5.9199], [117.64182, 5.929], [117.6508, 5.9317]]], [[[117.69876, 5.95738], [117.69135, 5.94605], [117.68865, 5.94383], [117.68385, 5.94302], [117.68155, 5.94957], [117.68462, 5.95604], [117.69876, 5.95738]]], [[[117.70063, 6.03536], [117.70179, 6.03374], [117.70648, 6.03539], [117.71368, 6.03441], [117.72005, 6.03599], [117.72266, 6.03551], [117.72489, 6.03213], [117.72482, 6.02396], [117.71831, 6.01601], [117.71567, 6.01417], [117.70907, 6.01802], [117.71145, 6.01557], [117.71259, 6.00752], [117.71762, 5.99784], [117.71551, 5.98326], [117.70652, 5.9762], [117.69659, 5.96107], [117.69377, 5.95876], [117.68568, 5.95714], [117.6829, 5.95511], [117.67786, 5.94185], [117.67611, 5.94045], [117.66401, 5.94103], [117.66242, 5.94325], [117.66783, 5.95465], [117.68173, 5.96028], [117.68748, 5.96576], [117.68598, 5.98978], [117.69012, 6.00339], [117.69076, 6.01099], [117.6914, 6.01257], [117.69553, 6.01352], [117.69681, 6.01858], [117.70222, 6.02016], [117.69681, 6.02365], [117.69681, 6.02966], [117.69299, 6.03821], [117.69681, 6.04961], [117.69967, 6.04802], [117.69768, 6.04274], [117.69851, 6.03714], [117.70063, 6.03536]]], [[[117.60612, 6.17998], [117.60656, 6.17836], [117.58745, 6.17836], [117.59451, 6.18424], [117.60612, 6.17998]]], [[[117.6458, 6.20584], [117.63962, 6.2126], [117.63845, 6.21789], [117.64168, 6.22274], [117.64227, 6.22833], [117.64918, 6.23244], [117.65314, 6.23259], [117.65696, 6.23009], [117.65711, 6.22759], [117.65079, 6.20922], [117.6458, 6.20584]]], [[[117.72457, 6.22553], [117.72104, 6.22744], [117.72368, 6.22906], [117.72471, 6.232], [117.72501, 6.23729], [117.7228, 6.24214], [117.72736, 6.25316], [117.72324, 6.27109], [117.72603, 6.27021], [117.73059, 6.2561], [117.72824, 6.24449], [117.72809, 6.22789], [117.72457, 6.22553]]], [[[117.71648, 6.32147], [117.72049, 6.326], [117.72909, 6.32479], [117.73197, 6.30039], [117.72724, 6.29568], [117.72645, 6.2902], [117.73099, 6.28], [117.72442, 6.27432], [117.71986, 6.27256], [117.71516, 6.26418], [117.71869, 6.26007], [117.71986, 6.25493], [117.72221, 6.2561], [117.72295, 6.24905], [117.70693, 6.2298], [117.69914, 6.23141], [117.69664, 6.2345], [117.68092, 6.237], [117.67974, 6.23979], [117.66593, 6.24435], [117.65785, 6.23744], [117.64462, 6.23685], [117.64153, 6.23244], [117.6336, 6.23141], [117.63169, 6.22862], [117.6333, 6.22215], [117.63183, 6.21775], [117.61964, 6.21157], [117.61537, 6.21143], [117.6067, 6.2054], [117.59436, 6.18953], [117.59245, 6.18953], [117.59069, 6.18483], [117.5826, 6.17762], [117.58466, 6.17439], [117.59451, 6.16896], [117.607, 6.16455], [117.60832, 6.1547], [117.61273, 6.14647], [117.61038, 6.14471], [117.61038, 6.1428], [117.61523, 6.13559], [117.61479, 6.13324], [117.62831, 6.11987], [117.63463, 6.11708], [117.63477, 6.1134], [117.62919, 6.10797], [117.6095, 6.10238], [117.61038, 6.10117], [117.63672, 6.10558], [117.64242, 6.10009], [117.65108, 6.07967], [117.65057, 6.07748], [117.656, 6.07444], [117.65867, 6.06605], [117.65824, 6.05809], [117.65356, 6.0527], [117.64531, 6.05267], [117.64403, 6.05444], [117.63911, 6.04871], [117.63428, 6.04626], [117.63097, 6.04002], [117.62486, 6.03352], [117.62461, 6.02677], [117.62834, 6.02238], [117.62452, 6.00888], [117.63151, 6.00835], [117.6395, 6.02529], [117.64682, 6.02392], [117.65301, 6.01864], [117.65805, 6.00541], [117.66719, 6.00358], [117.67065, 6.00428], [117.67552, 6.00216], [117.6786, 5.99871], [117.6787, 5.98498], [117.68168, 5.96815], [117.66847, 5.963], [117.65833, 5.9558], [117.65061, 5.94159], [117.64762, 5.93919], [117.64206, 5.93632], [117.63319, 5.93724], [117.63891, 5.93351], [117.63441, 5.92648], [117.62946, 5.92222], [117.59715, 5.91913], [117.58402, 5.92493], [117.58186, 5.92277], [117.55555, 5.91174], [117.52823, 5.89599], [117.51224, 5.89075], [117.50782, 5.88783], [117.5037, 5.88911], [117.50403, 5.88254], [117.50733, 5.88262], [117.54078, 5.89122], [117.55231, 5.89727], [117.59488, 5.90576], [117.6031, 5.90484], [117.62358, 5.89662], [117.6174, 5.89342], [117.61515, 5.88992], [117.61413, 5.88579], [117.61682, 5.88153], [117.61602, 5.87752], [117.6132, 5.87522], [117.60774, 5.87415], [117.60912, 5.86625], [117.61198, 5.86116], [117.62267, 5.85958], [117.62199, 5.85303], [117.61949, 5.84959], [117.62371, 5.84968], [117.6259, 5.84309], [117.62727, 5.84338], [117.62862, 5.84037], [117.62769, 5.8382], [117.62417, 5.83653], [117.62398, 5.8261], [117.62663, 5.81321], [117.64601, 5.80511], [117.66138, 5.79563], [117.6505, 5.79001], [117.63377, 5.78488], [117.64153, 5.75862], [117.65655, 5.75938], [117.65968, 5.7579], [117.65993, 5.75242], [117.66334, 5.74421], [117.67044, 5.74749], [117.68657, 5.74408], [117.68667, 5.74128], [117.68992, 5.7404], [117.69286, 5.73604], [117.68427, 5.73493], [117.68603, 5.73077], [117.68561, 5.72602], [117.68741, 5.72392], [117.67944, 5.71714], [117.62197, 5.71716], [117.5969, 5.70026], [117.55566, 5.6965], [117.54399, 5.69171], [117.53996, 5.69355], [117.54267, 5.69575], [117.5424, 5.7067], [117.53588, 5.70576], [117.52573, 5.70732], [117.52125, 5.70565], [117.51671, 5.70907], [117.49944, 5.71218], [117.49339, 5.71575], [117.49074, 5.71432], [117.47321, 5.71533], [117.47081, 5.71788], [117.46157, 5.72075], [117.45923, 5.7182], [117.45225, 5.72739], [117.44824, 5.72872], [117.44204, 5.72913], [117.43682, 5.72702], [117.43269, 5.73005], [117.4297, 5.72951], [117.42682, 5.73157], [117.42834, 5.73849], [117.43334, 5.73747], [117.4322, 5.74369], [117.43505, 5.74779], [117.42562, 5.75496], [117.41214, 5.75874], [117.40725, 5.76201], [117.4079, 5.76701], [117.41071, 5.76837], [117.41505, 5.77516], [117.41806, 5.77632], [117.41782, 5.77789], [117.42128, 5.77976], [117.42064, 5.78375], [117.41726, 5.78502], [117.41664, 5.78148], [117.41436, 5.78062], [117.41271, 5.78515], [117.41334, 5.78977], [117.41059, 5.78875], [117.40689, 5.78303], [117.40572, 5.78742], [117.40038, 5.78789], [117.39834, 5.78562], [117.39786, 5.78828], [117.39519, 5.79046], [117.38758, 5.786], [117.38476, 5.7924], [117.38129, 5.7925], [117.3781, 5.79874], [117.37239, 5.797], [117.35958, 5.80696], [117.3605, 5.81073], [117.36637, 5.81112], [117.3666, 5.8134], [117.3631, 5.81648], [117.36335, 5.8184], [117.38267, 5.82294], [117.37849, 5.8306], [117.38006, 5.83281], [117.38711, 5.83281], [117.39076, 5.82696], [117.39781, 5.82774], [117.40199, 5.82956], [117.39768, 5.83189], [117.39807, 5.83371], [117.40172, 5.83501], [117.40695, 5.83385], [117.40433, 5.83709], [117.40459, 5.83917], [117.41086, 5.83593], [117.40877, 5.83437], [117.40889, 5.83231], [117.4138, 5.83382], [117.41713, 5.83086], [117.41843, 5.83697], [117.42117, 5.83814], [117.42208, 5.83398], [117.41944, 5.83122], [117.42365, 5.82735], [117.42952, 5.82735], [117.426, 5.83594], [117.42887, 5.83658], [117.42935, 5.83827], [117.43462, 5.83671], [117.43927, 5.84378], [117.4381, 5.85248], [117.43569, 5.85317], [117.43441, 5.8573], [117.4313, 5.85595], [117.4285, 5.85708], [117.42782, 5.86173], [117.41689, 5.87477], [117.42006, 5.87633], [117.41806, 5.87846], [117.42002, 5.87919], [117.42229, 5.87637], [117.42246, 5.87173], [117.42425, 5.87104], [117.42783, 5.8736], [117.428, 5.87503], [117.42277, 5.87789], [117.42608, 5.87967], [117.43018, 5.87763], [117.43101, 5.87429], [117.43367, 5.87386], [117.43519, 5.87598], [117.43506, 5.88266], [117.43729, 5.88353], [117.43714, 5.89038], [117.44251, 5.89089], [117.44784, 5.89387], [117.4442, 5.90937], [117.44518, 5.91021], [117.45066, 5.90748], [117.45577, 5.91203], [117.45569, 5.91423], [117.45295, 5.91666], [117.4547, 5.91726], [117.45425, 5.91954], [117.45158, 5.92348], [117.44823, 5.9209], [117.44693, 5.92689], [117.44609, 5.93819], [117.45021, 5.94236], [117.42953, 5.96361], [117.43309, 5.96675], [117.43722, 5.96571], [117.44547, 5.9678], [117.45254, 5.96157], [117.45518, 5.97002], [117.46219, 5.96984], [117.46234, 5.9721], [117.45769, 5.97837], [117.45803, 5.98358], [117.45546, 5.9841], [117.45196, 5.98075], [117.44795, 5.98092], [117.44982, 5.98409], [117.44962, 5.98796], [117.44667, 5.99102], [117.44622, 5.99388], [117.44716, 5.99763], [117.45207, 5.99659], [117.45576, 6.00025], [117.45915, 6.00064], [117.46004, 6.00539], [117.45289, 6.00703], [117.45389, 6.01132], [117.44662, 6.01384], [117.4483, 6.01624], [117.45365, 6.01781], [117.45186, 6.03105], [117.44442, 6.03334], [117.43908, 6.02771], [117.42809, 6.02663], [117.42545, 6.03141], [117.422, 6.0326], [117.41754, 6.03163], [117.41308, 6.02831], [117.40992, 6.0333], [117.40787, 6.0333], [117.40676, 6.03071], [117.40174, 6.02979], [117.39877, 6.0344], [117.40086, 6.03868], [117.4062, 6.03681], [117.41398, 6.04086], [117.41336, 6.04397], [117.40905, 6.04684], [117.40944, 6.0542], [117.42879, 6.07951], [117.43205, 6.08138], [117.43629, 6.07867], [117.44423, 6.08603], [117.44805, 6.08455], [117.45427, 6.07876], [117.46046, 6.07898], [117.46281, 6.0926], [117.46496, 6.0926], [117.46437, 6.09499], [117.46614, 6.09872], [117.4651, 6.10056], [117.45873, 6.10188], [117.45892, 6.10523], [117.47232, 6.11834], [117.47524, 6.11892], [117.47794, 6.11677], [117.47742, 6.12291], [117.47454, 6.12331], [117.47251, 6.12976], [117.4748, 6.1327], [117.47873, 6.13368], [117.47873, 6.13629], [117.46884, 6.14446], [117.47807, 6.16174], [117.47807, 6.16429], [117.47541, 6.16718], [117.47961, 6.1753], [117.47507, 6.18467], [117.47225, 6.18589], [117.47128, 6.18343], [117.46714, 6.18487], [117.46674, 6.18636], [117.47622, 6.1939], [117.47573, 6.19768], [117.48098, 6.20486], [117.48231, 6.21172], [117.49971, 6.2189], [117.50233, 6.2225], [117.50251, 6.22846], [117.50968, 6.22982], [117.50981, 6.22734], [117.51268, 6.22554], [117.5168, 6.22777], [117.52135, 6.22585], [117.5284, 6.22759], [117.53682, 6.22641], [117.54405, 6.22895], [117.547, 6.22833], [117.56266, 6.23497], [117.56316, 6.24136], [117.55923, 6.24353], [117.55895, 6.24521], [117.56868, 6.25058], [117.57065, 6.25352], [117.57162, 6.26036], [117.58404, 6.26879], [117.58497, 6.27559], [117.59386, 6.28084], [117.60386, 6.28424], [117.60666, 6.29487], [117.61603, 6.30581], [117.62099, 6.31596], [117.62461, 6.31858], [117.63703, 6.31916], [117.64043, 6.31731], [117.64256, 6.31926], [117.64651, 6.31927], [117.65078, 6.32221], [117.65407, 6.32253], [117.6613, 6.32057], [117.67841, 6.31992], [117.68565, 6.32352], [117.69223, 6.32319], [117.6965, 6.32058], [117.70209, 6.31992], [117.71287, 6.33177], [117.71648, 6.32147]]]]}}, {"type": "Feature", "properties": {"state": "Sabah", "seat": "N.50 Gum-Gum", "seat_name": "Gum-Gum"}, "geometry": {"type": "MultiPolygon", "coordinates": [[[[117.97546, 6.04421], [117.97893, 6.04469], [117.98144, 6.03961], [117.98389, 6.04007], [117.98393, 6.03841], [117.98543, 6.03933], [117.98644, 6.03656], [117.98973, 6.0355], [117.99235, 6.03658], [117.99402, 6.0288], [118.0047, 6.02712], [118.0038, 6.02227], [118.0066, 6.01315], [118.00641, 6.01117], [117.98867, 6.01038], [117.98842, 5.9935], [117.97924, 5.99246], [117.98899, 5.97694], [117.99182, 5.97513], [117.99204, 5.97255], [117.98148, 5.96645], [117.98109, 5.96265], [117.98701, 5.95013], [117.98187, 5.94534], [117.97454, 5.9424], [117.97218, 5.93393], [117.9734, 5.93006], [117.97158, 5.9255], [117.97689, 5.9255], [117.98309, 5.92157], [117.98314, 5.91131], [117.97424, 5.90913], [117.97838, 5.89435], [117.97653, 5.88802], [117.98575, 5.88578], [117.99229, 5.88623], [117.99951, 5.88276], [118.00535, 5.88471], [118.02747, 5.883], [118.0406, 5.88387], [118.04625, 5.88162], [118.04855, 5.87835], [118.05526, 5.87592], [118.05837, 5.86747], [118.0547, 5.86511], [118.04852, 5.8713], [118.04327, 5.8622], [118.03902, 5.86115], [118.0347, 5.86653], [118.03146, 5.86443], [118.02979, 5.86625], [118.02022, 5.86015], [118.01376, 5.85196], [118.0177, 5.84467], [118.0112, 5.83404], [118.00151, 5.83696], [118.00324, 5.8405], [117.99981, 5.84385], [117.996, 5.84174], [117.993, 5.84211], [117.9935, 5.84615], [117.99686, 5.84712], [117.99927, 5.85107], [117.99615, 5.8547], [117.99568, 5.8622], [117.99359, 5.86228], [117.99381, 5.86037], [117.98757, 5.86037], [117.98695, 5.85701], [117.98433, 5.85515], [117.98203, 5.85664], [117.9769, 5.85608], [117.97753, 5.86173], [117.9493, 5.86352], [117.94949, 5.86833], [117.94376, 5.86949], [117.93532, 5.86978], [117.9362, 5.86889], [117.93461, 5.86656], [117.91416, 5.86745], [117.91363, 5.86035], [117.91185, 5.85762], [117.91142, 5.81743], [117.89202, 5.81681], [117.88877, 5.81152], [117.89155, 5.80008], [117.88514, 5.7985], [117.87507, 5.79996], [117.87244, 5.79461], [117.8685, 5.79529], [117.86598, 5.79211], [117.86118, 5.79324], [117.8609, 5.7912], [117.85925, 5.79092], [117.86173, 5.78596], [117.85852, 5.78102], [117.85642, 5.78121], [117.85623, 5.7841], [117.854, 5.78224], [117.8501, 5.78314], [117.85156, 5.78596], [117.84749, 5.7871], [117.8447, 5.7858], [117.84008, 5.77512], [117.83092, 5.76954], [117.82152, 5.76731], [117.80809, 5.7673], [117.79653, 5.76131], [117.79254, 5.75283], [117.80666, 5.73041], [117.80922, 5.72533], [117.8068, 5.72271], [117.80938, 5.72041], [117.80782, 5.71955], [117.80401, 5.72138], [117.80286, 5.71729], [117.8002, 5.71706], [117.79907, 5.71468], [117.78557, 5.71127], [117.78423, 5.70612], [117.77497, 5.70971], [117.77529, 5.70667], [117.77203, 5.70616], [117.77286, 5.70289], [117.77035, 5.70254], [117.76346, 5.70877], [117.75576, 5.70425], [117.75147, 5.70846], [117.74688, 5.70416], [117.74389, 5.70655], [117.74216, 5.70442], [117.74037, 5.70537], [117.73822, 5.70164], [117.73633, 5.70187], [117.73495, 5.69818], [117.73029, 5.69937], [117.72688, 5.69746], [117.72355, 5.6993], [117.72186, 5.69726], [117.71909, 5.6975], [117.71728, 5.70015], [117.71388, 5.69776], [117.71199, 5.70185], [117.70968, 5.70106], [117.70862, 5.70364], [117.70529, 5.705], [117.70561, 5.70773], [117.70126, 5.70691], [117.69974, 5.70843], [117.69582, 5.70648], [117.69286, 5.71152], [117.68651, 5.71438], [117.6884, 5.71665], [117.68841, 5.72047], [117.68561, 5.72602], [117.68603, 5.73077], [117.68418, 5.73467], [117.69286, 5.73604], [117.68992, 5.7404], [117.68667, 5.74128], [117.68657, 5.74408], [117.67044, 5.74749], [117.66334, 5.74421], [117.65993, 5.75242], [117.65968, 5.7579], [117.65655, 5.75938], [117.64153, 5.75862], [117.63377, 5.78488], [117.6505, 5.79001], [117.66138, 5.79563], [117.64601, 5.80511], [117.62663, 5.81321], [117.62398, 5.8261], [117.62417, 5.83653], [117.62769, 5.8382], [117.62862, 5.84037], [117.62727, 5.84338], [117.6259, 5.84309], [117.62371, 5.84968], [117.61949, 5.84959], [117.62199, 5.85303], [117.62267, 5.85958], [117.61198, 5.86116], [117.60912, 5.86625], [117.60774, 5.87415], [117.6132, 5.87522], [117.61665, 5.87861], [117.61682, 5.88153], [117.61413, 5.88579], [117.6174, 5.89342], [117.62358, 5.89662], [117.6377, 5.89792], [117.67135, 5.90821], [117.67971, 5.90946], [117.69294, 5.90579], [117.7078, 5.89828], [117.71134, 5.89923], [117.71198, 5.89697], [117.71882, 5.89819], [117.72939, 5.89688], [117.73345, 5.8986], [117.73776, 5.89694], [117.74159, 5.89966], [117.75352, 5.90032], [117.75427, 5.90439], [117.76599, 5.90419], [117.77054, 5.91062], [117.76674, 5.9162], [117.76024, 5.92117], [117.75712, 5.92679], [117.75579, 5.93579], [117.75698, 5.93852], [117.75994, 5.93992], [117.83824, 5.93623], [117.87753, 5.94298], [117.88704, 5.94637], [117.89296, 5.94991], [117.90582, 5.96691], [117.90618, 5.96964], [117.90353, 5.97093], [117.89808, 5.9785], [117.90769, 5.98891], [117.90887, 5.99495], [117.92553, 6.0005], [117.93349, 6.00756], [117.93981, 6.01628], [117.95206, 6.01977], [117.95571, 6.03126], [117.95939, 6.03061], [117.96548, 6.03617], [117.96786, 6.03574], [117.97201, 6.04543], [117.97546, 6.04421]]], [[[118.01293, 6.0599], [118.01184, 6.06022], [118.01363, 6.06081], [118.01347, 6.06039], [118.01293, 6.0599]]], [[[117.96415, 6.06822], [117.96324, 6.06947], [117.96431, 6.07096], [117.96478, 6.06882], [117.96415, 6.06822]]], [[[117.99793, 6.08178], [117.99815, 6.08293], [117.99963, 6.08369], [117.99949, 6.08282], [117.99793, 6.08178]]], [[[118.00069, 6.11595], [118.00146, 6.11567], [118.00077, 6.11506], [118.0004, 6.11531], [118.00069, 6.11595]]], [[[118.01644, 6.10856], [118.01429, 6.10846], [118.00997, 6.11297], [118.01742, 6.11532], [118.01879, 6.1213], [118.02281, 6.12365], [118.03193, 6.12003], [118.02369, 6.11082], [118.01644, 6.10856]]], [[[118.04774, 6.12275], [118.0474, 6.12339], [118.04881, 6.12427], [118.0484, 6.12295], [118.04774, 6.12275]]], [[[118.02742, 6.12454], [118.02663, 6.1265], [118.02889, 6.12748], [118.02791, 6.12611], [118.02742, 6.12454]]], [[[118.05365, 6.14846], [118.05278, 6.1479], [118.05468, 6.15107], [118.05436, 6.14901], [118.05365, 6.14846]]], [[[118.11218, 6.16559], [118.11012, 6.16503], [118.10925, 6.1667], [118.11068, 6.16765], [118.11218, 6.16559]]], [[[118.06095, 6.17241], [118.06015, 6.17161], [118.06023, 6.17701], [118.06214, 6.17542], [118.06095, 6.17241]]]]}}, {"type": "Feature", "properties": {"state": "Sabah", "seat": "N.51 Sungai Manila", "seat_name": "Sungai Manila"}, "geometry": {"type": "MultiPolygon", "coordinates": [[[[117.99093, 6.06135], [117.99887, 6.05953], [118.01086, 6.05957], [118.00944, 6.05461], [118.0116, 6.05025], [118.01125, 6.04145], [118.01304, 6.03766], [118.01169, 6.0322], [118.01411, 6.03163], [118.01497, 6.02886], [118.0138, 6.02623], [118.0305, 6.02907], [118.04219, 6.03657], [118.04645, 6.03427], [118.04596, 6.02902], [118.04156, 6.0241], [118.04073, 6.01916], [118.04245, 6.01718], [118.04245, 6.01211], [118.03465, 6.00649], [118.03432, 6.00266], [118.04162, 5.98876], [118.06169, 5.9642], [118.05913, 5.95985], [118.05929, 5.95159], [118.05766, 5.95125], [118.05773, 5.94908], [118.05489, 5.94557], [118.05228, 5.94829], [118.05076, 5.9472], [118.05139, 5.93867], [118.0482, 5.93842], [118.04774, 5.93442], [118.04442, 5.93263], [118.04474, 5.93049], [118.03497, 5.91696], [118.0262, 5.91031], [118.02651, 5.90739], [118.02926, 5.90681], [118.02969, 5.90091], [118.0282, 5.89706], [118.03844, 5.89571], [118.03808, 5.89126], [118.0353, 5.89133], [118.03504, 5.8883], [118.0327, 5.88699], [118.03409, 5.8865], [118.03415, 5.88355], [118.00535, 5.88471], [117.99951, 5.88276], [117.99229, 5.88623], [117.98575, 5.88578], [117.97653, 5.88802], [117.97838, 5.89435], [117.97424, 5.90913], [117.98314, 5.91131], [117.98309, 5.92157], [117.97689, 5.9255], [117.97158, 5.9255], [117.9734, 5.93006], [117.97218, 5.93393], [117.97454, 5.9424], [117.98187, 5.94534], [117.98701, 5.95013], [117.98109, 5.96265], [117.98148, 5.96645], [117.99204, 5.97255], [117.99182, 5.97513], [117.98899, 5.97694], [117.97924, 5.99246], [117.98842, 5.9935], [117.98867, 6.01038], [118.00641, 6.01117], [118.0066, 6.01315], [118.0038, 6.02227], [118.00478, 6.02704], [117.99402, 6.0288], [117.99235, 6.03658], [117.98973, 6.0355], [117.98644, 6.03656], [117.98543, 6.03933], [117.98393, 6.03841], [117.98389, 6.04007], [117.98144, 6.03961], [117.97893, 6.04469], [117.97356, 6.04532], [117.97409, 6.04704], [117.97038, 6.05554], [117.97724, 6.05696], [117.98167, 6.06138], [117.98309, 6.06395], [117.98119, 6.06753], [117.98219, 6.06854], [117.99093, 6.06135]]]]}}, {"type": "Feature", "properties": {"state": "Sabah", "seat": "N.52 Sungai Sibuga", "seat_name": "Sungai Sibuga"}, "geometry": {"type": "MultiPolygon", "coordinates": [[[[118.10868, 5.92762], [118.1146, 5.92188], [118.11477, 5.91823], [118.11072, 5.91468], [118.10382, 5.91346], [118.10483, 5.91716], [118.10098, 5.92348], [118.10442, 5.92396], [118.10552, 5.92738], [118.10868, 5.92762]]], [[[118.05369, 5.92414], [118.05857, 5.92273], [118.05854, 5.91646], [118.06259, 5.91661], [118.07425, 5.90762], [118.08199, 5.90367], [118.08644, 5.90276], [118.09434, 5.90857], [118.09914, 5.90886], [118.1009, 5.90475], [118.10011, 5.90186], [118.09594, 5.89935], [118.09192, 5.89943], [118.09542, 5.89001], [118.09816, 5.88761], [118.09901, 5.88253], [118.09376, 5.87989], [118.09093, 5.87627], [118.08564, 5.87648], [118.08452, 5.87152], [118.08004, 5.87067], [118.07856, 5.87176], [118.07481, 5.87015], [118.07093, 5.8715], [118.06609, 5.86875], [118.06548, 5.86382], [118.061, 5.86348], [118.05526, 5.87592], [118.04855, 5.87835], [118.04625, 5.88162], [118.0406, 5.88387], [118.03415, 5.88355], [118.03409, 5.8865], [118.0327, 5.88699], [118.03504, 5.8883], [118.0353, 5.89133], [118.03808, 5.89126], [118.03844, 5.89571], [118.0282, 5.89706], [118.02969, 5.90091], [118.02926, 5.90681], [118.02651, 5.90739], [118.0262, 5.91031], [118.03497, 5.91696], [118.04285, 5.92936], [118.04529, 5.92916], [118.04883, 5.92491], [118.05369, 5.92414]]], [[[118.06876, 5.95134], [118.0588, 5.94064], [118.05325, 5.94002], [118.05353, 5.92736], [118.05042, 5.92707], [118.04438, 5.93004], [118.04442, 5.93263], [118.04779, 5.93451], [118.0482, 5.93842], [118.05139, 5.93867], [118.05112, 5.94789], [118.05489, 5.94557], [118.05773, 5.94908], [118.05766, 5.95125], [118.05927, 5.95151], [118.05844, 5.95692], [118.06169, 5.96421], [118.06906, 5.95957], [118.06876, 5.95134]]]]}}, {"type": "Feature", "properties": {"state": "Sabah", "seat": "N.53 Sekong", "seat_name": "Sekong"}, "geometry": {"type": "MultiPolygon", "coordinates": [[[[117.96027, 5.73748], [117.96266, 5.73503], [117.95901, 5.73345], [117.95699, 5.73437], [117.95728, 5.73673], [117.96027, 5.73748]]], [[[117.92017, 5.74881], [117.92545, 5.74477], [117.90985, 5.74306], [117.90703, 5.74581], [117.92017, 5.74881]]], [[[117.92757, 5.75412], [117.92515, 5.75384], [117.92313, 5.75525], [117.92676, 5.75618], [117.92757, 5.75412]]], [[[118.02149, 5.75853], [118.02055, 5.75599], [118.01837, 5.75589], [118.01769, 5.75813], [118.02149, 5.75853]]], [[[117.94246, 5.77013], [117.94466, 5.76471], [117.9424, 5.76073], [117.93895, 5.76156], [117.93532, 5.76745], [117.94246, 5.77013]]], [[[117.91674, 5.77313], [117.92033, 5.77239], [117.91963, 5.76849], [117.90885, 5.76329], [117.90374, 5.758], [117.89526, 5.75714], [117.89447, 5.75991], [117.89695, 5.76643], [117.91674, 5.77313]]], [[[118.00879, 5.77477], [118.00606, 5.77238], [118.0058, 5.77239], [118.00563, 5.77374], [118.00983, 5.77571], [118.00879, 5.77477]]], [[[117.99285, 5.7801], [117.99257, 5.7804], [117.99279, 5.78097], [117.99309, 5.78046], [117.99285, 5.7801]]], [[[117.99001, 5.78727], [117.99059, 5.78653], [117.99159, 5.78632], [117.98976, 5.7863], [117.99001, 5.78727]]], [[[117.98012, 5.79244], [117.98122, 5.79064], [117.97639, 5.78899], [117.97371, 5.79007], [117.9723, 5.78884], [117.97071, 5.79089], [117.98012, 5.79244]]], [[[117.93017, 5.79397], [117.93379, 5.79094], [117.93902, 5.78944], [117.94619, 5.79049], [117.95907, 5.78891], [117.95924, 5.79022], [117.96408, 5.79024], [117.97497, 5.78815], [117.97653, 5.78646], [117.97953, 5.78825], [117.9807, 5.78551], [117.98652, 5.7807], [117.98949, 5.78488], [117.9914, 5.78523], [117.98831, 5.77995], [117.98968, 5.77875], [117.993, 5.77957], [117.99547, 5.77577], [117.99853, 5.77461], [118.00558, 5.77655], [118.00537, 5.77144], [118.00263, 5.7663], [118.00716, 5.77172], [118.01048, 5.76906], [118.00942, 5.76816], [118.01128, 5.76785], [118.00981, 5.77239], [118.01579, 5.77395], [118.01702, 5.76715], [118.01455, 5.76074], [118.01492, 5.75492], [118.0055, 5.74965], [118.00178, 5.74228], [117.98448, 5.74423], [117.97098, 5.74263], [117.96149, 5.74995], [117.95245, 5.7708], [117.94782, 5.77637], [117.94089, 5.77872], [117.93383, 5.77732], [117.92311, 5.77794], [117.91483, 5.78287], [117.91364, 5.786], [117.91807, 5.78951], [117.91908, 5.79193], [117.9186, 5.79366], [117.91832, 5.79112], [117.91594, 5.7892], [117.91339, 5.789], [117.91058, 5.79159], [117.91268, 5.79342], [117.91349, 5.7974], [117.91684, 5.79872], [117.93017, 5.79397]]], [[[118.04898, 5.87042], [118.05983, 5.86001], [118.06301, 5.85906], [118.06354, 5.85557], [118.06146, 5.85616], [118.06067, 5.85492], [118.0659, 5.85366], [118.06639, 5.85885], [118.07209, 5.8559], [118.06985, 5.85127], [118.06796, 5.85149], [118.06297, 5.84106], [118.07273, 5.83017], [118.07724, 5.829], [118.07586, 5.82715], [118.07842, 5.8255], [118.0766, 5.8192], [118.06968, 5.81828], [118.06847, 5.812], [118.07085, 5.81235], [118.07002, 5.81004], [118.06468, 5.8054], [118.06189, 5.8077], [118.06104, 5.80663], [118.05682, 5.80783], [118.05677, 5.80537], [118.05316, 5.80464], [118.05333, 5.80011], [118.05234, 5.80319], [118.05096, 5.80103], [118.04867, 5.80329], [118.05074, 5.79931], [118.0493, 5.80009], [118.04348, 5.79666], [118.04185, 5.79781], [118.03848, 5.79288], [118.03633, 5.79388], [118.03209, 5.79038], [118.02845, 5.78955], [118.02548, 5.79063], [118.02537, 5.79226], [118.01908, 5.79049], [118.01678, 5.79439], [118.00846, 5.80012], [118.00735, 5.80262], [118.00819, 5.82852], [118.00625, 5.82607], [118.00485, 5.81494], [118.00181, 5.81405], [118.00054, 5.81163], [118.00204, 5.80907], [117.99675, 5.80842], [117.99268, 5.80474], [117.97522, 5.80647], [117.97249, 5.80399], [117.96851, 5.80566], [117.96655, 5.80408], [117.9651, 5.81298], [117.96294, 5.80845], [117.95817, 5.80785], [117.95484, 5.80562], [117.95316, 5.80725], [117.95208, 5.81447], [117.95119, 5.8052], [117.96009, 5.7998], [117.96098, 5.79603], [117.95416, 5.79412], [117.94184, 5.7937], [117.93575, 5.7948], [117.93515, 5.79726], [117.93346, 5.79572], [117.91722, 5.80129], [117.91006, 5.79941], [117.91044, 5.79525], [117.90898, 5.79392], [117.89318, 5.79397], [117.89276, 5.79285], [117.89848, 5.79], [117.8942, 5.78768], [117.89683, 5.78749], [117.89847, 5.78539], [117.89724, 5.78316], [117.89858, 5.78046], [117.89923, 5.78474], [117.90292, 5.78376], [117.90647, 5.7798], [117.90618, 5.7769], [117.90962, 5.77422], [117.89536, 5.76812], [117.89409, 5.76324], [117.89435, 5.7568], [117.90245, 5.75665], [117.90819, 5.75955], [117.91322, 5.7575], [117.91079, 5.75586], [117.91108, 5.75292], [117.90894, 5.75012], [117.90068, 5.74611], [117.90588, 5.74449], [117.90958, 5.73925], [117.91142, 5.74023], [117.91676, 5.73601], [117.91794, 5.73895], [117.9236, 5.73965], [117.92733, 5.73722], [117.92801, 5.73483], [117.92923, 5.73741], [117.93365, 5.73522], [117.94659, 5.73322], [117.94894, 5.7269], [117.94795, 5.7257], [117.94978, 5.72504], [117.9455, 5.71874], [117.94069, 5.72023], [117.93094, 5.71972], [117.92798, 5.71574], [117.92409, 5.71511], [117.91855, 5.71098], [117.93797, 5.71612], [117.93862, 5.71206], [117.93408, 5.70597], [117.93654, 5.70485], [117.9367, 5.69836], [117.9212, 5.69353], [117.93551, 5.6962], [117.93855, 5.69011], [117.9379, 5.68718], [117.9433, 5.69195], [117.9515, 5.69213], [117.9547, 5.69012], [117.95432, 5.68855], [117.94689, 5.68461], [117.94369, 5.67867], [117.93147, 5.67539], [117.93298, 5.6738], [117.93725, 5.67487], [117.94187, 5.67381], [117.94385, 5.67151], [117.94246, 5.66722], [117.92239, 5.65525], [117.92465, 5.65456], [117.94225, 5.66469], [117.94404, 5.66074], [117.94275, 5.65866], [117.94447, 5.65975], [117.94985, 5.65226], [117.94599, 5.64897], [117.93887, 5.64734], [117.94628, 5.6472], [117.95167, 5.65423], [117.95316, 5.65412], [117.9526, 5.6505], [117.95372, 5.6536], [117.95334, 5.65497], [117.9487, 5.65525], [117.94489, 5.66399], [117.94529, 5.66753], [117.94779, 5.67014], [117.94977, 5.66708], [117.9486, 5.67143], [117.9512, 5.67684], [117.95523, 5.67419], [117.95225, 5.67739], [117.95268, 5.67951], [117.96229, 5.67927], [117.96561, 5.67303], [117.96418, 5.66912], [117.95949, 5.66561], [117.95573, 5.6575], [117.95663, 5.65379], [117.95627, 5.6573], [117.95976, 5.66452], [117.96664, 5.67081], [117.96417, 5.68055], [117.96684, 5.68088], [117.97289, 5.67677], [117.97961, 5.67764], [117.98554, 5.68185], [117.98976, 5.681], [117.98545, 5.67025], [117.97767, 5.66501], [117.97756, 5.65831], [117.97295, 5.65704], [117.97031, 5.65033], [117.968, 5.6512], [117.9653, 5.64727], [117.96823, 5.64616], [117.96542, 5.64036], [117.97085, 5.6408], [117.96847, 5.63744], [117.97222, 5.6376], [117.9698, 5.63415], [117.97182, 5.62848], [117.97003, 5.62729], [117.97174, 5.62547], [117.96944, 5.62467], [117.97154, 5.62322], [117.9688, 5.6216], [117.97056, 5.61845], [117.96956, 5.61746], [117.96817, 5.6188], [117.96728, 5.61619], [117.96975, 5.61651], [117.96909, 5.61434], [117.96909, 5.6157], [117.96737, 5.61409], [117.96469, 5.61484], [117.96144, 5.61174], [117.95923, 5.6131], [117.95927, 5.61134], [117.95125, 5.60883], [117.9463, 5.60927], [117.94535, 5.60785], [117.94295, 5.60885], [117.94319, 5.61243], [117.93452, 5.61247], [117.93395, 5.61478], [117.94831, 5.6356], [117.94171, 5.63756], [117.93843, 5.6352], [117.93821, 5.63817], [117.9321, 5.63953], [117.93257, 5.64397], [117.93, 5.64333], [117.92805, 5.64037], [117.92041, 5.6439], [117.91559, 5.65048], [117.91219, 5.64853], [117.90488, 5.65449], [117.86802, 5.62558], [117.84591, 5.60676], [117.84495, 5.60392], [117.83322, 5.60591], [117.82951, 5.60511], [117.82421, 5.60791], [117.82433, 5.61183], [117.82213, 5.61362], [117.82366, 5.63537], [117.82974, 5.64618], [117.82981, 5.65394], [117.8253, 5.67387], [117.81934, 5.68057], [117.81684, 5.68604], [117.80189, 5.67441], [117.79129, 5.66935], [117.78319, 5.66933], [117.76339, 5.68095], [117.75328, 5.68159], [117.73973, 5.67485], [117.73896, 5.67621], [117.71107, 5.67625], [117.71484, 5.68458], [117.71395, 5.68663], [117.70729, 5.6895], [117.71121, 5.69285], [117.71204, 5.69466], [117.71019, 5.69792], [117.71276, 5.69966], [117.71431, 5.69768], [117.71728, 5.70015], [117.71909, 5.6975], [117.72186, 5.69726], [117.72355, 5.6993], [117.72688, 5.69746], [117.73029, 5.69937], [117.73495, 5.69818], [117.73633, 5.70187], [117.73822, 5.70164], [117.74037, 5.70537], [117.74216, 5.70442], [117.74389, 5.70655], [117.74688, 5.70416], [117.75147, 5.70846], [117.75576, 5.70425], [117.76346, 5.70877], [117.77035, 5.70254], [117.77286, 5.70289], [117.77203, 5.70616], [117.77529, 5.70667], [117.77497, 5.70971], [117.78423, 5.70612], [117.78557, 5.71127], [117.79907, 5.71468], [117.8002, 5.71706], [117.80286, 5.71729], [117.80409, 5.72141], [117.80903, 5.71998], [117.80946, 5.72134], [117.8068, 5.72271], [117.80922, 5.72533], [117.79254, 5.75283], [117.79653, 5.76131], [117.80809, 5.7673], [117.82152, 5.76731], [117.83092, 5.76954], [117.84008, 5.77512], [117.8447, 5.7858], [117.84749, 5.7871], [117.85156, 5.78596], [117.8501, 5.78314], [117.854, 5.78224], [117.85623, 5.7841], [117.85642, 5.78121], [117.85852, 5.78102], [117.86173, 5.78596], [117.85925, 5.79092], [117.8609, 5.7912], [117.86118, 5.79324], [117.86598, 5.79211], [117.8685, 5.79529], [117.87244, 5.79461], [117.87507, 5.79996], [117.88514, 5.7985], [117.89155, 5.80008], [117.88877, 5.81152], [117.89202, 5.81681], [117.91142, 5.81743], [117.91185, 5.85762], [117.91363, 5.86035], [117.91416, 5.86745], [117.93461, 5.86656], [117.9362, 5.86889], [117.93532, 5.86978], [117.94376, 5.86949], [117.94949, 5.86833], [117.9493, 5.86352], [117.97753, 5.86173], [117.9769, 5.85608], [117.98203, 5.85664], [117.98433, 5.85515], [117.98695, 5.85701], [117.98757, 5.86037], [117.99381, 5.86037], [117.99359, 5.86228], [117.99568, 5.8622], [117.99615, 5.8547], [117.99927, 5.85107], [117.99686, 5.84712], [117.9935, 5.84615], [117.993, 5.84211], [117.996, 5.84174], [117.99981, 5.84385], [118.00324, 5.8405], [118.00151, 5.83696], [118.0112, 5.83404], [118.01756, 5.84377], [118.01378, 5.85123], [118.01704, 5.85752], [118.02979, 5.86625], [118.03146, 5.86443], [118.0347, 5.86653], [118.03902, 5.86115], [118.04327, 5.8622], [118.04735, 5.87021], [118.04898, 5.87042]]]]}}, {"type": "Feature", "properties": {"state": "Sabah", "seat": "N.54 Karamunting", "seat_name": "Karamunting"}, "geometry": {"type": "MultiPolygon", "coordinates": [[[[118.08263, 5.84792], [118.08385, 5.84769], [118.08554, 5.85092], [118.08498, 5.85511], [118.08973, 5.85197], [118.09485, 5.8554], [118.09914, 5.85101], [118.09832, 5.84665], [118.0996, 5.8452], [118.09813, 5.84325], [118.09624, 5.84465], [118.09471, 5.8437], [118.09514, 5.8421], [118.11041, 5.8445], [118.10901, 5.84153], [118.11157, 5.83969], [118.10989, 5.83914], [118.11055, 5.83808], [118.11559, 5.83935], [118.11736, 5.83695], [118.10755, 5.83686], [118.10622, 5.83494], [118.10563, 5.83639], [118.1046, 5.83425], [118.09996, 5.83329], [118.09577, 5.8341], [118.09326, 5.83072], [118.09166, 5.83132], [118.08451, 5.82797], [118.08287, 5.82449], [118.08428, 5.81723], [118.08021, 5.81018], [118.08273, 5.8083], [118.08103, 5.80752], [118.07968, 5.80943], [118.07673, 5.80747], [118.06903, 5.80651], [118.06842, 5.80965], [118.07085, 5.81235], [118.06847, 5.812], [118.06968, 5.81828], [118.0766, 5.8192], [118.07842, 5.82553], [118.07586, 5.82715], [118.07724, 5.829], [118.07273, 5.83017], [118.06777, 5.83628], [118.07012, 5.83936], [118.06998, 5.84147], [118.06764, 5.84182], [118.06854, 5.84649], [118.07062, 5.8456], [118.07416, 5.85366], [118.08099, 5.8567], [118.08085, 5.85191], [118.0837, 5.84914], [118.08263, 5.84792]]]]}}, {"type": "Feature", "properties": {"state": "Sabah", "seat": "N.55 Elopura", "seat_name": "Elopura"}, "geometry": {"type": "MultiPolygon", "coordinates": [[[[118.09376, 5.87951], [118.1002, 5.8779], [118.10491, 5.87256], [118.10414, 5.87021], [118.10969, 5.8696], [118.11025, 5.86754], [118.11412, 5.87174], [118.119, 5.8657], [118.11788, 5.8641], [118.12428, 5.86111], [118.12944, 5.85218], [118.12792, 5.84606], [118.12549, 5.8426], [118.12086, 5.84086], [118.11991, 5.84256], [118.1154, 5.84073], [118.11301, 5.84418], [118.111, 5.84418], [118.11174, 5.84247], [118.11066, 5.84443], [118.10667, 5.84487], [118.09631, 5.84173], [118.09471, 5.8437], [118.09624, 5.84465], [118.09813, 5.84325], [118.0996, 5.8452], [118.09832, 5.84665], [118.09914, 5.85101], [118.09485, 5.8554], [118.08973, 5.85197], [118.08498, 5.85511], [118.08581, 5.85187], [118.08327, 5.84769], [118.08326, 5.85043], [118.08085, 5.85191], [118.08099, 5.8567], [118.07416, 5.85366], [118.07062, 5.8456], [118.06854, 5.84649], [118.06764, 5.84182], [118.06998, 5.84147], [118.07008, 5.83922], [118.06786, 5.8364], [118.06582, 5.83711], [118.06306, 5.84148], [118.06796, 5.85149], [118.06985, 5.85127], [118.07209, 5.8559], [118.06639, 5.85885], [118.0659, 5.85366], [118.06067, 5.85492], [118.06146, 5.85616], [118.06354, 5.85557], [118.06301, 5.85906], [118.05983, 5.86001], [118.05496, 5.86515], [118.05845, 5.86755], [118.061, 5.86348], [118.06548, 5.86382], [118.06609, 5.86875], [118.0677, 5.87013], [118.07093, 5.8715], [118.07481, 5.87015], [118.07856, 5.87176], [118.08004, 5.87067], [118.08452, 5.87152], [118.08559, 5.87644], [118.09093, 5.87627], [118.09376, 5.87951]]]]}}, {"type": "Feature", "properties": {"state": "Sabah", "seat": "N.56 Tanjong Papat", "seat_name": "Tanjong Papat"}, "geometry": {"type": "MultiPolygon", "coordinates": [[[[118.12039, 5.86586], [118.12863, 5.85743], [118.13147, 5.85631], [118.13171, 5.85386], [118.13344, 5.85315], [118.13271, 5.85008], [118.12815, 5.84322], [118.12714, 5.844], [118.12548, 5.84154], [118.12302, 5.84122], [118.1218, 5.83851], [118.11714, 5.83753], [118.11559, 5.83935], [118.11055, 5.83808], [118.10989, 5.83914], [118.11157, 5.83969], [118.10901, 5.84153], [118.10965, 5.84371], [118.11174, 5.84247], [118.111, 5.84418], [118.11301, 5.84418], [118.1154, 5.84073], [118.11991, 5.84256], [118.12092, 5.84087], [118.12549, 5.8426], [118.12882, 5.84756], [118.12944, 5.85218], [118.12472, 5.86055], [118.1204, 5.86394], [118.11788, 5.8641], [118.12039, 5.86586]]], [[[118.14555, 5.88203], [118.14432, 5.88072], [118.14829, 5.87424], [118.15051, 5.86629], [118.14883, 5.86218], [118.14804, 5.86305], [118.14661, 5.86152], [118.14683, 5.85848], [118.14294, 5.85537], [118.14046, 5.86367], [118.14191, 5.86903], [118.13761, 5.87538], [118.13886, 5.87996], [118.14124, 5.88175], [118.13939, 5.88286], [118.14139, 5.88194], [118.14254, 5.88337], [118.13911, 5.88912], [118.14555, 5.88203]]]]}}, {"type": "Feature", "properties": {"state": "Sabah", "seat": "N.57 Kuamut", "seat_name": "Kuamut"}, "geometry": {"type": "MultiPolygon", "coordinates": [[[[117.39916, 5.618], [117.40281, 5.6175], [117.40345, 5.61103], [117.41372, 5.60031], [117.41507, 5.59597], [117.41167, 5.59494], [117.41173, 5.59323], [117.41464, 5.59277], [117.42264, 5.58381], [117.42427, 5.57966], [117.43421, 5.57872], [117.43437, 5.57703], [117.4376, 5.57646], [117.44005, 5.57739], [117.44205, 5.57313], [117.44121, 5.56732], [117.44445, 5.56457], [117.44311, 5.56046], [117.44829, 5.55457], [117.44902, 5.54611], [117.4578, 5.54419], [117.46722, 5.53867], [117.46773, 5.53689], [117.46467, 5.53247], [117.46489, 5.52785], [117.47834, 5.52714], [117.4818, 5.52467], [117.48144, 5.51811], [117.48379, 5.50709], [117.48663, 5.50829], [117.48882, 5.50731], [117.4907, 5.50909], [117.49348, 5.50734], [117.49762, 5.50086], [117.49818, 5.49463], [117.49999, 5.49171], [117.50387, 5.48968], [117.50459, 5.48614], [117.52, 5.48983], [117.52978, 5.48776], [117.5348, 5.48309], [117.5368, 5.47776], [117.5361, 5.47537], [117.53359, 5.47417], [117.53287, 5.47015], [117.54069, 5.46958], [117.5445, 5.46666], [117.54312, 5.46212], [117.5389, 5.46176], [117.5341, 5.45892], [117.53629, 5.45329], [117.53959, 5.45055], [117.53931, 5.44523], [117.53517, 5.4456], [117.53455, 5.43897], [117.52838, 5.43504], [117.5269, 5.43823], [117.52492, 5.43639], [117.52036, 5.43614], [117.51777, 5.44487], [117.51444, 5.4434], [117.5111, 5.44647], [117.50212, 5.44769], [117.50394, 5.44549], [117.501, 5.44291], [117.49765, 5.44611], [117.49215, 5.44278], [117.49707, 5.43493], [117.49471, 5.43051], [117.49771, 5.41299], [117.49254, 5.40883], [117.49188, 5.40595], [117.49677, 5.40045], [117.51349, 5.39799], [117.51274, 5.37829], [117.51669, 5.37103], [117.53305, 5.37123], [117.53463, 5.36943], [117.53455, 5.36518], [117.5368, 5.36281], [117.53873, 5.36295], [117.54031, 5.36744], [117.54335, 5.36922], [117.55334, 5.3703], [117.55368, 5.36589], [117.55573, 5.3643], [117.56621, 5.36473], [117.56767, 5.36259], [117.57119, 5.36248], [117.57475, 5.35837], [117.57188, 5.34888], [117.57454, 5.34273], [117.57688, 5.34152], [117.5747, 5.33734], [117.59113, 5.32471], [117.59545, 5.32407], [117.60715, 5.32608], [117.61273, 5.31889], [117.61979, 5.31954], [117.63237, 5.32444], [117.63562, 5.32328], [117.63087, 5.31728], [117.63139, 5.31473], [117.63336, 5.31495], [117.63396, 5.31113], [117.64225, 5.3124], [117.64977, 5.31097], [117.6524, 5.31359], [117.65625, 5.31434], [117.65802, 5.31187], [117.66247, 5.31096], [117.66231, 5.30826], [117.66805, 5.30447], [117.66805, 5.30162], [117.66986, 5.30229], [117.66963, 5.30102], [117.67566, 5.29681], [117.6749, 5.29246], [117.67671, 5.2914], [117.67799, 5.28525], [117.68738, 5.27701], [117.68595, 5.27213], [117.68723, 5.26995], [117.69054, 5.26651], [117.69129, 5.26771], [117.69512, 5.26486], [117.69384, 5.26404], [117.69534, 5.25886], [117.69429, 5.25437], [117.69699, 5.25258], [117.69711, 5.24998], [117.70211, 5.24827], [117.70371, 5.24985], [117.70416, 5.2434], [117.70598, 5.2434], [117.70827, 5.23977], [117.71243, 5.2385], [117.71378, 5.23522], [117.71804, 5.23161], [117.72826, 5.229], [117.7302, 5.23081], [117.73758, 5.23227], [117.73974, 5.23532], [117.73918, 5.2369], [117.74422, 5.23969], [117.74651, 5.24388], [117.75484, 5.24578], [117.77994, 5.23481], [117.77593, 5.21759], [117.76772, 5.20458], [117.75296, 5.1902], [117.73929, 5.18674], [117.72283, 5.17719], [117.7027, 5.1489], [117.70097, 5.12553], [117.69538, 5.11524], [117.68622, 5.10541], [117.68773, 5.07622], [117.67881, 5.05935], [117.67906, 5.04154], [117.67137, 5.02709], [117.657, 5.02273], [117.63176, 5.01886], [117.60614, 5.00826], [117.59563, 5.00097], [117.59845, 4.98111], [117.58433, 4.97374], [117.57527, 4.96454], [117.52262, 4.94606], [117.51105, 4.93877], [117.50649, 4.92637], [117.52173, 4.89712], [117.51846, 4.87253], [117.50089, 4.85258], [117.485, 4.84898], [117.47858, 4.84152], [117.47525, 4.83309], [117.47564, 4.81924], [117.47418, 4.81116], [117.46877, 4.79738], [117.46727, 4.77836], [117.47444, 4.7702], [117.4863, 4.74349], [117.48689, 4.71601], [117.48518, 4.71509], [117.4813, 4.71657], [117.4765, 4.71195], [117.47657, 4.7074], [117.47158, 4.70316], [117.46364, 4.68585], [117.46071, 4.68536], [117.45807, 4.68047], [117.46002, 4.6745], [117.45914, 4.67264], [117.45443, 4.67038], [117.44856, 4.66308], [117.45141, 4.64469], [117.44708, 4.62811], [117.45024, 4.62253], [117.44965, 4.62011], [117.44283, 4.61373], [117.43248, 4.61938], [117.4198, 4.61234], [117.40931, 4.61234], [117.40175, 4.61542], [117.39977, 4.61138], [117.39478, 4.60984], [117.37659, 4.61872], [117.37146, 4.61696], [117.36735, 4.62165], [117.36427, 4.62011], [117.35994, 4.62356], [117.35407, 4.62341], [117.34923, 4.62903], [117.34363, 4.62903], [117.34147, 4.62733], [117.3389, 4.62824], [117.33702, 4.62574], [117.33388, 4.62898], [117.33343, 4.63205], [117.32459, 4.63455], [117.31877, 4.64444], [117.3142, 4.64706], [117.31101, 4.65292], [117.31192, 4.6565], [117.30981, 4.66116], [117.30599, 4.66434], [117.3061, 4.67122], [117.3085, 4.67492], [117.30525, 4.67674], [117.30605, 4.68339], [117.30079, 4.68764], [117.29968, 4.69227], [117.29647, 4.69446], [117.29344, 4.70364], [117.28186, 4.70465], [117.27817, 4.71187], [117.27895, 4.72549], [117.27768, 4.72862], [117.27115, 4.71649], [117.21269, 4.68636], [117.18512, 4.68746], [117.17955, 4.67919], [117.17541, 4.67947], [117.16903, 4.69012], [117.1569, 4.6912], [117.15078, 4.7011], [117.14615, 4.70085], [117.12763, 4.69426], [117.11886, 4.69461], [117.11043, 4.70282], [117.1041, 4.70467], [117.09378, 4.70463], [117.08636, 4.70139], [117.07595, 4.68064], [117.07374, 4.65637], [117.06793, 4.64768], [117.05015, 4.63498], [117.04622, 4.62385], [117.04731, 4.61665], [117.05148, 4.60755], [117.05946, 4.59867], [117.07132, 4.59862], [117.08376, 4.60165], [117.08652, 4.59907], [117.0872, 4.58997], [117.08887, 4.58802], [117.10324, 4.58098], [117.10344, 4.57912], [117.10236, 4.57755], [117.09493, 4.57794], [117.09405, 4.57599], [117.09679, 4.56963], [117.09547, 4.56687], [117.08246, 4.56775], [117.07151, 4.55924], [117.07092, 4.55641], [117.06437, 4.55113], [117.05967, 4.54438], [117.04617, 4.53782], [117.03874, 4.53792], [117.03581, 4.54066], [117.02397, 4.54047], [117.01419, 4.55416], [117.00832, 4.55582], [117.00109, 4.56941], [116.98916, 4.58017], [116.97634, 4.58037], [116.97145, 4.58223], [116.96324, 4.58135], [116.95639, 4.58555], [116.94739, 4.58585], [116.93874, 4.58159], [116.93104, 4.58303], [116.91813, 4.58029], [116.90966, 4.5842], [116.89844, 4.58407], [116.88501, 4.59046], [116.87557, 4.59007], [116.86928, 4.60943], [116.87298, 4.62339], [116.86819, 4.63445], [116.86835, 4.63997], [116.87109, 4.64428], [116.87034, 4.64814], [116.8674, 4.64954], [116.87421, 4.65979], [116.87088, 4.67062], [116.8781, 4.68081], [116.86802, 4.71125], [116.85098, 4.72072], [116.83875, 4.72072], [116.83106, 4.7301], [116.82771, 4.745], [116.80157, 4.76872], [116.80146, 4.78611], [116.79191, 4.79994], [116.77053, 4.80676], [116.76688, 4.78351], [116.7594, 4.78191], [116.75227, 4.78523], [116.74118, 4.79646], [116.70958, 4.79853], [116.6973, 4.80114], [116.68455, 4.79967], [116.66991, 4.79009], [116.66308, 4.77882], [116.65522, 4.77574], [116.64497, 4.77582], [116.6414, 4.76428], [116.63124, 4.7552], [116.6285, 4.75071], [116.62911, 4.73954], [116.62068, 4.73028], [116.60619, 4.73286], [116.584, 4.74523], [116.57935, 4.74634], [116.58161, 4.75471], [116.5906, 4.7649], [116.58899, 4.76988], [116.59216, 4.77557], [116.59489, 4.78638], [116.59301, 4.78849], [116.5754, 4.79152], [116.572, 4.7948], [116.57138, 4.8035], [116.55657, 4.80811], [116.5246, 4.88891], [116.53274, 4.89948], [116.53336, 4.91052], [116.53091, 4.92804], [116.52577, 4.93651], [116.52436, 4.94784], [116.52629, 4.95162], [116.52386, 4.9656], [116.54146, 4.97944], [116.55387, 4.99986], [116.55213, 5.00541], [116.54828, 5.00999], [116.54491, 5.00777], [116.54205, 5.00822], [116.54131, 5.03581], [116.54571, 5.0414], [116.54336, 5.04536], [116.54559, 5.053], [116.5312, 5.05408], [116.53172, 5.05916], [116.52955, 5.06089], [116.52553, 5.07144], [116.51577, 5.0802], [116.51094, 5.08924], [116.4906, 5.09473], [116.48864, 5.09387], [116.47249, 5.12862], [116.47222, 5.13079], [116.47464, 5.13192], [116.47025, 5.13577], [116.47261, 5.14305], [116.46915, 5.14561], [116.46671, 5.15794], [116.46711, 5.16212], [116.46984, 5.16628], [116.46662, 5.17326], [116.46159, 5.17632], [116.46078, 5.19019], [116.45495, 5.19911], [116.4502, 5.20293], [116.45349, 5.20863], [116.45262, 5.20967], [116.45534, 5.21266], [116.46031, 5.21033], [116.46226, 5.21173], [116.46966, 5.21203], [116.47206, 5.21451], [116.4738, 5.2139], [116.4787, 5.2163], [116.47942, 5.21794], [116.48144, 5.2172], [116.48533, 5.22219], [116.4847, 5.22517], [116.48708, 5.23056], [116.48772, 5.23971], [116.49129, 5.24272], [116.49604, 5.23955], [116.50755, 5.25954], [116.51005, 5.25883], [116.512, 5.26024], [116.51777, 5.25682], [116.52637, 5.2558], [116.52916, 5.26058], [116.53284, 5.26314], [116.53584, 5.26277], [116.53705, 5.26687], [116.53435, 5.26893], [116.53471, 5.27293], [116.5373, 5.27341], [116.54006, 5.27178], [116.54808, 5.27435], [116.54671, 5.28537], [116.54823, 5.28742], [116.55933, 5.29072], [116.58687, 5.28958], [116.59198, 5.29451], [116.59477, 5.3041], [116.59041, 5.30828], [116.59022, 5.31063], [116.58757, 5.31065], [116.58194, 5.31578], [116.58072, 5.31825], [116.58117, 5.32587], [116.5803, 5.32779], [116.57747, 5.328], [116.57679, 5.33376], [116.56809, 5.34658], [116.56919, 5.35242], [116.57413, 5.35749], [116.58679, 5.35714], [116.59069, 5.36076], [116.59256, 5.38411], [116.59399, 5.38362], [116.59527, 5.38574], [116.59326, 5.38723], [116.59075, 5.39702], [116.59293, 5.39785], [116.59381, 5.40054], [116.59286, 5.41036], [116.59547, 5.40959], [116.59598, 5.41083], [116.59053, 5.41429], [116.58923, 5.42071], [116.59177, 5.42381], [116.60047, 5.42295], [116.6065, 5.42607], [116.61573, 5.42597], [116.62064, 5.42795], [116.62356, 5.4254], [116.62422, 5.4268], [116.62539, 5.425], [116.6271, 5.42641], [116.62898, 5.42308], [116.63265, 5.42387], [116.64128, 5.41943], [116.66537, 5.42692], [116.67099, 5.42659], [116.67708, 5.42857], [116.67888, 5.43736], [116.67838, 5.44586], [116.67179, 5.44989], [116.6683, 5.44863], [116.66491, 5.45542], [116.65752, 5.45857], [116.65181, 5.46424], [116.6561, 5.46711], [116.65805, 5.4708], [116.65642, 5.47067], [116.65315, 5.4746], [116.65412, 5.47866], [116.65223, 5.4871], [116.6677, 5.50386], [116.66898, 5.51776], [116.67156, 5.52147], [116.67252, 5.52768], [116.67422, 5.52597], [116.67724, 5.52597], [116.68527, 5.5311], [116.6915, 5.52737], [116.69566, 5.51924], [116.6978, 5.51824], [116.70162, 5.51924], [116.70405, 5.52238], [116.70797, 5.51693], [116.71284, 5.51808], [116.7144, 5.51528], [116.71616, 5.51763], [116.71817, 5.51583], [116.72023, 5.51878], [116.7259, 5.51828], [116.73073, 5.51173], [116.73128, 5.51673], [116.73342, 5.51482], [116.73669, 5.51625], [116.7434, 5.51284], [116.74558, 5.51347], [116.7486, 5.5101], [116.75384, 5.51242], [116.75286, 5.50867], [116.75433, 5.5062], [116.75854, 5.50972], [116.76549, 5.50709], [116.76666, 5.50427], [116.76734, 5.50619], [116.77178, 5.50738], [116.77484, 5.50521], [116.7751, 5.50247], [116.78193, 5.49164], [116.78612, 5.49093], [116.78934, 5.49324], [116.79497, 5.49253], [116.79595, 5.49031], [116.7947, 5.48978], [116.798, 5.48818], [116.79863, 5.4856], [116.80193, 5.48551], [116.80157, 5.48284], [116.80702, 5.48409], [116.80765, 5.48578], [116.81426, 5.48364], [116.83257, 5.48471], [116.83675, 5.49314], [116.83681, 5.50165], [116.82799, 5.51587], [116.83717, 5.52609], [116.8456, 5.52624], [116.84846, 5.52802], [116.85453, 5.52669], [116.86551, 5.529], [116.86837, 5.5274], [116.86944, 5.53042], [116.86357, 5.54337], [116.86451, 5.54477], [116.86759, 5.54337], [116.87007, 5.5465], [116.87165, 5.55621], [116.87015, 5.56049], [116.87147, 5.56278], [116.87064, 5.56679], [116.8738, 5.5681], [116.87034, 5.57099], [116.87436, 5.58421], [116.89647, 5.60987], [116.89914, 5.61485], [116.89779, 5.62469], [116.90641, 5.62668], [116.90955, 5.62303], [116.91453, 5.62129], [116.9349, 5.61959], [116.94233, 5.61608], [116.94748, 5.61155], [116.94874, 5.60756], [116.95382, 5.60625], [116.95603, 5.60278], [116.95516, 5.59928], [116.95916, 5.59542], [116.96205, 5.58474], [116.96419, 5.5866], [116.9753, 5.58091], [116.979, 5.58091], [116.98947, 5.58706], [116.99993, 5.58799], [117.01335, 5.57517], [117.01949, 5.57459], [117.02838, 5.57014], [117.04851, 5.57234], [117.04967, 5.56536], [117.05202, 5.57337], [117.06298, 5.57214], [117.06694, 5.57452], [117.07753, 5.5759], [117.09026, 5.57265], [117.09145, 5.56936], [117.09003, 5.56173], [117.08575, 5.55145], [117.09119, 5.54194], [117.09146, 5.53743], [117.10567, 5.53163], [117.11406, 5.52616], [117.12228, 5.52646], [117.14227, 5.53574], [117.15217, 5.53745], [117.15815, 5.53103], [117.16445, 5.52946], [117.17389, 5.53082], [117.18372, 5.52638], [117.18968, 5.52594], [117.20497, 5.52695], [117.20701, 5.52948], [117.2157, 5.53178], [117.21851, 5.53024], [117.2249, 5.52133], [117.23206, 5.52082], [117.23795, 5.52439], [117.24255, 5.52463], [117.25049, 5.5203], [117.26329, 5.51917], [117.26989, 5.52316], [117.27211, 5.53215], [117.27451, 5.5317], [117.27866, 5.53538], [117.28001, 5.53922], [117.28339, 5.53937], [117.28741, 5.53615], [117.2891, 5.53738], [117.28825, 5.54597], [117.28996, 5.55147], [117.29303, 5.55269], [117.29322, 5.55528], [117.30825, 5.55471], [117.30234, 5.56124], [117.30261, 5.58854], [117.31219, 5.58893], [117.31206, 5.59494], [117.3198, 5.59507], [117.31967, 5.60891], [117.32912, 5.60878], [117.32898, 5.60265], [117.33738, 5.60278], [117.33725, 5.60891], [117.35203, 5.60617], [117.37086, 5.6122], [117.38813, 5.62373], [117.37656, 5.64115], [117.38326, 5.64454], [117.39916, 5.618]]]]}}, {"type": "Feature", "properties": {"state": "Sabah", "seat": "N.58 Lamag", "seat_name": "Lamag"}, "geometry": {"type": "MultiPolygon", "coordinates": [[[[117.68823, 5.7163], [117.68649, 5.71552], [117.68678, 5.71403], [117.69286, 5.71152], [117.69582, 5.70648], [117.69974, 5.70843], [117.70126, 5.70691], [117.70537, 5.70781], [117.70545, 5.70485], [117.70862, 5.70364], [117.70968, 5.70106], [117.71211, 5.70173], [117.7131, 5.69974], [117.71019, 5.69792], [117.71204, 5.69466], [117.70729, 5.6895], [117.71395, 5.68663], [117.71484, 5.68458], [117.71107, 5.67625], [117.73896, 5.67621], [117.73973, 5.67485], [117.75328, 5.68159], [117.76339, 5.68095], [117.78319, 5.66933], [117.79129, 5.66935], [117.80189, 5.67441], [117.81684, 5.68604], [117.81934, 5.68057], [117.8253, 5.67387], [117.82981, 5.65394], [117.82974, 5.64618], [117.82366, 5.63537], [117.82213, 5.61362], [117.82433, 5.61183], [117.82421, 5.60791], [117.82951, 5.60511], [117.83322, 5.60591], [117.84495, 5.60392], [117.84591, 5.60676], [117.86802, 5.62558], [117.90488, 5.65449], [117.91219, 5.64853], [117.91559, 5.65048], [117.92041, 5.6439], [117.92805, 5.64037], [117.93, 5.64333], [117.93257, 5.64397], [117.9321, 5.63953], [117.93821, 5.63817], [117.93843, 5.6352], [117.94171, 5.63756], [117.94831, 5.6356], [117.93395, 5.61478], [117.93452, 5.61242], [117.90625, 5.56446], [117.91195, 5.56242], [117.91444, 5.56331], [117.9239, 5.55866], [117.92373, 5.53876], [117.91616, 5.53466], [117.91822, 5.53135], [117.91191, 5.53106], [117.91075, 5.52963], [117.91221, 5.52793], [117.91012, 5.5268], [117.91443, 5.51706], [117.91324, 5.51381], [117.91414, 5.51036], [117.91125, 5.50952], [117.9153, 5.50615], [117.9158, 5.50372], [117.91456, 5.50211], [117.91268, 5.50205], [117.91088, 5.50447], [117.90995, 5.50308], [117.91261, 5.50144], [117.91111, 5.50052], [117.91193, 5.49745], [117.91611, 5.49886], [117.91937, 5.49648], [117.92033, 5.49348], [117.91926, 5.48752], [117.91241, 5.47623], [117.91373, 5.4738], [117.91872, 5.47235], [117.91819, 5.47056], [117.91323, 5.46812], [117.91838, 5.46323], [117.91816, 5.45426], [117.9119, 5.44177], [117.9093, 5.43823], [117.90851, 5.43969], [117.90699, 5.43885], [117.90672, 5.43219], [117.90982, 5.4279], [117.90527, 5.42474], [117.9018, 5.41712], [117.88826, 5.40735], [117.89344, 5.40415], [117.88765, 5.39851], [117.88319, 5.39803], [117.88201, 5.39156], [117.87912, 5.38925], [117.8799, 5.38071], [117.87663, 5.37383], [117.87897, 5.36939], [117.88746, 5.36621], [117.88561, 5.3625], [117.88253, 5.36282], [117.88082, 5.35379], [117.88454, 5.35187], [117.88472, 5.34876], [117.88933, 5.34191], [117.89308, 5.3414], [117.88984, 5.33163], [117.88461, 5.32842], [117.88322, 5.32561], [117.88508, 5.31305], [117.87914, 5.30206], [117.87162, 5.29851], [117.87011, 5.29547], [117.87032, 5.29241], [117.8757, 5.28464], [117.87348, 5.26968], [117.86135, 5.259], [117.84686, 5.23647], [117.84788, 5.23307], [117.84604, 5.22521], [117.84231, 5.22391], [117.84213, 5.21793], [117.8457, 5.20883], [117.82898, 5.21098], [117.8011, 5.23212], [117.78703, 5.23973], [117.78051, 5.23727], [117.77994, 5.23481], [117.75484, 5.24578], [117.74651, 5.24388], [117.74422, 5.23969], [117.73918, 5.2369], [117.73974, 5.23532], [117.73758, 5.23227], [117.7302, 5.23081], [117.72826, 5.229], [117.71804, 5.23161], [117.71378, 5.23522], [117.71243, 5.2385], [117.70827, 5.23977], [117.70598, 5.2434], [117.70416, 5.2434], [117.70371, 5.24985], [117.70211, 5.24827], [117.69711, 5.24998], [117.69699, 5.25258], [117.69429, 5.25437], [117.69534, 5.25886], [117.69384, 5.26404], [117.69512, 5.26486], [117.69129, 5.26771], [117.69054, 5.26651], [117.68723, 5.26995], [117.68595, 5.27213], [117.68738, 5.27701], [117.67799, 5.28525], [117.67671, 5.2914], [117.6749, 5.29246], [117.67566, 5.29681], [117.66963, 5.30102], [117.66986, 5.30229], [117.66805, 5.30162], [117.66805, 5.30447], [117.66231, 5.30826], [117.66247, 5.31096], [117.65802, 5.31187], [117.65625, 5.31434], [117.6524, 5.31359], [117.64977, 5.31097], [117.64225, 5.3124], [117.63396, 5.31113], [117.63336, 5.31495], [117.63139, 5.31473], [117.63087, 5.31728], [117.63562, 5.32328], [117.63237, 5.32444], [117.61979, 5.31954], [117.61273, 5.31889], [117.60715, 5.32608], [117.59545, 5.32407], [117.59113, 5.32471], [117.5747, 5.33734], [117.57688, 5.34152], [117.57454, 5.34273], [117.57188, 5.34888], [117.57475, 5.35837], [117.57119, 5.36248], [117.56767, 5.36259], [117.56621, 5.36473], [117.55573, 5.3643], [117.55368, 5.36589], [117.55334, 5.3703], [117.54335, 5.36922], [117.54031, 5.36744], [117.53873, 5.36295], [117.5368, 5.36281], [117.53455, 5.36518], [117.53463, 5.36943], [117.53248, 5.37146], [117.51692, 5.3708], [117.51274, 5.37829], [117.51349, 5.39799], [117.49677, 5.40045], [117.49188, 5.40595], [117.49254, 5.40883], [117.49771, 5.41299], [117.49471, 5.43051], [117.49707, 5.43493], [117.49215, 5.44278], [117.49765, 5.44611], [117.501, 5.44291], [117.50394, 5.44549], [117.50212, 5.44769], [117.5111, 5.44647], [117.51444, 5.4434], [117.51777, 5.44487], [117.52036, 5.43614], [117.52492, 5.43639], [117.5269, 5.43823], [117.52838, 5.43504], [117.53455, 5.43897], [117.53517, 5.4456], [117.53931, 5.44523], [117.53959, 5.45055], [117.53629, 5.45329], [117.5341, 5.45892], [117.5389, 5.46176], [117.54312, 5.46212], [117.5445, 5.46666], [117.54069, 5.46958], [117.53287, 5.47015], [117.53359, 5.47417], [117.5361, 5.47537], [117.5368, 5.47776], [117.5348, 5.48309], [117.52978, 5.48776], [117.52, 5.48983], [117.50459, 5.48614], [117.50387, 5.48968], [117.49999, 5.49171], [117.49818, 5.49463], [117.49762, 5.50086], [117.49348, 5.50734], [117.4907, 5.50909], [117.48882, 5.50731], [117.48663, 5.50829], [117.48379, 5.50709], [117.48151, 5.52502], [117.47834, 5.52714], [117.46489, 5.52785], [117.46467, 5.53247], [117.46773, 5.53689], [117.46699, 5.53896], [117.4578, 5.54419], [117.44902, 5.54611], [117.44841, 5.5542], [117.4433, 5.55984], [117.44445, 5.56457], [117.44121, 5.56732], [117.44205, 5.57313], [117.43977, 5.57775], [117.4376, 5.57646], [117.43437, 5.57703], [117.43421, 5.57872], [117.42427, 5.57966], [117.42264, 5.58381], [117.41464, 5.59277], [117.41122, 5.59403], [117.41507, 5.59597], [117.41307, 5.60152], [117.40345, 5.61103], [117.40281, 5.6175], [117.39816, 5.6185], [117.3963, 5.62467], [117.39373, 5.62625], [117.37779, 5.65353], [117.36721, 5.65377], [117.36652, 5.65581], [117.36327, 5.65589], [117.3558, 5.66632], [117.35527, 5.67238], [117.35768, 5.67512], [117.35722, 5.67656], [117.38236, 5.6836], [117.38411, 5.68886], [117.40197, 5.69809], [117.41909, 5.70255], [117.43043, 5.69927], [117.47624, 5.70255], [117.52395, 5.69102], [117.53608, 5.6944], [117.54399, 5.69171], [117.55566, 5.6965], [117.5969, 5.70026], [117.62197, 5.71716], [117.67944, 5.71714], [117.68741, 5.72392], [117.68823, 5.7163]]]]}}, {"type": "Feature", "properties": {"state": "Sabah", "seat": "N.59 Sukau", "seat_name": "Sukau"}, "geometry": {"type": "MultiPolygon", "coordinates": [[[[118.11728, 5.69835], [118.11441, 5.70309], [118.11641, 5.70544], [118.11872, 5.7029], [118.11728, 5.69835]]], [[[118.1186, 5.70811], [118.1189, 5.70529], [118.11587, 5.70588], [118.11599, 5.70778], [118.1186, 5.70811]]], [[[118.13197, 5.70838], [118.13379, 5.70646], [118.13292, 5.70412], [118.1295, 5.70669], [118.13197, 5.70838]]], [[[118.10111, 5.71131], [118.10248, 5.71019], [118.09897, 5.70763], [118.09848, 5.70677], [118.09388, 5.70667], [118.09753, 5.71062], [118.10111, 5.71131]]], [[[118.09373, 5.71123], [118.09346, 5.71147], [118.09335, 5.71179], [118.09374, 5.7116], [118.09373, 5.71123]]], [[[118.11485, 5.72416], [118.11588, 5.72139], [118.11239, 5.71907], [118.10932, 5.72071], [118.11133, 5.72387], [118.11485, 5.72416]]], [[[118.104, 5.72015], [118.10249, 5.72111], [118.10284, 5.72553], [118.10612, 5.72319], [118.104, 5.72015]]], [[[118.10735, 5.72541], [118.10714, 5.72563], [118.10732, 5.726], [118.10754, 5.7257], [118.10735, 5.72541]]], [[[118.11474, 5.72648], [118.11403, 5.72729], [118.11461, 5.72804], [118.11497, 5.72725], [118.11474, 5.72648]]], [[[118.13493, 5.7512], [118.13892, 5.7512], [118.14103, 5.7496], [118.1385, 5.74557], [118.13167, 5.74185], [118.12972, 5.74401], [118.13105, 5.75243], [118.13493, 5.7512]]], [[[118.11488, 5.7723], [118.11486, 5.7727], [118.11536, 5.77293], [118.11539, 5.77256], [118.11488, 5.7723]]], [[[118.11619, 5.77288], [118.1159, 5.77297], [118.11633, 5.77316], [118.1164, 5.77297], [118.11619, 5.77288]]], [[[118.09921, 5.78437], [118.10617, 5.78064], [118.11363, 5.78112], [118.11484, 5.77958], [118.11948, 5.78136], [118.12154, 5.78041], [118.12152, 5.77789], [118.11827, 5.77368], [118.11321, 5.77307], [118.10832, 5.77019], [118.09909, 5.77054], [118.09336, 5.76636], [118.09172, 5.7679], [118.09251, 5.76964], [118.08905, 5.77076], [118.09072, 5.77357], [118.08977, 5.77548], [118.09159, 5.77672], [118.09355, 5.78388], [118.09797, 5.78208], [118.09921, 5.78437]]], [[[118.34615, 5.78966], [118.34355, 5.79634], [118.34445, 5.79863], [118.34766, 5.79531], [118.34764, 5.79121], [118.34615, 5.78966]]], [[[118.15622, 5.81037], [118.15413, 5.81111], [118.15378, 5.81821], [118.1572, 5.8128], [118.15622, 5.81037]]], [[[118.25134, 5.83613], [118.26967, 5.82808], [118.27218, 5.82483], [118.2727, 5.81569], [118.27444, 5.81303], [118.27638, 5.81445], [118.27621, 5.81993], [118.28198, 5.82181], [118.30682, 5.81845], [118.31145, 5.81833], [118.31447, 5.82021], [118.32766, 5.81633], [118.33143, 5.81028], [118.33138, 5.80789], [118.32862, 5.80572], [118.31019, 5.80268], [118.30482, 5.80022], [118.30238, 5.79612], [118.30262, 5.78611], [118.3084, 5.78332], [118.30519, 5.79184], [118.30832, 5.79858], [118.33073, 5.80257], [118.33155, 5.79737], [118.33526, 5.79726], [118.34479, 5.77871], [118.34383, 5.77669], [118.34835, 5.77501], [118.35062, 5.78111], [118.34588, 5.78885], [118.3508, 5.78893], [118.35291, 5.79716], [118.35651, 5.79607], [118.35731, 5.79893], [118.34743, 5.80401], [118.34686, 5.81035], [118.3448, 5.81434], [118.34509, 5.82126], [118.34766, 5.82771], [118.35309, 5.82622], [118.36634, 5.81446], [118.38598, 5.8004], [118.38923, 5.79368], [118.39257, 5.79431], [118.40734, 5.78666], [118.41116, 5.78243], [118.41432, 5.78276], [118.4254, 5.778], [118.43782, 5.77129], [118.4415, 5.76642], [118.44633, 5.76632], [118.45816, 5.7605], [118.46042, 5.75682], [118.46382, 5.75815], [118.46821, 5.75609], [118.47717, 5.74961], [118.48125, 5.74047], [118.48549, 5.73793], [118.49014, 5.73782], [118.50633, 5.72862], [118.55467, 5.69402], [118.55965, 5.68906], [118.5735, 5.68524], [118.5796, 5.68145], [118.59007, 5.6678], [118.60372, 5.65405], [118.60571, 5.64514], [118.59759, 5.64133], [118.59275, 5.63572], [118.58814, 5.63401], [118.58733, 5.63121], [118.58406, 5.62906], [118.58493, 5.62732], [118.58379, 5.62624], [118.56985, 5.62852], [118.57105, 5.62578], [118.5706, 5.62224], [118.56843, 5.62007], [118.56843, 5.6099], [118.57276, 5.59954], [118.57362, 5.58815], [118.56426, 5.56941], [118.55974, 5.57022], [118.55589, 5.57346], [118.55379, 5.57163], [118.55534, 5.56548], [118.55216, 5.56001], [118.55183, 5.55423], [118.54988, 5.55251], [118.54965, 5.54423], [118.54719, 5.54189], [118.54771, 5.53892], [118.55165, 5.53572], [118.54961, 5.53353], [118.53716, 5.53336], [118.52687, 5.53149], [118.52488, 5.52943], [118.52947, 5.53105], [118.5317, 5.52957], [118.5389, 5.53211], [118.54507, 5.52473], [118.54261, 5.52146], [118.53874, 5.52076], [118.53982, 5.5204], [118.54247, 5.52052], [118.54468, 5.52247], [118.54632, 5.52658], [118.55228, 5.52494], [118.55503, 5.52008], [118.54512, 5.51463], [118.5592, 5.51836], [118.56313, 5.51265], [118.56462, 5.51367], [118.55919, 5.52127], [118.56249, 5.52687], [118.56526, 5.52706], [118.56304, 5.5302], [118.56488, 5.53428], [118.56423, 5.5442], [118.57127, 5.54597], [118.56926, 5.54938], [118.58636, 5.56393], [118.58266, 5.56848], [118.58782, 5.57834], [118.58395, 5.58031], [118.58502, 5.5921], [118.59254, 5.59977], [118.58642, 5.59803], [118.59293, 5.62157], [118.59687, 5.62508], [118.6037, 5.62761], [118.61998, 5.6424], [118.63477, 5.6428], [118.6468, 5.63548], [118.65783, 5.62517], [118.66976, 5.60789], [118.70233, 5.56993], [118.72591, 5.5528], [118.75235, 5.53629], [118.75579, 5.52948], [118.75722, 5.53434], [118.77298, 5.5304], [118.78214, 5.52551], [118.79763, 5.50937], [118.80575, 5.49492], [118.80168, 5.48489], [118.79854, 5.48166], [118.79699, 5.484], [118.79624, 5.4825], [118.79942, 5.47158], [118.79759, 5.46101], [118.79837, 5.45515], [118.79474, 5.45276], [118.80018, 5.45353], [118.80013, 5.45054], [118.79774, 5.44765], [118.80007, 5.44367], [118.79936, 5.43937], [118.80139, 5.4356], [118.80365, 5.43581], [118.80559, 5.44053], [118.81192, 5.44066], [118.80888, 5.45131], [118.81021, 5.45443], [118.81374, 5.45383], [118.81461, 5.4551], [118.81211, 5.45829], [118.81391, 5.46234], [118.81195, 5.46369], [118.81307, 5.47552], [118.81176, 5.49075], [118.81253, 5.49174], [118.81541, 5.48962], [118.81607, 5.48999], [118.81422, 5.49184], [118.81108, 5.49244], [118.80849, 5.50429], [118.8098, 5.5061], [118.80814, 5.50781], [118.80943, 5.50899], [118.82075, 5.50348], [118.84082, 5.48788], [118.84335, 5.48531], [118.84313, 5.48026], [118.84524, 5.47678], [118.84821, 5.47621], [118.84724, 5.47752], [118.84924, 5.47884], [118.85226, 5.47758], [118.87082, 5.46673], [118.8996, 5.45371], [118.91137, 5.44554], [118.92393, 5.43439], [118.93543, 5.41705], [118.93141, 5.41539], [118.93024, 5.41702], [118.92671, 5.41475], [118.92268, 5.407], [118.91742, 5.40346], [118.9025, 5.40108], [118.89909, 5.405], [118.89378, 5.40397], [118.89275, 5.4002], [118.89527, 5.3958], [118.89161, 5.39323], [118.88464, 5.39226], [118.8815, 5.38718], [118.8855, 5.3801], [118.89038, 5.38014], [118.89966, 5.37561], [118.90378, 5.37527], [118.90336, 5.37001], [118.90729, 5.37616], [118.91496, 5.36917], [118.91394, 5.36752], [118.90949, 5.36742], [118.90885, 5.36343], [118.90457, 5.36088], [118.90552, 5.35664], [118.90826, 5.35529], [118.90752, 5.3525], [118.91181, 5.34985], [118.91103, 5.3484], [118.90783, 5.3503], [118.90422, 5.34777], [118.90422, 5.34609], [118.90583, 5.34578], [118.90813, 5.34812], [118.90875, 5.34321], [118.88708, 5.34137], [118.8775, 5.34804], [118.86385, 5.34947], [118.8605, 5.3447], [118.86074, 5.34041], [118.85858, 5.33731], [118.85679, 5.32773], [118.84242, 5.3236], [118.82837, 5.3271], [118.81719, 5.33378], [118.80825, 5.34141], [118.78878, 5.35158], [118.77121, 5.35635], [118.76579, 5.35476], [118.76196, 5.35062], [118.76205, 5.34772], [118.75583, 5.34838], [118.7528, 5.34585], [118.75176, 5.34211], [118.74675, 5.34046], [118.74571, 5.33457], [118.74252, 5.3354], [118.7407, 5.33424], [118.73404, 5.33958], [118.72777, 5.33842], [118.71214, 5.34808], [118.70352, 5.34363], [118.6856, 5.3207], [118.68417, 5.32571], [118.67938, 5.32952], [118.67842, 5.33429], [118.67315, 5.34144], [118.67052, 5.34884], [118.66597, 5.35098], [118.6571, 5.34502], [118.65279, 5.34526], [118.63843, 5.33882], [118.62262, 5.35575], [118.61855, 5.35432], [118.60969, 5.35647], [118.60346, 5.35408], [118.59628, 5.34836], [118.59238, 5.33461], [118.58735, 5.33568], [118.57729, 5.33085], [118.57621, 5.33568], [118.56993, 5.34283], [118.56166, 5.33872], [118.55175, 5.32958], [118.55002, 5.32954], [118.54911, 5.33494], [118.54442, 5.33479], [118.54694, 5.33765], [118.54352, 5.34069], [118.53221, 5.34069], [118.5316, 5.33884], [118.53434, 5.33808], [118.53537, 5.33598], [118.53185, 5.33157], [118.5261, 5.33711], [118.51917, 5.33752], [118.51558, 5.33985], [118.51271, 5.33878], [118.51091, 5.3377], [118.51307, 5.33413], [118.50948, 5.32965], [118.50948, 5.32715], [118.50427, 5.32393], [118.499, 5.32477], [118.49677, 5.32316], [118.4996, 5.32346], [118.50142, 5.31823], [118.50314, 5.31762], [118.50718, 5.31762], [118.51021, 5.31984], [118.51183, 5.31793], [118.51193, 5.31098], [118.50617, 5.31259], [118.50274, 5.30666], [118.49344, 5.29992], [118.4907, 5.29603], [118.48565, 5.30236], [118.48171, 5.3031], [118.45573, 5.28934], [118.45276, 5.29402], [118.45407, 5.29482], [118.44938, 5.30167], [118.44576, 5.31409], [118.44107, 5.31937], [118.44253, 5.32104], [118.44071, 5.3313], [118.43809, 5.33422], [118.43445, 5.33432], [118.42869, 5.33342], [118.42586, 5.3304], [118.40009, 5.3219], [118.38601, 5.30824], [118.37254, 5.3077], [118.36203, 5.30328], [118.35395, 5.30448], [118.34082, 5.29345], [118.33444, 5.28519], [118.33156, 5.28519], [118.3172, 5.27279], [118.31017, 5.26293], [118.30848, 5.2559], [118.2787, 5.23917], [118.2392, 5.22831], [118.15748, 5.21163], [118.09927, 5.2032], [117.99506, 5.18194], [117.95044, 5.18056], [117.9282, 5.1881], [117.90226, 5.20807], [117.88546, 5.21258], [117.87401, 5.21416], [117.85675, 5.2074], [117.8457, 5.20883], [117.84213, 5.21793], [117.84231, 5.22391], [117.84604, 5.22521], [117.84788, 5.23307], [117.84686, 5.23647], [117.86135, 5.259], [117.87348, 5.26968], [117.8757, 5.28464], [117.87032, 5.29241], [117.87011, 5.29547], [117.87162, 5.29851], [117.87914, 5.30206], [117.88508, 5.31305], [117.88322, 5.32561], [117.88461, 5.32842], [117.88984, 5.33163], [117.89308, 5.3414], [117.88933, 5.34191], [117.88472, 5.34876], [117.88454, 5.35187], [117.88082, 5.35379], [117.88253, 5.36282], [117.88561, 5.3625], [117.88746, 5.36621], [117.87897, 5.36939], [117.87663, 5.37383], [117.8799, 5.38071], [117.87912, 5.38925], [117.88201, 5.39156], [117.88319, 5.39803], [117.88765, 5.39851], [117.89344, 5.40415], [117.88826, 5.40735], [117.9018, 5.41712], [117.90527, 5.42474], [117.90982, 5.4279], [117.90672, 5.43219], [117.90699, 5.43885], [117.90851, 5.43969], [117.9093, 5.43823], [117.9119, 5.44177], [117.91813, 5.45409], [117.91838, 5.46323], [117.91323, 5.46812], [117.91819, 5.47056], [117.91872, 5.47235], [117.91373, 5.4738], [117.91241, 5.47623], [117.91926, 5.48752], [117.92033, 5.49348], [117.91937, 5.49648], [117.91611, 5.49886], [117.91193, 5.49745], [117.91111, 5.50052], [117.91261, 5.50144], [117.90995, 5.50308], [117.91088, 5.50447], [117.91268, 5.50205], [117.91456, 5.50211], [117.9158, 5.50372], [117.9153, 5.50615], [117.91125, 5.50952], [117.91414, 5.51036], [117.91324, 5.51381], [117.91443, 5.51706], [117.91012, 5.5268], [117.91221, 5.52793], [117.91075, 5.52963], [117.91191, 5.53106], [117.91822, 5.53135], [117.91616, 5.53466], [117.92373, 5.53876], [117.9239, 5.55866], [117.91444, 5.56331], [117.91195, 5.56242], [117.90625, 5.56446], [117.93452, 5.61247], [117.94319, 5.61243], [117.94295, 5.60885], [117.94535, 5.60785], [117.9463, 5.60927], [117.95125, 5.60883], [117.95927, 5.61134], [117.95923, 5.6131], [117.96144, 5.61174], [117.96469, 5.61484], [117.96737, 5.61409], [117.96909, 5.6157], [117.96909, 5.61434], [117.96975, 5.61651], [117.96728, 5.61619], [117.96817, 5.6188], [117.96956, 5.61746], [117.97056, 5.61845], [117.9688, 5.6216], [117.97154, 5.62322], [117.96944, 5.62467], [117.97174, 5.62547], [117.97003, 5.62729], [117.97182, 5.62848], [117.9698, 5.63415], [117.97222, 5.6376], [117.96847, 5.63744], [117.97085, 5.6408], [117.96542, 5.64036], [117.96823, 5.64616], [117.9653, 5.64727], [117.968, 5.6512], [117.97031, 5.65033], [117.97295, 5.65704], [117.97756, 5.65831], [117.97767, 5.66501], [117.98545, 5.67025], [117.98976, 5.681], [117.99477, 5.68012], [117.99527, 5.68251], [118.00007, 5.68243], [117.99926, 5.68475], [118.00839, 5.6909], [118.00824, 5.69384], [118.01284, 5.69537], [118.0172, 5.6938], [118.02151, 5.69459], [118.02905, 5.7039], [118.03066, 5.70364], [118.02951, 5.70583], [118.03231, 5.70741], [118.03148, 5.71025], [118.03971, 5.71484], [118.04526, 5.71484], [118.04855, 5.71665], [118.04923, 5.71892], [118.05535, 5.71843], [118.05748, 5.72169], [118.06146, 5.71946], [118.06784, 5.72061], [118.06735, 5.71255], [118.0658, 5.7111], [118.06687, 5.70821], [118.06486, 5.70338], [118.07159, 5.70322], [118.0681, 5.6997], [118.07018, 5.69798], [118.07644, 5.70051], [118.07393, 5.69696], [118.07466, 5.69577], [118.07771, 5.69912], [118.07653, 5.6956], [118.07938, 5.69214], [118.08057, 5.69203], [118.08093, 5.69649], [118.08245, 5.69526], [118.08482, 5.69611], [118.09666, 5.70337], [118.09686, 5.70668], [118.09922, 5.70467], [118.0992, 5.70741], [118.10702, 5.70805], [118.11008, 5.70088], [118.11001, 5.70509], [118.11218, 5.70616], [118.11527, 5.6962], [118.11408, 5.68955], [118.1173, 5.6894], [118.11891, 5.68372], [118.11707, 5.67672], [118.11802, 5.67042], [118.12372, 5.66451], [118.12849, 5.66314], [118.13015, 5.66457], [118.12839, 5.66963], [118.1245, 5.67317], [118.13486, 5.68206], [118.1391, 5.6822], [118.13876, 5.68089], [118.14304, 5.68196], [118.15231, 5.67929], [118.14976, 5.68024], [118.14902, 5.68235], [118.14731, 5.68161], [118.14365, 5.68367], [118.14473, 5.68595], [118.14748, 5.68349], [118.1481, 5.69908], [118.13421, 5.70876], [118.13419, 5.71265], [118.13181, 5.71273], [118.12971, 5.7196], [118.13021, 5.72101], [118.1324, 5.72047], [118.12646, 5.72586], [118.1332, 5.73724], [118.13649, 5.73774], [118.1339, 5.73904], [118.1346, 5.74157], [118.13841, 5.74029], [118.14013, 5.74158], [118.14091, 5.73962], [118.1436, 5.73886], [118.14828, 5.73939], [118.1556, 5.74287], [118.15985, 5.74777], [118.16191, 5.7481], [118.17153, 5.74476], [118.18621, 5.74545], [118.18686, 5.7442], [118.18398, 5.74048], [118.18889, 5.74054], [118.19025, 5.74311], [118.19603, 5.74093], [118.20479, 5.74115], [118.20913, 5.74257], [118.21127, 5.74116], [118.20978, 5.74266], [118.19462, 5.74169], [118.18973, 5.74419], [118.188, 5.74706], [118.17178, 5.74711], [118.16486, 5.75022], [118.16397, 5.75291], [118.16206, 5.75329], [118.16248, 5.75814], [118.15856, 5.76164], [118.15855, 5.76507], [118.15491, 5.76568], [118.15435, 5.76752], [118.16526, 5.77813], [118.16795, 5.77882], [118.1724, 5.77524], [118.16982, 5.77959], [118.17185, 5.78105], [118.17292, 5.77868], [118.1719, 5.78147], [118.17414, 5.78432], [118.16697, 5.77988], [118.15925, 5.77835], [118.15775, 5.77971], [118.15902, 5.78024], [118.14969, 5.79012], [118.14934, 5.79129], [118.15123, 5.79174], [118.1478, 5.79254], [118.14573, 5.79693], [118.14765, 5.79698], [118.15476, 5.80525], [118.1599, 5.80452], [118.16535, 5.80697], [118.18021, 5.80932], [118.18091, 5.8074], [118.183, 5.80693], [118.18643, 5.81256], [118.18946, 5.81385], [118.19141, 5.81278], [118.19172, 5.81531], [118.19392, 5.81661], [118.19596, 5.8157], [118.19583, 5.81762], [118.21021, 5.81665], [118.21561, 5.81905], [118.22439, 5.82344], [118.23478, 5.83682], [118.23608, 5.84151], [118.24274, 5.84043], [118.25134, 5.83613]]], [[[118.18613, 5.8523], [118.20097, 5.85047], [118.22192, 5.84412], [118.22803, 5.83892], [118.23056, 5.83417], [118.2201, 5.82468], [118.21349, 5.82083], [118.20756, 5.81937], [118.20512, 5.82103], [118.19697, 5.82103], [118.18771, 5.81592], [118.18515, 5.81679], [118.17963, 5.81341], [118.17613, 5.81407], [118.17568, 5.81167], [118.17219, 5.81385], [118.16753, 5.81411], [118.16849, 5.81513], [118.16355, 5.81472], [118.15895, 5.81636], [118.16066, 5.81735], [118.1572, 5.81746], [118.15252, 5.82106], [118.1511, 5.82387], [118.15552, 5.82592], [118.15668, 5.83625], [118.16563, 5.84623], [118.17289, 5.851], [118.18613, 5.8523]]]]}}, {"type": "Feature", "properties": {"state": "Sabah", "seat": "N.60 Tungku", "seat_name": "Tungku"}, "geometry": {"type": "MultiPolygon", "coordinates": [[[[118.94516, 5.39666], [118.94312, 5.39258], [118.93637, 5.39034], [118.93597, 5.38568], [118.92513, 5.37796], [118.91879, 5.37731], [118.90759, 5.37906], [118.89829, 5.38595], [118.90114, 5.38838], [118.90945, 5.38861], [118.91315, 5.38725], [118.91535, 5.39544], [118.92008, 5.39775], [118.92809, 5.3987], [118.93708, 5.39634], [118.9439, 5.39876], [118.94516, 5.39666]]], [[[119.17224, 5.44311], [119.19793, 5.43197], [119.20107, 5.4283], [119.21019, 5.42394], [119.21811, 5.41254], [119.22389, 5.4089], [119.23058, 5.39952], [119.23844, 5.39215], [119.24746, 5.37752], [119.24818, 5.3758], [119.24676, 5.3756], [119.24949, 5.36918], [119.25609, 5.35948], [119.25714, 5.33914], [119.25959, 5.32872], [119.26184, 5.32537], [119.26225, 5.31589], [119.26437, 5.31442], [119.26489, 5.31042], [119.26142, 5.29796], [119.25675, 5.29148], [119.25737, 5.28936], [119.25481, 5.28348], [119.25734, 5.2794], [119.25612, 5.27618], [119.24785, 5.27085], [119.24671, 5.26282], [119.25132, 5.25297], [119.25482, 5.25037], [119.25448, 5.24707], [119.25004, 5.24328], [119.25493, 5.24076], [119.25906, 5.24572], [119.26635, 5.24497], [119.26903, 5.23418], [119.26429, 5.21691], [119.26567, 5.21336], [119.26292, 5.21012], [119.26623, 5.20975], [119.2666, 5.20728], [119.25446, 5.19394], [119.24749, 5.188], [119.24606, 5.1885], [119.24453, 5.18574], [119.24508, 5.17856], [119.23896, 5.17423], [119.23923, 5.17158], [119.2358, 5.1691], [119.23186, 5.16121], [119.22026, 5.14961], [119.21532, 5.14769], [119.21392, 5.13955], [119.21035, 5.1407], [119.20792, 5.13926], [119.1699, 5.10951], [119.15555, 5.10305], [119.13862, 5.09821], [119.09335, 5.07737], [119.05716, 5.06873], [119.04013, 5.06054], [119.03705, 5.06105], [119.03517, 5.06348], [119.01401, 5.0568], [118.99825, 5.05608], [118.98045, 5.04989], [118.96254, 5.04704], [118.94678, 5.04094], [118.92594, 5.03676], [118.91779, 5.03211], [118.89145, 5.02172], [118.86338, 4.99543], [118.86061, 4.99638], [118.8591, 4.99463], [118.85751, 4.99617], [118.85274, 4.99461], [118.83784, 4.99439], [118.82715, 4.99169], [118.81815, 4.98685], [118.81479, 4.98976], [118.8162, 4.98674], [118.80278, 4.98321], [118.78449, 4.97369], [118.78038, 4.97069], [118.77903, 4.96746], [118.77541, 4.96698], [118.77484, 4.96393], [118.75176, 4.94999], [118.73766, 4.94684], [118.7259, 4.94219], [118.70613, 4.93829], [118.69213, 4.93309], [118.6662, 4.93011], [118.6384, 4.92918], [118.6287, 4.93272], [118.6205, 4.94052], [118.62234, 4.94548], [118.6184, 4.94751], [118.61433, 4.94501], [118.60721, 4.9444], [118.6006, 4.95356], [118.5976, 4.9496], [118.59456, 4.94915], [118.58837, 4.95334], [118.58659, 4.95075], [118.58239, 4.95135], [118.57272, 4.95922], [118.56692, 4.95353], [118.56248, 4.95415], [118.55579, 4.95855], [118.55434, 4.95768], [118.55136, 4.96168], [118.54823, 4.9616], [118.54877, 4.95972], [118.54413, 4.95239], [118.54091, 4.95207], [118.54131, 4.94638], [118.53796, 4.94594], [118.53327, 4.94165], [118.53018, 4.93548], [118.51485, 4.9229], [118.4991, 4.92439], [118.48769, 4.92269], [118.47078, 4.9233], [118.46643, 4.92979], [118.46826, 4.93187], [118.45807, 4.94662], [118.45155, 4.94966], [118.44818, 4.95375], [118.44818, 4.95623], [118.4532, 4.95966], [118.45389, 4.96302], [118.45159, 4.96487], [118.44766, 4.96226], [118.44464, 4.96363], [118.44863, 4.96688], [118.45065, 4.97985], [118.44492, 4.98422], [118.45106, 4.98394], [118.45193, 4.98756], [118.44959, 4.98672], [118.44896, 4.99073], [118.44545, 4.99324], [118.44388, 4.99724], [118.44105, 4.99921], [118.43924, 4.99753], [118.43465, 5.00467], [118.43013, 5.00739], [118.42753, 5.0067], [118.42761, 5.0096], [118.41586, 5.00924], [118.41805, 5.01421], [118.4172, 5.02868], [118.4139, 5.03225], [118.41019, 5.03227], [118.40858, 5.03589], [118.41119, 5.04196], [118.40991, 5.04658], [118.42471, 5.05743], [118.43288, 5.06833], [118.454, 5.08924], [118.45002, 5.10123], [118.46041, 5.11298], [118.46077, 5.11801], [118.51926, 5.1168], [118.51981, 5.11434], [118.52653, 5.12454], [118.51364, 5.1449], [118.51264, 5.15733], [118.51723, 5.1688], [118.53079, 5.18129], [118.53852, 5.19372], [118.54883, 5.20204], [118.5601, 5.2084], [118.56273, 5.21309], [118.56259, 5.22425], [118.56452, 5.23116], [118.57321, 5.23688], [118.58006, 5.24396], [118.58141, 5.24841], [118.58983, 5.25816], [118.59033, 5.26317], [118.6019, 5.27128], [118.60656, 5.27175], [118.60893, 5.28275], [118.60621, 5.29562], [118.60908, 5.2983], [118.60872, 5.30224], [118.61088, 5.30832], [118.59238, 5.33461], [118.59628, 5.34836], [118.60346, 5.35408], [118.60969, 5.35647], [118.61855, 5.35432], [118.62262, 5.35575], [118.63843, 5.33882], [118.65279, 5.34526], [118.6571, 5.34502], [118.66597, 5.35098], [118.67052, 5.34884], [118.67315, 5.34144], [118.67842, 5.33429], [118.67938, 5.32952], [118.68417, 5.32571], [118.6856, 5.3207], [118.70352, 5.34363], [118.71214, 5.34808], [118.72777, 5.33842], [118.73404, 5.33958], [118.7407, 5.33424], [118.74252, 5.3354], [118.74571, 5.33457], [118.74675, 5.34046], [118.75176, 5.34211], [118.7528, 5.34585], [118.75583, 5.34838], [118.76205, 5.34772], [118.76196, 5.35062], [118.76579, 5.35476], [118.77121, 5.35635], [118.78878, 5.35158], [118.80825, 5.34141], [118.81719, 5.33378], [118.82837, 5.3271], [118.84242, 5.3236], [118.85679, 5.32773], [118.85858, 5.33731], [118.86074, 5.34041], [118.8605, 5.3447], [118.86385, 5.34947], [118.8775, 5.34804], [118.88708, 5.34137], [118.90875, 5.34321], [118.90813, 5.34812], [118.90583, 5.34578], [118.90422, 5.34609], [118.90422, 5.34777], [118.90783, 5.3503], [118.91103, 5.3484], [118.91181, 5.34985], [118.90752, 5.3525], [118.90826, 5.35529], [118.90552, 5.35664], [118.90457, 5.36088], [118.90885, 5.36343], [118.90949, 5.36742], [118.9143, 5.36781], [118.91502, 5.3705], [118.91163, 5.37298], [118.91309, 5.37483], [118.92356, 5.37448], [118.93789, 5.37874], [118.93998, 5.37596], [118.9383, 5.37245], [118.93871, 5.37108], [118.94227, 5.37397], [118.9403, 5.37846], [118.93581, 5.37981], [118.93627, 5.38295], [118.94559, 5.38142], [118.94757, 5.37968], [118.94886, 5.38206], [118.952, 5.38241], [118.96366, 5.37905], [118.97087, 5.37966], [118.97261, 5.38333], [118.97031, 5.38447], [118.96788, 5.38267], [118.96414, 5.38265], [118.96681, 5.38622], [118.9655, 5.38683], [118.96501, 5.38481], [118.96189, 5.38362], [118.95347, 5.3857], [118.95222, 5.39139], [118.95031, 5.38645], [118.94769, 5.38644], [118.94817, 5.39496], [118.94992, 5.39849], [118.95215, 5.39716], [118.95208, 5.39834], [118.94807, 5.40303], [118.94917, 5.40685], [118.94556, 5.40552], [118.94496, 5.41555], [118.94245, 5.4224], [118.94401, 5.42225], [118.94096, 5.42382], [118.94457, 5.43091], [118.96377, 5.42654], [119.00666, 5.40817], [119.05546, 5.40027], [119.07952, 5.40325], [119.09649, 5.40982], [119.10276, 5.41478], [119.10426, 5.42525], [119.10982, 5.43647], [119.13422, 5.44094], [119.13788, 5.43837], [119.13816, 5.44323], [119.14364, 5.44836], [119.15006, 5.45072], [119.16357, 5.44738], [119.17224, 5.44311]]], [[[119.14226, 5.46053], [119.15036, 5.45693], [119.14555, 5.4506], [119.13995, 5.45022], [119.13748, 5.44592], [119.12928, 5.44522], [119.12239, 5.44094], [119.11269, 5.43854], [119.10367, 5.43916], [119.1015, 5.44981], [119.10548, 5.45763], [119.10903, 5.46045], [119.11536, 5.46096], [119.12019, 5.45957], [119.13669, 5.46232], [119.14226, 5.46053]]]]}}, {"type": "Feature", "properties": {"state": "Sabah", "seat": "N.61 Segama", "seat_name": "Segama"}, "geometry": {"type": "MultiPolygon", "coordinates": [[[[118.57621, 5.33568], [118.57729, 5.33085], [118.58735, 5.33568], [118.59238, 5.33461], [118.61088, 5.30832], [118.60872, 5.30224], [118.60908, 5.2983], [118.60621, 5.29562], [118.60893, 5.28275], [118.60656, 5.27175], [118.6019, 5.27128], [118.59033, 5.26317], [118.58983, 5.25816], [118.58141, 5.24841], [118.58006, 5.24396], [118.57321, 5.23688], [118.56452, 5.23116], [118.56259, 5.22425], [118.56273, 5.21309], [118.5601, 5.2084], [118.54883, 5.20204], [118.53852, 5.19372], [118.53079, 5.18129], [118.51723, 5.1688], [118.51264, 5.15733], [118.51364, 5.1449], [118.52653, 5.12454], [118.51981, 5.11434], [118.51926, 5.1168], [118.46077, 5.11801], [118.46041, 5.11298], [118.45002, 5.10123], [118.454, 5.08924], [118.43288, 5.06833], [118.42471, 5.05743], [118.40991, 5.04658], [118.41119, 5.04196], [118.40858, 5.03589], [118.41019, 5.03227], [118.4139, 5.03225], [118.4172, 5.02868], [118.41805, 5.01421], [118.41586, 5.00924], [118.41161, 5.0121], [118.40732, 5.01883], [118.40471, 5.01765], [118.40405, 5.01533], [118.39946, 5.01877], [118.39525, 5.0178], [118.38718, 5.02359], [118.38062, 5.02542], [118.38281, 5.0195], [118.38152, 5.01609], [118.37887, 5.01456], [118.37072, 5.01563], [118.36882, 5.01838], [118.36531, 5.01795], [118.36272, 5.01986], [118.35946, 5.0184], [118.3591, 5.02156], [118.35672, 5.01887], [118.35204, 5.01913], [118.35201, 5.02029], [118.34795, 5.01908], [118.34539, 5.02061], [118.34217, 5.01865], [118.34054, 5.01976], [118.34078, 5.02207], [118.3371, 5.02059], [118.33356, 5.02353], [118.32988, 5.03087], [118.31376, 5.03935], [118.31362, 5.03602], [118.31618, 5.03514], [118.3139, 5.02901], [118.32121, 5.02796], [118.32277, 5.02453], [118.31787, 5.02485], [118.3134, 5.02205], [118.30519, 5.02058], [118.29031, 5.01953], [118.28588, 5.02018], [118.28669, 5.0212], [118.27546, 5.02717], [118.25962, 5.02584], [118.25519, 5.03167], [118.24867, 5.03429], [118.25247, 5.03755], [118.25488, 5.04621], [118.24669, 5.04819], [118.23949, 5.04693], [118.24037, 5.05436], [118.2306, 5.05684], [118.229, 5.05951], [118.23153, 5.06055], [118.23189, 5.06407], [118.236, 5.06166], [118.23747, 5.06362], [118.23988, 5.06205], [118.24168, 5.06456], [118.24042, 5.06678], [118.24091, 5.07345], [118.23811, 5.07412], [118.23888, 5.07593], [118.23669, 5.07631], [118.23774, 5.0785], [118.23647, 5.08115], [118.23246, 5.08283], [118.23278, 5.08849], [118.23018, 5.09151], [118.22116, 5.0855], [118.21667, 5.0931], [118.21285, 5.09607], [118.21103, 5.09609], [118.20646, 5.09117], [118.19932, 5.10547], [118.19556, 5.10463], [118.19521, 5.10013], [118.19091, 5.10076], [118.18823, 5.09363], [118.14901, 5.11236], [118.14524, 5.11535], [118.14464, 5.1218], [118.14652, 5.1239], [118.14489, 5.12693], [118.1407, 5.1239], [118.13584, 5.12593], [118.13373, 5.12184], [118.13368, 5.11739], [118.12602, 5.11594], [118.12071, 5.11226], [118.11563, 5.11377], [118.11479, 5.1168], [118.11665, 5.12154], [118.11601, 5.12319], [118.11204, 5.12441], [118.10993, 5.12159], [118.10981, 5.11754], [118.10737, 5.11484], [118.10586, 5.1185], [118.10376, 5.11939], [118.11928, 5.145], [118.1523, 5.14117], [118.15195, 5.16017], [118.13787, 5.1565], [118.10885, 5.15481], [118.08789, 5.16019], [118.06103, 5.16391], [118.02678, 5.1715], [118.00461, 5.18339], [118.09927, 5.2032], [118.17266, 5.2147], [118.25459, 5.23178], [118.2787, 5.23917], [118.30848, 5.2559], [118.31017, 5.26293], [118.3172, 5.27279], [118.33156, 5.28519], [118.33444, 5.28519], [118.34082, 5.29345], [118.35395, 5.30448], [118.36203, 5.30328], [118.37254, 5.3077], [118.38601, 5.30824], [118.40009, 5.3219], [118.42586, 5.3304], [118.42869, 5.33342], [118.43809, 5.33422], [118.44071, 5.3313], [118.44253, 5.32104], [118.44107, 5.31937], [118.44576, 5.31409], [118.44938, 5.30167], [118.45407, 5.29482], [118.45276, 5.29402], [118.45573, 5.28934], [118.48171, 5.3031], [118.48565, 5.30236], [118.4907, 5.29603], [118.49344, 5.29992], [118.50274, 5.30666], [118.50617, 5.31259], [118.51193, 5.31098], [118.51183, 5.31793], [118.51021, 5.31984], [118.50718, 5.31762], [118.50314, 5.31762], [118.50142, 5.31823], [118.4996, 5.32346], [118.49677, 5.32316], [118.499, 5.32477], [118.50427, 5.32393], [118.50948, 5.32715], [118.50948, 5.32965], [118.51307, 5.33413], [118.51091, 5.3377], [118.51271, 5.33878], [118.51558, 5.33985], [118.51917, 5.33752], [118.5261, 5.33711], [118.53185, 5.33157], [118.53537, 5.33598], [118.53434, 5.33808], [118.5316, 5.33884], [118.53221, 5.34069], [118.54352, 5.34069], [118.54694, 5.33765], [118.54442, 5.33479], [118.54911, 5.33494], [118.55002, 5.32954], [118.55175, 5.32958], [118.56615, 5.34194], [118.56993, 5.34283], [118.57621, 5.33568]]]]}}, {"type": "Feature", "properties": {"state": "Sabah", "seat": "N.62 Silam", "seat_name": "Silam"}, "geometry": {"type": "MultiPolygon", "coordinates": [[[[118.17148, 4.90192], [118.16938, 4.90142], [118.17165, 4.90729], [118.17329, 4.90628], [118.17148, 4.90192]]], [[[118.24028, 4.92237], [118.23968, 4.92258], [118.23929, 4.92347], [118.2404, 4.9231], [118.24028, 4.92237]]], [[[118.23722, 4.92469], [118.23747, 4.92405], [118.23655, 4.92506], [118.23684, 4.92513], [118.23722, 4.92469]]], [[[118.20317, 4.93101], [118.20226, 4.92814], [118.20375, 4.9252], [118.20181, 4.92357], [118.19999, 4.92536], [118.20171, 4.92743], [118.2002, 4.93069], [118.20317, 4.93101]]], [[[118.2277, 4.93222], [118.22907, 4.93214], [118.2297, 4.93185], [118.22874, 4.9308], [118.22619, 4.93214], [118.2277, 4.93222]]], [[[118.23418, 4.9296], [118.23581, 4.92547], [118.23401, 4.92421], [118.23452, 4.92639], [118.23197, 4.92636], [118.2308, 4.92921], [118.23331, 4.93053], [118.23356, 4.9336], [118.23418, 4.9296]]], [[[118.21866, 4.94022], [118.22368, 4.93716], [118.22401, 4.93302], [118.21681, 4.93953], [118.21866, 4.94022]]], [[[118.21136, 4.93857], [118.2093, 4.94061], [118.21023, 4.94167], [118.21224, 4.93985], [118.21136, 4.93857]]], [[[118.29919, 4.94564], [118.30172, 4.94445], [118.30178, 4.94381], [118.29853, 4.9448], [118.2989, 4.94732], [118.29919, 4.94564]]], [[[118.25546, 4.94768], [118.25851, 4.94744], [118.25985, 4.94364], [118.25689, 4.94393], [118.25196, 4.94777], [118.25546, 4.94768]]], [[[118.31013, 4.94692], [118.30891, 4.94689], [118.30913, 4.94969], [118.31015, 4.94859], [118.31013, 4.94692]]], [[[118.32247, 4.94835], [118.32095, 4.94782], [118.32076, 4.94799], [118.32325, 4.94988], [118.32247, 4.94835]]], [[[118.3066, 4.95061], [118.3086, 4.94911], [118.30853, 4.94799], [118.30453, 4.95009], [118.3066, 4.95061]]], [[[118.32848, 4.9498], [118.32772, 4.95052], [118.32771, 4.95126], [118.32814, 4.95101], [118.32848, 4.9498]]], [[[118.29855, 4.94889], [118.29749, 4.95061], [118.29843, 4.95308], [118.29895, 4.95018], [118.29855, 4.94889]]], [[[118.30763, 4.96833], [118.30793, 4.96668], [118.30562, 4.9674], [118.30604, 4.96853], [118.30763, 4.96833]]], [[[118.28947, 4.9661], [118.29054, 4.96472], [118.28952, 4.96384], [118.28318, 4.9657], [118.28628, 4.96879], [118.28947, 4.9661]]], [[[118.28806, 4.96865], [118.28704, 4.96858], [118.2864, 4.97046], [118.28852, 4.96922], [118.28806, 4.96865]]], [[[118.31498, 4.97425], [118.31758, 4.97327], [118.3173, 4.96815], [118.31399, 4.96634], [118.3104, 4.96947], [118.31313, 4.97119], [118.3126, 4.97415], [118.31498, 4.97425]]], [[[118.3125, 4.97671], [118.31219, 4.97604], [118.31079, 4.97619], [118.31115, 4.97669], [118.3125, 4.97671]]], [[[118.31638, 4.97626], [118.32181, 4.97461], [118.32257, 4.97346], [118.31849, 4.97282], [118.31484, 4.97648], [118.31638, 4.97626]]], [[[118.32432, 4.9808], [118.32541, 4.98068], [118.32549, 4.98005], [118.32324, 4.9802], [118.32432, 4.9808]]], [[[118.36327, 4.98168], [118.36616, 4.98157], [118.36642, 4.97943], [118.36384, 4.97971], [118.36327, 4.98168]]], [[[118.36873, 4.98047], [118.36792, 4.98072], [118.36931, 4.98209], [118.36989, 4.98132], [118.36873, 4.98047]]], [[[118.29133, 4.98105], [118.29016, 4.98124], [118.2908, 4.98258], [118.29181, 4.98201], [118.29133, 4.98105]]], [[[118.31805, 4.98428], [118.31746, 4.98471], [118.31861, 4.98547], [118.31879, 4.98486], [118.31805, 4.98428]]], [[[118.31466, 4.9875], [118.31286, 4.98868], [118.31511, 4.98969], [118.31572, 4.98867], [118.31466, 4.9875]]], [[[118.34179, 4.99179], [118.34675, 4.99078], [118.34026, 4.98995], [118.34615, 4.98788], [118.3416, 4.98329], [118.34296, 4.98211], [118.34419, 4.98443], [118.3461, 4.98456], [118.34441, 4.98299], [118.34674, 4.97947], [118.34522, 4.97871], [118.34564, 4.97611], [118.34796, 4.97657], [118.3476, 4.98168], [118.3515, 4.98266], [118.35033, 4.98383], [118.35186, 4.98649], [118.35391, 4.98068], [118.35513, 4.98561], [118.35609, 4.98195], [118.35694, 4.98497], [118.35918, 4.98572], [118.35719, 4.98426], [118.35935, 4.98235], [118.35736, 4.98177], [118.35863, 4.9806], [118.35775, 4.97853], [118.36009, 4.97763], [118.36105, 4.97975], [118.36236, 4.9757], [118.3662, 4.97879], [118.37189, 4.97851], [118.37526, 4.98018], [118.37638, 4.97914], [118.3779, 4.98174], [118.38389, 4.9813], [118.38573, 4.97938], [118.38225, 4.97494], [118.37482, 4.97105], [118.35642, 4.96522], [118.34782, 4.95965], [118.32581, 4.95068], [118.32244, 4.95265], [118.32084, 4.95135], [118.32111, 4.95333], [118.31957, 4.95371], [118.31807, 4.95077], [118.31453, 4.95057], [118.31362, 4.94869], [118.30668, 4.95262], [118.30374, 4.95269], [118.30417, 4.95513], [118.3062, 4.954], [118.30349, 4.95852], [118.30532, 4.96027], [118.30494, 4.96276], [118.31029, 4.9666], [118.31803, 4.96581], [118.31851, 4.96378], [118.32106, 4.96328], [118.32529, 4.96755], [118.32966, 4.96567], [118.33058, 4.96731], [118.33375, 4.96558], [118.33623, 4.96715], [118.3356, 4.97081], [118.32853, 4.97131], [118.32938, 4.97352], [118.32595, 4.97435], [118.32449, 4.97665], [118.32724, 4.97903], [118.32748, 4.98103], [118.3258, 4.98069], [118.32804, 4.98195], [118.32394, 4.98111], [118.32278, 4.9828], [118.32425, 4.98587], [118.32586, 4.98514], [118.32755, 4.9865], [118.32564, 4.98936], [118.33096, 4.99028], [118.33295, 4.98862], [118.3329, 4.99141], [118.33628, 4.98943], [118.33773, 4.99139], [118.34179, 4.99179]]], [[[118.33051, 4.99214], [118.33179, 4.99153], [118.32922, 4.99118], [118.32921, 4.99179], [118.33051, 4.99214]]], [[[117.8457, 5.20883], [117.85675, 5.2074], [117.87401, 5.21416], [117.88546, 5.21258], [117.90226, 5.20807], [117.9282, 5.1881], [117.95044, 5.18056], [118.00461, 5.18339], [118.02678, 5.1715], [118.06103, 5.16391], [118.08789, 5.16019], [118.10885, 5.15481], [118.13787, 5.1565], [118.15195, 5.16017], [118.1523, 5.14117], [118.11928, 5.145], [118.10376, 5.11939], [118.10586, 5.1185], [118.10737, 5.11484], [118.10981, 5.11754], [118.10993, 5.12159], [118.11204, 5.12441], [118.11601, 5.12319], [118.11665, 5.12154], [118.11479, 5.1168], [118.11563, 5.11377], [118.12071, 5.11226], [118.12602, 5.11594], [118.13368, 5.11739], [118.13373, 5.12184], [118.13584, 5.12593], [118.1407, 5.1239], [118.14489, 5.12693], [118.14652, 5.1239], [118.14464, 5.1218], [118.14524, 5.11535], [118.14901, 5.11236], [118.18823, 5.09363], [118.19091, 5.10076], [118.19521, 5.10013], [118.19556, 5.10463], [118.19932, 5.10547], [118.20646, 5.09117], [118.21209, 5.09619], [118.21667, 5.0931], [118.22116, 5.0855], [118.23018, 5.09151], [118.23278, 5.08849], [118.23169, 5.08437], [118.23647, 5.08115], [118.23774, 5.0785], [118.23669, 5.07631], [118.23888, 5.07593], [118.23811, 5.07412], [118.24091, 5.07345], [118.24042, 5.06678], [118.24168, 5.06456], [118.23988, 5.06205], [118.23747, 5.06362], [118.236, 5.06166], [118.23189, 5.06407], [118.23153, 5.06055], [118.229, 5.05951], [118.2306, 5.05684], [118.24037, 5.05436], [118.23949, 5.04693], [118.24669, 5.04819], [118.25488, 5.04621], [118.25247, 5.03755], [118.24867, 5.03429], [118.25519, 5.03167], [118.25962, 5.02584], [118.27546, 5.02717], [118.28669, 5.0212], [118.28588, 5.02018], [118.29031, 5.01953], [118.30519, 5.02058], [118.3134, 5.02205], [118.31787, 5.02485], [118.32277, 5.02453], [118.32121, 5.02796], [118.3139, 5.02901], [118.31618, 5.03514], [118.31362, 5.03602], [118.31376, 5.03935], [118.33122, 5.02983], [118.33433, 5.02285], [118.32414, 5.01893], [118.32276, 5.01296], [118.32075, 5.01517], [118.31947, 5.01308], [118.32054, 5.01008], [118.31763, 5.00586], [118.315, 5.00614], [118.31705, 4.99842], [118.31526, 4.99706], [118.31295, 4.99889], [118.31123, 4.99802], [118.3123, 4.99357], [118.30859, 4.98969], [118.31531, 4.98486], [118.31009, 4.97693], [118.31137, 4.9722], [118.30448, 4.96762], [118.30325, 4.96075], [118.29065, 4.96367], [118.2943, 4.96421], [118.29507, 4.967], [118.29636, 4.96593], [118.29637, 4.96911], [118.29453, 4.97184], [118.29151, 4.97213], [118.29241, 4.98219], [118.28912, 4.98931], [118.28467, 4.98613], [118.28791, 4.98707], [118.28903, 4.98537], [118.28378, 4.98011], [118.28503, 4.97841], [118.28479, 4.97162], [118.28167, 4.96624], [118.28356, 4.96405], [118.28222, 4.96304], [118.27848, 4.96448], [118.27311, 4.96368], [118.27204, 4.96557], [118.2701, 4.96514], [118.26928, 4.96762], [118.26519, 4.96637], [118.26454, 4.96902], [118.26206, 4.96841], [118.26178, 4.96996], [118.25991, 4.9682], [118.25792, 4.97073], [118.25856, 4.97335], [118.25537, 4.97238], [118.25498, 4.97069], [118.25165, 4.97208], [118.25014, 4.96959], [118.24508, 4.96986], [118.24225, 4.97407], [118.23832, 4.975], [118.23621, 4.97835], [118.23165, 4.97079], [118.23492, 4.97361], [118.2364, 4.97163], [118.23872, 4.97149], [118.23393, 4.96963], [118.23445, 4.96573], [118.23084, 4.9664], [118.23056, 4.96312], [118.22921, 4.96265], [118.2294, 4.96473], [118.22554, 4.96587], [118.22423, 4.9617], [118.22132, 4.96125], [118.22189, 4.95969], [118.21547, 4.95811], [118.21295, 4.96023], [118.21347, 4.96344], [118.21243, 4.962], [118.21262, 4.96351], [118.21198, 4.96392], [118.20643, 4.95819], [118.20752, 4.95681], [118.20334, 4.95425], [118.20314, 4.94806], [118.19556, 4.94874], [118.19441, 4.94725], [118.19635, 4.94204], [118.19298, 4.94482], [118.18995, 4.94169], [118.18989, 4.93775], [118.18306, 4.93255], [118.18468, 4.92767], [118.18733, 4.92677], [118.18963, 4.92797], [118.18815, 4.92468], [118.19522, 4.92661], [118.19469, 4.92318], [118.1929, 4.92132], [118.18656, 4.91992], [118.18549, 4.91647], [118.18371, 4.91752], [118.17997, 4.91659], [118.18006, 4.91439], [118.17465, 4.9125], [118.17342, 4.90856], [118.1723, 4.90969], [118.17286, 4.91449], [118.16373, 4.91083], [118.16306, 4.90812], [118.16595, 4.90404], [118.16251, 4.89726], [118.16254, 4.89396], [118.16076, 4.89395], [118.15789, 4.88801], [118.15911, 4.88158], [118.15592, 4.87873], [118.15425, 4.87918], [118.15072, 4.88218], [118.15304, 4.88292], [118.15324, 4.88576], [118.15063, 4.88866], [118.14027, 4.88126], [118.13826, 4.88275], [118.13422, 4.88229], [118.13188, 4.87903], [118.13007, 4.88038], [118.12566, 4.87993], [118.12488, 4.88205], [118.12783, 4.88362], [118.12826, 4.8852], [118.12571, 4.88358], [118.12219, 4.87925], [118.12501, 4.87876], [118.12407, 4.87354], [118.1304, 4.86301], [118.13304, 4.84745], [118.12294, 4.85447], [118.12259, 4.86026], [118.11732, 4.86034], [118.11582, 4.86192], [118.11292, 4.85991], [118.10958, 4.86061], [118.10719, 4.8621], [118.10808, 4.86383], [118.10437, 4.86329], [118.10536, 4.86619], [118.09893, 4.86427], [118.0969, 4.86777], [118.09467, 4.86575], [118.08725, 4.86876], [118.08463, 4.86664], [118.08087, 4.86723], [118.08112, 4.87043], [118.07702, 4.87235], [118.07301, 4.8693], [118.06994, 4.87255], [118.06861, 4.87038], [118.06623, 4.87221], [118.06485, 4.87122], [118.06341, 4.87245], [118.06307, 4.87073], [118.06114, 4.87186], [118.05995, 4.86994], [118.05427, 4.86851], [118.05318, 4.86427], [118.04912, 4.86698], [118.04665, 4.8659], [118.04625, 4.86742], [118.04284, 4.86511], [118.03992, 4.86531], [118.03844, 4.86309], [118.03176, 4.86407], [118.03151, 4.86235], [118.02677, 4.86013], [118.02677, 4.85782], [118.02187, 4.85328], [118.00455, 4.85953], [117.99768, 4.85163], [117.99518, 4.84418], [117.99974, 4.83612], [117.99713, 4.83313], [117.98518, 4.82697], [117.97803, 4.81679], [117.97739, 4.81213], [117.98028, 4.81416], [117.98307, 4.81191], [117.98801, 4.78862], [117.98994, 4.78637], [117.98361, 4.7775], [117.96993, 4.77009], [117.96523, 4.77345], [117.96016, 4.77045], [117.95614, 4.75905], [117.94723, 4.74949], [117.93543, 4.75109], [117.93165, 4.75583], [117.93262, 4.7585], [117.92811, 4.76306], [117.92176, 4.76391], [117.92018, 4.76276], [117.91835, 4.7641], [117.91822, 4.76258], [117.91206, 4.7627], [117.91255, 4.76403], [117.90389, 4.76087], [117.89651, 4.76185], [117.89608, 4.75972], [117.892, 4.75879], [117.88961, 4.76051], [117.88632, 4.76014], [117.87949, 4.75181], [117.87497, 4.75048], [117.87214, 4.75238], [117.87074, 4.75091], [117.87165, 4.74183], [117.86927, 4.7361], [117.8659, 4.73481], [117.86413, 4.73151], [117.85453, 4.72751], [117.85428, 4.72517], [117.85066, 4.72221], [117.84696, 4.72421], [117.84526, 4.71902], [117.84124, 4.71993], [117.84333, 4.72867], [117.84036, 4.73244], [117.83812, 4.73348], [117.83017, 4.73183], [117.82893, 4.73493], [117.82785, 4.72431], [117.8122, 4.71833], [117.8085, 4.71526], [117.80453, 4.71663], [117.80502, 4.71949], [117.80275, 4.72132], [117.79666, 4.72052], [117.79345, 4.72514], [117.78651, 4.72736], [117.74926, 4.75903], [117.73311, 4.76535], [117.72539, 4.77247], [117.71805, 4.77341], [117.71076, 4.76719], [117.70686, 4.75036], [117.7004, 4.74457], [117.68897, 4.74292], [117.67848, 4.73927], [117.66672, 4.73284], [117.66253, 4.72492], [117.65651, 4.72134], [117.64797, 4.72407], [117.63693, 4.73341], [117.62192, 4.74209], [117.61222, 4.74139], [117.59214, 4.72387], [117.58283, 4.71965], [117.57281, 4.72222], [117.56478, 4.73149], [117.56249, 4.74018], [117.56355, 4.75521], [117.54984, 4.7719], [117.5388, 4.77905], [117.53063, 4.77841], [117.52555, 4.78044], [117.52277, 4.78631], [117.5136, 4.78727], [117.49981, 4.78095], [117.48345, 4.78453], [117.46751, 4.7851], [117.46877, 4.79738], [117.47418, 4.81116], [117.47564, 4.81924], [117.47525, 4.83309], [117.47858, 4.84152], [117.485, 4.84898], [117.50089, 4.85258], [117.51846, 4.87253], [117.52173, 4.89712], [117.50649, 4.92637], [117.51105, 4.93877], [117.52262, 4.94606], [117.57527, 4.96454], [117.58433, 4.97374], [117.59845, 4.98111], [117.59563, 5.00097], [117.60614, 5.00826], [117.63176, 5.01886], [117.657, 5.02273], [117.67137, 5.02709], [117.67906, 5.04154], [117.67881, 5.05935], [117.68773, 5.07622], [117.68622, 5.10541], [117.69538, 5.11524], [117.70097, 5.12553], [117.7027, 5.1489], [117.72283, 5.17719], [117.73929, 5.18674], [117.75296, 5.1902], [117.76772, 5.20458], [117.77593, 5.21759], [117.78051, 5.23727], [117.78703, 5.23973], [117.8011, 5.23212], [117.82898, 5.21098], [117.8457, 5.20883]]]]}}, {"type": "Feature", "properties": {"state": "Sabah", "seat": "N.63 Kunak", "seat_name": "Kunak"}, "geometry": {"type": "MultiPolygon", "coordinates": [[[[118.30619, 4.76881], [118.30341, 4.7689], [118.30259, 4.77234], [118.31112, 4.77542], [118.31155, 4.77413], [118.30619, 4.76881]]], [[[118.39088, 4.76328], [118.39141, 4.75757], [118.38826, 4.75625], [118.3865, 4.75651], [118.38655, 4.75934], [118.38334, 4.7623], [118.3803, 4.76274], [118.38493, 4.77001], [118.38086, 4.77568], [118.38168, 4.77676], [118.38555, 4.77498], [118.38574, 4.77124], [118.39088, 4.76328]]], [[[118.31345, 4.78455], [118.3108, 4.78316], [118.30874, 4.78557], [118.31226, 4.79074], [118.31345, 4.78455]]], [[[118.29014, 4.7858], [118.2884, 4.78389], [118.28762, 4.78569], [118.28481, 4.78601], [118.28822, 4.78751], [118.28766, 4.7905], [118.29278, 4.7919], [118.29326, 4.78721], [118.29014, 4.7858]]], [[[118.36416, 4.80374], [118.36928, 4.80146], [118.37383, 4.80177], [118.37723, 4.80598], [118.39381, 4.80158], [118.40059, 4.7982], [118.40624, 4.79118], [118.41363, 4.78968], [118.41741, 4.7837], [118.41362, 4.78158], [118.41202, 4.78697], [118.40633, 4.78745], [118.40361, 4.79129], [118.39949, 4.78812], [118.39636, 4.78981], [118.38938, 4.78941], [118.3867, 4.78766], [118.38637, 4.78513], [118.38288, 4.78492], [118.38234, 4.78184], [118.37976, 4.78009], [118.38152, 4.78193], [118.38072, 4.78571], [118.38347, 4.79038], [118.3822, 4.79275], [118.38114, 4.79422], [118.37789, 4.7932], [118.37817, 4.78935], [118.37473, 4.7874], [118.37363, 4.78468], [118.3701, 4.78842], [118.37278, 4.79029], [118.3726, 4.79613], [118.36249, 4.80251], [118.35981, 4.80248], [118.35784, 4.80689], [118.35947, 4.80762], [118.36416, 4.80374]]], [[[118.31461, 4.80916], [118.32056, 4.80631], [118.32672, 4.79995], [118.32629, 4.79827], [118.32124, 4.79951], [118.31001, 4.79623], [118.30269, 4.79796], [118.3027, 4.79971], [118.3081, 4.79888], [118.30806, 4.80117], [118.31052, 4.80208], [118.30903, 4.80501], [118.31004, 4.81055], [118.31461, 4.80916]]], [[[118.28526, 4.81855], [118.29012, 4.81556], [118.29047, 4.8139], [118.28886, 4.813], [118.28051, 4.8179], [118.27565, 4.81885], [118.27381, 4.82164], [118.27618, 4.82338], [118.28179, 4.81924], [118.28526, 4.81855]]], [[[118.06475, 4.87147], [118.06623, 4.87221], [118.0693, 4.87048], [118.06994, 4.87255], [118.07301, 4.8693], [118.07504, 4.87186], [118.07875, 4.87216], [118.08112, 4.87043], [118.08087, 4.86723], [118.08463, 4.86664], [118.08725, 4.86876], [118.09467, 4.86575], [118.0969, 4.86777], [118.09893, 4.86427], [118.10536, 4.86619], [118.10437, 4.86329], [118.10808, 4.86383], [118.10719, 4.8621], [118.10958, 4.86061], [118.11292, 4.85991], [118.11582, 4.86192], [118.11732, 4.86034], [118.12259, 4.86026], [118.12294, 4.85447], [118.13304, 4.84745], [118.13124, 4.83954], [118.14152, 4.84048], [118.14975, 4.83692], [118.15323, 4.84039], [118.16609, 4.83879], [118.16771, 4.83706], [118.16495, 4.83453], [118.16708, 4.82935], [118.16667, 4.82637], [118.1702, 4.82038], [118.17662, 4.81379], [118.18974, 4.80733], [118.19275, 4.79874], [118.19596, 4.79546], [118.19616, 4.78547], [118.19876, 4.77978], [118.19827, 4.77305], [118.19631, 4.76587], [118.19323, 4.76339], [118.19621, 4.76174], [118.19781, 4.75826], [118.20211, 4.75603], [118.20188, 4.75068], [118.20407, 4.74571], [118.21154, 4.73763], [118.2099, 4.732], [118.20649, 4.72972], [118.21053, 4.7285], [118.21283, 4.73068], [118.21412, 4.72702], [118.2272, 4.72371], [118.22823, 4.71923], [118.22323, 4.71597], [118.22462, 4.71515], [118.22252, 4.70998], [118.22528, 4.70917], [118.22538, 4.70634], [118.22782, 4.70487], [118.23097, 4.70558], [118.23191, 4.70344], [118.23674, 4.70406], [118.23897, 4.70072], [118.24346, 4.70099], [118.24468, 4.69307], [118.24981, 4.69533], [118.25029, 4.68937], [118.2542, 4.69246], [118.25655, 4.69203], [118.25794, 4.68991], [118.25596, 4.68667], [118.25799, 4.67796], [118.26367, 4.67467], [118.26285, 4.66838], [118.2656, 4.66112], [118.26872, 4.66195], [118.27103, 4.65801], [118.28631, 4.66148], [118.29378, 4.65621], [118.3006, 4.65751], [118.30433, 4.65358], [118.30217, 4.64394], [118.30014, 4.64368], [118.30018, 4.64086], [118.30448, 4.63353], [118.30444, 4.63022], [118.31081, 4.62979], [118.31241, 4.62827], [118.31609, 4.63097], [118.32002, 4.63064], [118.32062, 4.6238], [118.31577, 4.61616], [118.31551, 4.61085], [118.30557, 4.61035], [118.28777, 4.5988], [118.27816, 4.59629], [118.2676, 4.58393], [118.25638, 4.56679], [118.24826, 4.55906], [118.24661, 4.54556], [118.25103, 4.53075], [118.25004, 4.51713], [118.24249, 4.50375], [118.24201, 4.49969], [118.23576, 4.50295], [118.23775, 4.51816], [118.23374, 4.52742], [118.23635, 4.53136], [118.23496, 4.53728], [118.2382, 4.54318], [118.22761, 4.55244], [118.21719, 4.57509], [118.21246, 4.58107], [118.20505, 4.58274], [118.20249, 4.58592], [118.20068, 4.58592], [118.20107, 4.58338], [118.19287, 4.58289], [118.18625, 4.58583], [118.18179, 4.58306], [118.1751, 4.58526], [118.17201, 4.59303], [118.16959, 4.59243], [118.16422, 4.5974], [118.16418, 4.60169], [118.15931, 4.59822], [118.15693, 4.59989], [118.15703, 4.59578], [118.15431, 4.5968], [118.15189, 4.5956], [118.14986, 4.59813], [118.14389, 4.59722], [118.14144, 4.60048], [118.13595, 4.60239], [118.13292, 4.60069], [118.1267, 4.60353], [118.12311, 4.60114], [118.11948, 4.60489], [118.11867, 4.60931], [118.11564, 4.6061], [118.10974, 4.60487], [118.10513, 4.59693], [118.10177, 4.59919], [118.09803, 4.60498], [118.09886, 4.60695], [118.09708, 4.60789], [118.09717, 4.61187], [118.09503, 4.61102], [118.09494, 4.60733], [118.09028, 4.60991], [118.08376, 4.60832], [118.07962, 4.61192], [118.0797, 4.61498], [118.07249, 4.61505], [118.06218, 4.62353], [118.05937, 4.62318], [118.05914, 4.62505], [118.056, 4.62666], [118.05203, 4.62476], [118.05011, 4.62796], [118.04875, 4.6278], [118.04971, 4.62408], [118.04589, 4.62027], [118.04475, 4.61565], [118.0238, 4.62437], [118.02388, 4.62308], [118.02205, 4.62231], [118.02106, 4.62384], [118.01946, 4.62193], [118.01045, 4.62414], [118.00984, 4.62247], [118.00755, 4.62338], [118.00625, 4.62209], [118.00549, 4.62353], [118.00366, 4.62102], [118.00381, 4.61774], [118.00137, 4.61537], [117.99306, 4.61583], [117.991, 4.61789], [117.99115, 4.61499], [117.98955, 4.61446], [117.98917, 4.6169], [117.9868, 4.61705], [117.98344, 4.61392], [117.98108, 4.61377], [117.98047, 4.60988], [117.97749, 4.61133], [117.97619, 4.60919], [117.96765, 4.61079], [117.95956, 4.60896], [117.95653, 4.61072], [117.95409, 4.64586], [117.94385, 4.64583], [117.92143, 4.64128], [117.91384, 4.63113], [117.89702, 4.62799], [117.89461, 4.62246], [117.8893, 4.62168], [117.88035, 4.61246], [117.86426, 4.60608], [117.84643, 4.59374], [117.83839, 4.59376], [117.83431, 4.60503], [117.83547, 4.61385], [117.83362, 4.61739], [117.82835, 4.62021], [117.82169, 4.62811], [117.81951, 4.64862], [117.81624, 4.65443], [117.80779, 4.65788], [117.80111, 4.65785], [117.78078, 4.67601], [117.78286, 4.69037], [117.77994, 4.70261], [117.7763, 4.70664], [117.76956, 4.70781], [117.7644, 4.715], [117.7681, 4.72992], [117.75986, 4.73608], [117.75378, 4.74591], [117.74522, 4.7537], [117.74413, 4.75748], [117.74633, 4.75965], [117.74926, 4.75903], [117.78651, 4.72736], [117.79345, 4.72514], [117.79666, 4.72052], [117.80275, 4.72132], [117.80502, 4.71949], [117.80453, 4.71663], [117.8085, 4.71526], [117.8122, 4.71833], [117.82785, 4.72431], [117.82893, 4.73493], [117.83017, 4.73183], [117.83812, 4.73348], [117.84036, 4.73244], [117.84333, 4.72867], [117.84124, 4.71993], [117.84581, 4.7192], [117.84696, 4.72421], [117.85066, 4.72221], [117.85428, 4.72517], [117.85453, 4.72751], [117.86413, 4.73151], [117.8659, 4.73481], [117.86927, 4.7361], [117.87165, 4.74183], [117.87074, 4.75091], [117.87214, 4.75238], [117.87497, 4.75048], [117.87949, 4.75181], [117.88632, 4.76014], [117.88961, 4.76051], [117.892, 4.75879], [117.89608, 4.75972], [117.89651, 4.76185], [117.90389, 4.76087], [117.91255, 4.76403], [117.91206, 4.7627], [117.91822, 4.76258], [117.91835, 4.7641], [117.92018, 4.76276], [117.92176, 4.76391], [117.92811, 4.76306], [117.93262, 4.7585], [117.93165, 4.75583], [117.93543, 4.75109], [117.94723, 4.74949], [117.95614, 4.75905], [117.96016, 4.77045], [117.96523, 4.77345], [117.96993, 4.77009], [117.97609, 4.77234], [117.98361, 4.7775], [117.98994, 4.78637], [117.98801, 4.78862], [117.98307, 4.81191], [117.98028, 4.81416], [117.97739, 4.81213], [117.97803, 4.81679], [117.98518, 4.82697], [117.99713, 4.83313], [117.99974, 4.83612], [117.99518, 4.84418], [117.99768, 4.85163], [118.00455, 4.85953], [118.02187, 4.85328], [118.02677, 4.85782], [118.02677, 4.86013], [118.03151, 4.86235], [118.03176, 4.86407], [118.03844, 4.86309], [118.03992, 4.86531], [118.04284, 4.86511], [118.04625, 4.86742], [118.04665, 4.8659], [118.04912, 4.86698], [118.05318, 4.86427], [118.05427, 4.86851], [118.05995, 4.86994], [118.06114, 4.87186], [118.06307, 4.87073], [118.06406, 4.8726], [118.06475, 4.87147]]]]}}, {"type": "Feature", "properties": {"state": "Sabah", "seat": "N.64 Sulabayan", "seat_name": "Sulabayan"}, "geometry": {"type": "MultiPolygon", "coordinates": [[[[118.86092, 4.30705], [118.86324, 4.30537], [118.86029, 4.30529], [118.85762, 4.30155], [118.85363, 4.3063], [118.8578, 4.30927], [118.8596, 4.31289], [118.86092, 4.30705]]], [[[118.87315, 4.31527], [118.87592, 4.31495], [118.87532, 4.31079], [118.87125, 4.31027], [118.86776, 4.31239], [118.86982, 4.31773], [118.87315, 4.31527]]], [[[118.66088, 4.39177], [118.66481, 4.38907], [118.66175, 4.3857], [118.65568, 4.38345], [118.64703, 4.38325], [118.65125, 4.39101], [118.66088, 4.39177]]], [[[118.66412, 4.42168], [118.66281, 4.42159], [118.66295, 4.42317], [118.6651, 4.42307], [118.66412, 4.42168]]], [[[118.75495, 4.42786], [118.76467, 4.4263], [118.76816, 4.42434], [118.76882, 4.42169], [118.7653, 4.42125], [118.76299, 4.41815], [118.76323, 4.41565], [118.75575, 4.41539], [118.76172, 4.41896], [118.75947, 4.42194], [118.75608, 4.42199], [118.75471, 4.42499], [118.75011, 4.42629], [118.75275, 4.42832], [118.75495, 4.42786]]], [[[118.65496, 4.4359], [118.65468, 4.4357], [118.65407, 4.43591], [118.65451, 4.43612], [118.65496, 4.4359]]], [[[118.65538, 4.4374], [118.65594, 4.43733], [118.65602, 4.4371], [118.65482, 4.43745], [118.65538, 4.4374]]], [[[118.73883, 4.45265], [118.73862, 4.45276], [118.73869, 4.45294], [118.73886, 4.45275], [118.73883, 4.45265]]], [[[118.74375, 4.4578], [118.74358, 4.45774], [118.74349, 4.45793], [118.74373, 4.45804], [118.74375, 4.4578]]], [[[118.63691, 4.46214], [118.63677, 4.46223], [118.63683, 4.46238], [118.63697, 4.46231], [118.63691, 4.46214]]], [[[118.63885, 4.46224], [118.6387, 4.46218], [118.63888, 4.4626], [118.63895, 4.46257], [118.63885, 4.46224]]], [[[118.63698, 4.46261], [118.63688, 4.46271], [118.63771, 4.46356], [118.63763, 4.463], [118.63698, 4.46261]]], [[[118.63768, 4.46363], [118.63736, 4.46386], [118.63775, 4.46412], [118.63785, 4.46389], [118.63768, 4.46363]]], [[[118.63487, 4.46931], [118.63434, 4.4698], [118.6345, 4.47023], [118.63493, 4.47015], [118.63487, 4.46931]]], [[[118.63926, 4.48552], [118.63897, 4.48563], [118.63904, 4.48585], [118.63948, 4.4858], [118.63926, 4.48552]]], [[[118.64219, 4.49609], [118.64477, 4.4928], [118.64949, 4.49104], [118.67225, 4.49496], [118.67171, 4.48986], [118.68041, 4.49078], [118.68429, 4.48599], [118.68164, 4.4814], [118.68438, 4.48215], [118.68344, 4.47883], [118.68911, 4.47855], [118.68792, 4.47556], [118.68969, 4.47601], [118.68931, 4.47378], [118.69202, 4.47396], [118.69383, 4.47064], [118.6987, 4.47215], [118.69957, 4.47082], [118.70181, 4.47384], [118.70692, 4.47105], [118.70767, 4.46858], [118.70964, 4.46762], [118.71012, 4.46987], [118.7135, 4.46747], [118.71362, 4.47087], [118.7152, 4.47226], [118.72207, 4.47166], [118.72193, 4.46921], [118.71877, 4.46727], [118.71895, 4.46424], [118.72792, 4.46082], [118.73171, 4.46226], [118.73354, 4.45974], [118.73424, 4.45434], [118.73129, 4.44987], [118.73418, 4.45144], [118.73643, 4.4504], [118.73595, 4.45221], [118.73789, 4.45426], [118.73972, 4.45019], [118.74129, 4.45904], [118.73966, 4.46163], [118.74077, 4.46659], [118.7322, 4.47096], [118.73986, 4.46999], [118.7408, 4.4676], [118.74301, 4.46683], [118.74205, 4.46572], [118.74411, 4.45894], [118.74254, 4.45776], [118.74181, 4.45625], [118.74409, 4.45758], [118.75426, 4.45636], [118.75219, 4.45419], [118.75131, 4.45494], [118.75054, 4.45113], [118.74275, 4.44587], [118.7401, 4.44161], [118.73849, 4.44301], [118.73155, 4.43958], [118.72453, 4.44042], [118.72185, 4.43831], [118.72139, 4.4356], [118.71884, 4.43722], [118.71768, 4.43544], [118.71314, 4.43514], [118.71163, 4.43782], [118.70128, 4.44055], [118.69737, 4.43983], [118.68739, 4.44321], [118.68594, 4.44172], [118.68297, 4.44238], [118.68064, 4.44125], [118.68295, 4.44165], [118.685, 4.43897], [118.6831, 4.43852], [118.67596, 4.42985], [118.67564, 4.42755], [118.67399, 4.42833], [118.67227, 4.42559], [118.67002, 4.42725], [118.66731, 4.42345], [118.6651, 4.42436], [118.66566, 4.42706], [118.66229, 4.42472], [118.65974, 4.41938], [118.65576, 4.41948], [118.65669, 4.41756], [118.65227, 4.41717], [118.64934, 4.41406], [118.64288, 4.41587], [118.6431, 4.42189], [118.64666, 4.42325], [118.64677, 4.42457], [118.64861, 4.42411], [118.64928, 4.42736], [118.65171, 4.42754], [118.65021, 4.43016], [118.65478, 4.4331], [118.6529, 4.43361], [118.6537, 4.4352], [118.65507, 4.43427], [118.65559, 4.43576], [118.65482, 4.43652], [118.65753, 4.43653], [118.65435, 4.43827], [118.65775, 4.44402], [118.65388, 4.44425], [118.65431, 4.44876], [118.65608, 4.44924], [118.65328, 4.45026], [118.65454, 4.45206], [118.65256, 4.45168], [118.64706, 4.45938], [118.63903, 4.46203], [118.63871, 4.46643], [118.63741, 4.46877], [118.63411, 4.47191], [118.63225, 4.47099], [118.63136, 4.47202], [118.63267, 4.47384], [118.63072, 4.47649], [118.62786, 4.47812], [118.6273, 4.4772], [118.62524, 4.48504], [118.62762, 4.48634], [118.62675, 4.48513], [118.62862, 4.48347], [118.63119, 4.48429], [118.62704, 4.48733], [118.62761, 4.48833], [118.63199, 4.48592], [118.63258, 4.48369], [118.6327, 4.48516], [118.6338, 4.48387], [118.63559, 4.4854], [118.63554, 4.48817], [118.63871, 4.48386], [118.63969, 4.48572], [118.63812, 4.4865], [118.63932, 4.48735], [118.63754, 4.49131], [118.63282, 4.49601], [118.62843, 4.49156], [118.62886, 4.49425], [118.6274, 4.49377], [118.62692, 4.49582], [118.62974, 4.4947], [118.62816, 4.49817], [118.62903, 4.49918], [118.63168, 4.49989], [118.64219, 4.49609]]], [[[118.84228, 4.53315], [118.84773, 4.53122], [118.85516, 4.52536], [118.85258, 4.5243], [118.84797, 4.52551], [118.84099, 4.53297], [118.84228, 4.53315]]], [[[118.55938, 4.54393], [118.5591, 4.54393], [118.5591, 4.54414], [118.55928, 4.54416], [118.55938, 4.54393]]], [[[118.55707, 4.547], [118.55693, 4.54713], [118.55701, 4.54725], [118.55717, 4.54711], [118.55707, 4.547]]], [[[118.4944, 4.51414], [118.48149, 4.51863], [118.47876, 4.52229], [118.4796, 4.53109], [118.49076, 4.53518], [118.48953, 4.5433], [118.48708, 4.54381], [118.49094, 4.55307], [118.49619, 4.5562], [118.50236, 4.55396], [118.5056, 4.5506], [118.50597, 4.54682], [118.50346, 4.53138], [118.50374, 4.51559], [118.4944, 4.51414]]], [[[118.9213, 4.55287], [118.92081, 4.5537], [118.92032, 4.55744], [118.92139, 4.55491], [118.9213, 4.55287]]], [[[118.55904, 4.55985], [118.55887, 4.55986], [118.55871, 4.56005], [118.55906, 4.55996], [118.55904, 4.55985]]], [[[118.56205, 4.56124], [118.5619, 4.56122], [118.56176, 4.56146], [118.56199, 4.56142], [118.56205, 4.56124]]], [[[118.6611, 4.55582], [118.65895, 4.55778], [118.66153, 4.56218], [118.66779, 4.56194], [118.66845, 4.55969], [118.6611, 4.55582]]], [[[118.5627, 4.56243], [118.56202, 4.56302], [118.56279, 4.56372], [118.56267, 4.56332], [118.5627, 4.56243]]], [[[118.56596, 4.56497], [118.56555, 4.56537], [118.56558, 4.56558], [118.5661, 4.56514], [118.56596, 4.56497]]], [[[118.60719, 4.56664], [118.61055, 4.56658], [118.61334, 4.56185], [118.6107, 4.55609], [118.60809, 4.55487], [118.60236, 4.556], [118.59567, 4.5536], [118.59302, 4.55345], [118.59836, 4.55601], [118.60162, 4.56364], [118.60719, 4.56664]]], [[[118.56946, 4.56708], [118.56885, 4.56738], [118.56844, 4.56838], [118.5694, 4.56756], [118.56946, 4.56708]]], [[[118.49874, 4.57801], [118.50523, 4.57617], [118.50982, 4.57134], [118.51004, 4.56895], [118.5038, 4.56718], [118.49618, 4.57041], [118.49381, 4.57302], [118.49314, 4.57673], [118.49485, 4.57829], [118.49874, 4.57801]]], [[[118.58, 4.57907], [118.58186, 4.57804], [118.58216, 4.57513], [118.57834, 4.56617], [118.57995, 4.56197], [118.5789, 4.56216], [118.57964, 4.5586], [118.57828, 4.55716], [118.58008, 4.55217], [118.57751, 4.55097], [118.57738, 4.54857], [118.57613, 4.55], [118.57108, 4.5483], [118.56522, 4.5512], [118.56468, 4.54993], [118.56211, 4.5507], [118.55651, 4.54808], [118.55409, 4.54871], [118.5525, 4.54799], [118.55654, 4.54703], [118.55982, 4.54242], [118.5584, 4.53965], [118.54602, 4.53876], [118.52707, 4.53171], [118.5215, 4.53316], [118.52003, 4.53904], [118.52266, 4.54188], [118.52919, 4.5457], [118.53499, 4.54485], [118.5335, 4.54725], [118.53561, 4.54747], [118.53557, 4.54874], [118.55571, 4.55559], [118.55709, 4.55774], [118.56624, 4.56183], [118.56653, 4.56474], [118.56881, 4.56378], [118.57154, 4.56497], [118.57078, 4.56138], [118.57159, 4.56301], [118.57536, 4.55968], [118.57359, 4.56807], [118.57554, 4.56847], [118.57552, 4.57091], [118.57262, 4.57265], [118.57477, 4.57362], [118.5736, 4.5751], [118.57715, 4.57528], [118.57769, 4.5779], [118.58, 4.57907]]], [[[118.69732, 4.57322], [118.69424, 4.57337], [118.69424, 4.5774], [118.69687, 4.57979], [118.69977, 4.57786], [118.69732, 4.57322]]], [[[118.95095, 4.57072], [118.94757, 4.57579], [118.94668, 4.58214], [118.94914, 4.58001], [118.95095, 4.57072]]], [[[118.91655, 4.57736], [118.91428, 4.57922], [118.91496, 4.58359], [118.91508, 4.5803], [118.91655, 4.57736]]], [[[118.51973, 4.58493], [118.52054, 4.58262], [118.51967, 4.57964], [118.51647, 4.58702], [118.51777, 4.58738], [118.51973, 4.58493]]], [[[118.51544, 4.58757], [118.51431, 4.58827], [118.51486, 4.58952], [118.51581, 4.58869], [118.51544, 4.58757]]], [[[118.94581, 4.5883], [118.94487, 4.58934], [118.94557, 4.59116], [118.9461, 4.59069], [118.94581, 4.5883]]], [[[118.5062, 4.591], [118.50547, 4.58946], [118.50432, 4.58957], [118.50561, 4.59126], [118.5062, 4.591]]], [[[118.49089, 4.59469], [118.49285, 4.59369], [118.49395, 4.59024], [118.49171, 4.58956], [118.4862, 4.59179], [118.48631, 4.59475], [118.49089, 4.59469]]], [[[118.86665, 4.59247], [118.86205, 4.59427], [118.86376, 4.59948], [118.86787, 4.59501], [118.86665, 4.59247]]], [[[118.72106, 4.59488], [118.71798, 4.59698], [118.72161, 4.60141], [118.72253, 4.59652], [118.72106, 4.59488]]], [[[118.56461, 4.60164], [118.56554, 4.60148], [118.5655, 4.60001], [118.56356, 4.60129], [118.56461, 4.60164]]], [[[118.56272, 4.60227], [118.56199, 4.60269], [118.56261, 4.60351], [118.56312, 4.60278], [118.56272, 4.60227]]], [[[118.5327, 4.60639], [118.53212, 4.60715], [118.53331, 4.608], [118.53376, 4.60741], [118.5327, 4.60639]]], [[[118.68871, 4.60186], [118.68651, 4.60225], [118.6872, 4.60841], [118.68959, 4.60676], [118.68871, 4.60186]]], [[[118.53684, 4.61011], [118.53555, 4.60844], [118.53447, 4.60876], [118.53535, 4.61009], [118.53684, 4.61011]]], [[[118.78666, 4.60943], [118.78991, 4.6087], [118.79459, 4.60293], [118.79194, 4.60068], [118.7915, 4.59157], [118.78842, 4.58678], [118.78073, 4.58672], [118.77982, 4.59098], [118.78238, 4.59668], [118.78222, 4.61137], [118.78666, 4.60943]]], [[[118.75497, 4.62777], [118.76656, 4.62806], [118.77128, 4.62672], [118.77498, 4.62231], [118.77651, 4.61719], [118.78231, 4.61291], [118.77414, 4.60771], [118.7711, 4.61037], [118.76825, 4.61645], [118.75985, 4.61703], [118.74809, 4.62398], [118.74417, 4.61518], [118.72513, 4.60256], [118.72222, 4.60279], [118.72331, 4.60997], [118.72699, 4.6173], [118.73701, 4.62704], [118.74126, 4.62846], [118.74515, 4.62774], [118.75112, 4.6307], [118.75328, 4.63033], [118.75497, 4.62777]]], [[[118.79338, 4.63349], [118.79232, 4.6341], [118.79242, 4.63626], [118.79471, 4.63525], [118.79338, 4.63349]]], [[[118.34707, 4.63941], [118.34569, 4.64005], [118.34613, 4.64162], [118.34718, 4.64112], [118.34707, 4.63941]]], [[[118.33666, 4.63985], [118.33481, 4.63857], [118.32985, 4.64019], [118.33061, 4.64609], [118.33293, 4.64649], [118.33649, 4.64401], [118.33666, 4.63985]]], [[[118.65702, 4.64862], [118.6569, 4.6512], [118.65894, 4.65204], [118.65885, 4.65025], [118.65702, 4.64862]]], [[[118.54276, 4.66425], [118.54377, 4.66164], [118.54051, 4.65992], [118.53966, 4.66174], [118.54276, 4.66425]]], [[[118.37746, 4.66877], [118.37578, 4.66972], [118.37535, 4.67251], [118.37652, 4.67244], [118.37746, 4.66877]]], [[[118.42218, 4.68872], [118.42618, 4.68808], [118.42275, 4.68495], [118.42016, 4.68745], [118.41648, 4.68723], [118.41788, 4.6892], [118.42218, 4.68872]]], [[[118.45731, 4.69971], [118.46043, 4.69979], [118.46542, 4.69428], [118.46302, 4.68661], [118.46599, 4.68199], [118.47006, 4.68163], [118.46973, 4.67916], [118.47286, 4.6761], [118.47819, 4.67487], [118.4813, 4.67735], [118.48516, 4.67564], [118.4893, 4.67651], [118.4895, 4.67505], [118.48587, 4.67468], [118.48396, 4.66809], [118.48904, 4.65854], [118.49182, 4.66134], [118.49459, 4.65879], [118.49357, 4.64923], [118.4956, 4.64098], [118.49957, 4.6397], [118.50686, 4.64662], [118.50608, 4.6593], [118.50894, 4.66127], [118.51128, 4.65911], [118.51354, 4.66125], [118.51602, 4.66123], [118.52076, 4.65471], [118.5183, 4.65116], [118.51876, 4.64867], [118.52457, 4.64863], [118.52892, 4.64572], [118.53082, 4.64696], [118.53183, 4.64504], [118.53488, 4.64506], [118.54185, 4.65267], [118.54002, 4.65698], [118.54212, 4.65507], [118.54469, 4.65569], [118.54794, 4.65428], [118.55187, 4.64772], [118.5648, 4.64342], [118.56786, 4.6384], [118.56982, 4.63821], [118.57218, 4.64092], [118.57426, 4.63844], [118.57797, 4.63857], [118.58349, 4.63615], [118.58693, 4.63147], [118.58635, 4.62636], [118.5782, 4.61955], [118.57072, 4.62185], [118.56466, 4.61817], [118.5633, 4.61403], [118.56002, 4.61164], [118.55788, 4.59498], [118.55231, 4.58845], [118.54943, 4.59181], [118.54672, 4.60286], [118.54302, 4.60974], [118.54508, 4.61336], [118.54353, 4.61671], [118.53661, 4.6171], [118.53101, 4.61113], [118.5288, 4.60493], [118.53317, 4.60237], [118.53246, 4.59742], [118.51375, 4.59666], [118.50943, 4.60083], [118.50671, 4.60136], [118.50565, 4.60378], [118.50059, 4.60481], [118.49386, 4.60962], [118.48885, 4.61043], [118.48717, 4.61291], [118.47892, 4.61774], [118.47548, 4.61758], [118.47072, 4.61365], [118.46879, 4.6075], [118.46651, 4.60586], [118.46016, 4.60706], [118.45426, 4.61245], [118.45139, 4.60935], [118.44707, 4.60869], [118.44861, 4.61416], [118.44439, 4.61854], [118.44424, 4.62377], [118.43891, 4.62892], [118.42742, 4.62863], [118.42205, 4.63264], [118.41543, 4.63235], [118.41178, 4.62919], [118.40903, 4.63305], [118.39003, 4.64083], [118.38078, 4.6414], [118.37902, 4.64487], [118.37068, 4.64797], [118.36604, 4.64843], [118.35205, 4.64378], [118.34149, 4.64522], [118.32339, 4.65366], [118.3203, 4.65666], [118.32788, 4.66337], [118.3376, 4.66545], [118.33948, 4.66363], [118.33937, 4.66573], [118.34231, 4.66739], [118.35381, 4.6674], [118.37087, 4.66179], [118.37312, 4.66333], [118.3785, 4.66272], [118.37957, 4.66505], [118.38173, 4.6632], [118.38447, 4.66337], [118.38724, 4.66596], [118.39229, 4.66543], [118.39709, 4.66225], [118.39921, 4.66306], [118.3997, 4.66645], [118.40616, 4.66022], [118.41481, 4.66363], [118.42972, 4.66284], [118.43343, 4.66991], [118.43147, 4.67229], [118.42663, 4.67335], [118.42689, 4.67727], [118.42379, 4.67621], [118.42525, 4.67968], [118.42331, 4.6827], [118.4269, 4.68335], [118.42702, 4.68008], [118.42861, 4.67945], [118.43051, 4.68053], [118.43098, 4.68387], [118.43527, 4.68227], [118.43692, 4.68367], [118.43734, 4.69116], [118.43926, 4.68656], [118.44674, 4.69846], [118.45731, 4.69971]]], [[[118.41195, 4.7105], [118.41136, 4.70743], [118.4173, 4.70564], [118.41968, 4.69894], [118.4233, 4.6971], [118.43143, 4.69674], [118.43193, 4.69232], [118.42949, 4.6907], [118.4238, 4.69153], [118.42059, 4.68955], [118.41599, 4.69082], [118.41412, 4.68926], [118.4072, 4.69215], [118.41141, 4.69888], [118.40969, 4.70198], [118.40613, 4.70154], [118.40518, 4.69584], [118.40145, 4.69332], [118.39648, 4.69606], [118.39764, 4.70071], [118.39287, 4.70058], [118.3911, 4.69833], [118.38886, 4.70129], [118.3982, 4.70462], [118.39835, 4.7065], [118.39657, 4.70768], [118.3979, 4.70964], [118.40264, 4.70876], [118.40499, 4.71008], [118.40655, 4.70833], [118.41195, 4.7105]]], [[[118.46286, 4.72045], [118.4671, 4.71814], [118.46884, 4.71938], [118.47669, 4.71911], [118.47278, 4.7158], [118.46866, 4.71618], [118.46735, 4.71258], [118.4629, 4.70895], [118.463, 4.70535], [118.46058, 4.70637], [118.45754, 4.70388], [118.45504, 4.70741], [118.44966, 4.70548], [118.44648, 4.71102], [118.44981, 4.71445], [118.44885, 4.71833], [118.45133, 4.72135], [118.45627, 4.7198], [118.45967, 4.72056], [118.45967, 4.72567], [118.46286, 4.72045]]]]}}, {"type": "Feature", "properties": {"state": "Sabah", "seat": "N.65 Senallang", "seat_name": "Senallang"}, "geometry": {"type": "MultiPolygon", "coordinates": [[[[118.62991, 4.11192], [118.62726, 4.11451], [118.62753, 4.1176], [118.62988, 4.11644], [118.62991, 4.11192]]], [[[118.68435, 4.22357], [118.69077, 4.22178], [118.69222, 4.21981], [118.688, 4.2182], [118.6853, 4.22166], [118.68119, 4.22262], [118.68435, 4.22357]]], [[[118.63184, 4.24753], [118.63371, 4.24545], [118.63226, 4.24307], [118.62775, 4.24806], [118.62882, 4.24908], [118.63184, 4.24753]]], [[[118.56495, 4.33783], [118.56355, 4.33802], [118.56475, 4.34077], [118.56954, 4.34726], [118.57173, 4.34657], [118.57085, 4.34227], [118.56495, 4.33783]]], [[[118.59666, 4.3605], [118.59455, 4.35771], [118.58775, 4.35538], [118.58331, 4.35448], [118.58214, 4.35598], [118.58687, 4.36067], [118.58927, 4.36072], [118.5925, 4.36531], [118.59443, 4.36474], [118.59666, 4.3605]]], [[[118.60135, 4.37316], [118.60382, 4.37328], [118.60556, 4.37062], [118.5983, 4.36682], [118.59764, 4.37177], [118.59987, 4.37369], [118.60135, 4.37316]]], [[[118.60199, 4.48137], [118.5979, 4.47713], [118.59852, 4.47471], [118.60177, 4.47719], [118.603, 4.47588], [118.60422, 4.47864], [118.60867, 4.4811], [118.61078, 4.48022], [118.61384, 4.48197], [118.61807, 4.48057], [118.61786, 4.47812], [118.61293, 4.47851], [118.60988, 4.47274], [118.61296, 4.47285], [118.61556, 4.47611], [118.61922, 4.47067], [118.62326, 4.47131], [118.6283, 4.46105], [118.64149, 4.44975], [118.64474, 4.44448], [118.63975, 4.43398], [118.63227, 4.42997], [118.6289, 4.42604], [118.62932, 4.42387], [118.62558, 4.42329], [118.62159, 4.41787], [118.61805, 4.41878], [118.62053, 4.41675], [118.61991, 4.41305], [118.62117, 4.41238], [118.61626, 4.40392], [118.60902, 4.40292], [118.60416, 4.40646], [118.60507, 4.40773], [118.60281, 4.4141], [118.60411, 4.41981], [118.60538, 4.41994], [118.60349, 4.42258], [118.60338, 4.42701], [118.5997, 4.42371], [118.5952, 4.42649], [118.59055, 4.44294], [118.58903, 4.44161], [118.58933, 4.43377], [118.58733, 4.4277], [118.57864, 4.42685], [118.57379, 4.42849], [118.57136, 4.43197], [118.57255, 4.42778], [118.57136, 4.42695], [118.57691, 4.41912], [118.58534, 4.41582], [118.58611, 4.41305], [118.592, 4.40803], [118.59563, 4.39904], [118.59327, 4.39984], [118.58904, 4.39806], [118.5793, 4.38501], [118.57537, 4.38175], [118.57172, 4.38203], [118.57047, 4.38061], [118.57201, 4.38061], [118.57148, 4.37793], [118.56024, 4.37097], [118.55453, 4.37121], [118.55145, 4.37573], [118.55431, 4.38006], [118.55457, 4.38478], [118.54904, 4.38006], [118.54574, 4.3745], [118.54412, 4.36686], [118.54792, 4.36282], [118.54775, 4.36032], [118.5525, 4.35181], [118.55167, 4.35068], [118.54721, 4.34932], [118.5299, 4.35146], [118.52651, 4.34973], [118.51503, 4.35449], [118.51497, 4.3533], [118.51009, 4.35467], [118.50759, 4.35924], [118.50262, 4.36168], [118.48448, 4.35966], [118.4528, 4.34953], [118.44376, 4.34384], [118.43623, 4.34552], [118.42716, 4.34303], [118.42115, 4.33616], [118.42342, 4.33177], [118.41782, 4.33021], [118.41249, 4.32483], [118.41059, 4.33022], [118.40564, 4.33096], [118.39883, 4.32911], [118.39307, 4.33143], [118.39018, 4.3309], [118.39008, 4.33378], [118.38792, 4.33459], [118.38441, 4.34444], [118.38261, 4.34586], [118.36729, 4.34665], [118.35953, 4.34105], [118.35537, 4.34027], [118.35007, 4.34462], [118.34844, 4.34994], [118.34708, 4.34912], [118.34014, 4.36143], [118.32984, 4.36417], [118.31268, 4.37548], [118.30954, 4.38568], [118.30435, 4.393], [118.29605, 4.39658], [118.28602, 4.39151], [118.27736, 4.40795], [118.27383, 4.41167], [118.26678, 4.41281], [118.26053, 4.40901], [118.25707, 4.41332], [118.256, 4.41779], [118.25029, 4.41848], [118.25147, 4.42282], [118.24817, 4.42663], [118.2481, 4.43144], [118.25025, 4.43294], [118.24394, 4.43448], [118.24205, 4.43681], [118.24457, 4.43873], [118.2423, 4.44237], [118.24298, 4.4489], [118.25082, 4.45413], [118.25076, 4.4561], [118.26005, 4.45989], [118.26412, 4.45922], [118.26764, 4.46099], [118.27109, 4.44991], [118.29576, 4.44051], [118.33001, 4.42126], [118.36599, 4.41098], [118.39161, 4.40826], [118.41891, 4.41434], [118.43103, 4.39565], [118.43581, 4.39519], [118.45858, 4.41307], [118.46884, 4.42323], [118.48686, 4.42274], [118.49161, 4.41996], [118.49797, 4.4208], [118.50601, 4.41884], [118.50998, 4.42124], [118.51483, 4.42156], [118.52572, 4.43638], [118.53313, 4.43953], [118.54202, 4.43901], [118.54733, 4.44106], [118.55072, 4.44628], [118.55958, 4.45308], [118.56386, 4.45387], [118.56364, 4.45818], [118.56512, 4.45814], [118.56514, 4.45997], [118.56828, 4.45932], [118.56951, 4.45482], [118.57806, 4.45703], [118.58301, 4.45294], [118.58297, 4.45071], [118.58746, 4.45012], [118.58681, 4.44832], [118.58949, 4.44957], [118.5949, 4.44811], [118.60202, 4.44899], [118.606, 4.45286], [118.59937, 4.46071], [118.60035, 4.46436], [118.59571, 4.46581], [118.59025, 4.46245], [118.58478, 4.46599], [118.58482, 4.47288], [118.59084, 4.47888], [118.60199, 4.48137]]]]}}, {"type": "Feature", "properties": {"state": "Sabah", "seat": "N.66 Bugaya", "seat_name": "Bugaya"}, "geometry": {"type": "MultiPolygon", "coordinates": [[[[118.61431, 4.47784], [118.61983, 4.47657], [118.62243, 4.47191], [118.61922, 4.47067], [118.61556, 4.47611], [118.61296, 4.47285], [118.60988, 4.47274], [118.61293, 4.47851], [118.61431, 4.47784]]], [[[118.35635, 4.63341], [118.37077, 4.62708], [118.36859, 4.61624], [118.36914, 4.61182], [118.38542, 4.59242], [118.38197, 4.59077], [118.3826, 4.58969], [118.38577, 4.5913], [118.38675, 4.58885], [118.38936, 4.59475], [118.39481, 4.59263], [118.40395, 4.57377], [118.40773, 4.58204], [118.41108, 4.58376], [118.41311, 4.58757], [118.41384, 4.59425], [118.4159, 4.5981], [118.42175, 4.60153], [118.43313, 4.60134], [118.43923, 4.59021], [118.44537, 4.58965], [118.44898, 4.58645], [118.46253, 4.56859], [118.46501, 4.57066], [118.46872, 4.57002], [118.474, 4.57492], [118.47799, 4.57122], [118.47739, 4.56946], [118.4831, 4.56953], [118.48786, 4.56345], [118.48857, 4.56099], [118.48486, 4.55349], [118.48703, 4.55126], [118.48324, 4.55058], [118.47687, 4.53627], [118.47634, 4.52934], [118.46914, 4.5257], [118.46247, 4.52675], [118.45713, 4.52193], [118.45249, 4.52044], [118.45536, 4.51366], [118.47229, 4.50901], [118.48761, 4.48592], [118.48341, 4.48455], [118.48797, 4.47908], [118.48558, 4.46399], [118.48195, 4.46069], [118.47567, 4.46118], [118.47735, 4.45987], [118.47518, 4.45828], [118.47882, 4.45543], [118.47432, 4.45474], [118.47454, 4.45177], [118.494, 4.44939], [118.4974, 4.45177], [118.49739, 4.45899], [118.49354, 4.46502], [118.49515, 4.46914], [118.50414, 4.47231], [118.50654, 4.48495], [118.50455, 4.48455], [118.50463, 4.48559], [118.50878, 4.49148], [118.5106, 4.49738], [118.51582, 4.50329], [118.52049, 4.50352], [118.5178, 4.50472], [118.51848, 4.50598], [118.5328, 4.52369], [118.54034, 4.52518], [118.5641, 4.52146], [118.56482, 4.51725], [118.56626, 4.52029], [118.57001, 4.5209], [118.57259, 4.52021], [118.57391, 4.51608], [118.57841, 4.51771], [118.58514, 4.51701], [118.58611, 4.51529], [118.58241, 4.51537], [118.58329, 4.51256], [118.58491, 4.51229], [118.58572, 4.51422], [118.58929, 4.51243], [118.59235, 4.51319], [118.59391, 4.50889], [118.57956, 4.50223], [118.57008, 4.49071], [118.57159, 4.49127], [118.57108, 4.48851], [118.58345, 4.48693], [118.58042, 4.49285], [118.58349, 4.4978], [118.58557, 4.49799], [118.59484, 4.49111], [118.59796, 4.48276], [118.59947, 4.4822], [118.60314, 4.48541], [118.60052, 4.48919], [118.60572, 4.49019], [118.60796, 4.48534], [118.61189, 4.4818], [118.61078, 4.48022], [118.60772, 4.48078], [118.60422, 4.47864], [118.603, 4.47588], [118.60177, 4.47719], [118.59852, 4.47471], [118.59726, 4.47582], [118.60243, 4.48101], [118.60178, 4.48213], [118.59853, 4.47995], [118.59084, 4.47888], [118.58482, 4.47288], [118.58478, 4.46599], [118.59025, 4.46245], [118.59571, 4.46581], [118.60035, 4.46436], [118.59937, 4.46071], [118.606, 4.45286], [118.60089, 4.44866], [118.5949, 4.44811], [118.58949, 4.44957], [118.58681, 4.44832], [118.58746, 4.45012], [118.58297, 4.45071], [118.58301, 4.45294], [118.57806, 4.45703], [118.56951, 4.45482], [118.56828, 4.45932], [118.56514, 4.45997], [118.56512, 4.45814], [118.56364, 4.45818], [118.56386, 4.45387], [118.55958, 4.45308], [118.55072, 4.44628], [118.54733, 4.44106], [118.54202, 4.43901], [118.53313, 4.43953], [118.52572, 4.43638], [118.51471, 4.4215], [118.50998, 4.42124], [118.50601, 4.41884], [118.49797, 4.4208], [118.49161, 4.41996], [118.48686, 4.42274], [118.46977, 4.42354], [118.44554, 4.40233], [118.43514, 4.39519], [118.43103, 4.39565], [118.41891, 4.41434], [118.39161, 4.40826], [118.36599, 4.41098], [118.33001, 4.42126], [118.29576, 4.44051], [118.27109, 4.44991], [118.26764, 4.46099], [118.26412, 4.45922], [118.26005, 4.45989], [118.25059, 4.45519], [118.24962, 4.45758], [118.25083, 4.46205], [118.24663, 4.46352], [118.24463, 4.47367], [118.24752, 4.47567], [118.24501, 4.48143], [118.24265, 4.48097], [118.24196, 4.48294], [118.24507, 4.48646], [118.24018, 4.48983], [118.23987, 4.49221], [118.24265, 4.49443], [118.24606, 4.49439], [118.24165, 4.50169], [118.25004, 4.51713], [118.25103, 4.53075], [118.24661, 4.54556], [118.24826, 4.55906], [118.25638, 4.56679], [118.2676, 4.58393], [118.27816, 4.59629], [118.28777, 4.5988], [118.30557, 4.61035], [118.31551, 4.61085], [118.31577, 4.61616], [118.32062, 4.6238], [118.32054, 4.63112], [118.33066, 4.62695], [118.34588, 4.62838], [118.35226, 4.63294], [118.35635, 4.63341]]]]}}, {"type": "Feature", "properties": {"state": "Sabah", "seat": "N.67 Balung", "seat_name": "Balung"}, "geometry": {"type": "MultiPolygon", "coordinates": [[[[118.05011, 4.62796], [118.05203, 4.62476], [118.056, 4.62666], [118.05914, 4.62505], [118.05937, 4.62318], [118.06218, 4.62353], [118.07249, 4.61505], [118.0797, 4.61498], [118.07962, 4.61192], [118.08376, 4.60832], [118.09028, 4.60991], [118.09494, 4.60733], [118.09503, 4.61102], [118.09717, 4.61187], [118.09708, 4.60789], [118.09886, 4.60695], [118.09803, 4.60498], [118.1044, 4.59712], [118.10649, 4.59743], [118.10974, 4.60487], [118.11564, 4.6061], [118.11882, 4.60931], [118.11948, 4.60489], [118.12311, 4.60114], [118.1267, 4.60353], [118.13292, 4.60069], [118.13595, 4.60239], [118.14144, 4.60048], [118.14389, 4.59722], [118.14986, 4.59813], [118.15189, 4.5956], [118.15431, 4.5968], [118.15703, 4.59578], [118.15693, 4.59989], [118.15931, 4.59822], [118.16418, 4.60169], [118.16422, 4.5974], [118.16959, 4.59243], [118.17201, 4.59303], [118.17438, 4.58585], [118.18179, 4.58306], [118.185, 4.58591], [118.19203, 4.58298], [118.20107, 4.58338], [118.20127, 4.58602], [118.20505, 4.58274], [118.21246, 4.58107], [118.21719, 4.57509], [118.22761, 4.55244], [118.2382, 4.54318], [118.23496, 4.53728], [118.23635, 4.53136], [118.23374, 4.52742], [118.23775, 4.51816], [118.23576, 4.50295], [118.24201, 4.4997], [118.24606, 4.49439], [118.24263, 4.49442], [118.23992, 4.49097], [118.24507, 4.48646], [118.24196, 4.48294], [118.24265, 4.48097], [118.24501, 4.48143], [118.24752, 4.47567], [118.24463, 4.47367], [118.24663, 4.46352], [118.25083, 4.46205], [118.24962, 4.45758], [118.25082, 4.45413], [118.24649, 4.4513], [118.24354, 4.45303], [118.23229, 4.45086], [118.22488, 4.45239], [118.21736, 4.44624], [118.19021, 4.43614], [118.183, 4.42275], [118.18231, 4.40829], [118.17949, 4.40442], [118.1604, 4.39997], [118.15416, 4.38622], [118.14097, 4.37774], [118.11797, 4.3781], [118.11319, 4.37611], [118.10579, 4.3666], [118.09189, 4.35354], [118.09025, 4.34614], [118.09364, 4.33003], [118.0908, 4.30892], [118.08826, 4.3047], [118.07591, 4.29374], [118.06803, 4.28267], [118.06802, 4.28572], [118.06521, 4.28572], [118.0652, 4.28262], [118.06204, 4.28286], [118.05407, 4.27414], [118.0436, 4.27559], [118.02634, 4.27198], [118.01645, 4.25845], [118.01323, 4.25933], [118.01045, 4.26376], [118.00376, 4.26886], [117.98643, 4.27064], [117.98309, 4.27236], [117.96983, 4.26941], [117.96535, 4.25739], [117.96209, 4.25538], [117.95631, 4.25583], [117.95614, 4.24836], [117.95114, 4.25189], [117.95131, 4.25636], [117.94413, 4.25551], [117.94165, 4.25158], [117.93759, 4.25121], [117.93714, 4.25343], [117.93187, 4.25845], [117.9361, 4.2699], [117.93876, 4.27274], [117.93576, 4.27564], [117.93489, 4.28644], [117.92789, 4.28707], [117.92521, 4.29385], [117.93947, 4.29921], [117.95424, 4.29639], [117.95498, 4.2982], [117.95348, 4.31948], [117.94786, 4.33068], [117.94162, 4.33792], [117.93712, 4.35095], [117.95168, 4.36604], [117.95864, 4.37605], [117.95965, 4.38276], [117.95913, 4.38869], [117.95075, 4.41236], [117.9467, 4.43633], [117.93527, 4.46966], [117.94753, 4.50293], [117.95572, 4.57671], [117.95653, 4.61072], [117.95956, 4.60896], [117.96765, 4.61079], [117.97619, 4.60919], [117.97749, 4.61133], [117.98047, 4.60988], [117.98108, 4.61377], [117.98344, 4.61392], [117.9868, 4.61705], [117.98917, 4.6169], [117.98955, 4.61446], [117.99115, 4.61499], [117.991, 4.61789], [117.99306, 4.61583], [118.00137, 4.61537], [118.00381, 4.61774], [118.00366, 4.62102], [118.00549, 4.62353], [118.00625, 4.62209], [118.00755, 4.62338], [118.00984, 4.62247], [118.01045, 4.62414], [118.01946, 4.62193], [118.02106, 4.62384], [118.02205, 4.62231], [118.02388, 4.62308], [118.0238, 4.62437], [118.04475, 4.61565], [118.04589, 4.62027], [118.04971, 4.62408], [118.04875, 4.6278], [118.05011, 4.62796]]]]}}, {"type": "Feature", "properties": {"state": "Sabah", "seat": "N.68 Apas", "seat_name": "Apas"}, "geometry": {"type": "MultiPolygon", "coordinates": [[[[118.24647, 4.45131], [118.24298, 4.4489], [118.2423, 4.44237], [118.24457, 4.43873], [118.24205, 4.43681], [118.24394, 4.43448], [118.25025, 4.43294], [118.2481, 4.43144], [118.24817, 4.42663], [118.25147, 4.42282], [118.25029, 4.41848], [118.256, 4.41779], [118.25707, 4.41332], [118.26053, 4.40901], [118.26678, 4.41281], [118.27413, 4.41145], [118.2859, 4.39156], [118.29553, 4.39652], [118.30164, 4.39475], [118.30747, 4.38972], [118.31302, 4.37515], [118.32984, 4.36417], [118.3405, 4.36113], [118.34708, 4.34912], [118.33997, 4.3451], [118.33879, 4.34241], [118.34252, 4.34283], [118.34496, 4.34075], [118.35005, 4.34014], [118.35251, 4.3348], [118.35212, 4.32829], [118.35852, 4.32284], [118.36012, 4.31832], [118.35162, 4.31392], [118.34924, 4.32118], [118.33972, 4.32261], [118.3327, 4.32719], [118.33395, 4.33343], [118.33118, 4.33297], [118.32314, 4.32484], [118.31961, 4.3233], [118.31343, 4.32267], [118.31114, 4.32699], [118.29994, 4.32636], [118.28808, 4.32364], [118.27791, 4.32364], [118.26881, 4.31986], [118.25113, 4.31786], [118.24722, 4.31461], [118.23217, 4.30941], [118.22293, 4.30201], [118.22267, 4.2975], [118.22669, 4.29255], [118.22181, 4.29441], [118.21664, 4.29405], [118.21526, 4.29659], [118.19582, 4.29123], [118.19321, 4.29257], [118.19019, 4.29171], [118.17805, 4.29856], [118.17018, 4.29643], [118.16751, 4.2974], [118.15784, 4.29413], [118.15798, 4.2901], [118.15459, 4.29186], [118.13954, 4.28942], [118.11292, 4.28082], [118.09052, 4.26733], [118.07617, 4.25458], [118.05866, 4.24995], [118.03001, 4.2385], [118.02803, 4.23624], [118.0225, 4.23605], [118.01804, 4.23182], [118.01015, 4.22946], [117.99592, 4.22151], [117.99151, 4.22459], [117.98726, 4.22291], [117.9782, 4.22314], [117.97499, 4.22643], [117.96923, 4.22804], [117.9669, 4.23582], [117.9624, 4.23819], [117.95506, 4.23925], [117.94977, 4.24338], [117.94715, 4.24179], [117.94554, 4.24355], [117.93659, 4.24366], [117.93215, 4.24875], [117.93144, 4.24685], [117.92998, 4.24703], [117.92996, 4.24885], [117.91975, 4.24701], [117.90304, 4.23833], [117.90111, 4.2409], [117.89532, 4.24297], [117.89507, 4.24458], [117.89924, 4.24438], [117.89962, 4.25177], [117.92397, 4.25119], [117.92439, 4.25514], [117.92701, 4.2549], [117.92858, 4.25847], [117.93187, 4.25845], [117.93714, 4.25343], [117.93759, 4.25121], [117.94165, 4.25158], [117.94413, 4.25551], [117.95131, 4.25636], [117.95114, 4.25189], [117.95614, 4.24836], [117.95631, 4.25583], [117.96209, 4.25538], [117.96535, 4.25739], [117.96916, 4.26854], [117.97276, 4.27061], [117.98309, 4.27236], [117.98643, 4.27064], [118.00376, 4.26886], [118.01045, 4.26376], [118.01323, 4.25933], [118.01645, 4.25845], [118.02634, 4.27198], [118.0436, 4.27559], [118.05527, 4.27458], [118.05991, 4.28114], [118.06204, 4.28286], [118.0652, 4.28262], [118.06521, 4.28572], [118.06802, 4.28572], [118.06874, 4.28313], [118.07591, 4.29374], [118.08966, 4.30647], [118.09324, 4.32019], [118.0936, 4.33074], [118.09025, 4.34614], [118.09189, 4.35354], [118.10579, 4.3666], [118.11319, 4.37611], [118.11797, 4.3781], [118.14097, 4.37774], [118.15416, 4.38622], [118.1604, 4.39997], [118.17949, 4.40442], [118.18231, 4.40829], [118.183, 4.42275], [118.19021, 4.43614], [118.21736, 4.44624], [118.22488, 4.45239], [118.23229, 4.45086], [118.24354, 4.45303], [118.24647, 4.45131]]]]}}, {"type": "Feature", "properties": {"state": "Sabah", "seat": "N.69 Sri Tanjong", "seat_name": "Sri Tanjong"}, "geometry": {"type": "MultiPolygon", "coordinates": [[[[117.92604, 4.28953], [117.92789, 4.28707], [117.93489, 4.28644], [117.93576, 4.27564], [117.93876, 4.27274], [117.9361, 4.2699], [117.93187, 4.25845], [117.9277, 4.25833], [117.92701, 4.2549], [117.92439, 4.25514], [117.92397, 4.25119], [117.89962, 4.25177], [117.89924, 4.24438], [117.89507, 4.24458], [117.89562, 4.24213], [117.88621, 4.24091], [117.87879, 4.2451], [117.87899, 4.24756], [117.87717, 4.24922], [117.88212, 4.25023], [117.88247, 4.25382], [117.88669, 4.25471], [117.88682, 4.25336], [117.8887, 4.25326], [117.89115, 4.26244], [117.89585, 4.26159], [117.89631, 4.2716], [117.89078, 4.27233], [117.8874, 4.27759], [117.8896, 4.27919], [117.8907, 4.28315], [117.89269, 4.28256], [117.89293, 4.27437], [117.89641, 4.27364], [117.89783, 4.2757], [117.90457, 4.27472], [117.90684, 4.28615], [117.91069, 4.28716], [117.91373, 4.28549], [117.92521, 4.29385], [117.92604, 4.28953]]]]}}, {"type": "Feature", "properties": {"state": "Sabah", "seat": "N.70 Kukusan", "seat_name": "Kukusan"}, "geometry": {"type": "MultiPolygon", "coordinates": [[[[117.88508, 4.29595], [117.88727, 4.29511], [117.88827, 4.29258], [117.89264, 4.29334], [117.89713, 4.29111], [117.8955, 4.29075], [117.89525, 4.28645], [117.89297, 4.28705], [117.89363, 4.28293], [117.8907, 4.28315], [117.8896, 4.27919], [117.8874, 4.27759], [117.89078, 4.27233], [117.89631, 4.2716], [117.89585, 4.26159], [117.89115, 4.26244], [117.8887, 4.25326], [117.88682, 4.25336], [117.88669, 4.25471], [117.88247, 4.25382], [117.88212, 4.25023], [117.87665, 4.24909], [117.87782, 4.24969], [117.87549, 4.25444], [117.87638, 4.25574], [117.87413, 4.25484], [117.87173, 4.2572], [117.87834, 4.25889], [117.87843, 4.27654], [117.87632, 4.27723], [117.8729, 4.27433], [117.8705, 4.27637], [117.86994, 4.27999], [117.87798, 4.28163], [117.87849, 4.27967], [117.88079, 4.27921], [117.87962, 4.28358], [117.88138, 4.29448], [117.88022, 4.29906], [117.88147, 4.3056], [117.88476, 4.3077], [117.88508, 4.29595]]]]}}, {"type": "Feature", "properties": {"state": "Sabah", "seat": "N.71 Tanjung Batu", "seat_name": "Tanjung Batu"}, "geometry": {"type": "MultiPolygon", "coordinates": [[[[117.87044, 4.3021], [117.8808, 4.30232], [117.88138, 4.29448], [117.87962, 4.28358], [117.88079, 4.27921], [117.87849, 4.27967], [117.87798, 4.28163], [117.86994, 4.27999], [117.8705, 4.27637], [117.8729, 4.27433], [117.87632, 4.27723], [117.87843, 4.27654], [117.87834, 4.25889], [117.8724, 4.25759], [117.8699, 4.25889], [117.87071, 4.2626], [117.87309, 4.2644], [117.87048, 4.26718], [117.86637, 4.26516], [117.86823, 4.26798], [117.86422, 4.2778], [117.85494, 4.27372], [117.85371, 4.27633], [117.85728, 4.2797], [117.85664, 4.28187], [117.8618, 4.28466], [117.85815, 4.28543], [117.85499, 4.28984], [117.84426, 4.29395], [117.83575, 4.30187], [117.83885, 4.30342], [117.84504, 4.3006], [117.84834, 4.30221], [117.85404, 4.30217], [117.86417, 4.29881], [117.86746, 4.30001], [117.86868, 4.30368], [117.87044, 4.3021]]]]}}, {"type": "Feature", "properties": {"state": "Sabah", "seat": "N.72 Merotai", "seat_name": "Merotai"}, "geometry": {"type": "MultiPolygon", "coordinates": [[[[117.74522, 4.75856], [117.74413, 4.75748], [117.74522, 4.7537], [117.75378, 4.74591], [117.75986, 4.73608], [117.7681, 4.72992], [117.7644, 4.715], [117.76956, 4.70781], [117.7763, 4.70664], [117.77994, 4.70261], [117.78286, 4.69037], [117.78078, 4.67601], [117.80111, 4.65785], [117.80779, 4.65788], [117.81624, 4.65443], [117.81951, 4.64862], [117.82169, 4.62811], [117.82835, 4.62021], [117.83362, 4.61739], [117.83547, 4.61385], [117.83431, 4.60503], [117.83839, 4.59376], [117.84643, 4.59374], [117.86426, 4.60608], [117.88035, 4.61246], [117.8893, 4.62168], [117.89461, 4.62246], [117.89702, 4.62799], [117.91384, 4.63113], [117.92143, 4.64128], [117.94385, 4.64583], [117.95409, 4.64586], [117.95654, 4.61122], [117.95639, 4.58897], [117.95112, 4.53241], [117.94726, 4.50181], [117.93527, 4.46966], [117.9467, 4.43633], [117.95075, 4.41236], [117.95913, 4.38869], [117.95864, 4.37605], [117.9515, 4.3658], [117.93712, 4.35095], [117.94162, 4.33792], [117.94786, 4.33068], [117.95348, 4.31948], [117.95498, 4.2982], [117.95424, 4.29639], [117.93947, 4.29921], [117.93394, 4.29802], [117.9221, 4.29204], [117.92112, 4.28973], [117.91373, 4.28549], [117.91069, 4.28716], [117.90684, 4.28615], [117.90457, 4.27472], [117.89783, 4.2757], [117.89641, 4.27364], [117.89293, 4.27437], [117.89192, 4.28303], [117.89363, 4.28293], [117.89297, 4.28705], [117.89525, 4.28645], [117.8955, 4.29075], [117.89713, 4.29111], [117.89264, 4.29334], [117.88827, 4.29258], [117.88727, 4.29511], [117.88592, 4.29461], [117.88476, 4.3077], [117.88179, 4.3062], [117.8808, 4.30232], [117.87093, 4.30175], [117.86868, 4.30368], [117.86746, 4.30001], [117.86417, 4.29881], [117.85404, 4.30217], [117.84202, 4.30111], [117.82811, 4.30762], [117.8153, 4.30559], [117.81186, 4.30971], [117.81074, 4.31451], [117.81108, 4.31792], [117.8128, 4.31937], [117.8071, 4.32144], [117.80463, 4.32459], [117.80308, 4.33506], [117.79943, 4.33403], [117.79512, 4.33016], [117.78636, 4.32773], [117.7638, 4.33277], [117.76047, 4.33458], [117.74824, 4.35276], [117.73858, 4.35524], [117.73782, 4.35866], [117.73636, 4.35857], [117.73554, 4.37469], [117.72611, 4.39125], [117.72682, 4.39378], [117.73292, 4.39484], [117.73042, 4.40293], [117.73192, 4.40443], [117.73361, 4.40339], [117.73512, 4.40901], [117.73669, 4.40738], [117.74106, 4.40856], [117.74204, 4.41117], [117.74342, 4.41038], [117.75385, 4.41718], [117.76012, 4.41314], [117.76387, 4.41299], [117.76285, 4.41369], [117.76448, 4.41513], [117.76193, 4.41519], [117.76387, 4.41643], [117.76219, 4.41666], [117.76149, 4.42098], [117.76323, 4.4206], [117.76452, 4.42274], [117.76216, 4.42386], [117.76534, 4.42587], [117.76252, 4.42709], [117.76265, 4.42857], [117.76501, 4.42998], [117.76808, 4.42918], [117.76859, 4.43039], [117.76675, 4.43157], [117.76567, 4.42999], [117.76488, 4.43192], [117.76892, 4.43671], [117.76878, 4.44165], [117.7718, 4.44193], [117.77245, 4.44354], [117.76581, 4.45545], [117.76794, 4.47217], [117.77575, 4.4794], [117.77467, 4.48144], [117.77789, 4.48197], [117.77647, 4.48515], [117.77896, 4.4852], [117.7823, 4.48259], [117.78345, 4.48555], [117.78678, 4.48581], [117.78401, 4.49119], [117.78577, 4.49251], [117.78479, 4.4936], [117.78635, 4.49667], [117.78786, 4.49572], [117.79812, 4.50715], [117.80146, 4.50681], [117.802, 4.50801], [117.79709, 4.51014], [117.79699, 4.51397], [117.7993, 4.51627], [117.79645, 4.5248], [117.80198, 4.52841], [117.8041, 4.53371], [117.80199, 4.53492], [117.80172, 4.5373], [117.7976, 4.53923], [117.79265, 4.53838], [117.79056, 4.53976], [117.78966, 4.538], [117.78681, 4.53772], [117.78258, 4.53933], [117.78252, 4.52862], [117.77026, 4.5289], [117.76772, 4.52608], [117.76629, 4.52246], [117.7676, 4.50968], [117.76374, 4.50348], [117.75293, 4.50742], [117.74367, 4.51503], [117.74088, 4.51395], [117.73666, 4.51549], [117.73261, 4.51384], [117.72936, 4.5164], [117.72372, 4.51635], [117.71943, 4.52009], [117.71949, 4.52282], [117.71321, 4.52322], [117.71042, 4.52732], [117.69893, 4.52703], [117.69705, 4.53785], [117.69955, 4.5389], [117.69982, 4.54831], [117.69826, 4.54928], [117.69159, 4.54779], [117.69085, 4.54364], [117.68931, 4.54367], [117.68882, 4.54887], [117.68521, 4.55262], [117.68283, 4.55223], [117.67752, 4.55458], [117.67686, 4.55624], [117.67751, 4.55952], [117.68228, 4.5645], [117.68943, 4.56913], [117.68647, 4.57266], [117.68958, 4.57757], [117.687, 4.57919], [117.68855, 4.58206], [117.68698, 4.59279], [117.69404, 4.5928], [117.69534, 4.59883], [117.69443, 4.60093], [117.69717, 4.60196], [117.69728, 4.60406], [117.70308, 4.60437], [117.70493, 4.60692], [117.70894, 4.60578], [117.7108, 4.60954], [117.7161, 4.61105], [117.71865, 4.61518], [117.7158, 4.6191], [117.71675, 4.62214], [117.72026, 4.6247], [117.72275, 4.62371], [117.72445, 4.62493], [117.72622, 4.62338], [117.72682, 4.62697], [117.73057, 4.62679], [117.73078, 4.62459], [117.73288, 4.63065], [117.73189, 4.63129], [117.7352, 4.63623], [117.73859, 4.64103], [117.74241, 4.64131], [117.74406, 4.64391], [117.74319, 4.65135], [117.74483, 4.65494], [117.74265, 4.66137], [117.7413, 4.65977], [117.73973, 4.66166], [117.73848, 4.65953], [117.73559, 4.65988], [117.73452, 4.65778], [117.73367, 4.66226], [117.7296, 4.66351], [117.72925, 4.66997], [117.72629, 4.67018], [117.73099, 4.67452], [117.73035, 4.67658], [117.7286, 4.67637], [117.73064, 4.68113], [117.72892, 4.68529], [117.72793, 4.68461], [117.72718, 4.68866], [117.7223, 4.69372], [117.72329, 4.69808], [117.72187, 4.70032], [117.72657, 4.70021], [117.72828, 4.70241], [117.73149, 4.70142], [117.73509, 4.70483], [117.73356, 4.70724], [117.73841, 4.712], [117.73702, 4.71314], [117.73891, 4.71563], [117.73749, 4.71669], [117.73802, 4.71823], [117.74041, 4.71822], [117.73514, 4.73156], [117.73011, 4.73111], [117.72649, 4.73377], [117.72399, 4.75407], [117.72957, 4.75379], [117.73436, 4.74811], [117.7371, 4.74896], [117.74081, 4.75817], [117.73687, 4.75658], [117.73382, 4.76509], [117.74289, 4.76171], [117.74633, 4.75965], [117.74522, 4.75856]]]]}}, {"type": "Feature", "properties": {"state": "Sabah", "seat": "N.73 Sebatik", "seat_name": "Sebatik"}, "geometry": {"type": "MultiPolygon", "coordinates": [[[[117.63743, 4.18646], [117.63505, 4.18557], [117.62852, 4.20198], [117.63666, 4.19884], [117.64462, 4.19037], [117.63743, 4.18646]]], [[[117.69105, 4.26453], [117.70143, 4.26174], [117.72978, 4.26066], [117.75402, 4.25741], [117.76503, 4.24703], [117.77551, 4.24392], [117.77911, 4.24055], [117.77941, 4.22695], [117.78383, 4.22069], [117.80086, 4.21293], [117.81464, 4.19954], [117.82513, 4.19506], [117.83154, 4.19412], [117.83484, 4.19559], [117.83936, 4.1926], [117.85616, 4.18817], [117.86229, 4.18846], [117.86353, 4.18694], [117.87614, 4.18482], [117.88092, 4.1861], [117.88519, 4.1825], [117.89011, 4.17396], [117.90065, 4.16571], [117.68815, 4.16565], [117.68384, 4.16607], [117.6808, 4.17145], [117.67243, 4.17093], [117.66708, 4.17567], [117.66577, 4.18061], [117.66014, 4.18161], [117.65315, 4.18714], [117.65306, 4.18942], [117.64761, 4.19141], [117.6376, 4.2011], [117.62708, 4.20598], [117.62561, 4.2189], [117.63167, 4.22654], [117.64387, 4.23665], [117.65893, 4.2449], [117.67279, 4.26167], [117.67952, 4.26402], [117.69105, 4.26453]]], [[[117.5136, 4.78727], [117.52277, 4.78631], [117.52555, 4.78044], [117.53063, 4.77841], [117.5388, 4.77905], [117.54984, 4.7719], [117.56355, 4.75521], [117.56249, 4.74018], [117.56478, 4.73149], [117.57281, 4.72222], [117.58283, 4.71965], [117.59214, 4.72387], [117.61222, 4.74139], [117.62192, 4.74209], [117.63693, 4.73341], [117.64797, 4.72407], [117.65651, 4.72134], [117.66253, 4.72492], [117.66672, 4.73284], [117.67848, 4.73927], [117.68897, 4.74292], [117.7004, 4.74457], [117.70686, 4.75036], [117.71076, 4.76719], [117.71805, 4.77341], [117.72539, 4.77247], [117.73529, 4.7639], [117.73687, 4.75658], [117.74092, 4.75749], [117.7371, 4.74896], [117.73436, 4.74811], [117.72957, 4.75379], [117.72399, 4.75407], [117.7241, 4.74815], [117.7266, 4.73938], [117.72649, 4.73377], [117.73011, 4.73111], [117.73514, 4.73156], [117.74041, 4.71822], [117.73802, 4.71823], [117.73749, 4.71669], [117.73891, 4.71563], [117.73702, 4.71314], [117.73841, 4.712], [117.73356, 4.70724], [117.73509, 4.70483], [117.73149, 4.70142], [117.72828, 4.70241], [117.72657, 4.70021], [117.72187, 4.70032], [117.72329, 4.69808], [117.7221, 4.6961], [117.7223, 4.69372], [117.72718, 4.68866], [117.72793, 4.68461], [117.72892, 4.68529], [117.73064, 4.68113], [117.7286, 4.67637], [117.73035, 4.67658], [117.73099, 4.67452], [117.72629, 4.67018], [117.72925, 4.66997], [117.7296, 4.66351], [117.73367, 4.66226], [117.73452, 4.65778], [117.73559, 4.65988], [117.73848, 4.65953], [117.73973, 4.66166], [117.7413, 4.65977], [117.74265, 4.66137], [117.74483, 4.65494], [117.74319, 4.65135], [117.74406, 4.64391], [117.74241, 4.64131], [117.73859, 4.64103], [117.7352, 4.63623], [117.73189, 4.63129], [117.73288, 4.63065], [117.73078, 4.62459], [117.73057, 4.62679], [117.72682, 4.62697], [117.72622, 4.62338], [117.72445, 4.62493], [117.72275, 4.62371], [117.72026, 4.6247], [117.71675, 4.62214], [117.7158, 4.6191], [117.71865, 4.61518], [117.7161, 4.61105], [117.7108, 4.60954], [117.70894, 4.60578], [117.70493, 4.60692], [117.70308, 4.60437], [117.69728, 4.60406], [117.69717, 4.60196], [117.69443, 4.60093], [117.69534, 4.59883], [117.69404, 4.5928], [117.68698, 4.59279], [117.68855, 4.58206], [117.687, 4.57919], [117.68958, 4.57757], [117.68647, 4.57266], [117.68943, 4.56913], [117.68228, 4.5645], [117.67751, 4.55952], [117.67686, 4.55624], [117.67752, 4.55458], [117.68283, 4.55223], [117.68521, 4.55262], [117.68882, 4.54887], [117.68931, 4.54367], [117.69085, 4.54364], [117.69159, 4.54779], [117.69826, 4.54928], [117.69982, 4.54831], [117.69955, 4.5389], [117.69705, 4.53785], [117.69893, 4.52703], [117.71042, 4.52732], [117.71321, 4.52322], [117.71949, 4.52282], [117.71943, 4.52009], [117.72372, 4.51635], [117.72936, 4.5164], [117.73261, 4.51384], [117.73666, 4.51549], [117.74088, 4.51395], [117.74367, 4.51503], [117.75293, 4.50742], [117.76374, 4.50348], [117.7676, 4.50968], [117.76629, 4.52246], [117.76772, 4.52608], [117.77026, 4.5289], [117.78252, 4.52862], [117.78258, 4.53933], [117.78681, 4.53772], [117.78966, 4.538], [117.79056, 4.53976], [117.79265, 4.53838], [117.7976, 4.53923], [117.80172, 4.5373], [117.80199, 4.53492], [117.8041, 4.53371], [117.80198, 4.52841], [117.79645, 4.5248], [117.7993, 4.51627], [117.79699, 4.51397], [117.79709, 4.51014], [117.802, 4.50801], [117.80146, 4.50681], [117.79812, 4.50715], [117.78786, 4.49572], [117.78635, 4.49667], [117.78479, 4.4936], [117.78577, 4.49251], [117.78401, 4.49119], [117.78678, 4.48581], [117.78345, 4.48555], [117.7823, 4.48259], [117.77896, 4.4852], [117.77647, 4.48515], [117.77789, 4.48197], [117.77467, 4.48144], [117.77575, 4.4794], [117.76794, 4.47217], [117.76581, 4.45545], [117.77245, 4.44354], [117.7718, 4.44193], [117.76878, 4.44165], [117.76892, 4.43671], [117.76488, 4.43192], [117.76567, 4.42999], [117.76675, 4.43157], [117.76859, 4.43039], [117.76808, 4.42918], [117.76501, 4.42998], [117.76265, 4.42857], [117.76252, 4.42709], [117.76534, 4.42587], [117.76216, 4.42386], [117.76452, 4.42274], [117.76323, 4.4206], [117.76149, 4.42098], [117.76219, 4.41666], [117.76387, 4.41643], [117.76193, 4.41519], [117.76448, 4.41513], [117.76285, 4.41369], [117.76387, 4.41299], [117.76012, 4.41314], [117.75385, 4.41718], [117.74342, 4.41038], [117.74204, 4.41117], [117.74106, 4.40856], [117.73669, 4.40738], [117.73512, 4.40901], [117.73361, 4.40339], [117.73192, 4.40443], [117.73042, 4.40293], [117.73292, 4.39484], [117.72682, 4.39378], [117.72611, 4.39125], [117.73554, 4.37469], [117.73636, 4.35857], [117.72476, 4.35594], [117.71954, 4.35669], [117.71417, 4.36499], [117.71438, 4.36624], [117.7162, 4.36457], [117.7174, 4.36723], [117.71588, 4.36552], [117.70989, 4.37613], [117.70908, 4.37313], [117.70708, 4.37213], [117.70273, 4.37307], [117.70381, 4.37533], [117.70173, 4.37664], [117.69789, 4.37627], [117.69082, 4.37881], [117.68073, 4.38789], [117.68158, 4.39021], [117.6763, 4.39485], [117.6735, 4.39532], [117.67568, 4.39984], [117.67887, 4.40118], [117.67849, 4.40413], [117.67231, 4.40608], [117.66805, 4.40444], [117.65952, 4.41056], [117.65386, 4.40883], [117.65593, 4.39778], [117.65095, 4.39218], [117.64947, 4.39229], [117.64814, 4.38702], [117.64556, 4.38451], [117.63653, 4.38466], [117.63171, 4.38781], [117.62892, 4.39792], [117.6262, 4.40027], [117.62228, 4.39887], [117.62055, 4.39651], [117.60843, 4.39463], [117.60792, 4.39645], [117.60575, 4.39557], [117.60625, 4.39443], [117.60295, 4.39384], [117.59756, 4.39596], [117.59301, 4.40118], [117.58995, 4.40055], [117.58818, 4.38836], [117.59062, 4.38564], [117.59822, 4.38707], [117.60151, 4.37251], [117.60653, 4.368], [117.62043, 4.36209], [117.62004, 4.36017], [117.62859, 4.34737], [117.62816, 4.33443], [117.62118, 4.30414], [117.61364, 4.29995], [117.6158, 4.29718], [117.61919, 4.29648], [117.641, 4.29618], [117.64713, 4.2922], [117.6574, 4.2811], [117.65783, 4.27584], [117.65669, 4.2747], [117.65013, 4.27812], [117.64627, 4.27428], [117.65127, 4.25807], [117.65112, 4.25238], [117.63572, 4.24498], [117.62717, 4.23872], [117.61989, 4.23033], [117.61239, 4.226], [117.60738, 4.21794], [117.60845, 4.21226], [117.6012, 4.19519], [117.61237, 4.18713], [117.6176, 4.18025], [117.622, 4.17113], [117.62283, 4.162], [117.62164, 4.15904], [117.61797, 4.15829], [117.59208, 4.17547], [117.5801, 4.17997], [117.56653, 4.17977], [117.54671, 4.16752], [117.54352, 4.16827], [117.53965, 4.17365], [117.53607, 4.17102], [117.53438, 4.16458], [117.52639, 4.16122], [117.51653, 4.16434], [117.51154, 4.16898], [117.50293, 4.1693], [117.49694, 4.17312], [117.49335, 4.17202], [117.48639, 4.1774], [117.47994, 4.17827], [117.4766, 4.17484], [117.46862, 4.17519], [117.46448, 4.17868], [117.45985, 4.17958], [117.45013, 4.19122], [117.44564, 4.19047], [117.44227, 4.1924], [117.44027, 4.19849], [117.43633, 4.20029], [117.43804, 4.2023], [117.43834, 4.2074], [117.43166, 4.21037], [117.42642, 4.21632], [117.42638, 4.21964], [117.42359, 4.22227], [117.42559, 4.2242], [117.42894, 4.22431], [117.43174, 4.22735], [117.42996, 4.22891], [117.42956, 4.23386], [117.42649, 4.23225], [117.42432, 4.23494], [117.42052, 4.23447], [117.41753, 4.23623], [117.41552, 4.23905], [117.41447, 4.24552], [117.40487, 4.25493], [117.40142, 4.2548], [117.39715, 4.25846], [117.38662, 4.2579], [117.37358, 4.27295], [117.37194, 4.27683], [117.37195, 4.28151], [117.37348, 4.28347], [117.37125, 4.2858], [117.36593, 4.28506], [117.35089, 4.29032], [117.34084, 4.29078], [117.33698, 4.29497], [117.33143, 4.29583], [117.3209, 4.30359], [117.31851, 4.30312], [117.31653, 4.30033], [117.31227, 4.30007], [117.30818, 4.30922], [117.29191, 4.31358], [117.28953, 4.31579], [117.28565, 4.32521], [117.28473, 4.33438], [117.27369, 4.34267], [117.2733, 4.34609], [117.26503, 4.35701], [117.24953, 4.36509], [117.25107, 4.37087], [117.24757, 4.37416], [117.23166, 4.36806], [117.22374, 4.36186], [117.2107, 4.36004], [117.21182, 4.35413], [117.21029, 4.34761], [117.20405, 4.33754], [117.20102, 4.3356], [117.1893, 4.33834], [117.17478, 4.33439], [117.16929, 4.33483], [117.16691, 4.33718], [117.16689, 4.34543], [117.16258, 4.34531], [117.16111, 4.34972], [117.15506, 4.35339], [117.14215, 4.35211], [117.14121, 4.34273], [117.13357, 4.34529], [117.11961, 4.33885], [117.11586, 4.3343], [117.10984, 4.33349], [117.08798, 4.33405], [117.07539, 4.3363], [117.06734, 4.33797], [117.06421, 4.34119], [117.05406, 4.34132], [117.05123, 4.34474], [117.04237, 4.34621], [117.02994, 4.33895], [117.02652, 4.32751], [117.02029, 4.31863], [117.00667, 4.32186], [117.00689, 4.32993], [117.00877, 4.3344], [117.00927, 4.34365], [117.00799, 4.34617], [117.00457, 4.34667], [116.99466, 4.34343], [116.9916, 4.34085], [116.98821, 4.34205], [116.98385, 4.3408], [116.97574, 4.34329], [116.97172, 4.33868], [116.96582, 4.33644], [116.96204, 4.3443], [116.95445, 4.34998], [116.95561, 4.35325], [116.95397, 4.35521], [116.9692, 4.36433], [116.98294, 4.37957], [117.00779, 4.37504], [117.02236, 4.38141], [117.03327, 4.39625], [117.04337, 4.40447], [117.04433, 4.41722], [117.03499, 4.42588], [117.02593, 4.4391], [117.03176, 4.44759], [117.03498, 4.44833], [117.03742, 4.4562], [117.03971, 4.45718], [117.04063, 4.45997], [117.05213, 4.46927], [117.06189, 4.49577], [117.07388, 4.50623], [117.09285, 4.53683], [117.11682, 4.53589], [117.12503, 4.54057], [117.14219, 4.54675], [117.1206, 4.56639], [117.10479, 4.56553], [117.09547, 4.56687], [117.09679, 4.56963], [117.09405, 4.57599], [117.09493, 4.57794], [117.10236, 4.57755], [117.10324, 4.58098], [117.08887, 4.58802], [117.0872, 4.58997], [117.08554, 4.60044], [117.08376, 4.60165], [117.07132, 4.59862], [117.05946, 4.59867], [117.05148, 4.60755], [117.04731, 4.61665], [117.04622, 4.62385], [117.05015, 4.63498], [117.06793, 4.64768], [117.07374, 4.65637], [117.07595, 4.68064], [117.08636, 4.70139], [117.09378, 4.70463], [117.1041, 4.70467], [117.11043, 4.70282], [117.11886, 4.69461], [117.12763, 4.69426], [117.14615, 4.70085], [117.15078, 4.7011], [117.1569, 4.6912], [117.16903, 4.69012], [117.17541, 4.67947], [117.17955, 4.67919], [117.18512, 4.68746], [117.21269, 4.68636], [117.27115, 4.71649], [117.27768, 4.72862], [117.27895, 4.72549], [117.27817, 4.71187], [117.28186, 4.70465], [117.29344, 4.70364], [117.29647, 4.69446], [117.29968, 4.69227], [117.30079, 4.68764], [117.30605, 4.68339], [117.30525, 4.67674], [117.3085, 4.67492], [117.3061, 4.67122], [117.30599, 4.66434], [117.30981, 4.66116], [117.31192, 4.6565], [117.31101, 4.65292], [117.3142, 4.64706], [117.31877, 4.64444], [117.32459, 4.63455], [117.33343, 4.63205], [117.33388, 4.62898], [117.33702, 4.62574], [117.3389, 4.62824], [117.34147, 4.62733], [117.34363, 4.62903], [117.34923, 4.62903], [117.35407, 4.62341], [117.35994, 4.62356], [117.36427, 4.62011], [117.36735, 4.62165], [117.37146, 4.61696], [117.37659, 4.61872], [117.39243, 4.61006], [117.39779, 4.61021], [117.4005, 4.61212], [117.40175, 4.61542], [117.40931, 4.61234], [117.4198, 4.61234], [117.43248, 4.61938], [117.44283, 4.61373], [117.45024, 4.62195], [117.44708, 4.62811], [117.45126, 4.64058], [117.44856, 4.66308], [117.45443, 4.67038], [117.45914, 4.67264], [117.46002, 4.6745], [117.45807, 4.68047], [117.46071, 4.68536], [117.46364, 4.68585], [117.47158, 4.70316], [117.47657, 4.7074], [117.4765, 4.71195], [117.4813, 4.71657], [117.48518, 4.71509], [117.48689, 4.71601], [117.4863, 4.74349], [117.47444, 4.7702], [117.46727, 4.77836], [117.46751, 4.7851], [117.48345, 4.78453], [117.49981, 4.78095], [117.5136, 4.78727]]]]}}], "_provenance": {"source": "https://github.com/atifmustaffa/malaysia-geojson (malaysia.dun.geojson)", "licence": "MIT (c) 2026 Atif Mustaffa — see LICENSE in this directory", "downloaded": "2026-08-29", "simplification": "none (original coordinates)", "modified_by": "HitungKerusi 222 research pipeline (seat-name normalisation, per-state split)"}}