{"type": "FeatureCollection", "features": [{"type": "Feature", "properties": {"state": "Pahang", "seat": "N.01 Tanah Rata", "seat_name": "Tanah Rata"}, "geometry": {"type": "MultiPolygon", "coordinates": [[[[101.40173, 4.61795], [101.40822, 4.61375], [101.41215, 4.6146], [101.41462, 4.6106], [101.41974, 4.60808], [101.42598, 4.6069], [101.43188, 4.59539], [101.43576, 4.5949], [101.43952, 4.59001], [101.44428, 4.58784], [101.44613, 4.57809], [101.44769, 4.57649], [101.45877, 4.57413], [101.46537, 4.57742], [101.46946, 4.57326], [101.47667, 4.57534], [101.47587, 4.58275], [101.47823, 4.58751], [101.47706, 4.5891], [101.47889, 4.59275], [101.47792, 4.59523], [101.48022, 4.59724], [101.48088, 4.60112], [101.48451, 4.60281], [101.48948, 4.59936], [101.49234, 4.60171], [101.49529, 4.60191], [101.4966, 4.60602], [101.50143, 4.61047], [101.50099, 4.61444], [101.50707, 4.60783], [101.51188, 4.60889], [101.5166, 4.60782], [101.51854, 4.61303], [101.52202, 4.61338], [101.52392, 4.60711], [101.53273, 4.60548], [101.53563, 4.60088], [101.54372, 4.59448], [101.54515, 4.58641], [101.55166, 4.57556], [101.55747, 4.57656], [101.55976, 4.57852], [101.56843, 4.57798], [101.57587, 4.57052], [101.5759, 4.56779], [101.57883, 4.5642], [101.58557, 4.56313], [101.5852, 4.55785], [101.58973, 4.55266], [101.58662, 4.54756], [101.58642, 4.54341], [101.5909, 4.53384], [101.59114, 4.5249], [101.58197, 4.50167], [101.5822, 4.4957], [101.58869, 4.47939], [101.58899, 4.47414], [101.59296, 4.47089], [101.58802, 4.46803], [101.59154, 4.46476], [101.58774, 4.46039], [101.58786, 4.45538], [101.58871, 4.45432], [101.59114, 4.45614], [101.59485, 4.45583], [101.59462, 4.45291], [101.59718, 4.45025], [101.60195, 4.44867], [101.60249, 4.44697], [101.60059, 4.4427], [101.60122, 4.43747], [101.59939, 4.43539], [101.59972, 4.42988], [101.60348, 4.42423], [101.60619, 4.40684], [101.6006, 4.40196], [101.59009, 4.38681], [101.5854, 4.36886], [101.58574, 4.36519], [101.58876, 4.36195], [101.58909, 4.35936], [101.58673, 4.35482], [101.58092, 4.35513], [101.57531, 4.359], [101.56519, 4.36211], [101.5596, 4.35723], [101.55274, 4.34749], [101.53861, 4.3414], [101.51991, 4.33032], [101.49988, 4.33179], [101.48837, 4.32114], [101.48061, 4.32679], [101.47738, 4.32735], [101.47245, 4.32669], [101.46278, 4.32164], [101.45656, 4.32372], [101.44442, 4.32462], [101.44373, 4.32842], [101.43996, 4.333], [101.42235, 4.34696], [101.42432, 4.35055], [101.42898, 4.35273], [101.43265, 4.3573], [101.43591, 4.37095], [101.43977, 4.37378], [101.44119, 4.37898], [101.43469, 4.38624], [101.43302, 4.39128], [101.42472, 4.3954], [101.41825, 4.39551], [101.4158, 4.39328], [101.40847, 4.39268], [101.40638, 4.39748], [101.40115, 4.40272], [101.40075, 4.40572], [101.39728, 4.4029], [101.39196, 4.41025], [101.38782, 4.40956], [101.38721, 4.40809], [101.37912, 4.40906], [101.37342, 4.40626], [101.37069, 4.40654], [101.36764, 4.40369], [101.36637, 4.39883], [101.36455, 4.39765], [101.36055, 4.39836], [101.35758, 4.39652], [101.35437, 4.40446], [101.35585, 4.40609], [101.35562, 4.40906], [101.34774, 4.41249], [101.34775, 4.4158], [101.3534, 4.42109], [101.35146, 4.42372], [101.3529, 4.42803], [101.3412, 4.43502], [101.33743, 4.43259], [101.33095, 4.43204], [101.33389, 4.43638], [101.33264, 4.44623], [101.33453, 4.44749], [101.33677, 4.44499], [101.33677, 4.4474], [101.34102, 4.45262], [101.34435, 4.4508], [101.3448, 4.45303], [101.34727, 4.45243], [101.35003, 4.45697], [101.35799, 4.46158], [101.35878, 4.47646], [101.36835, 4.48619], [101.36454, 4.48852], [101.35915, 4.49579], [101.36359, 4.4985], [101.37552, 4.49724], [101.38034, 4.50076], [101.38077, 4.5043], [101.38573, 4.50462], [101.38728, 4.5064], [101.38689, 4.50974], [101.38276, 4.5162], [101.3821, 4.52419], [101.37358, 4.52913], [101.3645, 4.52955], [101.3584, 4.54104], [101.35848, 4.54573], [101.35459, 4.54906], [101.35326, 4.55438], [101.35512, 4.55668], [101.35443, 4.55976], [101.35679, 4.56812], [101.35525, 4.56878], [101.35518, 4.57555], [101.35308, 4.57958], [101.35326, 4.5865], [101.34897, 4.59184], [101.35532, 4.59408], [101.35858, 4.59865], [101.36567, 4.6023], [101.36667, 4.6034], [101.36392, 4.60573], [101.36464, 4.60711], [101.36796, 4.60878], [101.3727, 4.60822], [101.37371, 4.6138], [101.37615, 4.6146], [101.38423, 4.61081], [101.38466, 4.60924], [101.38663, 4.61115], [101.39696, 4.61418], [101.40031, 4.61852], [101.40173, 4.61795]]]]}}, {"type": "Feature", "properties": {"state": "Pahang", "seat": "N.02 Jelai", "seat_name": "Jelai"}, "geometry": {"type": "MultiPolygon", "coordinates": [[[[101.79765, 4.76262], [101.80765, 4.76155], [101.81315, 4.75123], [101.81439, 4.74528], [101.81195, 4.72768], [101.81513, 4.72108], [101.82265, 4.71704], [101.82928, 4.72216], [101.83359, 4.72357], [101.83615, 4.72169], [101.83617, 4.71402], [101.8394, 4.70764], [101.83826, 4.70092], [101.84224, 4.68748], [101.84608, 4.6859], [101.85399, 4.69523], [101.85691, 4.69395], [101.861, 4.68199], [101.86578, 4.67931], [101.87768, 4.67892], [101.88594, 4.67549], [101.88872, 4.67225], [101.88777, 4.66598], [101.89152, 4.66316], [101.89439, 4.66303], [101.89463, 4.66136], [101.8908, 4.65468], [101.89326, 4.65184], [101.89288, 4.64872], [101.88885, 4.64364], [101.89016, 4.64125], [101.8898, 4.63414], [101.89385, 4.62886], [101.8943, 4.61695], [101.90082, 4.60922], [101.90681, 4.60891], [101.90887, 4.61072], [101.91115, 4.60956], [101.90695, 4.60393], [101.90715, 4.59713], [101.89829, 4.59299], [101.89706, 4.58929], [101.88832, 4.58128], [101.88686, 4.57503], [101.88101, 4.57097], [101.87867, 4.55332], [101.87648, 4.55019], [101.87044, 4.54797], [101.86825, 4.54539], [101.86865, 4.52903], [101.86701, 4.52829], [101.86958, 4.52536], [101.86923, 4.51966], [101.87381, 4.51508], [101.87328, 4.50791], [101.86559, 4.50954], [101.86357, 4.50862], [101.8623, 4.50586], [101.86451, 4.49741], [101.85097, 4.49297], [101.84846, 4.4698], [101.84553, 4.46906], [101.84321, 4.45934], [101.83883, 4.45198], [101.83982, 4.44757], [101.84886, 4.4422], [101.85035, 4.43289], [101.84816, 4.43044], [101.83937, 4.4314], [101.83571, 4.42894], [101.83671, 4.41987], [101.83988, 4.41816], [101.84087, 4.41375], [101.84405, 4.41254], [101.84749, 4.40397], [101.85605, 4.39811], [101.8573, 4.38242], [101.8556, 4.37801], [101.8649, 4.3719], [101.86809, 4.36027], [101.86597, 4.34972], [101.86691, 4.3441], [101.8594, 4.34135], [101.86081, 4.33269], [101.86319, 4.32661], [101.87025, 4.31888], [101.90293, 4.31603], [101.91796, 4.31191], [101.92226, 4.3127], [101.95186, 4.30002], [101.9545, 4.29301], [101.94211, 4.27357], [101.94278, 4.25933], [101.94429, 4.2569], [101.93902, 4.25163], [101.93765, 4.24726], [101.93623, 4.24775], [101.92669, 4.22742], [101.93546, 4.22405], [101.93634, 4.22607], [101.93403, 4.22887], [101.93864, 4.23188], [101.94847, 4.22841], [101.94987, 4.22579], [101.94888, 4.22304], [101.94683, 4.22522], [101.94268, 4.22323], [101.93507, 4.21294], [101.93544, 4.21079], [101.93241, 4.21039], [101.934, 4.2057], [101.93221, 4.20441], [101.93442, 4.20249], [101.93874, 4.20213], [101.94333, 4.19715], [101.94607, 4.18687], [101.94569, 4.18275], [101.94137, 4.17867], [101.94322, 4.16947], [101.94219, 4.166], [101.93516, 4.15775], [101.93137, 4.14892], [101.92929, 4.14788], [101.92768, 4.14195], [101.92875, 4.13256], [101.92702, 4.13023], [101.92853, 4.12397], [101.91754, 4.1133], [101.91398, 4.10475], [101.91434, 4.10168], [101.90306, 4.09715], [101.90655, 4.09408], [101.90529, 4.09116], [101.90168, 4.08992], [101.90077, 4.08224], [101.89834, 4.0825], [101.89681, 4.08057], [101.89804, 4.07907], [101.89545, 4.07246], [101.89089, 4.07016], [101.88792, 4.07677], [101.88437, 4.0765], [101.88131, 4.07399], [101.87722, 4.07496], [101.87854, 4.06655], [101.87514, 4.06611], [101.86765, 4.06154], [101.86229, 4.05584], [101.85866, 4.05028], [101.85566, 4.0379], [101.85153, 4.02934], [101.84742, 4.02641], [101.84184, 4.02882], [101.82885, 4.02892], [101.82088, 4.03534], [101.81892, 4.0334], [101.81139, 4.03352], [101.80783, 4.08657], [101.79472, 4.08723], [101.78121, 4.08453], [101.77524, 4.0872], [101.7712, 4.08691], [101.76754, 4.0986], [101.75583, 4.10489], [101.75057, 4.11534], [101.7409, 4.11456], [101.73886, 4.11653], [101.73531, 4.11347], [101.74166, 4.09934], [101.73445, 4.09678], [101.7276, 4.09152], [101.71483, 4.09054], [101.71366, 4.08579], [101.70801, 4.07937], [101.70575, 4.07195], [101.70171, 4.06833], [101.68969, 4.06687], [101.68251, 4.07391], [101.67362, 4.07341], [101.6709, 4.07191], [101.66799, 4.07383], [101.65873, 4.07549], [101.64438, 4.08201], [101.63844, 4.08309], [101.63465, 4.08799], [101.62957, 4.09064], [101.62689, 4.08883], [101.62535, 4.08434], [101.62294, 4.08892], [101.62122, 4.08572], [101.61743, 4.08482], [101.61401, 4.07958], [101.60833, 4.08005], [101.5969, 4.075], [101.5888, 4.07903], [101.58227, 4.07314], [101.57841, 4.07874], [101.57894, 4.08464], [101.57542, 4.09368], [101.56805, 4.09565], [101.56783, 4.09773], [101.56072, 4.10154], [101.55909, 4.10576], [101.56046, 4.10881], [101.55236, 4.11346], [101.54143, 4.11705], [101.53982, 4.12195], [101.5362, 4.12263], [101.53359, 4.12637], [101.52786, 4.12511], [101.51875, 4.11779], [101.51443, 4.11881], [101.51258, 4.12617], [101.50606, 4.13186], [101.50588, 4.14063], [101.50299, 4.14447], [101.50396, 4.15099], [101.49795, 4.15427], [101.49624, 4.16076], [101.49908, 4.16531], [101.49701, 4.17053], [101.49996, 4.17618], [101.49788, 4.18439], [101.50049, 4.18864], [101.50511, 4.18915], [101.50767, 4.19858], [101.51057, 4.19941], [101.51071, 4.20453], [101.50927, 4.20729], [101.49792, 4.20637], [101.49271, 4.20854], [101.49222, 4.21102], [101.48996, 4.20945], [101.48486, 4.21129], [101.47884, 4.21077], [101.47073, 4.21594], [101.4646, 4.21421], [101.45819, 4.22037], [101.45411, 4.22215], [101.45208, 4.22602], [101.4528, 4.24211], [101.46422, 4.24941], [101.46544, 4.25568], [101.46407, 4.25781], [101.45791, 4.26039], [101.4531, 4.26687], [101.44742, 4.26997], [101.44398, 4.27669], [101.44661, 4.28284], [101.44713, 4.29218], [101.45081, 4.30109], [101.44778, 4.30727], [101.44934, 4.31234], [101.44537, 4.3183], [101.44442, 4.32462], [101.45656, 4.32372], [101.46278, 4.32164], [101.47245, 4.32669], [101.47738, 4.32735], [101.48061, 4.32679], [101.48837, 4.32114], [101.49988, 4.33179], [101.51991, 4.33032], [101.53861, 4.3414], [101.55274, 4.34749], [101.5596, 4.35723], [101.56519, 4.36211], [101.57531, 4.359], [101.58092, 4.35513], [101.58673, 4.35482], [101.58845, 4.35634], [101.58876, 4.36195], [101.58574, 4.36519], [101.5854, 4.36886], [101.58806, 4.38108], [101.5918, 4.39092], [101.59546, 4.3932], [101.6006, 4.40196], [101.60619, 4.40684], [101.60348, 4.42423], [101.59972, 4.42988], [101.59939, 4.43539], [101.60122, 4.43747], [101.60059, 4.4427], [101.60249, 4.44697], [101.60195, 4.44867], [101.59718, 4.45025], [101.59462, 4.45291], [101.59485, 4.45583], [101.59114, 4.45614], [101.58871, 4.45432], [101.58786, 4.45538], [101.58774, 4.46039], [101.59154, 4.46476], [101.58802, 4.46803], [101.59296, 4.47089], [101.58899, 4.47414], [101.58869, 4.47939], [101.5822, 4.4957], [101.58197, 4.50167], [101.59114, 4.5249], [101.5909, 4.53384], [101.58642, 4.54341], [101.58725, 4.54926], [101.59165, 4.5531], [101.59381, 4.55905], [101.59952, 4.56095], [101.60492, 4.55883], [101.60747, 4.56141], [101.61325, 4.56111], [101.61351, 4.55811], [101.61647, 4.55524], [101.61687, 4.5491], [101.6222, 4.54694], [101.62494, 4.5471], [101.63609, 4.55808], [101.6494, 4.55631], [101.65452, 4.55849], [101.66059, 4.56244], [101.66658, 4.5696], [101.66884, 4.58366], [101.67379, 4.59495], [101.67859, 4.5941], [101.69067, 4.60047], [101.69989, 4.60132], [101.71143, 4.60481], [101.71339, 4.609], [101.71813, 4.60631], [101.72069, 4.60955], [101.72538, 4.60957], [101.72737, 4.6114], [101.72478, 4.61555], [101.72601, 4.62198], [101.73214, 4.62338], [101.73453, 4.62155], [101.73463, 4.6185], [101.7429, 4.61205], [101.74669, 4.61306], [101.75187, 4.61013], [101.75476, 4.61115], [101.75402, 4.61655], [101.75595, 4.61908], [101.75352, 4.62039], [101.75386, 4.6225], [101.75715, 4.62311], [101.75725, 4.62495], [101.75901, 4.62546], [101.76205, 4.62506], [101.76475, 4.62234], [101.76795, 4.63509], [101.76862, 4.65386], [101.77434, 4.66113], [101.77529, 4.67219], [101.76999, 4.67635], [101.77108, 4.69307], [101.76766, 4.70227], [101.76793, 4.70903], [101.76623, 4.71203], [101.76763, 4.71931], [101.76619, 4.72347], [101.76654, 4.73927], [101.76919, 4.75278], [101.77304, 4.75974], [101.77685, 4.76059], [101.78773, 4.75863], [101.79001, 4.76303], [101.79252, 4.76445], [101.79765, 4.76262]]]]}}, {"type": "Feature", "properties": {"state": "Pahang", "seat": "N.03 Padang Tengku", "seat_name": "Padang Tengku"}, "geometry": {"type": "MultiPolygon", "coordinates": [[[[101.97162, 4.74639], [101.98376, 4.74694], [101.9837, 4.74998], [101.9872, 4.75231], [101.98538, 4.75817], [101.98651, 4.76117], [101.98902, 4.75947], [101.99198, 4.76162], [101.99455, 4.76009], [102.00034, 4.7634], [102.00127, 4.75547], [102.01209, 4.7404], [102.01423, 4.73349], [102.01979, 4.7325], [102.023, 4.73698], [102.02321, 4.74233], [102.02769, 4.74234], [102.04028, 4.72718], [102.04324, 4.72898], [102.04577, 4.73802], [102.05059, 4.74468], [102.05387, 4.74405], [102.05622, 4.74051], [102.07384, 4.74987], [102.07925, 4.74622], [102.08715, 4.7535], [102.09252, 4.75451], [102.09548, 4.75949], [102.09986, 4.75787], [102.10851, 4.76105], [102.11646, 4.76147], [102.11937, 4.75635], [102.12039, 4.74951], [102.12779, 4.73583], [102.12719, 4.72485], [102.12499, 4.72176], [102.12943, 4.71648], [102.13193, 4.70902], [102.14683, 4.70028], [102.15998, 4.68577], [102.1642, 4.68364], [102.16776, 4.67622], [102.16623, 4.66512], [102.16794, 4.66184], [102.17903, 4.65547], [102.19721, 4.6372], [102.21287, 4.62976], [102.21609, 4.62981], [102.22013, 4.63333], [102.22494, 4.63403], [102.21464, 4.60558], [102.2133, 4.59028], [102.22431, 4.56187], [102.23366, 4.55445], [102.24463, 4.537], [102.24874, 4.53281], [102.25341, 4.53144], [102.2601, 4.52346], [102.25963, 4.5189], [102.25352, 4.51421], [102.24728, 4.49409], [102.24713, 4.48658], [102.24401, 4.48145], [102.24434, 4.47241], [102.23873, 4.46449], [102.24267, 4.46256], [102.23971, 4.45577], [102.25671, 4.43986], [102.2576, 4.43623], [102.256, 4.43017], [102.24402, 4.43273], [102.2334, 4.42924], [102.2331, 4.42016], [102.23061, 4.41894], [102.2232, 4.42095], [102.21685, 4.41859], [102.21517, 4.4156], [102.21542, 4.41181], [102.22035, 4.39721], [102.21963, 4.39494], [102.21256, 4.39198], [102.21088, 4.38883], [102.21058, 4.37769], [102.21348, 4.37221], [102.22065, 4.3656], [102.22276, 4.35668], [102.21627, 4.34488], [102.21661, 4.33237], [102.21764, 4.33054], [102.22604, 4.33282], [102.23281, 4.33107], [102.23257, 4.3283], [102.23056, 4.32691], [102.23032, 4.32049], [102.23421, 4.31937], [102.23522, 4.31585], [102.22884, 4.3098], [102.22885, 4.30237], [102.23489, 4.29357], [102.23664, 4.29509], [102.23902, 4.29371], [102.23878, 4.2888], [102.24244, 4.27904], [102.24877, 4.25026], [102.25958, 4.22076], [102.26311, 4.21347], [102.27027, 4.20455], [102.26815, 4.19825], [102.27054, 4.19398], [102.26943, 4.18391], [102.26517, 4.18214], [102.25754, 4.1708], [102.25305, 4.1584], [102.24946, 4.1336], [102.25238, 4.11801], [102.2649, 4.11668], [102.25518, 4.11331], [102.24882, 4.11727], [102.24366, 4.12472], [102.23914, 4.1248], [102.23621, 4.12295], [102.23585, 4.12491], [102.23463, 4.1232], [102.2272, 4.12509], [102.22233, 4.13457], [102.22488, 4.13757], [102.22761, 4.14748], [102.22663, 4.15064], [102.22426, 4.15439], [102.21038, 4.16223], [102.19799, 4.17322], [102.19075, 4.1849], [102.18564, 4.1965], [102.18411, 4.20397], [102.17627, 4.21082], [102.16746, 4.21214], [102.149, 4.22146], [102.1466, 4.21568], [102.14606, 4.21744], [102.14399, 4.21732], [102.14638, 4.22238], [102.14441, 4.2288], [102.14292, 4.23102], [102.14167, 4.2297], [102.14015, 4.232], [102.13737, 4.23202], [102.13572, 4.2347], [102.13401, 4.2349], [102.13247, 4.23176], [102.12966, 4.23213], [102.12877, 4.23084], [102.12635, 4.23552], [102.12308, 4.23628], [102.12076, 4.23359], [102.11914, 4.22578], [102.10053, 4.23242], [102.08729, 4.24181], [102.07392, 4.24691], [102.06981, 4.25106], [102.04372, 4.25042], [102.04123, 4.24248], [102.03329, 4.23762], [102.03244, 4.23525], [102.03388, 4.22972], [102.03976, 4.22257], [102.04207, 4.22276], [102.04371, 4.22052], [102.04017, 4.21578], [102.0383, 4.20787], [102.0317, 4.20814], [102.03279, 4.20341], [102.04344, 4.20267], [102.04518, 4.20427], [102.051, 4.19725], [102.0447, 4.19322], [102.04065, 4.19581], [102.04021, 4.18863], [102.03168, 4.18321], [102.03141, 4.18115], [102.03487, 4.17572], [102.03263, 4.17355], [102.03397, 4.17], [102.03619, 4.17073], [102.03771, 4.16911], [102.03401, 4.16772], [102.03318, 4.16294], [102.02542, 4.16396], [102.02358, 4.16169], [102.02326, 4.16418], [102.0173, 4.16013], [102.01511, 4.16107], [102.01486, 4.15936], [102.01065, 4.16097], [102.0025, 4.16087], [101.99946, 4.15891], [101.97969, 4.16178], [101.97549, 4.1602], [101.95426, 4.17032], [101.94909, 4.16819], [101.94322, 4.16947], [101.94137, 4.17867], [101.94569, 4.18275], [101.94607, 4.18687], [101.94333, 4.19715], [101.93874, 4.20213], [101.93442, 4.20249], [101.93221, 4.20441], [101.934, 4.2057], [101.93238, 4.21024], [101.93544, 4.21079], [101.93507, 4.21294], [101.94268, 4.22323], [101.94683, 4.22522], [101.94888, 4.22304], [101.94985, 4.2263], [101.94847, 4.22841], [101.93864, 4.23188], [101.93403, 4.22887], [101.93634, 4.22607], [101.93546, 4.22405], [101.92669, 4.22742], [101.93623, 4.24775], [101.93765, 4.24726], [101.93902, 4.25163], [101.94429, 4.2569], [101.94278, 4.25933], [101.94161, 4.27159], [101.9545, 4.29301], [101.95186, 4.30002], [101.92226, 4.3127], [101.91796, 4.31191], [101.90293, 4.31603], [101.87025, 4.31888], [101.86319, 4.32661], [101.85905, 4.33846], [101.8594, 4.34135], [101.86691, 4.3441], [101.86597, 4.34972], [101.86809, 4.36027], [101.8649, 4.3719], [101.8556, 4.37801], [101.8573, 4.38242], [101.85605, 4.39811], [101.84749, 4.40397], [101.84405, 4.41254], [101.84087, 4.41375], [101.83988, 4.41816], [101.83671, 4.41987], [101.83571, 4.42894], [101.83937, 4.4314], [101.84816, 4.43044], [101.85035, 4.43289], [101.84886, 4.4422], [101.83982, 4.44757], [101.83883, 4.45198], [101.84321, 4.45934], [101.84553, 4.46906], [101.84846, 4.4698], [101.85097, 4.49297], [101.86451, 4.49741], [101.8623, 4.50586], [101.86357, 4.50862], [101.86559, 4.50954], [101.87328, 4.50791], [101.87381, 4.51508], [101.86923, 4.51966], [101.86958, 4.52536], [101.86701, 4.52829], [101.86865, 4.52903], [101.86825, 4.54539], [101.87044, 4.54797], [101.87648, 4.55019], [101.87867, 4.55332], [101.88101, 4.57097], [101.88686, 4.57503], [101.88832, 4.58128], [101.89706, 4.58929], [101.89829, 4.59299], [101.90715, 4.59713], [101.90695, 4.60393], [101.91346, 4.61393], [101.91299, 4.62349], [101.91613, 4.63405], [101.92248, 4.64078], [101.92493, 4.64677], [101.92446, 4.65122], [101.92745, 4.65663], [101.93819, 4.65896], [101.94237, 4.67706], [101.94159, 4.68049], [101.94309, 4.68566], [101.94703, 4.69078], [101.95315, 4.71436], [101.95209, 4.7287], [101.94474, 4.7324], [101.9454, 4.74004], [101.94327, 4.75612], [101.94492, 4.75928], [101.95068, 4.76163], [101.95431, 4.7651], [101.95717, 4.76487], [101.96134, 4.76012], [101.96227, 4.7532], [101.97162, 4.74639]]]]}}, {"type": "Feature", "properties": {"state": "Pahang", "seat": "N.04 Cheka", "seat_name": "Cheka"}, "geometry": {"type": "MultiPolygon", "coordinates": [[[[102.0687, 4.25106], [102.0793, 4.24417], [102.08174, 4.24457], [102.08729, 4.24181], [102.10053, 4.23242], [102.11914, 4.22578], [102.12076, 4.23359], [102.12308, 4.23628], [102.12635, 4.23552], [102.12877, 4.23084], [102.12966, 4.23213], [102.13247, 4.23176], [102.13401, 4.2349], [102.13572, 4.2347], [102.13737, 4.23202], [102.14015, 4.232], [102.14167, 4.2297], [102.14292, 4.23102], [102.14441, 4.2288], [102.14638, 4.22238], [102.14399, 4.21732], [102.14606, 4.21744], [102.1466, 4.21568], [102.149, 4.22146], [102.16746, 4.21214], [102.17627, 4.21082], [102.18411, 4.20397], [102.18564, 4.1965], [102.19075, 4.1849], [102.19799, 4.17322], [102.21038, 4.16223], [102.22426, 4.15439], [102.22663, 4.15064], [102.22761, 4.14748], [102.22488, 4.13757], [102.22233, 4.13457], [102.2272, 4.12509], [102.23463, 4.1232], [102.23585, 4.12491], [102.23621, 4.12295], [102.23914, 4.1248], [102.24366, 4.12472], [102.24882, 4.11727], [102.25518, 4.11331], [102.2649, 4.11668], [102.28249, 4.12746], [102.28683, 4.12771], [102.29379, 4.12307], [102.29438, 4.11443], [102.29826, 4.10669], [102.30916, 4.09877], [102.31096, 4.09561], [102.31257, 4.08953], [102.30881, 4.08192], [102.30562, 4.07995], [102.30868, 4.07399], [102.30576, 4.07048], [102.30038, 4.06944], [102.29706, 4.07101], [102.29107, 4.05765], [102.28924, 4.05859], [102.28116, 4.05185], [102.2789, 4.05816], [102.27267, 4.06253], [102.27014, 4.0615], [102.2667, 4.0638], [102.26324, 4.06102], [102.25795, 4.06117], [102.25431, 4.05726], [102.25447, 4.0502], [102.25091, 4.04625], [102.24752, 4.05346], [102.23955, 4.05882], [102.23645, 4.05428], [102.23509, 4.04678], [102.23276, 4.04588], [102.23413, 4.04403], [102.23093, 4.03872], [102.22778, 4.0375], [102.22717, 4.04031], [102.22373, 4.03905], [102.22079, 4.04139], [102.21714, 4.04174], [102.2158, 4.03944], [102.21084, 4.04165], [102.20509, 4.03323], [102.19974, 4.0326], [102.19452, 4.03689], [102.19426, 4.02994], [102.19065, 4.02931], [102.18741, 4.03228], [102.18446, 4.03113], [102.18224, 4.0265], [102.18001, 4.02598], [102.17928, 4.02895], [102.17215, 4.02797], [102.1692, 4.03054], [102.16765, 4.03574], [102.16985, 4.03854], [102.16704, 4.04064], [102.1639, 4.04072], [102.16143, 4.03627], [102.15669, 4.03721], [102.15615, 4.0406], [102.15287, 4.04291], [102.1539, 4.04924], [102.1485, 4.05719], [102.14713, 4.06523], [102.13749, 4.06445], [102.12058, 4.07262], [102.11564, 4.0817], [102.11862, 4.08476], [102.12261, 4.09708], [102.11904, 4.09266], [102.11284, 4.0905], [102.10737, 4.09602], [102.10066, 4.09696], [102.09884, 4.09639], [102.09963, 4.09288], [102.09742, 4.08964], [102.09498, 4.08913], [102.09191, 4.09262], [102.08479, 4.09222], [102.08247, 4.09742], [102.07881, 4.09536], [102.07522, 4.09954], [102.07462, 4.09834], [102.06972, 4.09867], [102.06858, 4.10028], [102.06644, 4.09938], [102.0644, 4.10055], [102.06428, 4.10187], [102.06254, 4.09758], [102.06105, 4.09903], [102.05981, 4.09756], [102.06113, 4.09413], [102.05642, 4.09328], [102.05589, 4.0948], [102.05411, 4.09148], [102.0482, 4.094], [102.04598, 4.0914], [102.03968, 4.09251], [102.03472, 4.08943], [102.03536, 4.08781], [102.03328, 4.08777], [102.02797, 4.09563], [102.02819, 4.10329], [102.03142, 4.11497], [102.02046, 4.11653], [102.01672, 4.11472], [102.01194, 4.11633], [102.00709, 4.11256], [102.00094, 4.11201], [102.00271, 4.1079], [101.99862, 4.1045], [101.99425, 4.10853], [101.99435, 4.11195], [101.98494, 4.11439], [101.97939, 4.1228], [101.96184, 4.11331], [101.95515, 4.11125], [101.94745, 4.1126], [101.94045, 4.11892], [101.92861, 4.12487], [101.92702, 4.13023], [101.92875, 4.13256], [101.92768, 4.14195], [101.92929, 4.14788], [101.93425, 4.15369], [101.93516, 4.15775], [101.94035, 4.1624], [101.94322, 4.16947], [101.94909, 4.16819], [101.95426, 4.17032], [101.97549, 4.1602], [101.97969, 4.16178], [101.99946, 4.15891], [102.0025, 4.16087], [102.01065, 4.16097], [102.01486, 4.15936], [102.01511, 4.16107], [102.0173, 4.16013], [102.02326, 4.16418], [102.02358, 4.16169], [102.02542, 4.16396], [102.03318, 4.16294], [102.03401, 4.16772], [102.03771, 4.16911], [102.03619, 4.17073], [102.03397, 4.17], [102.03263, 4.17355], [102.03487, 4.17572], [102.03141, 4.18115], [102.03168, 4.18321], [102.04021, 4.18863], [102.04065, 4.19581], [102.0447, 4.19322], [102.051, 4.19725], [102.04518, 4.20427], [102.04344, 4.20267], [102.03279, 4.20341], [102.0317, 4.20814], [102.0383, 4.20787], [102.04017, 4.21578], [102.04371, 4.22052], [102.04207, 4.22276], [102.03976, 4.22257], [102.03388, 4.22972], [102.03244, 4.23525], [102.03329, 4.23762], [102.04123, 4.24248], [102.04372, 4.25042], [102.0687, 4.25106]]]]}}, {"type": "Feature", "properties": {"state": "Pahang", "seat": "N.05 Benta", "seat_name": "Benta"}, "geometry": {"type": "MultiPolygon", "coordinates": [[[[101.92861, 4.12487], [101.94045, 4.11892], [101.94745, 4.1126], [101.95515, 4.11125], [101.96184, 4.11331], [101.97939, 4.1228], [101.98494, 4.11439], [101.99435, 4.11195], [101.99425, 4.10853], [101.99862, 4.1045], [102.00271, 4.1079], [102.00094, 4.11201], [102.00709, 4.11256], [102.01194, 4.11633], [102.01672, 4.11472], [102.02046, 4.11653], [102.03142, 4.11497], [102.02819, 4.10329], [102.02797, 4.09563], [102.03328, 4.08777], [102.03536, 4.08781], [102.03472, 4.08943], [102.03968, 4.09251], [102.04598, 4.0914], [102.0482, 4.094], [102.05411, 4.09148], [102.05589, 4.0948], [102.05642, 4.09328], [102.06113, 4.09413], [102.05981, 4.09756], [102.06105, 4.09903], [102.06254, 4.09758], [102.06428, 4.10187], [102.0644, 4.10055], [102.06644, 4.09938], [102.06858, 4.10028], [102.06972, 4.09867], [102.07462, 4.09834], [102.07522, 4.09954], [102.07881, 4.09536], [102.08247, 4.09742], [102.08479, 4.09222], [102.09191, 4.09262], [102.09498, 4.08913], [102.09742, 4.08964], [102.09963, 4.09288], [102.09884, 4.09639], [102.10066, 4.09696], [102.10737, 4.09602], [102.11284, 4.0905], [102.11904, 4.09266], [102.12261, 4.09708], [102.11862, 4.08476], [102.11564, 4.0817], [102.11685, 4.07749], [102.12137, 4.07172], [102.12727, 4.06993], [102.13061, 4.06694], [102.13749, 4.06445], [102.14713, 4.06523], [102.1485, 4.05719], [102.1539, 4.04924], [102.15287, 4.04291], [102.15615, 4.0406], [102.15669, 4.03721], [102.16143, 4.03627], [102.16513, 4.04128], [102.16985, 4.03854], [102.16763, 4.03509], [102.16976, 4.03005], [102.16932, 4.0193], [102.163, 4.01926], [102.16196, 4.01662], [102.15711, 4.01361], [102.15687, 4.01101], [102.15014, 4.00918], [102.14799, 4.01084], [102.14598, 4.00759], [102.13842, 4.00331], [102.13159, 4.00218], [102.12654, 4.00365], [102.12646, 4.00052], [102.11956, 4.00054], [102.11948, 3.99877], [102.11765, 3.99901], [102.11907, 3.99567], [102.11406, 3.99302], [102.11453, 3.98966], [102.10982, 3.9818], [102.10533, 3.97979], [102.10256, 3.98054], [102.09861, 3.97648], [102.09103, 3.97688], [102.08828, 3.97384], [102.07963, 3.97146], [102.07492, 3.97121], [102.07198, 3.97363], [102.06881, 3.97321], [102.06768, 3.97505], [102.06289, 3.973], [102.05551, 3.97762], [102.05359, 3.9731], [102.05168, 3.97227], [102.04249, 3.97206], [102.03752, 3.97577], [102.0349, 3.98294], [102.03119, 3.9856], [102.01937, 3.98319], [102.01444, 3.97564], [102.00963, 3.97305], [102.00552, 3.96544], [102.00054, 3.96071], [101.99949, 3.95227], [101.99363, 3.94654], [101.99186, 3.93737], [101.98453, 3.92994], [101.97578, 3.92775], [101.9696, 3.92318], [101.96194, 3.92517], [101.95833, 3.92358], [101.95581, 3.9316], [101.95469, 3.933], [101.95108, 3.93201], [101.94836, 3.93398], [101.9467, 3.94233], [101.94086, 3.94827], [101.92672, 3.94883], [101.92609, 3.95001], [101.9271, 3.95415], [101.93005, 3.95179], [101.93393, 3.95181], [101.93276, 3.95579], [101.92808, 3.95822], [101.928, 3.96478], [101.93471, 3.96716], [101.94655, 3.97609], [101.95173, 3.97788], [101.95089, 3.98445], [101.95791, 3.9939], [101.96234, 3.99379], [101.96316, 4.00232], [101.95669, 4.00866], [101.95601, 4.01273], [101.94548, 4.02185], [101.94385, 4.02979], [101.93958, 4.0351], [101.9423, 4.04515], [101.941, 4.04688], [101.94581, 4.0533], [101.94493, 4.05811], [101.94686, 4.06378], [101.95066, 4.0723], [101.95421, 4.07405], [101.9546, 4.07744], [101.95259, 4.08011], [101.94893, 4.07931], [101.9474, 4.08068], [101.94955, 4.08527], [101.94808, 4.09022], [101.93785, 4.09173], [101.92645, 4.08825], [101.92396, 4.09568], [101.92067, 4.09473], [101.91434, 4.10167], [101.91398, 4.10475], [101.91754, 4.1133], [101.92433, 4.11862], [101.92406, 4.12041], [101.92861, 4.12487]]]]}}, {"type": "Feature", "properties": {"state": "Pahang", "seat": "N.06 Batu Talam", "seat_name": "Batu Talam"}, "geometry": {"type": "MultiPolygon", "coordinates": [[[[101.73995, 4.11506], [101.75057, 4.11534], [101.75583, 4.10489], [101.76754, 4.0986], [101.7712, 4.08691], [101.77524, 4.0872], [101.78121, 4.08453], [101.79472, 4.08723], [101.80783, 4.08657], [101.81139, 4.03352], [101.81892, 4.0334], [101.82108, 4.0353], [101.82885, 4.02892], [101.84184, 4.02882], [101.84635, 4.02635], [101.84939, 4.02691], [101.85153, 4.02934], [101.85566, 4.0379], [101.85866, 4.05028], [101.86229, 4.05584], [101.86765, 4.06154], [101.87514, 4.06611], [101.87854, 4.06655], [101.87722, 4.07496], [101.88131, 4.07399], [101.88437, 4.0765], [101.88792, 4.07677], [101.89089, 4.07016], [101.89545, 4.07246], [101.89804, 4.07907], [101.89681, 4.08057], [101.89834, 4.0825], [101.90077, 4.08224], [101.90168, 4.08992], [101.90529, 4.09116], [101.90655, 4.09408], [101.90315, 4.09614], [101.90344, 4.09766], [101.9145, 4.10167], [101.92067, 4.09473], [101.92396, 4.09568], [101.92645, 4.08825], [101.93785, 4.09173], [101.94808, 4.09022], [101.94955, 4.08527], [101.9474, 4.08068], [101.94893, 4.07931], [101.95259, 4.08011], [101.9546, 4.07744], [101.95421, 4.07405], [101.95066, 4.0723], [101.94686, 4.06378], [101.94493, 4.05811], [101.94581, 4.0533], [101.941, 4.04688], [101.9423, 4.04515], [101.93958, 4.0351], [101.94385, 4.02979], [101.94548, 4.02185], [101.95601, 4.01273], [101.95669, 4.00866], [101.96316, 4.00232], [101.96234, 3.99379], [101.95791, 3.9939], [101.95089, 3.98445], [101.95058, 3.98202], [101.95244, 3.97939], [101.95095, 3.97721], [101.94655, 3.97609], [101.93471, 3.96716], [101.928, 3.96478], [101.92808, 3.95822], [101.93276, 3.95579], [101.93328, 3.95131], [101.92952, 3.95203], [101.92761, 3.95414], [101.92632, 3.95168], [101.92419, 3.95142], [101.91723, 3.95342], [101.91463, 3.95584], [101.90773, 3.95568], [101.90761, 3.95022], [101.89894, 3.95035], [101.89991, 3.95172], [101.89533, 3.95682], [101.89072, 3.95302], [101.88793, 3.95432], [101.88649, 3.95299], [101.88636, 3.9564], [101.88044, 3.95436], [101.87788, 3.95685], [101.87269, 3.95423], [101.87081, 3.94988], [101.87286, 3.94712], [101.86579, 3.94558], [101.85427, 3.9402], [101.85254, 3.91913], [101.85475, 3.91392], [101.85351, 3.90497], [101.85002, 3.905], [101.84855, 3.90027], [101.84677, 3.9006], [101.84689, 3.90413], [101.84249, 3.90235], [101.83921, 3.90327], [101.83099, 3.90138], [101.82547, 3.90379], [101.82451, 3.88652], [101.82763, 3.87991], [101.82547, 3.87899], [101.82688, 3.86821], [101.82467, 3.86696], [101.82673, 3.8665], [101.82633, 3.86313], [101.83179, 3.86256], [101.82728, 3.85582], [101.82948, 3.84993], [101.82874, 3.84512], [101.8308, 3.84396], [101.83096, 3.84015], [101.83486, 3.83869], [101.83391, 3.83747], [101.82599, 3.83898], [101.82661, 3.83502], [101.82532, 3.83381], [101.82393, 3.83405], [101.82407, 3.83607], [101.82217, 3.83395], [101.8204, 3.83574], [101.81664, 3.83537], [101.80579, 3.82904], [101.80057, 3.83116], [101.79887, 3.82438], [101.79059, 3.82268], [101.78809, 3.81973], [101.77696, 3.82177], [101.77438, 3.81952], [101.77324, 3.81506], [101.77058, 3.81357], [101.77041, 3.81512], [101.76643, 3.81436], [101.76642, 3.81102], [101.76864, 3.81044], [101.76415, 3.80214], [101.75809, 3.80319], [101.75157, 3.79531], [101.74135, 3.79648], [101.73691, 3.7943], [101.7219, 3.80196], [101.71583, 3.79449], [101.71657, 3.78946], [101.70833, 3.78482], [101.70509, 3.77987], [101.69909, 3.77727], [101.69546, 3.78038], [101.69163, 3.7792], [101.68752, 3.78002], [101.68296, 3.77609], [101.67552, 3.76336], [101.66798, 3.75904], [101.66076, 3.75929], [101.65705, 3.7524], [101.64676, 3.74102], [101.63425, 3.75902], [101.626, 3.76178], [101.62688, 3.77148], [101.62514, 3.7745], [101.62679, 3.77789], [101.6226, 3.78252], [101.62001, 3.78292], [101.61359, 3.79437], [101.60645, 3.79411], [101.59979, 3.79595], [101.59185, 3.802], [101.59731, 3.81405], [101.59497, 3.81998], [101.59599, 3.82782], [101.58908, 3.83721], [101.60094, 3.84384], [101.60278, 3.84716], [101.60194, 3.85084], [101.5988, 3.85289], [101.59798, 3.86063], [101.59978, 3.86162], [101.60054, 3.86791], [101.60321, 3.86953], [101.60524, 3.87511], [101.60197, 3.88095], [101.59547, 3.88699], [101.58796, 3.88974], [101.58517, 3.89518], [101.58138, 3.89596], [101.57714, 3.9013], [101.574, 3.91168], [101.5711, 3.91508], [101.57279, 3.92604], [101.57719, 3.92853], [101.57171, 3.94183], [101.57568, 3.94313], [101.57812, 3.94608], [101.57349, 3.95155], [101.57786, 3.95781], [101.57491, 3.97052], [101.57608, 3.98057], [101.56922, 3.98636], [101.57168, 3.99507], [101.57037, 4.00145], [101.57323, 4.00856], [101.57103, 4.01067], [101.56601, 4.00816], [101.55932, 4.01442], [101.55727, 4.01852], [101.55805, 4.02584], [101.55678, 4.031], [101.56201, 4.03548], [101.56231, 4.04037], [101.5656, 4.04267], [101.57312, 4.05844], [101.57754, 4.06247], [101.57767, 4.06607], [101.58258, 4.07121], [101.58227, 4.07314], [101.58776, 4.07862], [101.58981, 4.07906], [101.5969, 4.075], [101.60833, 4.08005], [101.61401, 4.07958], [101.61743, 4.08482], [101.62122, 4.08572], [101.62294, 4.08892], [101.62535, 4.08434], [101.62689, 4.08883], [101.62957, 4.09064], [101.63465, 4.08799], [101.63844, 4.08309], [101.64438, 4.08201], [101.65873, 4.07549], [101.66799, 4.07383], [101.6709, 4.07191], [101.67362, 4.07341], [101.68251, 4.07391], [101.68969, 4.06687], [101.70171, 4.06833], [101.70575, 4.07195], [101.70801, 4.07937], [101.71366, 4.08579], [101.71483, 4.09054], [101.7276, 4.09152], [101.73445, 4.09678], [101.74166, 4.09934], [101.73531, 4.11347], [101.73886, 4.11653], [101.73995, 4.11506]]]]}}, {"type": "Feature", "properties": {"state": "Pahang", "seat": "N.07 Tras", "seat_name": "Tras"}, "geometry": {"type": "MultiPolygon", "coordinates": [[[[101.9677, 3.85613], [101.97069, 3.84876], [101.97231, 3.83726], [101.97613, 3.8354], [101.98526, 3.83493], [101.98114, 3.83015], [101.97948, 3.82477], [101.98093, 3.8123], [101.97904, 3.80433], [101.98265, 3.79928], [101.98261, 3.79703], [101.97655, 3.78475], [101.97531, 3.7744], [101.97106, 3.76515], [101.97288, 3.75468], [101.97102, 3.75337], [101.95811, 3.77244], [101.95625, 3.7824], [101.95288, 3.78772], [101.94415, 3.78501], [101.92252, 3.78463], [101.91688, 3.78586], [101.91154, 3.78424], [101.9071, 3.78506], [101.90205, 3.78259], [101.89949, 3.78353], [101.8936, 3.77859], [101.89237, 3.77918], [101.88828, 3.77445], [101.88404, 3.77558], [101.88328, 3.77317], [101.87857, 3.77011], [101.87326, 3.76956], [101.8698, 3.76672], [101.86384, 3.7653], [101.86119, 3.75987], [101.86245, 3.75495], [101.86457, 3.75281], [101.86649, 3.7531], [101.86557, 3.75188], [101.8667, 3.75035], [101.86331, 3.7504], [101.86139, 3.74822], [101.85789, 3.74746], [101.85775, 3.7434], [101.86309, 3.73965], [101.86276, 3.7372], [101.86608, 3.73101], [101.86686, 3.72289], [101.86542, 3.72211], [101.86681, 3.72003], [101.86531, 3.71804], [101.86786, 3.71801], [101.86969, 3.71345], [101.86681, 3.71032], [101.8706, 3.70515], [101.87029, 3.69991], [101.87303, 3.69878], [101.87363, 3.69556], [101.86348, 3.69205], [101.86654, 3.67784], [101.88145, 3.65331], [101.86188, 3.63985], [101.85087, 3.63526], [101.84957, 3.63769], [101.84606, 3.63879], [101.84123, 3.63695], [101.83907, 3.63903], [101.83499, 3.63847], [101.82162, 3.62796], [101.8197, 3.62294], [101.82323, 3.62074], [101.82303, 3.61851], [101.81832, 3.61793], [101.81821, 3.61923], [101.8146, 3.61986], [101.8129, 3.61091], [101.80876, 3.61077], [101.80438, 3.61386], [101.79986, 3.61413], [101.79619, 3.62719], [101.78863, 3.62816], [101.78347, 3.63366], [101.78505, 3.6487], [101.78295, 3.65246], [101.77905, 3.65253], [101.77319, 3.66154], [101.76818, 3.66465], [101.77111, 3.67147], [101.76798, 3.67507], [101.76809, 3.68145], [101.76352, 3.68131], [101.7622, 3.6829], [101.7599, 3.68243], [101.75831, 3.68483], [101.75472, 3.6851], [101.75261, 3.68964], [101.74916, 3.69115], [101.74722, 3.69474], [101.74057, 3.69668], [101.73754, 3.70521], [101.74026, 3.7083], [101.73986, 3.70996], [101.73392, 3.71229], [101.73114, 3.71119], [101.72912, 3.71293], [101.72117, 3.70731], [101.7092, 3.71015], [101.70402, 3.70821], [101.69722, 3.71054], [101.68974, 3.70963], [101.68662, 3.71088], [101.67915, 3.71852], [101.66754, 3.7206], [101.65857, 3.7247], [101.64676, 3.74102], [101.65705, 3.7524], [101.66076, 3.75929], [101.66798, 3.75904], [101.67552, 3.76336], [101.68296, 3.77609], [101.68752, 3.78002], [101.69163, 3.7792], [101.69546, 3.78038], [101.69909, 3.77727], [101.70509, 3.77987], [101.70833, 3.78482], [101.71657, 3.78946], [101.71583, 3.79449], [101.7219, 3.80196], [101.73691, 3.7943], [101.74135, 3.79648], [101.75157, 3.79531], [101.75809, 3.80319], [101.76415, 3.80214], [101.76864, 3.81044], [101.76642, 3.81102], [101.76643, 3.81436], [101.77041, 3.81512], [101.77058, 3.81357], [101.77324, 3.81506], [101.77438, 3.81952], [101.77696, 3.82177], [101.78796, 3.8197], [101.79059, 3.82268], [101.7982, 3.82401], [101.80057, 3.83116], [101.80579, 3.82904], [101.81664, 3.83537], [101.8204, 3.83574], [101.82217, 3.83395], [101.82407, 3.83607], [101.825, 3.83368], [101.82661, 3.83502], [101.8261, 3.839], [101.85145, 3.83164], [101.85524, 3.82146], [101.85624, 3.81152], [101.86117, 3.80349], [101.86359, 3.80359], [101.86457, 3.80707], [101.86256, 3.81172], [101.86411, 3.81413], [101.86602, 3.81291], [101.86499, 3.80983], [101.86727, 3.81161], [101.87301, 3.81087], [101.87631, 3.8151], [101.88205, 3.8161], [101.88183, 3.81871], [101.89346, 3.82081], [101.89687, 3.82362], [101.89912, 3.82344], [101.90203, 3.82705], [101.90802, 3.82665], [101.91213, 3.83146], [101.92516, 3.8407], [101.92771, 3.84518], [101.92951, 3.845], [101.93012, 3.8483], [101.93205, 3.84856], [101.93206, 3.85028], [101.93385, 3.84996], [101.93425, 3.85362], [101.93766, 3.85076], [101.94179, 3.85168], [101.94228, 3.85478], [101.94959, 3.85417], [101.94907, 3.85291], [101.95224, 3.85226], [101.9594, 3.8545], [101.96457, 3.85393], [101.9677, 3.85613]]]]}}, {"type": "Feature", "properties": {"state": "Pahang", "seat": "N.08 Dong", "seat_name": "Dong"}, "geometry": {"type": "MultiPolygon", "coordinates": [[[[102.04468, 3.97173], [102.05359, 3.9731], [102.05551, 3.97762], [102.06289, 3.973], [102.0605, 3.96099], [102.06478, 3.95125], [102.06534, 3.94435], [102.07507, 3.93835], [102.07729, 3.93352], [102.0773, 3.92805], [102.08061, 3.92758], [102.08164, 3.92663], [102.08048, 3.92472], [102.09642, 3.91102], [102.0906, 3.89642], [102.08841, 3.8832], [102.08964, 3.87439], [102.08414, 3.87022], [102.08329, 3.86192], [102.07701, 3.85072], [102.08944, 3.84102], [102.09345, 3.83955], [102.10313, 3.84], [102.10893, 3.83472], [102.10755, 3.83161], [102.09826, 3.82858], [102.09401, 3.82296], [102.09759, 3.81388], [102.09498, 3.80641], [102.09766, 3.79119], [102.09712, 3.78526], [102.09518, 3.78332], [102.09682, 3.77456], [102.09448, 3.76923], [102.08774, 3.76502], [102.08536, 3.76034], [102.08448, 3.74907], [102.08217, 3.74569], [102.07173, 3.74286], [102.06122, 3.72864], [102.06247, 3.72374], [102.05518, 3.71198], [102.04337, 3.71051], [102.03912, 3.70438], [102.04057, 3.70145], [102.03641, 3.69333], [102.03824, 3.68873], [102.04307, 3.68586], [102.04543, 3.68082], [102.04038, 3.67335], [102.04317, 3.66776], [102.04232, 3.66191], [102.05286, 3.64945], [102.05374, 3.64439], [102.04963, 3.63905], [102.04613, 3.63862], [102.03993, 3.64183], [102.03541, 3.64051], [102.03551, 3.63379], [102.03108, 3.63195], [102.02319, 3.62228], [102.02301, 3.61846], [102.01895, 3.61379], [102.01929, 3.61124], [102.02257, 3.61147], [102.02258, 3.60617], [102.02629, 3.60357], [102.03042, 3.59456], [102.02346, 3.58035], [102.01717, 3.57793], [102.01997, 3.57381], [102.02082, 3.56857], [102.01647, 3.56509], [102.01804, 3.56107], [102.01744, 3.55745], [102.01145, 3.55638], [102.00137, 3.56617], [101.99223, 3.56241], [101.99013, 3.56536], [101.98488, 3.56611], [101.98498, 3.56233], [101.98681, 3.56027], [101.98482, 3.55608], [101.98163, 3.55519], [101.98207, 3.55308], [101.98315, 3.55392], [101.98473, 3.55258], [101.9828, 3.55157], [101.97929, 3.5546], [101.97807, 3.55294], [101.97064, 3.5627], [101.97547, 3.56578], [101.9758, 3.56873], [101.97134, 3.57009], [101.97066, 3.57263], [101.96796, 3.57447], [101.96459, 3.57442], [101.96314, 3.57624], [101.96243, 3.57839], [101.96457, 3.58173], [101.96032, 3.58434], [101.96289, 3.58719], [101.9629, 3.58958], [101.95351, 3.59469], [101.9552, 3.59953], [101.95003, 3.60477], [101.94853, 3.61386], [101.94619, 3.61628], [101.94578, 3.6198], [101.94705, 3.62082], [101.94302, 3.62114], [101.9456, 3.62481], [101.9442, 3.6285], [101.94661, 3.62975], [101.94645, 3.63324], [101.94396, 3.63881], [101.93935, 3.6421], [101.94003, 3.64553], [101.94112, 3.64507], [101.93793, 3.64869], [101.94021, 3.65225], [101.93773, 3.65362], [101.9396, 3.65533], [101.93794, 3.6583], [101.93315, 3.65781], [101.92936, 3.66341], [101.92596, 3.66358], [101.92578, 3.66545], [101.92547, 3.66406], [101.91627, 3.66044], [101.91412, 3.66261], [101.91065, 3.66086], [101.90905, 3.66511], [101.90385, 3.6678], [101.90345, 3.66582], [101.8985, 3.66245], [101.89476, 3.66476], [101.89355, 3.66927], [101.8912, 3.67067], [101.89206, 3.67212], [101.89071, 3.67521], [101.88689, 3.68009], [101.88751, 3.68188], [101.88522, 3.6827], [101.88408, 3.68149], [101.88241, 3.68458], [101.88211, 3.68313], [101.88035, 3.68339], [101.87995, 3.68873], [101.8756, 3.68901], [101.87669, 3.69198], [101.87558, 3.69597], [101.87348, 3.69565], [101.87303, 3.69878], [101.87035, 3.69977], [101.87074, 3.70473], [101.86673, 3.71109], [101.86969, 3.71345], [101.86786, 3.71801], [101.86615, 3.71707], [101.86521, 3.7186], [101.86681, 3.72003], [101.86542, 3.72211], [101.86686, 3.72289], [101.86608, 3.73101], [101.86276, 3.7372], [101.86309, 3.73965], [101.85779, 3.74326], [101.85882, 3.74634], [101.85777, 3.74732], [101.86331, 3.7504], [101.86666, 3.75023], [101.86649, 3.7531], [101.86457, 3.75281], [101.86245, 3.75495], [101.86119, 3.75987], [101.86384, 3.7653], [101.8698, 3.76672], [101.87326, 3.76956], [101.87857, 3.77011], [101.88328, 3.77317], [101.88404, 3.77558], [101.88828, 3.77445], [101.89237, 3.77918], [101.8936, 3.77859], [101.89949, 3.78353], [101.90205, 3.78259], [101.9071, 3.78506], [101.91154, 3.78424], [101.91688, 3.78586], [101.92252, 3.78463], [101.94415, 3.78501], [101.95288, 3.78772], [101.95625, 3.7824], [101.95811, 3.77244], [101.97102, 3.75337], [101.97337, 3.75677], [101.97148, 3.75804], [101.97106, 3.76515], [101.97531, 3.7744], [101.97655, 3.78475], [101.98261, 3.79703], [101.98265, 3.79928], [101.97904, 3.80433], [101.98093, 3.8123], [101.97948, 3.82477], [101.98114, 3.83015], [101.98526, 3.83493], [101.97613, 3.8354], [101.97231, 3.83726], [101.97069, 3.84876], [101.96759, 3.85631], [101.96457, 3.85393], [101.9594, 3.8545], [101.95224, 3.85226], [101.94907, 3.85291], [101.94959, 3.85417], [101.94228, 3.85478], [101.94179, 3.85168], [101.93766, 3.85076], [101.93425, 3.85362], [101.93385, 3.84996], [101.93206, 3.85028], [101.93205, 3.84856], [101.93012, 3.8483], [101.92951, 3.845], [101.92771, 3.84518], [101.92516, 3.8407], [101.91213, 3.83146], [101.90802, 3.82665], [101.90203, 3.82705], [101.89912, 3.82344], [101.89687, 3.82362], [101.89346, 3.82081], [101.88183, 3.81871], [101.88205, 3.8161], [101.87631, 3.8151], [101.87301, 3.81087], [101.86727, 3.81161], [101.86499, 3.80983], [101.86602, 3.81291], [101.86492, 3.81415], [101.86411, 3.81413], [101.86256, 3.81108], [101.8644, 3.80508], [101.86117, 3.80349], [101.85624, 3.81152], [101.85524, 3.82146], [101.85145, 3.83164], [101.83393, 3.83749], [101.83486, 3.83869], [101.83096, 3.84015], [101.8308, 3.84396], [101.82874, 3.84512], [101.82948, 3.84993], [101.82751, 3.85718], [101.83179, 3.86256], [101.82633, 3.86313], [101.82673, 3.8665], [101.82467, 3.86696], [101.82688, 3.86821], [101.82547, 3.87899], [101.82763, 3.87991], [101.82451, 3.88652], [101.82441, 3.89713], [101.82547, 3.90379], [101.83099, 3.90138], [101.83921, 3.90327], [101.84249, 3.90235], [101.84689, 3.90413], [101.84677, 3.9006], [101.84855, 3.90027], [101.85002, 3.905], [101.85351, 3.90497], [101.85475, 3.91392], [101.85254, 3.91913], [101.85418, 3.94006], [101.86579, 3.94558], [101.87286, 3.94712], [101.87081, 3.94988], [101.87269, 3.95423], [101.87788, 3.95685], [101.88044, 3.95436], [101.88636, 3.9564], [101.88649, 3.95299], [101.88793, 3.95432], [101.89072, 3.95302], [101.89533, 3.95682], [101.89991, 3.95172], [101.89894, 3.95035], [101.90761, 3.95022], [101.90773, 3.95568], [101.91463, 3.95584], [101.91794, 3.95316], [101.92632, 3.95168], [101.92672, 3.94883], [101.9405, 3.94854], [101.9467, 3.94233], [101.94836, 3.93398], [101.95108, 3.93201], [101.95469, 3.933], [101.95581, 3.9316], [101.95833, 3.92358], [101.96194, 3.92517], [101.9673, 3.9229], [101.97332, 3.92483], [101.97578, 3.92775], [101.98453, 3.92994], [101.99186, 3.93737], [101.99363, 3.94654], [101.99949, 3.95227], [102.00054, 3.96071], [102.00552, 3.96544], [102.00963, 3.97305], [102.01444, 3.97564], [102.01937, 3.98319], [102.03119, 3.9856], [102.0349, 3.98294], [102.03752, 3.97577], [102.04468, 3.97173]]]]}}, {"type": "Feature", "properties": {"state": "Pahang", "seat": "N.09 Tahan", "seat_name": "Tahan"}, "geometry": {"type": "MultiPolygon", "coordinates": [[[[102.61383, 4.77961], [102.62721, 4.77486], [102.63542, 4.76509], [102.65121, 4.76373], [102.6544, 4.76117], [102.65787, 4.76143], [102.6621, 4.75579], [102.65959, 4.75046], [102.66504, 4.74111], [102.66524, 4.73741], [102.66962, 4.73654], [102.67588, 4.73152], [102.68184, 4.71499], [102.68981, 4.71262], [102.69935, 4.71595], [102.71063, 4.70295], [102.71349, 4.69488], [102.7201, 4.69386], [102.72722, 4.6892], [102.73226, 4.68353], [102.74532, 4.68895], [102.74746, 4.6845], [102.75589, 4.67907], [102.76237, 4.6831], [102.76766, 4.67449], [102.77062, 4.67373], [102.77243, 4.67628], [102.77548, 4.67721], [102.78072, 4.67046], [102.78829, 4.67482], [102.79652, 4.67529], [102.80238, 4.67803], [102.80678, 4.67693], [102.81549, 4.67922], [102.81964, 4.67872], [102.82558, 4.68182], [102.84372, 4.67965], [102.84357, 4.67139], [102.85153, 4.66779], [102.85942, 4.65728], [102.8634, 4.65687], [102.86319, 4.65381], [102.86905, 4.64667], [102.87297, 4.63801], [102.86696, 4.62719], [102.87381, 4.62286], [102.88446, 4.60823], [102.87287, 4.60282], [102.8623, 4.6036], [102.86048, 4.6009], [102.86131, 4.5958], [102.87248, 4.58804], [102.87303, 4.58241], [102.86863, 4.5762], [102.87079, 4.57238], [102.86379, 4.56166], [102.85967, 4.56099], [102.85366, 4.56294], [102.85074, 4.56021], [102.83941, 4.55713], [102.84159, 4.55225], [102.83792, 4.53821], [102.83865, 4.53287], [102.84289, 4.52643], [102.84642, 4.52393], [102.84611, 4.52034], [102.84778, 4.51946], [102.84557, 4.50226], [102.85107, 4.49777], [102.8512, 4.49453], [102.85371, 4.49325], [102.85592, 4.49564], [102.85991, 4.49319], [102.86368, 4.48816], [102.87518, 4.48322], [102.87315, 4.47489], [102.87908, 4.46463], [102.88569, 4.46544], [102.89152, 4.46995], [102.89817, 4.46709], [102.90085, 4.46952], [102.90778, 4.46951], [102.91095, 4.47117], [102.91349, 4.46522], [102.91696, 4.46893], [102.92875, 4.46938], [102.93359, 4.46519], [102.93417, 4.4613], [102.94281, 4.45524], [102.94385, 4.45126], [102.95098, 4.45234], [102.95604, 4.45701], [102.95352, 4.46359], [102.95355, 4.46852], [102.9571, 4.47295], [102.96245, 4.47182], [102.96872, 4.47583], [102.97117, 4.48041], [102.97447, 4.48151], [102.9765, 4.47407], [102.97838, 4.4716], [102.9821, 4.47115], [102.9816, 4.46824], [102.98699, 4.46462], [102.98669, 4.45885], [102.98869, 4.45413], [102.99495, 4.45012], [102.99974, 4.45163], [103.00265, 4.4478], [103.00229, 4.44567], [103.00473, 4.44481], [103.00739, 4.43824], [103.01115, 4.43461], [103.01015, 4.4245], [103.00835, 4.42293], [103.00969, 4.41378], [103.01843, 4.40662], [103.02543, 4.40879], [103.02775, 4.40515], [103.02547, 4.40165], [103.0267, 4.39755], [103.02351, 4.39383], [103.01976, 4.39297], [103.01615, 4.38638], [103.00902, 4.38469], [103.00453, 4.37594], [103.00672, 4.37355], [103.00498, 4.36706], [103.00728, 4.36317], [103.00597, 4.35946], [103.00812, 4.35681], [103.0057, 4.34426], [103.0081, 4.34299], [103.00911, 4.34026], [103.01363, 4.33951], [103.0157, 4.33677], [103.01529, 4.33379], [103.01026, 4.33232], [103.00874, 4.32947], [103.00228, 4.32945], [103.00084, 4.33098], [102.99487, 4.33115], [102.99193, 4.33323], [102.99174, 4.33538], [102.98498, 4.33416], [102.98064, 4.33694], [102.97708, 4.33525], [102.97319, 4.33071], [102.96723, 4.32801], [102.9602, 4.31866], [102.95644, 4.29474], [102.95308, 4.28763], [102.94868, 4.28413], [102.93869, 4.28739], [102.93099, 4.27837], [102.93336, 4.27137], [102.93101, 4.26711], [102.92984, 4.2573], [102.93117, 4.25056], [102.93502, 4.24463], [102.93226, 4.24262], [102.92993, 4.23593], [102.92055, 4.2325], [102.92037, 4.22908], [102.92327, 4.22609], [102.92042, 4.22398], [102.91832, 4.2185], [102.91579, 4.21763], [102.91379, 4.21061], [102.91776, 4.20603], [102.91688, 4.20102], [102.92146, 4.1963], [102.91937, 4.19312], [102.92104, 4.19178], [102.92239, 4.18445], [102.91927, 4.17888], [102.92193, 4.16714], [102.92174, 4.15867], [102.91964, 4.15458], [102.91711, 4.15462], [102.90328, 4.14752], [102.89718, 4.14273], [102.89726, 4.14119], [102.89292, 4.13965], [102.89155, 4.1363], [102.89252, 4.13337], [102.89567, 4.1317], [102.89687, 4.12715], [102.90071, 4.12489], [102.90066, 4.12155], [102.9062, 4.11578], [102.9067, 4.11316], [102.9128, 4.11077], [102.91581, 4.10432], [102.92342, 4.09982], [102.92763, 4.10069], [102.93002, 4.09791], [102.91595, 4.07398], [102.9156, 4.06222], [102.91363, 4.05389], [102.91815, 4.0376], [102.91133, 4.01469], [102.91035, 4.01304], [102.90313, 4.01274], [102.89561, 4.00663], [102.88808, 4.00633], [102.88026, 4.00836], [102.86753, 3.99991], [102.86463, 3.99583], [102.86464, 3.99118], [102.86088, 3.98594], [102.86234, 3.97577], [102.86109, 3.9596], [102.85889, 3.95279], [102.84418, 3.93584], [102.83109, 3.93238], [102.81833, 3.95284], [102.80256, 3.96638], [102.78227, 3.99251], [102.76606, 4.00901], [102.76145, 4.01231], [102.75567, 4.00979], [102.7479, 4.01454], [102.7383, 4.0099], [102.72066, 4.01332], [102.71803, 4.01477], [102.71998, 4.03313], [102.7155, 4.03683], [102.70375, 4.03201], [102.6845, 4.04578], [102.67858, 4.04705], [102.66568, 4.05382], [102.66272, 4.05912], [102.6422, 4.07914], [102.62398, 4.11127], [102.61763, 4.11805], [102.60261, 4.12609], [102.59986, 4.13394], [102.58927, 4.14708], [102.58568, 4.14771], [102.58106, 4.12479], [102.5834, 4.11461], [102.58194, 4.09826], [102.58427, 4.0936], [102.58449, 4.08872], [102.59106, 4.07621], [102.58895, 4.07599], [102.58747, 4.07366], [102.5879, 4.06835], [102.57481, 4.06473], [102.57017, 4.05857], [102.55727, 4.06088], [102.54671, 4.05874], [102.54347, 4.05556], [102.54325, 4.03617], [102.54688, 4.02854], [102.54775, 4.0163], [102.54606, 4.01229], [102.53581, 4.005], [102.53233, 3.99579], [102.53367, 3.9867], [102.53283, 3.98161], [102.53042, 3.97821], [102.52702, 3.97797], [102.52351, 3.98026], [102.51942, 3.98771], [102.51616, 3.98997], [102.50638, 3.98896], [102.49804, 3.99772], [102.49433, 3.99808], [102.48167, 3.99097], [102.47471, 3.98168], [102.47202, 3.96577], [102.46796, 3.95453], [102.46817, 3.94413], [102.46639, 3.94225], [102.46099, 3.94191], [102.44445, 3.93287], [102.44061, 3.93221], [102.43961, 3.92968], [102.44121, 3.92699], [102.43755, 3.92654], [102.4376, 3.92345], [102.43402, 3.92535], [102.4349, 3.91853], [102.43205, 3.91735], [102.43234, 3.90776], [102.42835, 3.9008], [102.4253, 3.90185], [102.42569, 3.90724], [102.42376, 3.90756], [102.42471, 3.91133], [102.42181, 3.91738], [102.42221, 3.92009], [102.41978, 3.92043], [102.41919, 3.92479], [102.41689, 3.92418], [102.41737, 3.92565], [102.41283, 3.92709], [102.41357, 3.92919], [102.40697, 3.92908], [102.40715, 3.92731], [102.39948, 3.92625], [102.3997, 3.92369], [102.39548, 3.92333], [102.39209, 3.92089], [102.38451, 3.92025], [102.38163, 3.92865], [102.3827, 3.93151], [102.38428, 3.93135], [102.38394, 3.93531], [102.38006, 3.93379], [102.3791, 3.9375], [102.37707, 3.93807], [102.37795, 3.9461], [102.37333, 3.94625], [102.37319, 3.94837], [102.35791, 3.94699], [102.35537, 3.94869], [102.35, 3.94651], [102.3496, 3.94951], [102.34295, 3.94843], [102.34269, 3.94668], [102.3398, 3.94753], [102.33028, 3.9597], [102.32488, 3.95831], [102.32598, 3.95433], [102.32484, 3.94926], [102.32097, 3.94652], [102.31739, 3.94989], [102.3142, 3.95063], [102.30895, 3.94796], [102.3083, 3.94629], [102.31065, 3.94237], [102.30941, 3.93789], [102.30831, 3.9366], [102.3059, 3.93758], [102.30236, 3.93623], [102.30203, 3.93275], [102.29942, 3.92925], [102.29734, 3.93992], [102.29301, 3.9387], [102.29178, 3.92715], [102.29306, 3.92367], [102.28803, 3.92339], [102.28391, 3.92808], [102.28782, 3.94286], [102.28152, 3.9383], [102.27883, 3.92812], [102.27656, 3.92704], [102.27441, 3.92827], [102.26789, 3.94111], [102.25655, 3.94617], [102.25173, 3.94512], [102.25018, 3.94924], [102.25227, 3.95034], [102.24934, 3.95393], [102.23753, 3.95319], [102.23716, 3.95865], [102.23261, 3.9611], [102.23039, 3.9603], [102.22903, 3.96301], [102.22544, 3.96417], [102.22521, 3.97405], [102.22879, 3.97923], [102.22628, 3.9837], [102.22736, 3.98619], [102.22168, 3.9954], [102.22355, 3.99718], [102.22188, 3.99832], [102.22308, 4.00272], [102.22525, 4.00327], [102.22632, 4.00626], [102.22493, 4.00599], [102.22612, 4.00758], [102.22468, 4.01043], [102.22549, 4.01271], [102.21988, 4.02098], [102.21818, 4.03022], [102.21983, 4.03498], [102.21833, 4.03826], [102.2217, 4.04094], [102.22373, 4.03905], [102.22717, 4.04031], [102.22778, 4.0375], [102.23093, 4.03872], [102.23413, 4.04403], [102.23276, 4.04588], [102.23509, 4.04678], [102.23645, 4.05428], [102.23955, 4.05882], [102.24752, 4.05346], [102.25091, 4.04625], [102.25447, 4.0502], [102.25431, 4.05726], [102.25795, 4.06117], [102.26324, 4.06102], [102.2667, 4.0638], [102.27014, 4.0615], [102.27267, 4.06253], [102.2789, 4.05816], [102.28116, 4.05185], [102.28924, 4.05859], [102.29096, 4.05756], [102.29706, 4.07101], [102.30038, 4.06944], [102.30576, 4.07048], [102.30868, 4.07399], [102.30562, 4.07995], [102.30881, 4.08192], [102.31257, 4.08953], [102.30916, 4.09877], [102.30135, 4.10348], [102.29745, 4.10801], [102.29438, 4.11443], [102.29379, 4.12307], [102.28683, 4.12771], [102.2784, 4.12576], [102.2649, 4.11668], [102.25238, 4.11801], [102.24946, 4.1336], [102.25305, 4.1584], [102.26192, 4.17836], [102.26517, 4.18214], [102.26943, 4.18391], [102.27054, 4.19398], [102.26815, 4.19825], [102.27027, 4.20455], [102.26311, 4.21347], [102.25958, 4.22076], [102.24877, 4.25026], [102.24244, 4.27904], [102.23878, 4.2888], [102.23902, 4.29371], [102.23664, 4.29509], [102.23489, 4.29357], [102.22885, 4.30237], [102.22884, 4.3098], [102.23522, 4.31585], [102.23421, 4.31937], [102.23032, 4.32049], [102.23056, 4.32691], [102.23257, 4.3283], [102.23281, 4.33107], [102.22604, 4.33282], [102.21764, 4.33054], [102.21621, 4.33431], [102.21627, 4.34488], [102.22276, 4.35668], [102.22065, 4.3656], [102.21348, 4.37221], [102.21058, 4.37769], [102.21088, 4.38883], [102.21256, 4.39198], [102.21963, 4.39494], [102.22035, 4.39721], [102.21517, 4.4156], [102.2195, 4.42062], [102.23061, 4.41894], [102.2331, 4.42016], [102.23244, 4.42625], [102.2334, 4.42924], [102.2363, 4.43078], [102.24402, 4.43273], [102.256, 4.43017], [102.25705, 4.43203], [102.25671, 4.43986], [102.23971, 4.45577], [102.24267, 4.46256], [102.23873, 4.46449], [102.24434, 4.47241], [102.24401, 4.48145], [102.24713, 4.48658], [102.24728, 4.49409], [102.25352, 4.51421], [102.26067, 4.5208], [102.2601, 4.52346], [102.25341, 4.53144], [102.24874, 4.53281], [102.24342, 4.53837], [102.23229, 4.55607], [102.22431, 4.56187], [102.2133, 4.59028], [102.21464, 4.60558], [102.22464, 4.63362], [102.22747, 4.63489], [102.22608, 4.63831], [102.23309, 4.65089], [102.23801, 4.65023], [102.24425, 4.65198], [102.24784, 4.65578], [102.26056, 4.65608], [102.27294, 4.66041], [102.28658, 4.65485], [102.29656, 4.64605], [102.30222, 4.64446], [102.30888, 4.63975], [102.31526, 4.63898], [102.31845, 4.63543], [102.32752, 4.63589], [102.33552, 4.64192], [102.34182, 4.64012], [102.34421, 4.64251], [102.34279, 4.64731], [102.34617, 4.6559], [102.35744, 4.66361], [102.36436, 4.67283], [102.36512, 4.67685], [102.37136, 4.68271], [102.3719, 4.69025], [102.36364, 4.69438], [102.36008, 4.7015], [102.36183, 4.70464], [102.36634, 4.70752], [102.36557, 4.70909], [102.36981, 4.71156], [102.37477, 4.71027], [102.37856, 4.71394], [102.39909, 4.71238], [102.4013, 4.71498], [102.40446, 4.7133], [102.40781, 4.71639], [102.41009, 4.71495], [102.41849, 4.71485], [102.43029, 4.71077], [102.43683, 4.71317], [102.44029, 4.71216], [102.44599, 4.71348], [102.4583, 4.70646], [102.4571, 4.70047], [102.46329, 4.69582], [102.48235, 4.68672], [102.49577, 4.67441], [102.50023, 4.66719], [102.50482, 4.66927], [102.51395, 4.6658], [102.51654, 4.66652], [102.5206, 4.67517], [102.52829, 4.67749], [102.53055, 4.6852], [102.53552, 4.68614], [102.53811, 4.69135], [102.54267, 4.69497], [102.54434, 4.70641], [102.54887, 4.71001], [102.55599, 4.70546], [102.56231, 4.69739], [102.56614, 4.69582], [102.57074, 4.69019], [102.57464, 4.69317], [102.58112, 4.69461], [102.59489, 4.68684], [102.60135, 4.68685], [102.60431, 4.70029], [102.60217, 4.70574], [102.60148, 4.72632], [102.59845, 4.73297], [102.594, 4.73621], [102.59382, 4.73893], [102.6045, 4.75857], [102.60271, 4.76494], [102.59894, 4.77006], [102.60561, 4.77485], [102.60948, 4.78118], [102.61383, 4.77961]]]]}}, {"type": "Feature", "properties": {"state": "Pahang", "seat": "N.10 Damak", "seat_name": "Damak"}, "geometry": {"type": "MultiPolygon", "coordinates": [[[[102.21572, 4.03945], [102.21704, 4.04173], [102.2217, 4.04095], [102.21833, 4.03826], [102.21983, 4.03498], [102.21818, 4.03022], [102.21892, 4.02402], [102.22207, 4.0162], [102.22562, 4.01213], [102.22468, 4.01043], [102.22612, 4.00758], [102.22493, 4.00599], [102.22632, 4.00626], [102.22525, 4.00327], [102.22308, 4.00272], [102.22188, 3.99832], [102.22355, 3.99718], [102.22168, 3.9954], [102.22736, 3.98619], [102.22628, 3.9837], [102.22879, 3.97923], [102.22521, 3.97405], [102.22544, 3.96417], [102.22903, 3.96301], [102.23039, 3.9603], [102.23261, 3.9611], [102.23716, 3.95865], [102.23753, 3.95319], [102.24934, 3.95393], [102.25227, 3.95034], [102.25018, 3.94924], [102.25173, 3.94512], [102.25655, 3.94617], [102.26789, 3.94111], [102.27486, 3.92787], [102.27719, 3.9268], [102.27883, 3.92812], [102.28152, 3.9383], [102.28782, 3.94286], [102.28391, 3.92808], [102.28803, 3.92339], [102.29306, 3.92367], [102.29178, 3.92715], [102.29301, 3.9387], [102.29734, 3.93992], [102.29942, 3.92925], [102.30203, 3.93275], [102.30236, 3.93623], [102.3059, 3.93758], [102.30831, 3.9366], [102.30941, 3.93789], [102.31065, 3.94237], [102.3083, 3.94629], [102.30895, 3.94796], [102.3142, 3.95063], [102.31739, 3.94989], [102.32097, 3.94652], [102.32484, 3.94926], [102.32598, 3.95433], [102.32488, 3.95831], [102.33028, 3.9597], [102.3398, 3.94753], [102.34269, 3.94668], [102.34295, 3.94843], [102.3496, 3.94951], [102.35, 3.94651], [102.35537, 3.94869], [102.35791, 3.94699], [102.37319, 3.94837], [102.37333, 3.94625], [102.37795, 3.9461], [102.37707, 3.93807], [102.3791, 3.9375], [102.38006, 3.93379], [102.38394, 3.93531], [102.38428, 3.93135], [102.3827, 3.93151], [102.38163, 3.92865], [102.38451, 3.92025], [102.39209, 3.92089], [102.39548, 3.92333], [102.3997, 3.92369], [102.39948, 3.92625], [102.40715, 3.92731], [102.40697, 3.92908], [102.41035, 3.92978], [102.41357, 3.92919], [102.41283, 3.92709], [102.41737, 3.92565], [102.41689, 3.92418], [102.41919, 3.92479], [102.41917, 3.92153], [102.42221, 3.92009], [102.42181, 3.91738], [102.42375, 3.91563], [102.42479, 3.90988], [102.42376, 3.90756], [102.42569, 3.90724], [102.42594, 3.90548], [102.4253, 3.90185], [102.42835, 3.9008], [102.42342, 3.89413], [102.41702, 3.89843], [102.41689, 3.89602], [102.41203, 3.89208], [102.41303, 3.88561], [102.4142, 3.88387], [102.41792, 3.88456], [102.41733, 3.87968], [102.42076, 3.87625], [102.43003, 3.87422], [102.44276, 3.87447], [102.44597, 3.87147], [102.44713, 3.86769], [102.44221, 3.85398], [102.43917, 3.85203], [102.43184, 3.85151], [102.42557, 3.84903], [102.41423, 3.82866], [102.40185, 3.82162], [102.40198, 3.81792], [102.40448, 3.81594], [102.41476, 3.81929], [102.41953, 3.81837], [102.42391, 3.80454], [102.41894, 3.80361], [102.41738, 3.80187], [102.4034, 3.80148], [102.3911, 3.80401], [102.38912, 3.80871], [102.3939, 3.80933], [102.39445, 3.81131], [102.36714, 3.81569], [102.36599, 3.81697], [102.36483, 3.81453], [102.35989, 3.81749], [102.36042, 3.82188], [102.3734, 3.8215], [102.37648, 3.83628], [102.37439, 3.83605], [102.37244, 3.8408], [102.37447, 3.84273], [102.37228, 3.84231], [102.371, 3.84715], [102.3598, 3.85279], [102.35924, 3.84933], [102.35152, 3.85244], [102.3225, 3.85271], [102.31855, 3.84978], [102.31257, 3.84819], [102.30931, 3.84197], [102.30186, 3.84302], [102.29307, 3.83854], [102.28793, 3.8439], [102.28238, 3.84376], [102.27447, 3.83731], [102.26953, 3.83719], [102.26006, 3.83164], [102.24377, 3.8281], [102.2382, 3.8292], [102.23591, 3.83757], [102.24113, 3.8583], [102.23786, 3.87008], [102.21603, 3.86499], [102.21419, 3.86107], [102.21265, 3.8454], [102.21009, 3.8398], [102.20579, 3.8389], [102.20578, 3.83564], [102.19978, 3.83569], [102.19979, 3.84135], [102.19398, 3.85584], [102.18915, 3.86016], [102.18665, 3.85989], [102.18184, 3.86263], [102.16157, 3.85815], [102.15812, 3.85564], [102.14531, 3.85209], [102.14136, 3.84699], [102.13492, 3.84558], [102.12598, 3.84704], [102.12301, 3.84468], [102.12048, 3.83928], [102.11437, 3.83512], [102.11174, 3.83487], [102.11031, 3.83487], [102.10892, 3.83472], [102.10313, 3.84], [102.09092, 3.84029], [102.07701, 3.85072], [102.08329, 3.86192], [102.08414, 3.87022], [102.08964, 3.87439], [102.08841, 3.8832], [102.0906, 3.89642], [102.09642, 3.91102], [102.08048, 3.92472], [102.08164, 3.92663], [102.08061, 3.92758], [102.0773, 3.92805], [102.07729, 3.93352], [102.07507, 3.93835], [102.06534, 3.94435], [102.06478, 3.95125], [102.0605, 3.96099], [102.06195, 3.97274], [102.06768, 3.97505], [102.06881, 3.97321], [102.07198, 3.97363], [102.07692, 3.971], [102.08767, 3.97357], [102.09141, 3.97698], [102.09861, 3.97648], [102.10256, 3.98054], [102.10533, 3.97979], [102.11036, 3.98223], [102.11453, 3.98966], [102.11406, 3.99302], [102.11907, 3.99567], [102.11765, 3.99901], [102.11948, 3.99877], [102.11956, 4.00054], [102.12646, 4.00052], [102.12654, 4.00365], [102.13159, 4.00218], [102.13842, 4.00331], [102.14598, 4.00759], [102.14799, 4.01084], [102.15014, 4.00918], [102.15687, 4.01101], [102.15711, 4.01361], [102.16196, 4.01662], [102.163, 4.01926], [102.16932, 4.0193], [102.16965, 4.03011], [102.17215, 4.02797], [102.17928, 4.02895], [102.18001, 4.02598], [102.18224, 4.0265], [102.18446, 4.03113], [102.18741, 4.03228], [102.19065, 4.02931], [102.19426, 4.02994], [102.19452, 4.03689], [102.19974, 4.0326], [102.20243, 4.03391], [102.2026, 4.03274], [102.20697, 4.03516], [102.2073, 4.03773], [102.21084, 4.04165], [102.21572, 4.03945]]]]}}, {"type": "Feature", "properties": {"state": "Pahang", "seat": "N.11 Pulau Tawar", "seat_name": "Pulau Tawar"}, "geometry": {"type": "MultiPolygon", "coordinates": [[[[102.66272, 4.05912], [102.66568, 4.05382], [102.67858, 4.04705], [102.6845, 4.04578], [102.70375, 4.03201], [102.7155, 4.03683], [102.71998, 4.03313], [102.71803, 4.01477], [102.72066, 4.01332], [102.7383, 4.0099], [102.7479, 4.01454], [102.75567, 4.00979], [102.76145, 4.01231], [102.78227, 3.99251], [102.80256, 3.96638], [102.79929, 3.9594], [102.79241, 3.95185], [102.79205, 3.94402], [102.78982, 3.94295], [102.7869, 3.94594], [102.78496, 3.94106], [102.78241, 3.9443], [102.77983, 3.94345], [102.77826, 3.945], [102.77657, 3.94245], [102.77221, 3.9414], [102.76946, 3.93525], [102.76953, 3.93121], [102.76509, 3.92862], [102.76312, 3.92925], [102.75904, 3.92022], [102.75237, 3.92121], [102.75224, 3.91905], [102.75478, 3.91836], [102.75422, 3.91393], [102.74924, 3.91048], [102.74757, 3.91126], [102.74617, 3.9097], [102.74464, 3.91155], [102.74465, 3.90985], [102.74074, 3.90863], [102.7435, 3.90125], [102.74419, 3.89462], [102.74306, 3.89201], [102.74674, 3.88576], [102.74665, 3.88372], [102.74482, 3.88395], [102.74552, 3.87921], [102.73879, 3.87842], [102.7296, 3.87084], [102.72736, 3.86373], [102.7281, 3.85885], [102.72519, 3.85443], [102.71706, 3.85285], [102.7165, 3.85103], [102.7127, 3.84998], [102.71063, 3.84553], [102.71326, 3.83822], [102.71101, 3.83354], [102.69267, 3.83942], [102.68561, 3.83986], [102.67177, 3.84632], [102.65841, 3.84403], [102.65327, 3.85194], [102.6462, 3.85236], [102.6453, 3.85092], [102.639, 3.84958], [102.64152, 3.84051], [102.62739, 3.83612], [102.62718, 3.8378], [102.62234, 3.83683], [102.62088, 3.83488], [102.6195, 3.83564], [102.616, 3.83322], [102.61685, 3.83176], [102.61528, 3.83092], [102.61451, 3.82857], [102.61571, 3.8278], [102.61383, 3.82507], [102.60672, 3.8241], [102.60672, 3.82578], [102.60452, 3.82471], [102.60257, 3.82824], [102.60117, 3.82765], [102.60222, 3.82968], [102.59453, 3.83889], [102.59373, 3.83727], [102.59189, 3.83773], [102.58267, 3.84517], [102.56186, 3.83278], [102.56566, 3.82562], [102.56629, 3.81376], [102.55029, 3.80777], [102.54477, 3.80286], [102.54112, 3.80405], [102.54059, 3.80169], [102.53723, 3.80264], [102.53227, 3.79978], [102.52314, 3.8055], [102.52314, 3.80715], [102.52121, 3.80721], [102.52141, 3.80933], [102.51797, 3.80982], [102.51607, 3.81342], [102.51469, 3.81143], [102.51406, 3.81486], [102.50897, 3.81622], [102.49606, 3.8103], [102.49685, 3.8091], [102.49295, 3.80628], [102.49215, 3.80215], [102.49018, 3.80115], [102.48967, 3.79557], [102.48758, 3.79459], [102.48931, 3.792], [102.48622, 3.78795], [102.48796, 3.78612], [102.48685, 3.78446], [102.48835, 3.77716], [102.4852, 3.77466], [102.48597, 3.77367], [102.48173, 3.77309], [102.48274, 3.7714], [102.48032, 3.77114], [102.47984, 3.76757], [102.47726, 3.76812], [102.48022, 3.76601], [102.47581, 3.76379], [102.47608, 3.76084], [102.47349, 3.76007], [102.47369, 3.75711], [102.47156, 3.75662], [102.47234, 3.755], [102.47019, 3.75431], [102.47066, 3.75299], [102.46376, 3.75068], [102.46202, 3.75195], [102.45995, 3.74771], [102.45804, 3.74828], [102.45822, 3.74343], [102.45479, 3.74059], [102.45535, 3.73704], [102.4535, 3.73409], [102.45529, 3.73205], [102.45602, 3.72629], [102.45248, 3.72327], [102.4534, 3.72078], [102.44499, 3.72306], [102.44317, 3.7222], [102.4438, 3.724], [102.44121, 3.7258], [102.43957, 3.72517], [102.44049, 3.72932], [102.4381, 3.73044], [102.43754, 3.73357], [102.4389, 3.73441], [102.4377, 3.73753], [102.43863, 3.74018], [102.42907, 3.74367], [102.42715, 3.74223], [102.42601, 3.74328], [102.41703, 3.74252], [102.41327, 3.74863], [102.40804, 3.74682], [102.40803, 3.7488], [102.39865, 3.74748], [102.39847, 3.74968], [102.39244, 3.7497], [102.39241, 3.75571], [102.38921, 3.7654], [102.36516, 3.81297], [102.36515, 3.81598], [102.36599, 3.81697], [102.36714, 3.81569], [102.39445, 3.81131], [102.3939, 3.80933], [102.38912, 3.80871], [102.3911, 3.80401], [102.4034, 3.80148], [102.41738, 3.80187], [102.41894, 3.80361], [102.42391, 3.80454], [102.41953, 3.81837], [102.41476, 3.81929], [102.40448, 3.81594], [102.40198, 3.81792], [102.40185, 3.82162], [102.41423, 3.82866], [102.42557, 3.84903], [102.43184, 3.85151], [102.43917, 3.85203], [102.44221, 3.85398], [102.44703, 3.86863], [102.44276, 3.87447], [102.42827, 3.87438], [102.41943, 3.87708], [102.41708, 3.8806], [102.41792, 3.88456], [102.4142, 3.88387], [102.41303, 3.88561], [102.41203, 3.89208], [102.41689, 3.89602], [102.41702, 3.89843], [102.42342, 3.89413], [102.42784, 3.90007], [102.43226, 3.90743], [102.43205, 3.91735], [102.4349, 3.91853], [102.43402, 3.92535], [102.43817, 3.9238], [102.43755, 3.92654], [102.44124, 3.92709], [102.43961, 3.92968], [102.44061, 3.93221], [102.44445, 3.93287], [102.46099, 3.94191], [102.46639, 3.94225], [102.46817, 3.94413], [102.46796, 3.95453], [102.47202, 3.96577], [102.47471, 3.98168], [102.48167, 3.99097], [102.49433, 3.99808], [102.49804, 3.99772], [102.50638, 3.98896], [102.51616, 3.98997], [102.51942, 3.98771], [102.52351, 3.98026], [102.52702, 3.97797], [102.53042, 3.97821], [102.53283, 3.98161], [102.53367, 3.9867], [102.53233, 3.99579], [102.53581, 4.005], [102.54606, 4.01229], [102.54775, 4.0163], [102.54688, 4.02854], [102.54325, 4.03617], [102.54347, 4.05556], [102.54671, 4.05874], [102.55727, 4.06088], [102.57017, 4.05857], [102.57481, 4.06473], [102.5879, 4.06835], [102.58747, 4.07366], [102.58895, 4.07599], [102.59106, 4.07621], [102.58449, 4.08872], [102.58427, 4.0936], [102.58194, 4.09826], [102.5834, 4.11461], [102.58106, 4.12479], [102.58568, 4.14771], [102.58927, 4.14708], [102.59986, 4.13394], [102.60261, 4.12609], [102.61763, 4.11805], [102.62398, 4.11127], [102.6422, 4.07914], [102.66272, 4.05912]]]]}}, {"type": "Feature", "properties": {"state": "Pahang", "seat": "N.12 Beserah", "seat_name": "Beserah"}, "geometry": {"type": "MultiPolygon", "coordinates": [[[[103.32848, 4.18759], [103.3336, 4.18972], [103.33504, 4.18702], [103.34209, 4.18233], [103.34201, 4.17747], [103.34347, 4.17603], [103.39841, 4.17722], [103.41041, 4.18103], [103.44384, 4.18665], [103.44522, 4.18491], [103.4434, 4.17747], [103.44077, 4.17351], [103.43763, 4.1729], [103.43585, 4.17609], [103.43286, 4.17709], [103.41873, 4.1742], [103.41347, 4.1693], [103.41008, 4.15921], [103.40922, 4.13565], [103.40755, 4.13007], [103.40278, 4.1286], [103.4, 4.1231], [103.39611, 4.12523], [103.39148, 4.12288], [103.38852, 4.11659], [103.38621, 4.11515], [103.38534, 4.11121], [103.3874, 4.08024], [103.39261, 4.06207], [103.3972, 4.05399], [103.3962, 4.04658], [103.39863, 4.03767], [103.41755, 3.99455], [103.41969, 3.99494], [103.42439, 3.98699], [103.4262, 3.98737], [103.42496, 3.98509], [103.43086, 3.97666], [103.42916, 3.97602], [103.43452, 3.96786], [103.43603, 3.9665], [103.43781, 3.96718], [103.43772, 3.96526], [103.44081, 3.96463], [103.44148, 3.96285], [103.43383, 3.96063], [103.4346, 3.95665], [103.43018, 3.95629], [103.42867, 3.95899], [103.41485, 3.9657], [103.40999, 3.9672], [103.40153, 3.96656], [103.38913, 3.95411], [103.38071, 3.94155], [103.3809, 3.93943], [103.37624, 3.93506], [103.37246, 3.92436], [103.36831, 3.91858], [103.36554, 3.90368], [103.3669, 3.89021], [103.36559, 3.88227], [103.369, 3.86117], [103.37593, 3.83421], [103.37478, 3.82933], [103.37725, 3.81939], [103.37648, 3.8176], [103.37302, 3.81904], [103.37135, 3.81689], [103.36731, 3.82262], [103.36583, 3.82114], [103.36368, 3.82331], [103.36109, 3.82102], [103.35647, 3.82864], [103.34422, 3.8266], [103.34274, 3.8296], [103.33219, 3.823], [103.33186, 3.82907], [103.33058, 3.83121], [103.32833, 3.83122], [103.33134, 3.83396], [103.32994, 3.83391], [103.33043, 3.83574], [103.32875, 3.83571], [103.32894, 3.8371], [103.33028, 3.83642], [103.3333, 3.83874], [103.33322, 3.84148], [103.33814, 3.84144], [103.34013, 3.843], [103.34078, 3.83933], [103.33932, 3.83835], [103.33977, 3.83705], [103.34104, 3.83816], [103.34207, 3.83504], [103.34359, 3.83566], [103.34247, 3.84007], [103.34645, 3.83739], [103.34798, 3.83875], [103.34188, 3.84561], [103.3395, 3.84571], [103.34664, 3.84987], [103.3462, 3.85302], [103.3413, 3.85645], [103.33537, 3.86614], [103.33534, 3.87257], [103.33374, 3.87465], [103.32663, 3.87977], [103.31924, 3.87114], [103.31058, 3.88109], [103.31383, 3.88374], [103.31308, 3.88647], [103.31748, 3.89254], [103.31699, 3.89893], [103.31212, 3.90469], [103.30739, 3.91568], [103.30416, 3.91842], [103.30519, 3.92116], [103.31034, 3.92404], [103.31694, 3.92542], [103.32351, 3.92981], [103.32731, 3.92956], [103.32708, 3.93618], [103.3339, 3.94887], [103.33502, 3.94853], [103.33306, 3.95759], [103.33478, 3.95858], [103.33544, 3.96418], [103.33177, 3.97272], [103.3309, 3.97918], [103.33327, 3.98256], [103.3313, 3.98558], [103.32863, 3.98586], [103.32575, 3.99294], [103.32694, 3.9955], [103.32535, 3.99937], [103.32548, 4.02428], [103.32918, 4.03545], [103.32513, 4.04982], [103.32001, 4.05596], [103.31772, 4.06172], [103.3151, 4.06218], [103.31299, 4.06035], [103.30702, 4.0619], [103.30023, 4.08132], [103.3009, 4.08625], [103.30427, 4.08696], [103.30649, 4.09408], [103.30523, 4.09982], [103.30734, 4.1068], [103.30747, 4.11856], [103.31072, 4.1211], [103.32319, 4.12494], [103.32432, 4.14067], [103.32938, 4.14079], [103.32724, 4.14644], [103.32788, 4.14959], [103.32447, 4.15501], [103.32724, 4.16094], [103.32211, 4.163], [103.32219, 4.16739], [103.32019, 4.16901], [103.32115, 4.17948], [103.31733, 4.186], [103.31876, 4.19313], [103.32233, 4.19361], [103.32396, 4.18891], [103.32848, 4.18759]]]]}}, {"type": "Feature", "properties": {"state": "Pahang", "seat": "N.13 Semambu", "seat_name": "Semambu"}, "geometry": {"type": "MultiPolygon", "coordinates": [[[[103.2976, 3.90481], [103.30147, 3.89881], [103.30094, 3.89297], [103.31924, 3.87114], [103.32663, 3.87977], [103.33534, 3.87257], [103.33537, 3.86614], [103.3413, 3.85645], [103.3462, 3.85302], [103.34664, 3.84987], [103.3395, 3.84571], [103.34188, 3.84561], [103.34798, 3.83875], [103.34645, 3.83739], [103.34247, 3.84007], [103.34359, 3.83566], [103.34207, 3.83504], [103.34104, 3.83816], [103.33977, 3.83705], [103.33932, 3.83835], [103.34078, 3.83933], [103.34013, 3.843], [103.33814, 3.84144], [103.33322, 3.84148], [103.3333, 3.83874], [103.33028, 3.83642], [103.32894, 3.8371], [103.32875, 3.83571], [103.33043, 3.83574], [103.32994, 3.83391], [103.33134, 3.83396], [103.32838, 3.83254], [103.33186, 3.82907], [103.33223, 3.82279], [103.32523, 3.82212], [103.32505, 3.818], [103.31975, 3.81066], [103.30832, 3.80074], [103.30489, 3.79576], [103.30469, 3.79258], [103.29863, 3.79448], [103.29394, 3.78835], [103.29233, 3.78953], [103.29241, 3.7954], [103.2857, 3.80164], [103.28312, 3.80216], [103.28017, 3.79659], [103.27894, 3.80318], [103.27105, 3.80494], [103.26565, 3.8097], [103.26698, 3.81592], [103.26123, 3.8202], [103.26459, 3.82868], [103.25465, 3.83362], [103.25495, 3.83583], [103.25882, 3.83927], [103.25178, 3.84299], [103.24549, 3.85794], [103.23974, 3.86053], [103.23512, 3.85672], [103.23008, 3.8583], [103.22567, 3.85746], [103.2319, 3.86931], [103.23466, 3.86715], [103.23697, 3.86911], [103.23926, 3.86763], [103.24335, 3.86795], [103.24539, 3.87079], [103.24689, 3.86948], [103.25388, 3.87921], [103.25481, 3.88276], [103.25307, 3.88328], [103.25506, 3.88655], [103.2571, 3.88601], [103.2588, 3.88238], [103.27426, 3.89102], [103.27606, 3.89423], [103.27789, 3.89403], [103.2768, 3.89422], [103.2793, 3.89747], [103.28314, 3.89759], [103.28327, 3.89978], [103.29183, 3.90259], [103.29078, 3.90339], [103.29205, 3.90395], [103.29384, 3.90229], [103.29321, 3.90353], [103.2976, 3.90481]]]]}}, {"type": "Feature", "properties": {"state": "Pahang", "seat": "N.14 Teruntum", "seat_name": "Teruntum"}, "geometry": {"type": "MultiPolygon", "coordinates": [[[[103.3435, 3.82761], [103.34908, 3.82669], [103.35647, 3.82864], [103.36109, 3.82102], [103.36368, 3.82331], [103.36583, 3.82114], [103.36731, 3.82262], [103.37135, 3.81689], [103.37302, 3.81904], [103.37508, 3.81817], [103.37198, 3.81453], [103.37382, 3.80442], [103.37203, 3.80074], [103.36591, 3.80649], [103.35591, 3.80962], [103.34858, 3.80726], [103.34473, 3.80297], [103.34139, 3.80813], [103.33787, 3.80896], [103.32552, 3.8005], [103.31977, 3.80719], [103.31623, 3.79998], [103.31212, 3.80134], [103.31079, 3.80305], [103.31975, 3.81066], [103.32509, 3.81806], [103.32523, 3.82212], [103.33223, 3.82279], [103.34274, 3.8296], [103.3435, 3.82761]]]]}}, {"type": "Feature", "properties": {"state": "Pahang", "seat": "N.15 Tanjung Lumpur", "seat_name": "Tanjung Lumpur"}, "geometry": {"type": "MultiPolygon", "coordinates": [[[[103.34391, 3.80141], [103.33121, 3.77676], [103.32807, 3.76676], [103.32443, 3.74779], [103.32772, 3.72905], [103.32078, 3.7271], [103.32178, 3.72432], [103.31047, 3.72089], [103.29922, 3.71314], [103.29413, 3.72057], [103.29439, 3.72304], [103.2928, 3.72346], [103.29477, 3.73342], [103.29172, 3.7329], [103.29074, 3.73767], [103.28813, 3.74006], [103.29068, 3.74849], [103.2879, 3.75302], [103.2894, 3.75436], [103.28839, 3.7582], [103.29074, 3.76289], [103.29304, 3.76369], [103.29498, 3.76959], [103.29155, 3.76982], [103.29046, 3.77397], [103.29338, 3.77483], [103.29721, 3.77139], [103.29888, 3.77405], [103.29165, 3.78514], [103.27662, 3.77925], [103.27184, 3.78989], [103.27214, 3.80448], [103.27894, 3.80318], [103.28033, 3.79654], [103.28312, 3.80216], [103.2857, 3.80164], [103.29241, 3.7954], [103.29233, 3.78953], [103.29394, 3.78835], [103.29863, 3.79448], [103.30469, 3.79258], [103.30489, 3.79576], [103.31079, 3.80305], [103.31623, 3.79998], [103.31977, 3.80719], [103.32552, 3.8005], [103.33476, 3.80802], [103.33971, 3.80879], [103.34361, 3.80538], [103.34391, 3.80141]]]]}}, {"type": "Feature", "properties": {"state": "Pahang", "seat": "N.16 Inderapura", "seat_name": "Inderapura"}, "geometry": {"type": "MultiPolygon", "coordinates": [[[[103.29228, 3.7838], [103.294, 3.78322], [103.29897, 3.77356], [103.2971, 3.77139], [103.29338, 3.77483], [103.29046, 3.77397], [103.29155, 3.76982], [103.29498, 3.76959], [103.29304, 3.76369], [103.29074, 3.76289], [103.28839, 3.7582], [103.2894, 3.75436], [103.2879, 3.75302], [103.29068, 3.74849], [103.28813, 3.74006], [103.29074, 3.73767], [103.29172, 3.7329], [103.29477, 3.73342], [103.29403, 3.72507], [103.29266, 3.72397], [103.29488, 3.72205], [103.29413, 3.72057], [103.29922, 3.71314], [103.31047, 3.72089], [103.32178, 3.72432], [103.32078, 3.7271], [103.32779, 3.72897], [103.33769, 3.69931], [103.34724, 3.68011], [103.37827, 3.63166], [103.39511, 3.61334], [103.39797, 3.60686], [103.3966, 3.60647], [103.39752, 3.60177], [103.39252, 3.59958], [103.38385, 3.5988], [103.38108, 3.60013], [103.37905, 3.60709], [103.37666, 3.6083], [103.37095, 3.60572], [103.36473, 3.60736], [103.35705, 3.60539], [103.32264, 3.60797], [103.32034, 3.61818], [103.31171, 3.63136], [103.30579, 3.6364], [103.30326, 3.65041], [103.27559, 3.7038], [103.27563, 3.70965], [103.2718, 3.72451], [103.26111, 3.74873], [103.26406, 3.76361], [103.25764, 3.7722], [103.29165, 3.78514], [103.29228, 3.7838]]]]}}, {"type": "Feature", "properties": {"state": "Pahang", "seat": "N.17 Sungai Lembing", "seat_name": "Sungai Lembing"}, "geometry": {"type": "MultiPolygon", "coordinates": [[[[103.00647, 4.12899], [103.01419, 4.12417], [103.01408, 4.12123], [103.01773, 4.11687], [103.02122, 4.11731], [103.02432, 4.12108], [103.02948, 4.12048], [103.03331, 4.11717], [103.04484, 4.11644], [103.04649, 4.11416], [103.05089, 4.11556], [103.05321, 4.11878], [103.05655, 4.11524], [103.0627, 4.1167], [103.0666, 4.11196], [103.07159, 4.11352], [103.07412, 4.10719], [103.07353, 4.09634], [103.07521, 4.09428], [103.07698, 4.09324], [103.08158, 4.09626], [103.08737, 4.09527], [103.09348, 4.08909], [103.09863, 4.08786], [103.10291, 4.09232], [103.10649, 4.08734], [103.11388, 4.08451], [103.1175, 4.08472], [103.11961, 4.08223], [103.1189, 4.08092], [103.1218, 4.08094], [103.12457, 4.07712], [103.12206, 4.0754], [103.12196, 4.07089], [103.12708, 4.07099], [103.1311, 4.06677], [103.13279, 4.06225], [103.13147, 4.05766], [103.13262, 4.05503], [103.13439, 4.05465], [103.13454, 4.05124], [103.13663, 4.05161], [103.13711, 4.05435], [103.13906, 4.0556], [103.14285, 4.05379], [103.14347, 4.04898], [103.14715, 4.04996], [103.1492, 4.04587], [103.15239, 4.04613], [103.15255, 4.04801], [103.1563, 4.04608], [103.15813, 4.04039], [103.16141, 4.04004], [103.16047, 4.03837], [103.1624, 4.03346], [103.16784, 4.03009], [103.17547, 4.02903], [103.17875, 4.0304], [103.18134, 4.02903], [103.18577, 4.03099], [103.19018, 4.02709], [103.19393, 4.03882], [103.19913, 4.03966], [103.20057, 4.03774], [103.20396, 4.03713], [103.20275, 4.02752], [103.20641, 4.01948], [103.20668, 4.01318], [103.20993, 4.01279], [103.21043, 4.01126], [103.21767, 4.0108], [103.21749, 4.01231], [103.22294, 4.01523], [103.22483, 4.01914], [103.22836, 4.01823], [103.23107, 4.01951], [103.23375, 4.01656], [103.23753, 4.01847], [103.24397, 4.01673], [103.24424, 4.01516], [103.24189, 4.01478], [103.24155, 4.00507], [103.24715, 3.99591], [103.24621, 3.99413], [103.24802, 3.99003], [103.25204, 3.99022], [103.25431, 3.98697], [103.26362, 3.9831], [103.26608, 3.97955], [103.27076, 3.97687], [103.27606, 3.96285], [103.27516, 3.96124], [103.26903, 3.96009], [103.26913, 3.95517], [103.26449, 3.94999], [103.27198, 3.94559], [103.27512, 3.93917], [103.27867, 3.94003], [103.29746, 3.90507], [103.29321, 3.90353], [103.29384, 3.90229], [103.29205, 3.90395], [103.29078, 3.90339], [103.29183, 3.90259], [103.28327, 3.89978], [103.28314, 3.89759], [103.28217, 3.8984], [103.28088, 3.89664], [103.2793, 3.89747], [103.2768, 3.89422], [103.27789, 3.89403], [103.27606, 3.89423], [103.27426, 3.89102], [103.2588, 3.88238], [103.2571, 3.88601], [103.25506, 3.88655], [103.25307, 3.88328], [103.25481, 3.88276], [103.25388, 3.87921], [103.24689, 3.86948], [103.24539, 3.87079], [103.24335, 3.86795], [103.23926, 3.86763], [103.23697, 3.86911], [103.23466, 3.86715], [103.2319, 3.86931], [103.22567, 3.85746], [103.22039, 3.8538], [103.21256, 3.8519], [103.20487, 3.85744], [103.19755, 3.85361], [103.19248, 3.84771], [103.1902, 3.84708], [103.18354, 3.85448], [103.19096, 3.86994], [103.19034, 3.87616], [103.18752, 3.87878], [103.18592, 3.88398], [103.18009, 3.88731], [103.17735, 3.8929], [103.17035, 3.89395], [103.17096, 3.90158], [103.16597, 3.91699], [103.17753, 3.9386], [103.14239, 3.93946], [103.14134, 3.93388], [103.12723, 3.92543], [103.13441, 3.91271], [103.13247, 3.9085], [103.12788, 3.90583], [103.12799, 3.90452], [103.13149, 3.90458], [103.13146, 3.90232], [103.13675, 3.90034], [103.13673, 3.89717], [103.12761, 3.89414], [103.11212, 3.86511], [103.114, 3.859], [103.11167, 3.85193], [103.11051, 3.83981], [103.10326, 3.81633], [103.09893, 3.8115], [103.09085, 3.80702], [103.0878, 3.8089], [103.08148, 3.80666], [103.07539, 3.799], [103.06778, 3.79876], [103.06778, 3.79499], [103.06568, 3.79323], [103.05631, 3.79122], [103.04916, 3.79545], [103.04423, 3.8025], [103.03977, 3.80403], [103.03122, 3.81179], [103.02815, 3.81496], [103.02643, 3.82027], [103.02347, 3.82143], [103.01746, 3.81872], [103.00748, 3.80511], [102.99956, 3.8049], [102.99269, 3.8028], [102.9879, 3.80426], [102.98353, 3.80007], [102.97748, 3.80592], [102.97685, 3.81157], [102.96914, 3.81826], [102.96685, 3.81804], [102.95851, 3.82954], [102.95413, 3.83226], [102.9535, 3.83707], [102.95142, 3.83916], [102.95183, 3.84209], [102.94662, 3.84501], [102.94557, 3.84794], [102.94723, 3.85568], [102.93576, 3.87241], [102.922, 3.87972], [102.91824, 3.89101], [102.91574, 3.89352], [102.91032, 3.89581], [102.90199, 3.89538], [102.88719, 3.90855], [102.88406, 3.91419], [102.88364, 3.91838], [102.88592, 3.92236], [102.89092, 3.9255], [102.89284, 3.94234], [102.89013, 3.94813], [102.87914, 3.94106], [102.87571, 3.94413], [102.86976, 3.94594], [102.86723, 3.94883], [102.86091, 3.96032], [102.86234, 3.97577], [102.86088, 3.98594], [102.86464, 3.99118], [102.86463, 3.99583], [102.86753, 3.99991], [102.88026, 4.00836], [102.88808, 4.00633], [102.89561, 4.00663], [102.90519, 4.01378], [102.91043, 4.01306], [102.91815, 4.0376], [102.91363, 4.05389], [102.9156, 4.06222], [102.91595, 4.07398], [102.9299, 4.09784], [102.93894, 4.10371], [102.95922, 4.11228], [102.96576, 4.11848], [102.97159, 4.12023], [102.97559, 4.11902], [102.97764, 4.1221], [102.98052, 4.12289], [102.98327, 4.12208], [102.9857, 4.11878], [102.98603, 4.12175], [102.992, 4.12472], [102.99358, 4.12928], [103.00162, 4.12773], [103.00647, 4.12899]]]]}}, {"type": "Feature", "properties": {"state": "Pahang", "seat": "N.18 Lepar", "seat_name": "Lepar"}, "geometry": {"type": "MultiPolygon", "coordinates": [[[[102.82343, 3.94393], [102.83109, 3.93238], [102.84146, 3.93425], [102.85647, 3.94856], [102.86109, 3.9596], [102.86976, 3.94594], [102.87571, 3.94413], [102.87914, 3.94106], [102.89013, 3.94813], [102.89284, 3.94234], [102.89104, 3.93365], [102.89217, 3.92885], [102.89092, 3.9255], [102.88592, 3.92236], [102.88364, 3.91838], [102.88406, 3.91419], [102.88719, 3.90855], [102.90199, 3.89538], [102.91032, 3.89581], [102.91574, 3.89352], [102.91824, 3.89101], [102.922, 3.87972], [102.93576, 3.87241], [102.94723, 3.85568], [102.94557, 3.84794], [102.94662, 3.84501], [102.95183, 3.84209], [102.95142, 3.83916], [102.9535, 3.83707], [102.95413, 3.83226], [102.95851, 3.82954], [102.96685, 3.81804], [102.96914, 3.81826], [102.97685, 3.81157], [102.97748, 3.80592], [102.98353, 3.80007], [102.9879, 3.80426], [102.99269, 3.8028], [102.99956, 3.8049], [103.00748, 3.80511], [103.01746, 3.81872], [103.02347, 3.82143], [103.02643, 3.82027], [103.02815, 3.81496], [103.03379, 3.80944], [103.04716, 3.7998], [103.04916, 3.79545], [103.05631, 3.79122], [103.06568, 3.79323], [103.06778, 3.79499], [103.06778, 3.79876], [103.07539, 3.799], [103.07926, 3.80536], [103.0878, 3.8089], [103.09085, 3.80702], [103.09893, 3.8115], [103.10326, 3.81633], [103.11051, 3.83981], [103.11167, 3.85193], [103.115, 3.85087], [103.14013, 3.81752], [103.14729, 3.80341], [103.14702, 3.80136], [103.15042, 3.80153], [103.1588, 3.78974], [103.15828, 3.78842], [103.16058, 3.78823], [103.16015, 3.78606], [103.16228, 3.78615], [103.16311, 3.78144], [103.1644, 3.78203], [103.16835, 3.77868], [103.16831, 3.77636], [103.17864, 3.77268], [103.19929, 3.74717], [103.1993, 3.74542], [103.194, 3.74379], [103.18998, 3.74698], [103.1725, 3.73675], [103.17387, 3.72389], [103.17204, 3.72136], [103.17183, 3.71502], [103.16609, 3.7086], [103.16507, 3.7039], [103.16647, 3.69809], [103.16385, 3.69094], [103.15591, 3.68685], [103.14576, 3.68557], [103.1378, 3.68731], [103.13675, 3.6915], [103.13396, 3.69353], [103.11985, 3.69486], [103.11776, 3.68587], [103.10872, 3.68643], [103.10645, 3.6725], [103.10189, 3.66897], [103.09967, 3.66186], [103.10443, 3.65358], [103.1039, 3.65209], [103.10907, 3.64959], [103.10784, 3.6479], [103.10937, 3.64362], [103.11491, 3.63911], [103.11281, 3.63726], [103.11456, 3.63571], [103.11465, 3.62927], [103.11288, 3.6286], [103.1129, 3.62579], [103.11559, 3.62362], [103.11374, 3.62312], [103.11597, 3.6222], [103.11622, 3.62042], [103.05419, 3.62986], [103.04864, 3.63119], [103.04671, 3.63423], [103.01165, 3.63922], [102.92203, 3.65801], [102.90989, 3.66983], [102.86718, 3.69807], [102.87416, 3.7107], [102.86458, 3.71904], [102.8457, 3.72093], [102.84292, 3.70901], [102.84122, 3.70768], [102.83881, 3.70932], [102.83616, 3.70778], [102.83478, 3.70425], [102.82834, 3.69843], [102.82412, 3.70048], [102.82357, 3.70808], [102.82746, 3.71852], [102.82384, 3.71781], [102.81252, 3.72289], [102.80186, 3.73393], [102.80004, 3.74099], [102.80327, 3.75093], [102.80125, 3.75449], [102.79761, 3.75555], [102.79829, 3.75862], [102.7958, 3.76183], [102.79328, 3.76218], [102.78271, 3.75694], [102.76843, 3.7558], [102.76206, 3.74967], [102.75229, 3.75723], [102.75151, 3.75888], [102.75316, 3.76247], [102.74604, 3.7713], [102.73816, 3.77561], [102.7345, 3.78269], [102.73851, 3.78835], [102.73103, 3.7973], [102.72863, 3.79796], [102.72334, 3.80553], [102.71395, 3.80954], [102.71232, 3.81162], [102.71152, 3.81993], [102.71308, 3.8267], [102.71101, 3.83354], [102.71326, 3.83822], [102.71098, 3.84675], [102.7127, 3.84998], [102.7165, 3.85103], [102.71706, 3.85285], [102.72519, 3.85443], [102.7281, 3.85885], [102.72736, 3.86373], [102.7296, 3.87084], [102.73879, 3.87842], [102.74552, 3.87921], [102.74482, 3.88395], [102.74665, 3.88372], [102.74674, 3.88576], [102.74306, 3.89201], [102.74419, 3.89462], [102.7435, 3.90125], [102.74074, 3.90863], [102.74465, 3.90985], [102.74464, 3.91155], [102.74617, 3.9097], [102.74757, 3.91126], [102.74924, 3.91048], [102.75422, 3.91393], [102.75478, 3.91836], [102.75224, 3.91905], [102.75237, 3.92121], [102.75904, 3.92022], [102.76312, 3.92925], [102.76509, 3.92862], [102.76953, 3.93121], [102.76946, 3.93525], [102.77221, 3.9414], [102.77657, 3.94245], [102.77826, 3.945], [102.77983, 3.94345], [102.78241, 3.9443], [102.78496, 3.94106], [102.7869, 3.94594], [102.78982, 3.94295], [102.79205, 3.94402], [102.79241, 3.95185], [102.79929, 3.9594], [102.80256, 3.96638], [102.81833, 3.95284], [102.82343, 3.94393]]]]}}, {"type": "Feature", "properties": {"state": "Pahang", "seat": "N.19 Panching", "seat_name": "Panching"}, "geometry": {"type": "MultiPolygon", "coordinates": [[[[103.14478, 3.93938], [103.17753, 3.9386], [103.16597, 3.91699], [103.17096, 3.90158], [103.17035, 3.89395], [103.17735, 3.8929], [103.18009, 3.88731], [103.18592, 3.88398], [103.18752, 3.87878], [103.19034, 3.87616], [103.19096, 3.86994], [103.18354, 3.85448], [103.18894, 3.84764], [103.192, 3.84738], [103.19706, 3.85325], [103.20501, 3.85747], [103.21326, 3.85182], [103.21976, 3.85349], [103.22758, 3.85812], [103.23557, 3.85684], [103.23941, 3.8605], [103.24599, 3.85738], [103.25178, 3.84299], [103.25885, 3.83919], [103.25495, 3.83583], [103.25465, 3.83362], [103.26465, 3.82853], [103.26134, 3.81952], [103.26698, 3.81592], [103.2654, 3.81017], [103.27214, 3.80448], [103.27184, 3.78989], [103.27662, 3.77925], [103.25519, 3.77158], [103.22863, 3.76943], [103.21857, 3.76524], [103.21218, 3.78189], [103.20707, 3.7871], [103.2053, 3.78669], [103.19599, 3.79179], [103.18903, 3.78959], [103.18903, 3.78385], [103.17848, 3.78391], [103.17848, 3.78184], [103.16973, 3.77832], [103.16723, 3.7786], [103.1644, 3.78203], [103.16311, 3.78144], [103.16228, 3.78615], [103.16015, 3.78606], [103.16058, 3.78823], [103.15828, 3.78842], [103.1588, 3.78974], [103.15042, 3.80153], [103.14702, 3.80136], [103.14729, 3.80341], [103.14013, 3.81752], [103.13557, 3.82193], [103.12917, 3.83337], [103.115, 3.85087], [103.11167, 3.85193], [103.114, 3.859], [103.11212, 3.86511], [103.12315, 3.88787], [103.12761, 3.89414], [103.13673, 3.89717], [103.13675, 3.90034], [103.13146, 3.90232], [103.13149, 3.90458], [103.12799, 3.90452], [103.12788, 3.90583], [103.13247, 3.9085], [103.13441, 3.91271], [103.12723, 3.92543], [103.14134, 3.93388], [103.14239, 3.93946], [103.14478, 3.93938]]]]}}, {"type": "Feature", "properties": {"state": "Pahang", "seat": "N.20 Pulau Manis", "seat_name": "Pulau Manis"}, "geometry": {"type": "MultiPolygon", "coordinates": [[[[103.19772, 3.79105], [103.2053, 3.78669], [103.20707, 3.7871], [103.21218, 3.78189], [103.21857, 3.76524], [103.22863, 3.76943], [103.24581, 3.76998], [103.25764, 3.7722], [103.26154, 3.76811], [103.26412, 3.76301], [103.26111, 3.74873], [103.2718, 3.72451], [103.27563, 3.70965], [103.27559, 3.7038], [103.30326, 3.65041], [103.30579, 3.6364], [103.31171, 3.63136], [103.32034, 3.61818], [103.32226, 3.6082], [103.34827, 3.60628], [103.34787, 3.60391], [103.34259, 3.60058], [103.34236, 3.59704], [103.34016, 3.59782], [103.34161, 3.5809], [103.33953, 3.56615], [103.33495, 3.56426], [103.33009, 3.55622], [103.32726, 3.54671], [103.32676, 3.53681], [103.32491, 3.5337], [103.32075, 3.53021], [103.31404, 3.52848], [103.29237, 3.53147], [103.28732, 3.53369], [103.27731, 3.54788], [103.27026, 3.55115], [103.26261, 3.54978], [103.25065, 3.54157], [103.2413, 3.53973], [103.22927, 3.54747], [103.21141, 3.55096], [103.20312, 3.54535], [103.19675, 3.53236], [103.18955, 3.52498], [103.17767, 3.52053], [103.16158, 3.51713], [103.1618, 3.51562], [103.1434, 3.50734], [103.13371, 3.4966], [103.12627, 3.49226], [103.1251, 3.49389], [103.12314, 3.49148], [103.11109, 3.49064], [103.09417, 3.4942], [103.07598, 3.48641], [103.0693, 3.47929], [103.06769, 3.46599], [103.06052, 3.45455], [103.04672, 3.45696], [103.02952, 3.46969], [103.01624, 3.47211], [103.01581, 3.47354], [103.00995, 3.47339], [103.00658, 3.47669], [103.00072, 3.47639], [102.97567, 3.48487], [102.94639, 3.48975], [102.94582, 3.49395], [102.94015, 3.49478], [102.9403, 3.49917], [102.93504, 3.49978], [102.93531, 3.50195], [102.93398, 3.50225], [102.93375, 3.50055], [102.92396, 3.50421], [102.92317, 3.50259], [102.91345, 3.50044], [102.9142, 3.49678], [102.91273, 3.49449], [102.9003, 3.49234], [102.8942, 3.48872], [102.89104, 3.46858], [102.89204, 3.45801], [102.88711, 3.45033], [102.87665, 3.4493], [102.86164, 3.4594], [102.85659, 3.46613], [102.85244, 3.47593], [102.86482, 3.4912], [102.87137, 3.51212], [102.8685, 3.52113], [102.87383, 3.52591], [102.88187, 3.524], [102.88848, 3.53101], [102.89363, 3.53384], [102.89755, 3.534], [102.89781, 3.53634], [102.90012, 3.53652], [102.90012, 3.53792], [102.90301, 3.53791], [102.90285, 3.55225], [102.90011, 3.56307], [102.9018, 3.56959], [102.90046, 3.57239], [102.90492, 3.57366], [102.90521, 3.57694], [102.9215, 3.59291], [102.9235, 3.59672], [102.92347, 3.60497], [102.91836, 3.61932], [102.92201, 3.63587], [102.91822, 3.64809], [102.91925, 3.65467], [102.92143, 3.65747], [103.01165, 3.63922], [103.04671, 3.63423], [103.04864, 3.63119], [103.05419, 3.62986], [103.11622, 3.62042], [103.11597, 3.6222], [103.11374, 3.62312], [103.11559, 3.62362], [103.1129, 3.62579], [103.11288, 3.6286], [103.11465, 3.62927], [103.11456, 3.63571], [103.11281, 3.63726], [103.11491, 3.63911], [103.10937, 3.64362], [103.10784, 3.6479], [103.10907, 3.64959], [103.1039, 3.65209], [103.10443, 3.65358], [103.09967, 3.66186], [103.10189, 3.66897], [103.10645, 3.6725], [103.10872, 3.68643], [103.11776, 3.68587], [103.11985, 3.69486], [103.13396, 3.69353], [103.13675, 3.6915], [103.1378, 3.68731], [103.14576, 3.68557], [103.15591, 3.68685], [103.16463, 3.69164], [103.16649, 3.69825], [103.16507, 3.7039], [103.16609, 3.7086], [103.17183, 3.71502], [103.17204, 3.72136], [103.17442, 3.72694], [103.1725, 3.73675], [103.18998, 3.74698], [103.194, 3.74379], [103.1993, 3.74542], [103.19929, 3.74717], [103.17864, 3.77268], [103.17689, 3.77265], [103.1754, 3.77488], [103.17383, 3.77346], [103.16948, 3.7755], [103.16835, 3.77868], [103.17669, 3.78079], [103.17848, 3.78184], [103.17848, 3.78391], [103.18903, 3.78385], [103.18903, 3.78959], [103.19599, 3.79179], [103.19772, 3.79105]]]]}}, {"type": "Feature", "properties": {"state": "Pahang", "seat": "N.21 Peramu Jaya", "seat_name": "Peramu Jaya"}, "geometry": {"type": "MultiPolygon", "coordinates": [[[[103.3793, 3.60639], [103.38108, 3.60013], [103.38385, 3.5988], [103.39252, 3.59958], [103.39752, 3.60177], [103.3966, 3.60647], [103.39797, 3.60686], [103.39963, 3.60275], [103.40119, 3.60138], [103.40232, 3.60246], [103.44089, 3.5525], [103.46199, 3.53348], [103.47407, 3.51407], [103.47638, 3.506], [103.47451, 3.50263], [103.46799, 3.49758], [103.46592, 3.49146], [103.46179, 3.48782], [103.45711, 3.47268], [103.45661, 3.46101], [103.45271, 3.4474], [103.44843, 3.43947], [103.44334, 3.43777], [103.44059, 3.43957], [103.43989, 3.43806], [103.43095, 3.41104], [103.42513, 3.37568], [103.40201, 3.37405], [103.35368, 3.3742], [103.3597, 3.40398], [103.37672, 3.46274], [103.381, 3.46206], [103.38361, 3.4646], [103.38574, 3.46446], [103.38463, 3.46589], [103.38539, 3.46917], [103.38137, 3.4719], [103.38555, 3.47947], [103.38678, 3.49053], [103.38316, 3.49301], [103.37938, 3.49059], [103.37602, 3.49616], [103.37345, 3.49548], [103.37294, 3.49693], [103.36763, 3.49259], [103.36773, 3.49526], [103.37693, 3.50449], [103.38362, 3.50525], [103.38554, 3.50871], [103.39166, 3.5077], [103.38494, 3.52078], [103.37465, 3.5311], [103.36673, 3.52966], [103.35887, 3.5303], [103.34905, 3.53381], [103.34575, 3.53691], [103.34287, 3.54711], [103.34564, 3.56114], [103.34347, 3.56471], [103.33953, 3.56615], [103.34161, 3.5809], [103.34016, 3.59782], [103.34236, 3.59704], [103.34259, 3.60058], [103.34787, 3.60391], [103.34827, 3.60628], [103.35705, 3.60539], [103.36473, 3.60736], [103.37095, 3.60572], [103.37666, 3.6083], [103.3793, 3.60639]]]]}}, {"type": "Feature", "properties": {"state": "Pahang", "seat": "N.22 Bebar", "seat_name": "Bebar"}, "geometry": {"type": "MultiPolygon", "coordinates": [[[[103.36487, 3.52963], [103.37465, 3.5311], [103.3769, 3.52935], [103.38562, 3.51982], [103.39166, 3.5077], [103.38554, 3.50871], [103.38362, 3.50525], [103.37693, 3.50449], [103.36773, 3.49526], [103.36763, 3.49259], [103.37294, 3.49693], [103.37345, 3.49548], [103.37602, 3.49616], [103.37938, 3.49059], [103.38316, 3.49301], [103.38678, 3.49053], [103.38555, 3.47947], [103.38137, 3.4719], [103.38539, 3.46917], [103.38463, 3.46589], [103.38574, 3.46446], [103.38361, 3.4646], [103.381, 3.46206], [103.37672, 3.46274], [103.3597, 3.40398], [103.35368, 3.3742], [103.40201, 3.37405], [103.42526, 3.37572], [103.42369, 3.37129], [103.42335, 3.35674], [103.42131, 3.35541], [103.42148, 3.3448], [103.43105, 3.29057], [103.44122, 3.25185], [103.44669, 3.21216], [103.44648, 3.1921], [103.44387, 3.16725], [103.44837, 3.12726], [103.44798, 3.10754], [103.4447, 3.08136], [103.44081, 3.06912], [103.43907, 3.05488], [103.43363, 3.04993], [103.43211, 3.04164], [103.43509, 2.97425], [103.43299, 2.96354], [103.42968, 2.96045], [103.43022, 2.95253], [103.36283, 2.96612], [103.33424, 2.96595], [103.33421, 2.96869], [103.26447, 2.96883], [103.255, 2.96829], [103.25503, 2.96551], [103.22597, 2.96575], [103.21763, 2.97531], [103.22235, 2.97566], [103.21857, 2.98034], [103.2185, 2.98837], [103.22152, 2.99058], [103.2207, 2.99264], [103.21711, 2.98999], [103.21713, 2.998], [103.21351, 2.99801], [103.21352, 3.0002], [103.21634, 3.00248], [103.21397, 3.00505], [103.21649, 3.00925], [103.21652, 3.01622], [103.23021, 3.01632], [103.23263, 3.02078], [103.22228, 3.03659], [103.2141, 3.03716], [103.21399, 3.04051], [103.21143, 3.04231], [103.20746, 3.04232], [103.2038, 3.03931], [103.19872, 3.04518], [103.19146, 3.04538], [103.18967, 3.04666], [103.18951, 3.04917], [103.18503, 3.04941], [103.18476, 3.05159], [103.17656, 3.05161], [103.17774, 3.0562], [103.18131, 3.05451], [103.18381, 3.05717], [103.17745, 3.05953], [103.17744, 3.06157], [103.16997, 3.06576], [103.16565, 3.06462], [103.16348, 3.06958], [103.16337, 3.06593], [103.12116, 3.06537], [103.12099, 3.06977], [103.13707, 3.06978], [103.13701, 3.08356], [103.12547, 3.08356], [103.10597, 3.11962], [103.10908, 3.12363], [103.10716, 3.13793], [103.10363, 3.14037], [103.10063, 3.14689], [103.10869, 3.15184], [103.1203, 3.16216], [103.12088, 3.16407], [103.11717, 3.16536], [103.11671, 3.16757], [103.12358, 3.17505], [103.12422, 3.1833], [103.12372, 3.18577], [103.11773, 3.18823], [103.11669, 3.19075], [103.13574, 3.21369], [103.12572, 3.21926], [103.12432, 3.22158], [103.12147, 3.21955], [103.11866, 3.22315], [103.11598, 3.2233], [103.11392, 3.2278], [103.10944, 3.22841], [103.11209, 3.23849], [103.1065, 3.24157], [103.10279, 3.24725], [103.10536, 3.24807], [103.1031, 3.25229], [103.09737, 3.25469], [103.09709, 3.25307], [103.08983, 3.25307], [103.08414, 3.26959], [103.08292, 3.27129], [103.07796, 3.26986], [103.07409, 3.27807], [103.07432, 3.28321], [103.07821, 3.29054], [103.07809, 3.29678], [103.07365, 3.31128], [103.07423, 3.31673], [103.07063, 3.31682], [103.0676, 3.33008], [103.07761, 3.34231], [103.08094, 3.34925], [103.08109, 3.35363], [103.06453, 3.42586], [103.06784, 3.4333], [103.06645, 3.43391], [103.06749, 3.43859], [103.07056, 3.43581], [103.08132, 3.45028], [103.08845, 3.45689], [103.10093, 3.46086], [103.1008, 3.46252], [103.1022, 3.46152], [103.10455, 3.46661], [103.10661, 3.46242], [103.10621, 3.46551], [103.1077, 3.46779], [103.11001, 3.46615], [103.10991, 3.46811], [103.11279, 3.46654], [103.11101, 3.46905], [103.11199, 3.47038], [103.11371, 3.47051], [103.11538, 3.46705], [103.11943, 3.46973], [103.12066, 3.46889], [103.12085, 3.47223], [103.13075, 3.47548], [103.13523, 3.48155], [103.13446, 3.48335], [103.13207, 3.48278], [103.13109, 3.48767], [103.12816, 3.48596], [103.12627, 3.49226], [103.13371, 3.4966], [103.1434, 3.50734], [103.1618, 3.51562], [103.16158, 3.51713], [103.18919, 3.52474], [103.19651, 3.532], [103.20312, 3.54535], [103.21141, 3.55096], [103.22927, 3.54747], [103.2413, 3.53973], [103.25225, 3.54226], [103.264, 3.5504], [103.27116, 3.551], [103.27817, 3.54702], [103.28732, 3.53369], [103.30809, 3.52845], [103.31748, 3.52881], [103.32291, 3.53177], [103.32649, 3.536], [103.32948, 3.55477], [103.33495, 3.56426], [103.33868, 3.5661], [103.34295, 3.56509], [103.34554, 3.56155], [103.34287, 3.54711], [103.34612, 3.53633], [103.35528, 3.5313], [103.36487, 3.52963]]]]}}, {"type": "Feature", "properties": {"state": "Pahang", "seat": "N.23 Chini", "seat_name": "Chini"}, "geometry": {"type": "MultiPolygon", "coordinates": [[[[102.92799, 3.50263], [102.93375, 3.50055], [102.93398, 3.50225], [102.93531, 3.50195], [102.93504, 3.49978], [102.9403, 3.49917], [102.94015, 3.49478], [102.94582, 3.49395], [102.94639, 3.48975], [102.97567, 3.48487], [103.00072, 3.47639], [103.00658, 3.47669], [103.00995, 3.47339], [103.01581, 3.47354], [103.01624, 3.47211], [103.02952, 3.46969], [103.03455, 3.46708], [103.04447, 3.45816], [103.05532, 3.45456], [103.06052, 3.45455], [103.0651, 3.46047], [103.06799, 3.46688], [103.06867, 3.47766], [103.07242, 3.48354], [103.07798, 3.48753], [103.09417, 3.4942], [103.11329, 3.49054], [103.12314, 3.49148], [103.1251, 3.49389], [103.12803, 3.48958], [103.12816, 3.48596], [103.13109, 3.48767], [103.13207, 3.48278], [103.13446, 3.48335], [103.13523, 3.48155], [103.13075, 3.47548], [103.12085, 3.47223], [103.12066, 3.46889], [103.11943, 3.46973], [103.11538, 3.46705], [103.11327, 3.47087], [103.11101, 3.46905], [103.11263, 3.4664], [103.1077, 3.46779], [103.10621, 3.46551], [103.10661, 3.46242], [103.10455, 3.46661], [103.1022, 3.46152], [103.1008, 3.46252], [103.10093, 3.46086], [103.08845, 3.45689], [103.08132, 3.45028], [103.07056, 3.43581], [103.06749, 3.43859], [103.06645, 3.43391], [103.06784, 3.4333], [103.06453, 3.42586], [103.07769, 3.37054], [103.08094, 3.34925], [103.07761, 3.34231], [103.0676, 3.33008], [103.05915, 3.32248], [103.05587, 3.31596], [103.04722, 3.31317], [103.04545, 3.31136], [103.04672, 3.30864], [103.04101, 3.30958], [103.03891, 3.30374], [103.03547, 3.30284], [103.03414, 3.30024], [103.03159, 3.29925], [103.03056, 3.29302], [103.02803, 3.29263], [103.02796, 3.2941], [103.02394, 3.29649], [103.02262, 3.29364], [103.01919, 3.29326], [103.01858, 3.28954], [103.02143, 3.28783], [103.01771, 3.28568], [103.00969, 3.28426], [103.00591, 3.28989], [103.00345, 3.28968], [102.98862, 3.2806], [102.98318, 3.28274], [102.97944, 3.27671], [102.97258, 3.27944], [102.96852, 3.28295], [102.9652, 3.28694], [102.96529, 3.29036], [102.95697, 3.29224], [102.95893, 3.29818], [102.95275, 3.3032], [102.95346, 3.31076], [102.95006, 3.31255], [102.94308, 3.30616], [102.93754, 3.30598], [102.93569, 3.30255], [102.93665, 3.29962], [102.93505, 3.28915], [102.93133, 3.28697], [102.93174, 3.28216], [102.92792, 3.27801], [102.92491, 3.26863], [102.91611, 3.26573], [102.91077, 3.26578], [102.90739, 3.2724], [102.90392, 3.27452], [102.89446, 3.27269], [102.88428, 3.28825], [102.86609, 3.30594], [102.86564, 3.31069], [102.86312, 3.31306], [102.85778, 3.31392], [102.84417, 3.32561], [102.84323, 3.33151], [102.82832, 3.3494], [102.82189, 3.36087], [102.82875, 3.37217], [102.82996, 3.37997], [102.81818, 3.38682], [102.80742, 3.40728], [102.79024, 3.41938], [102.78575, 3.42391], [102.78627, 3.42601], [102.78146, 3.42616], [102.78156, 3.42799], [102.77949, 3.42713], [102.77749, 3.42828], [102.77757, 3.45158], [102.77985, 3.45167], [102.77804, 3.45444], [102.77931, 3.45476], [102.7962, 3.45463], [102.79849, 3.45588], [102.79674, 3.46096], [102.80212, 3.46459], [102.81255, 3.46425], [102.82359, 3.45601], [102.82784, 3.45568], [102.83035, 3.4576], [102.82463, 3.46782], [102.82547, 3.47263], [102.83335, 3.47885], [102.8416, 3.47909], [102.85244, 3.47593], [102.85842, 3.46308], [102.86884, 3.45344], [102.87665, 3.4493], [102.88625, 3.44989], [102.88981, 3.45297], [102.89198, 3.45772], [102.89104, 3.46858], [102.89437, 3.48895], [102.9003, 3.49234], [102.91301, 3.49464], [102.9142, 3.49678], [102.91345, 3.50044], [102.92317, 3.50259], [102.92396, 3.50421], [102.92799, 3.50263]]]]}}, {"type": "Feature", "properties": {"state": "Pahang", "seat": "N.24 Luit", "seat_name": "Luit"}, "geometry": {"type": "MultiPolygon", "coordinates": [[[[102.80202, 3.75384], [102.80323, 3.74973], [102.79995, 3.73958], [102.80186, 3.73393], [102.81252, 3.72289], [102.82384, 3.71781], [102.82746, 3.71852], [102.82357, 3.70808], [102.82412, 3.70048], [102.82834, 3.69843], [102.83478, 3.70425], [102.83616, 3.70778], [102.83881, 3.70932], [102.84122, 3.70768], [102.84292, 3.70901], [102.8457, 3.72093], [102.86458, 3.71904], [102.87416, 3.7107], [102.86718, 3.69807], [102.90989, 3.66983], [102.92203, 3.65801], [102.91925, 3.65467], [102.91822, 3.64809], [102.92201, 3.63587], [102.91836, 3.61932], [102.92347, 3.60497], [102.9235, 3.59672], [102.9215, 3.59291], [102.90521, 3.57694], [102.90492, 3.57366], [102.90046, 3.57239], [102.9018, 3.56959], [102.90011, 3.56307], [102.90285, 3.55225], [102.90301, 3.53791], [102.90012, 3.53792], [102.90012, 3.53652], [102.89781, 3.53634], [102.89755, 3.534], [102.89363, 3.53384], [102.88848, 3.53101], [102.88187, 3.524], [102.87383, 3.52591], [102.8685, 3.52113], [102.87137, 3.51212], [102.86663, 3.49663], [102.86482, 3.4912], [102.85468, 3.47758], [102.85236, 3.47577], [102.8416, 3.47909], [102.83335, 3.47885], [102.82958, 3.47614], [102.82547, 3.47263], [102.82463, 3.46783], [102.83035, 3.4576], [102.82784, 3.45568], [102.82359, 3.45601], [102.81255, 3.46425], [102.80636, 3.4647], [102.79811, 3.46277], [102.79674, 3.46096], [102.79849, 3.45588], [102.7962, 3.45463], [102.77804, 3.45444], [102.77985, 3.45167], [102.77757, 3.45158], [102.77749, 3.42828], [102.77949, 3.42713], [102.78156, 3.42799], [102.78146, 3.42616], [102.78627, 3.42601], [102.78575, 3.42391], [102.79024, 3.41938], [102.80742, 3.40728], [102.81818, 3.38682], [102.82965, 3.38048], [102.83004, 3.37674], [102.82168, 3.37357], [102.81211, 3.37779], [102.8084, 3.3749], [102.80749, 3.37202], [102.80353, 3.37199], [102.7949, 3.37622], [102.79164, 3.37548], [102.79167, 3.37046], [102.78867, 3.36541], [102.78261, 3.36704], [102.77517, 3.36554], [102.7719, 3.36623], [102.75695, 3.37854], [102.75019, 3.38207], [102.73888, 3.38026], [102.73669, 3.38134], [102.73392, 3.38742], [102.72177, 3.39356], [102.72341, 3.3995], [102.70931, 3.40828], [102.74345, 3.49817], [102.73812, 3.50017], [102.73008, 3.50927], [102.72534, 3.51186], [102.71322, 3.51209], [102.70591, 3.50648], [102.70204, 3.50812], [102.69902, 3.51563], [102.69684, 3.52786], [102.69179, 3.53179], [102.68542, 3.53208], [102.68524, 3.5376], [102.6814, 3.5487], [102.68203, 3.5654], [102.67601, 3.57771], [102.67396, 3.58561], [102.67755, 3.59141], [102.68574, 3.59939], [102.69633, 3.60545], [102.70067, 3.60471], [102.70127, 3.6033], [102.70376, 3.60425], [102.71437, 3.60287], [102.72448, 3.60507], [102.73235, 3.61342], [102.73728, 3.61543], [102.7458, 3.62488], [102.74017, 3.62954], [102.72889, 3.64337], [102.72806, 3.64796], [102.72988, 3.65055], [102.72526, 3.65748], [102.72723, 3.661], [102.73637, 3.66153], [102.7377, 3.66284], [102.73348, 3.67707], [102.73877, 3.69249], [102.739, 3.69795], [102.74271, 3.70057], [102.74925, 3.69631], [102.752, 3.69751], [102.75572, 3.70714], [102.7539, 3.71713], [102.75567, 3.72193], [102.76617, 3.72659], [102.77064, 3.73315], [102.77722, 3.73708], [102.78401, 3.74847], [102.78805, 3.75187], [102.7941, 3.75301], [102.79761, 3.75555], [102.80202, 3.75384]]]]}}, {"type": "Feature", "properties": {"state": "Pahang", "seat": "N.25 Kuala Sentul", "seat_name": "Kuala Sentul"}, "geometry": {"type": "MultiPolygon", "coordinates": [[[[102.65371, 3.85159], [102.65841, 3.84403], [102.67177, 3.84632], [102.68561, 3.83986], [102.69267, 3.83942], [102.71113, 3.8335], [102.71308, 3.8267], [102.71152, 3.81993], [102.71284, 3.81065], [102.72334, 3.80553], [102.72863, 3.79796], [102.73103, 3.7973], [102.73851, 3.78835], [102.7345, 3.78269], [102.73816, 3.77561], [102.74604, 3.7713], [102.75345, 3.7618], [102.7517, 3.75802], [102.75975, 3.75066], [102.76263, 3.74978], [102.76843, 3.7558], [102.78271, 3.75694], [102.79328, 3.76218], [102.7958, 3.76183], [102.79829, 3.75862], [102.79561, 3.75382], [102.78935, 3.75252], [102.78401, 3.74847], [102.77722, 3.73708], [102.77064, 3.73315], [102.76617, 3.72659], [102.75456, 3.72047], [102.75572, 3.70714], [102.752, 3.69751], [102.74925, 3.69631], [102.74271, 3.70057], [102.739, 3.69795], [102.73877, 3.69249], [102.73348, 3.67707], [102.7377, 3.66284], [102.73637, 3.66153], [102.72723, 3.661], [102.72526, 3.65748], [102.72988, 3.65055], [102.72806, 3.64796], [102.72889, 3.64337], [102.74017, 3.62954], [102.7458, 3.62488], [102.73728, 3.61543], [102.73235, 3.61342], [102.7232, 3.60445], [102.71437, 3.60287], [102.70376, 3.60425], [102.70127, 3.6033], [102.70067, 3.60471], [102.69633, 3.60545], [102.69482, 3.60356], [102.68988, 3.60246], [102.67755, 3.59141], [102.67289, 3.58482], [102.67221, 3.58723], [102.6705, 3.58671], [102.67007, 3.60223], [102.66151, 3.61316], [102.66021, 3.62505], [102.66211, 3.62734], [102.66292, 3.63882], [102.66178, 3.63876], [102.66141, 3.64258], [102.65202, 3.64455], [102.6488, 3.64667], [102.64745, 3.64485], [102.63874, 3.65023], [102.63809, 3.64894], [102.63497, 3.65288], [102.63228, 3.65188], [102.63151, 3.6542], [102.63065, 3.65316], [102.62403, 3.65648], [102.62009, 3.65328], [102.61961, 3.65422], [102.61091, 3.65148], [102.60836, 3.6483], [102.60351, 3.65076], [102.60063, 3.64937], [102.60075, 3.65168], [102.59964, 3.65072], [102.59663, 3.65353], [102.59426, 3.6531], [102.59546, 3.65778], [102.59363, 3.66647], [102.59342, 3.68444], [102.59123, 3.68732], [102.592, 3.68966], [102.58592, 3.69915], [102.5767, 3.70413], [102.5739, 3.70872], [102.56934, 3.72378], [102.5683, 3.73665], [102.56422, 3.75053], [102.56455, 3.75734], [102.56192, 3.75823], [102.56019, 3.77065], [102.55804, 3.77548], [102.55897, 3.78851], [102.55195, 3.79502], [102.55009, 3.79442], [102.54917, 3.79707], [102.54689, 3.79773], [102.54587, 3.80168], [102.54438, 3.8017], [102.54537, 3.80451], [102.55029, 3.80777], [102.56629, 3.81376], [102.56566, 3.82562], [102.56186, 3.83278], [102.58267, 3.84517], [102.59189, 3.83773], [102.59373, 3.83727], [102.59453, 3.83889], [102.59891, 3.83502], [102.59784, 3.83392], [102.60222, 3.82968], [102.60117, 3.82765], [102.60257, 3.82824], [102.60265, 3.82616], [102.60974, 3.82417], [102.60993, 3.82542], [102.61409, 3.82536], [102.61571, 3.8278], [102.61451, 3.82857], [102.61528, 3.83092], [102.61685, 3.83176], [102.616, 3.83322], [102.6195, 3.83564], [102.62088, 3.83488], [102.62234, 3.83683], [102.62718, 3.8378], [102.62739, 3.83612], [102.64152, 3.84051], [102.639, 3.84958], [102.6453, 3.85092], [102.6462, 3.85236], [102.65371, 3.85159]]]]}}, {"type": "Feature", "properties": {"state": "Pahang", "seat": "N.26 Chenor", "seat_name": "Chenor"}, "geometry": {"type": "MultiPolygon", "coordinates": [[[[102.62923, 3.65418], [102.63065, 3.65316], [102.63151, 3.6542], [102.63228, 3.65188], [102.63497, 3.65288], [102.63809, 3.64894], [102.63874, 3.65023], [102.64745, 3.64485], [102.6488, 3.64667], [102.66205, 3.64159], [102.66285, 3.63142], [102.66161, 3.63165], [102.66211, 3.62734], [102.66021, 3.62505], [102.66151, 3.61316], [102.67007, 3.60223], [102.6705, 3.58671], [102.67221, 3.58723], [102.67289, 3.58482], [102.6749, 3.58433], [102.67601, 3.57771], [102.68203, 3.5654], [102.6814, 3.5487], [102.68524, 3.5376], [102.68542, 3.53208], [102.69179, 3.53179], [102.69684, 3.52786], [102.69902, 3.51563], [102.70204, 3.50812], [102.70591, 3.50648], [102.71322, 3.51209], [102.72534, 3.51186], [102.73008, 3.50927], [102.73812, 3.50017], [102.74345, 3.49817], [102.70931, 3.40828], [102.72341, 3.3995], [102.72177, 3.39356], [102.73392, 3.38742], [102.73671, 3.38221], [102.7306, 3.3687], [102.73228, 3.35821], [102.72777, 3.34711], [102.72999, 3.33467], [102.72291, 3.3316], [102.7166, 3.32183], [102.70596, 3.3207], [102.70181, 3.31581], [102.69535, 3.31608], [102.68799, 3.33094], [102.68969, 3.33543], [102.69146, 3.33527], [102.69172, 3.33959], [102.69297, 3.33946], [102.69291, 3.35447], [102.69115, 3.35455], [102.69174, 3.35589], [102.68907, 3.35781], [102.67731, 3.35741], [102.6722, 3.36206], [102.67205, 3.36455], [102.67476, 3.36846], [102.66962, 3.37278], [102.65348, 3.37364], [102.65402, 3.3757], [102.65192, 3.37948], [102.65303, 3.38146], [102.6478, 3.38171], [102.64196, 3.39302], [102.63707, 3.39281], [102.63709, 3.39498], [102.63389, 3.39454], [102.63392, 3.39623], [102.62697, 3.39587], [102.6249, 3.39713], [102.62196, 3.39318], [102.62149, 3.39547], [102.61866, 3.39675], [102.60981, 3.39514], [102.59495, 3.39608], [102.59234, 3.40551], [102.58469, 3.40745], [102.58919, 3.41777], [102.59163, 3.41995], [102.59044, 3.42098], [102.59476, 3.42424], [102.59537, 3.42842], [102.59225, 3.43544], [102.58371, 3.44137], [102.58236, 3.44049], [102.57379, 3.45445], [102.56449, 3.45326], [102.56164, 3.45521], [102.56, 3.45313], [102.55917, 3.45484], [102.55485, 3.45317], [102.5488, 3.45688], [102.54102, 3.45677], [102.5397, 3.46015], [102.53396, 3.45782], [102.52974, 3.46108], [102.52425, 3.46125], [102.52055, 3.46385], [102.51681, 3.45911], [102.51416, 3.46267], [102.50503, 3.4639], [102.50542, 3.47253], [102.50718, 3.47365], [102.50576, 3.47487], [102.50617, 3.47776], [102.49131, 3.50418], [102.48866, 3.50402], [102.48934, 3.51118], [102.48729, 3.51186], [102.48696, 3.51486], [102.48471, 3.51697], [102.48551, 3.52244], [102.48319, 3.52604], [102.4832, 3.53591], [102.48451, 3.53591], [102.48377, 3.53773], [102.48545, 3.5398], [102.48686, 3.5397], [102.48725, 3.5444], [102.48958, 3.54654], [102.49008, 3.55589], [102.50926, 3.56529], [102.50924, 3.56264], [102.51639, 3.56183], [102.51833, 3.56363], [102.52122, 3.56288], [102.52333, 3.56497], [102.53214, 3.5651], [102.53655, 3.56423], [102.53864, 3.56108], [102.53924, 3.56571], [102.54041, 3.56347], [102.54254, 3.56472], [102.55281, 3.57521], [102.54879, 3.58253], [102.55147, 3.58303], [102.55266, 3.58523], [102.555, 3.58473], [102.55451, 3.58702], [102.5574, 3.58867], [102.55831, 3.5878], [102.55972, 3.59074], [102.5623, 3.59039], [102.56305, 3.58874], [102.56653, 3.58892], [102.57108, 3.58562], [102.57454, 3.58559], [102.5933, 3.60384], [102.59596, 3.60756], [102.59562, 3.61112], [102.59777, 3.6122], [102.59674, 3.61688], [102.59797, 3.61714], [102.59554, 3.62501], [102.59762, 3.62626], [102.59584, 3.62684], [102.59747, 3.62994], [102.5945, 3.63826], [102.59588, 3.64184], [102.59396, 3.6421], [102.59526, 3.65263], [102.59663, 3.65353], [102.59964, 3.65072], [102.60075, 3.65168], [102.60063, 3.64937], [102.60351, 3.65076], [102.60836, 3.6483], [102.61091, 3.65148], [102.61961, 3.65422], [102.62009, 3.65328], [102.62403, 3.65648], [102.62923, 3.65418]]]]}}, {"type": "Feature", "properties": {"state": "Pahang", "seat": "N.27 Jenderak", "seat_name": "Jenderak"}, "geometry": {"type": "MultiPolygon", "coordinates": [[[[102.23786, 3.87008], [102.24113, 3.8583], [102.23591, 3.83757], [102.2382, 3.8292], [102.24377, 3.8281], [102.26006, 3.83164], [102.26953, 3.83719], [102.27447, 3.83731], [102.28238, 3.84376], [102.28793, 3.8439], [102.29307, 3.83854], [102.30186, 3.84302], [102.30931, 3.84197], [102.31257, 3.84819], [102.31855, 3.84978], [102.3225, 3.85271], [102.35152, 3.85244], [102.35924, 3.84933], [102.3598, 3.85279], [102.371, 3.84715], [102.37228, 3.84231], [102.37447, 3.84273], [102.37244, 3.8408], [102.37439, 3.83605], [102.37648, 3.83628], [102.37535, 3.8264], [102.3734, 3.8215], [102.36042, 3.82188], [102.35989, 3.81749], [102.36471, 3.815], [102.38921, 3.7654], [102.39241, 3.75571], [102.39197, 3.75218], [102.36705, 3.755], [102.37368, 3.73434], [102.36907, 3.724], [102.3699, 3.71419], [102.37394, 3.70742], [102.38157, 3.70099], [102.38168, 3.68916], [102.39458, 3.67338], [102.39646, 3.67184], [102.39899, 3.67506], [102.40534, 3.67815], [102.40984, 3.67757], [102.41036, 3.67914], [102.41177, 3.67848], [102.41931, 3.68162], [102.42131, 3.67938], [102.42207, 3.66997], [102.41534, 3.66577], [102.41617, 3.6634], [102.42215, 3.66569], [102.42312, 3.66422], [102.42396, 3.66566], [102.42867, 3.65819], [102.4324, 3.66049], [102.43703, 3.65238], [102.43461, 3.65151], [102.42916, 3.65754], [102.42908, 3.6542], [102.42391, 3.65456], [102.42357, 3.65655], [102.41917, 3.65791], [102.42174, 3.65188], [102.425, 3.64896], [102.42844, 3.64776], [102.43272, 3.64853], [102.43274, 3.64692], [102.42244, 3.6467], [102.41689, 3.6423], [102.41422, 3.64382], [102.40523, 3.64163], [102.40283, 3.6428], [102.38848, 3.641], [102.3869, 3.63867], [102.38762, 3.63714], [102.38645, 3.63769], [102.38454, 3.6274], [102.38288, 3.62674], [102.38504, 3.62337], [102.38379, 3.61851], [102.3856, 3.61639], [102.38568, 3.60527], [102.38694, 3.60263], [102.38918, 3.60263], [102.38645, 3.59918], [102.37345, 3.60256], [102.37305, 3.60655], [102.36741, 3.60655], [102.36601, 3.60784], [102.3641, 3.61036], [102.36407, 3.61439], [102.36701, 3.62656], [102.36621, 3.62345], [102.36177, 3.62236], [102.36221, 3.61232], [102.35783, 3.60385], [102.35079, 3.59646], [102.34549, 3.58731], [102.34302, 3.5873], [102.34298, 3.57427], [102.3415, 3.57384], [102.34134, 3.56721], [102.33665, 3.56729], [102.33626, 3.55563], [102.33302, 3.55316], [102.33222, 3.54732], [102.33028, 3.54664], [102.32962, 3.53925], [102.33105, 3.53925], [102.33127, 3.53724], [102.32711, 3.52992], [102.32714, 3.51949], [102.32502, 3.51858], [102.32175, 3.51916], [102.31755, 3.52324], [102.31899, 3.52583], [102.31544, 3.52671], [102.31579, 3.52852], [102.3134, 3.52864], [102.31247, 3.52705], [102.31167, 3.53014], [102.30482, 3.52894], [102.30359, 3.53175], [102.30055, 3.52863], [102.29683, 3.53276], [102.29602, 3.53177], [102.29266, 3.53515], [102.29101, 3.53493], [102.29103, 3.53631], [102.28996, 3.53506], [102.28783, 3.53584], [102.28696, 3.53386], [102.28577, 3.5374], [102.28139, 3.53696], [102.27978, 3.54253], [102.277, 3.54532], [102.27825, 3.54644], [102.27744, 3.54936], [102.27874, 3.54991], [102.27756, 3.55271], [102.27918, 3.55526], [102.27555, 3.5603], [102.27716, 3.56058], [102.27323, 3.56237], [102.27142, 3.5652], [102.27314, 3.57076], [102.26842, 3.57608], [102.26712, 3.57561], [102.26593, 3.57867], [102.26315, 3.57931], [102.26129, 3.5863], [102.25817, 3.58829], [102.25812, 3.59012], [102.25122, 3.59097], [102.25106, 3.58951], [102.24479, 3.59263], [102.24592, 3.59467], [102.24416, 3.59736], [102.24754, 3.60363], [102.24645, 3.61362], [102.24906, 3.6177], [102.25298, 3.61554], [102.2589, 3.62092], [102.25318, 3.64015], [102.24894, 3.64018], [102.24238, 3.6373], [102.23222, 3.63886], [102.22851, 3.6341], [102.2165, 3.64177], [102.20906, 3.63667], [102.2026, 3.63651], [102.18896, 3.63982], [102.18617, 3.63855], [102.18307, 3.63233], [102.1801, 3.63207], [102.16407, 3.64584], [102.15864, 3.65527], [102.15189, 3.65796], [102.14432, 3.67125], [102.13766, 3.67776], [102.13065, 3.68179], [102.12345, 3.68333], [102.11799, 3.68379], [102.11083, 3.68023], [102.10716, 3.68937], [102.10191, 3.69712], [102.10212, 3.69873], [102.10577, 3.70017], [102.10549, 3.70385], [102.10201, 3.70713], [102.10152, 3.7106], [102.10634, 3.71984], [102.10605, 3.72284], [102.09709, 3.7342], [102.09635, 3.74709], [102.08317, 3.74712], [102.08497, 3.75033], [102.08416, 3.75637], [102.08622, 3.76208], [102.08774, 3.76502], [102.09448, 3.76923], [102.09682, 3.77456], [102.09518, 3.78332], [102.09712, 3.78526], [102.09766, 3.79119], [102.09498, 3.80641], [102.09759, 3.81388], [102.09394, 3.82151], [102.09826, 3.82858], [102.10755, 3.83161], [102.10892, 3.83472], [102.11602, 3.83585], [102.12048, 3.83928], [102.12301, 3.84468], [102.12598, 3.84704], [102.13492, 3.84558], [102.14136, 3.84699], [102.14531, 3.85209], [102.15812, 3.85564], [102.16157, 3.85815], [102.18184, 3.86263], [102.18665, 3.85989], [102.18915, 3.86016], [102.19398, 3.85584], [102.19979, 3.84135], [102.19978, 3.83569], [102.20578, 3.83564], [102.20579, 3.8389], [102.21009, 3.8398], [102.21265, 3.8454], [102.21419, 3.86107], [102.21603, 3.86499], [102.23786, 3.87008]]]]}}, {"type": "Feature", "properties": {"state": "Pahang", "seat": "N.28 Kerdau", "seat_name": "Kerdau"}, "geometry": {"type": "MultiPolygon", "coordinates": [[[[102.36705, 3.755], [102.39058, 3.75291], [102.39244, 3.7497], [102.39847, 3.74968], [102.39865, 3.74748], [102.40803, 3.7488], [102.40804, 3.74682], [102.41327, 3.74863], [102.41703, 3.74252], [102.42601, 3.74328], [102.42715, 3.74223], [102.42907, 3.74367], [102.43628, 3.74115], [102.43863, 3.74018], [102.4377, 3.73753], [102.4389, 3.73441], [102.43754, 3.73357], [102.4381, 3.73044], [102.44049, 3.72932], [102.43957, 3.72517], [102.44121, 3.7258], [102.4438, 3.724], [102.44317, 3.7222], [102.44499, 3.72306], [102.4534, 3.72078], [102.45248, 3.72327], [102.45468, 3.72547], [102.46273, 3.72172], [102.46533, 3.72237], [102.46611, 3.72495], [102.46958, 3.71903], [102.46792, 3.71359], [102.46655, 3.7139], [102.46593, 3.71154], [102.46317, 3.71164], [102.46401, 3.70983], [102.4606, 3.70918], [102.46239, 3.70609], [102.46068, 3.70121], [102.46228, 3.7019], [102.4644, 3.69732], [102.46688, 3.69733], [102.46883, 3.6947], [102.47473, 3.69197], [102.47497, 3.68466], [102.47853, 3.67832], [102.47631, 3.67271], [102.48013, 3.66842], [102.48186, 3.65949], [102.47678, 3.65084], [102.47437, 3.6511], [102.47514, 3.64485], [102.48225, 3.63694], [102.48472, 3.63681], [102.48304, 3.63315], [102.48593, 3.63177], [102.48862, 3.62389], [102.48424, 3.6189], [102.48624, 3.61657], [102.48463, 3.61614], [102.48483, 3.61398], [102.48127, 3.61438], [102.47995, 3.61187], [102.4835, 3.60789], [102.48238, 3.60578], [102.48349, 3.60515], [102.48126, 3.60246], [102.47949, 3.60332], [102.4763, 3.5982], [102.47931, 3.59152], [102.48369, 3.58841], [102.48831, 3.58853], [102.49011, 3.58371], [102.48729, 3.57481], [102.49133, 3.55883], [102.49017, 3.55766], [102.49154, 3.55698], [102.48946, 3.555], [102.49055, 3.55375], [102.48958, 3.54654], [102.48725, 3.5444], [102.48686, 3.5397], [102.48545, 3.5398], [102.48377, 3.53773], [102.48451, 3.53591], [102.4832, 3.53591], [102.48501, 3.51756], [102.47807, 3.51337], [102.47233, 3.51331], [102.46801, 3.51523], [102.46804, 3.51678], [102.4649, 3.51609], [102.46529, 3.51802], [102.45764, 3.51747], [102.43586, 3.52819], [102.4334, 3.53237], [102.43562, 3.53814], [102.43409, 3.54905], [102.43133, 3.55268], [102.42618, 3.55471], [102.42452, 3.5549], [102.42109, 3.54987], [102.4208, 3.54631], [102.40611, 3.54428], [102.40003, 3.5321], [102.39542, 3.53088], [102.36999, 3.53855], [102.36242, 3.53908], [102.36242, 3.54073], [102.35806, 3.54075], [102.3572, 3.54226], [102.33436, 3.54103], [102.33027, 3.5376], [102.33028, 3.54664], [102.33222, 3.54732], [102.33302, 3.55316], [102.33626, 3.55563], [102.33665, 3.56729], [102.34134, 3.56721], [102.3415, 3.57384], [102.34298, 3.57427], [102.34302, 3.5873], [102.34549, 3.58731], [102.35079, 3.59646], [102.35783, 3.60385], [102.36221, 3.61232], [102.36177, 3.62236], [102.36621, 3.62345], [102.36701, 3.62656], [102.36407, 3.61439], [102.3641, 3.61036], [102.36601, 3.60784], [102.36741, 3.60655], [102.37305, 3.60655], [102.37345, 3.60256], [102.38645, 3.59918], [102.38918, 3.60263], [102.38694, 3.60263], [102.38568, 3.60527], [102.3856, 3.61639], [102.38379, 3.61851], [102.38504, 3.62337], [102.38288, 3.62674], [102.38454, 3.6274], [102.38645, 3.63769], [102.38762, 3.63714], [102.3869, 3.63867], [102.38848, 3.641], [102.40283, 3.6428], [102.40523, 3.64163], [102.41422, 3.64382], [102.41689, 3.6423], [102.42244, 3.6467], [102.43274, 3.64692], [102.43272, 3.64853], [102.42844, 3.64776], [102.425, 3.64896], [102.42174, 3.65188], [102.41917, 3.65791], [102.42357, 3.65655], [102.42391, 3.65456], [102.42908, 3.6542], [102.42916, 3.65754], [102.43461, 3.65151], [102.43719, 3.6517], [102.43264, 3.66024], [102.42867, 3.65819], [102.42396, 3.66566], [102.42312, 3.66422], [102.42215, 3.66569], [102.41617, 3.6634], [102.41534, 3.66577], [102.42207, 3.66997], [102.42131, 3.67938], [102.41931, 3.68162], [102.41177, 3.67848], [102.41036, 3.67914], [102.40984, 3.67757], [102.40534, 3.67815], [102.39899, 3.67506], [102.39646, 3.67184], [102.38337, 3.68649], [102.38168, 3.68916], [102.38177, 3.70062], [102.37394, 3.70742], [102.3699, 3.71419], [102.36907, 3.724], [102.37368, 3.73434], [102.36705, 3.755]]]]}}, {"type": "Feature", "properties": {"state": "Pahang", "seat": "N.29 Jengka", "seat_name": "Jengka"}, "geometry": {"type": "MultiPolygon", "coordinates": [[[[102.51089, 3.8156], [102.51406, 3.81486], [102.51469, 3.81143], [102.51607, 3.81342], [102.51797, 3.80982], [102.52141, 3.80933], [102.52121, 3.80721], [102.52314, 3.80715], [102.52314, 3.8055], [102.53227, 3.79978], [102.53723, 3.80264], [102.54059, 3.80169], [102.54112, 3.80405], [102.54477, 3.80286], [102.55009, 3.79442], [102.55195, 3.79502], [102.55897, 3.78851], [102.55804, 3.77548], [102.56019, 3.77065], [102.56192, 3.75823], [102.56455, 3.75734], [102.56422, 3.75053], [102.5683, 3.73665], [102.56934, 3.72378], [102.5739, 3.70872], [102.5767, 3.70413], [102.58592, 3.69915], [102.592, 3.68966], [102.59123, 3.68732], [102.59342, 3.68444], [102.59363, 3.66647], [102.59546, 3.65778], [102.59396, 3.6421], [102.59588, 3.64184], [102.5945, 3.63826], [102.59747, 3.62994], [102.59584, 3.62684], [102.59762, 3.62626], [102.59554, 3.62501], [102.59797, 3.61714], [102.59674, 3.61688], [102.59777, 3.6122], [102.59562, 3.61112], [102.59596, 3.60756], [102.5933, 3.60384], [102.57454, 3.58559], [102.57108, 3.58562], [102.56653, 3.58892], [102.56305, 3.58874], [102.5623, 3.59039], [102.55972, 3.59074], [102.55831, 3.5878], [102.5574, 3.58867], [102.55451, 3.58702], [102.555, 3.58473], [102.55266, 3.58523], [102.55147, 3.58303], [102.54879, 3.58253], [102.55281, 3.57521], [102.54254, 3.56472], [102.54041, 3.56347], [102.53992, 3.5653], [102.53924, 3.56571], [102.53864, 3.56108], [102.53655, 3.56423], [102.53214, 3.5651], [102.52333, 3.56497], [102.52122, 3.56288], [102.51833, 3.56363], [102.51639, 3.56183], [102.50924, 3.56264], [102.50926, 3.56529], [102.49073, 3.55694], [102.48905, 3.57154], [102.48729, 3.57481], [102.49011, 3.58371], [102.48831, 3.58853], [102.48369, 3.58841], [102.47931, 3.59152], [102.4763, 3.5982], [102.47949, 3.60332], [102.48126, 3.60246], [102.48349, 3.60515], [102.48238, 3.60578], [102.4835, 3.60789], [102.47995, 3.61187], [102.48127, 3.61438], [102.48483, 3.61398], [102.48463, 3.61614], [102.48624, 3.61657], [102.48424, 3.6189], [102.48862, 3.62389], [102.48593, 3.63177], [102.48304, 3.63315], [102.48472, 3.63681], [102.48225, 3.63694], [102.47514, 3.64485], [102.47437, 3.6511], [102.47678, 3.65084], [102.48186, 3.65949], [102.48013, 3.66842], [102.47631, 3.67271], [102.47853, 3.67832], [102.47497, 3.68466], [102.47473, 3.69197], [102.46883, 3.6947], [102.46688, 3.69733], [102.4644, 3.69732], [102.46228, 3.7019], [102.46068, 3.70121], [102.46239, 3.70609], [102.4606, 3.70918], [102.46401, 3.70983], [102.46317, 3.71164], [102.46593, 3.71154], [102.47008, 3.71793], [102.46611, 3.72495], [102.46533, 3.72237], [102.46273, 3.72172], [102.45496, 3.72464], [102.45529, 3.73205], [102.4535, 3.73409], [102.45535, 3.73704], [102.45479, 3.74059], [102.45822, 3.74343], [102.45804, 3.74828], [102.45995, 3.74771], [102.46202, 3.75195], [102.46376, 3.75068], [102.47066, 3.75299], [102.47019, 3.75431], [102.47234, 3.755], [102.47156, 3.75662], [102.47369, 3.75711], [102.47349, 3.76007], [102.47608, 3.76084], [102.47581, 3.76379], [102.48022, 3.76601], [102.47726, 3.76812], [102.47984, 3.76757], [102.48032, 3.77114], [102.48274, 3.7714], [102.48173, 3.77309], [102.48597, 3.77367], [102.4852, 3.77466], [102.48835, 3.77716], [102.48685, 3.78446], [102.48796, 3.78612], [102.48622, 3.78795], [102.48931, 3.792], [102.48758, 3.79459], [102.48967, 3.79557], [102.49018, 3.80115], [102.49215, 3.80215], [102.49295, 3.80628], [102.50094, 3.81324], [102.50728, 3.81591], [102.51089, 3.8156]]]]}}, {"type": "Feature", "properties": {"state": "Pahang", "seat": "N.30 Mentakab", "seat_name": "Mentakab"}, "geometry": {"type": "MultiPolygon", "coordinates": [[[[102.36242, 3.53926], [102.36697, 3.53908], [102.36467, 3.52104], [102.36695, 3.50262], [102.36568, 3.50261], [102.36568, 3.50057], [102.36086, 3.50056], [102.36086, 3.49943], [102.36447, 3.49837], [102.3643, 3.49561], [102.36711, 3.49298], [102.36572, 3.49148], [102.36667, 3.49047], [102.36988, 3.49117], [102.37191, 3.48967], [102.37115, 3.48887], [102.37352, 3.48832], [102.3728, 3.48469], [102.36942, 3.48187], [102.36935, 3.47559], [102.3724, 3.47763], [102.37804, 3.47235], [102.37793, 3.47692], [102.37985, 3.47766], [102.382, 3.47413], [102.37943, 3.47097], [102.38628, 3.46791], [102.38508, 3.47221], [102.38693, 3.47624], [102.39348, 3.47776], [102.39479, 3.47946], [102.39835, 3.47623], [102.4013, 3.46933], [102.40751, 3.46767], [102.40246, 3.46547], [102.40553, 3.46136], [102.40209, 3.45876], [102.40214, 3.45572], [102.40381, 3.4548], [102.39831, 3.45283], [102.39983, 3.44836], [102.39842, 3.44594], [102.39381, 3.44308], [102.39062, 3.44548], [102.38919, 3.44299], [102.38641, 3.4449], [102.38476, 3.4435], [102.38383, 3.4466], [102.37965, 3.44612], [102.38001, 3.4419], [102.37601, 3.44146], [102.37681, 3.43878], [102.36657, 3.44353], [102.33444, 3.44679], [102.33443, 3.45218], [102.33716, 3.45229], [102.33624, 3.45423], [102.34159, 3.45364], [102.34241, 3.45985], [102.34116, 3.46457], [102.34558, 3.4719], [102.33797, 3.46971], [102.33353, 3.47108], [102.32724, 3.46831], [102.32767, 3.48691], [102.33181, 3.48653], [102.33605, 3.48209], [102.34005, 3.48257], [102.34127, 3.4808], [102.34013, 3.48399], [102.34318, 3.48681], [102.34287, 3.49949], [102.34683, 3.50612], [102.34575, 3.51987], [102.34864, 3.52923], [102.35459, 3.5349], [102.3577, 3.5414], [102.36242, 3.54073], [102.36242, 3.53926]]]]}}, {"type": "Feature", "properties": {"state": "Pahang", "seat": "N.31 Lanchang", "seat_name": "Lanchang"}, "geometry": {"type": "MultiPolygon", "coordinates": [[[[102.10315, 3.71375], [102.10152, 3.7106], [102.10201, 3.70713], [102.10549, 3.70385], [102.10577, 3.70017], [102.10212, 3.69873], [102.10191, 3.69712], [102.10716, 3.68937], [102.11083, 3.68023], [102.11799, 3.68379], [102.12345, 3.68333], [102.13065, 3.68179], [102.13766, 3.67776], [102.14432, 3.67125], [102.15189, 3.65796], [102.15864, 3.65527], [102.16407, 3.64584], [102.18094, 3.63161], [102.18411, 3.63347], [102.18656, 3.63899], [102.18896, 3.63982], [102.2026, 3.63651], [102.20906, 3.63667], [102.2165, 3.64177], [102.22851, 3.6341], [102.23222, 3.63886], [102.24238, 3.6373], [102.24894, 3.64018], [102.25318, 3.64015], [102.2589, 3.62092], [102.25298, 3.61554], [102.24906, 3.6177], [102.24645, 3.61362], [102.24754, 3.60363], [102.24416, 3.59736], [102.24592, 3.59467], [102.24479, 3.59263], [102.25106, 3.58951], [102.25122, 3.59097], [102.25812, 3.59012], [102.25817, 3.58829], [102.26129, 3.5863], [102.26315, 3.57931], [102.26593, 3.57867], [102.26712, 3.57561], [102.26842, 3.57608], [102.27314, 3.57076], [102.27142, 3.5652], [102.27323, 3.56237], [102.27716, 3.56058], [102.27555, 3.5603], [102.27918, 3.55526], [102.27756, 3.55271], [102.27874, 3.54991], [102.27744, 3.54936], [102.27825, 3.54644], [102.277, 3.54532], [102.27978, 3.54253], [102.28182, 3.53658], [102.28378, 3.53803], [102.28577, 3.5374], [102.28696, 3.53386], [102.28783, 3.53584], [102.28996, 3.53506], [102.29103, 3.53631], [102.29101, 3.53493], [102.29266, 3.53515], [102.29602, 3.53177], [102.29683, 3.53276], [102.30055, 3.52863], [102.30359, 3.53175], [102.30482, 3.52894], [102.31167, 3.53014], [102.31247, 3.52705], [102.3134, 3.52864], [102.31579, 3.52852], [102.31544, 3.52671], [102.31899, 3.52583], [102.31755, 3.52324], [102.32175, 3.51916], [102.32502, 3.51858], [102.32714, 3.51949], [102.32713, 3.53], [102.3333, 3.54064], [102.34602, 3.54079], [102.34627, 3.54254], [102.3572, 3.54226], [102.3571, 3.5392], [102.34864, 3.52923], [102.34631, 3.52261], [102.34683, 3.50612], [102.34287, 3.49949], [102.34318, 3.48681], [102.34013, 3.48399], [102.34127, 3.4808], [102.34005, 3.48257], [102.33605, 3.48209], [102.33181, 3.48653], [102.32767, 3.48691], [102.32724, 3.46831], [102.33353, 3.47108], [102.33797, 3.46971], [102.34558, 3.4719], [102.34116, 3.46457], [102.34241, 3.45985], [102.34159, 3.45364], [102.33624, 3.45423], [102.33716, 3.45229], [102.33443, 3.45218], [102.33444, 3.44679], [102.36657, 3.44353], [102.39695, 3.42868], [102.40057, 3.42825], [102.41004, 3.42777], [102.41951, 3.43653], [102.42546, 3.43552], [102.43292, 3.43796], [102.43324, 3.43578], [102.43998, 3.42986], [102.44006, 3.42496], [102.4377, 3.42269], [102.422, 3.41839], [102.41761, 3.41274], [102.41664, 3.40885], [102.41993, 3.40201], [102.43817, 3.38797], [102.43815, 3.38035], [102.43204, 3.37176], [102.42856, 3.36884], [102.42068, 3.37183], [102.39717, 3.37044], [102.38448, 3.37307], [102.38048, 3.37549], [102.38026, 3.37387], [102.3731, 3.37128], [102.3712, 3.37717], [102.36264, 3.38152], [102.35412, 3.37082], [102.34899, 3.37296], [102.34481, 3.37229], [102.33914, 3.37742], [102.33405, 3.37457], [102.32877, 3.37653], [102.32488, 3.37571], [102.31959, 3.37097], [102.31728, 3.36595], [102.32224, 3.35458], [102.31629, 3.35099], [102.31472, 3.35457], [102.31118, 3.3527], [102.30623, 3.35273], [102.30899, 3.34186], [102.30404, 3.33881], [102.29801, 3.34258], [102.29415, 3.3548], [102.28766, 3.36271], [102.27738, 3.36615], [102.26586, 3.36365], [102.26454, 3.37055], [102.25894, 3.37207], [102.25648, 3.37671], [102.25092, 3.37236], [102.24287, 3.37593], [102.24239, 3.37962], [102.23687, 3.38975], [102.23318, 3.38962], [102.22974, 3.39212], [102.2264, 3.38573], [102.22147, 3.38518], [102.22059, 3.38261], [102.21566, 3.38246], [102.21177, 3.37728], [102.19683, 3.37548], [102.19329, 3.37288], [102.1863, 3.3715], [102.18388, 3.36859], [102.17829, 3.36925], [102.17579, 3.36384], [102.16661, 3.36364], [102.15998, 3.36563], [102.15691, 3.36094], [102.1481, 3.36257], [102.14387, 3.3538], [102.13427, 3.34315], [102.13202, 3.34332], [102.13099, 3.34556], [102.13072, 3.34809], [102.13358, 3.35154], [102.13115, 3.35385], [102.12589, 3.35157], [102.12003, 3.34541], [102.11074, 3.36419], [102.11049, 3.37437], [102.10599, 3.37805], [102.10724, 3.38201], [102.09942, 3.38637], [102.09636, 3.39249], [102.10024, 3.40437], [102.09822, 3.40605], [102.09911, 3.4091], [102.0963, 3.4131], [102.09601, 3.42048], [102.10122, 3.42374], [102.10474, 3.43172], [102.10475, 3.43707], [102.10118, 3.43802], [102.10237, 3.44142], [102.09959, 3.44221], [102.10769, 3.45096], [102.10496, 3.45454], [102.10495, 3.47936], [102.10334, 3.48096], [102.10671, 3.48337], [102.11219, 3.48333], [102.12152, 3.47776], [102.13462, 3.48238], [102.13631, 3.48329], [102.13241, 3.4882], [102.13489, 3.49061], [102.1338, 3.49188], [102.13794, 3.49252], [102.13832, 3.48823], [102.14008, 3.48784], [102.13878, 3.49042], [102.14047, 3.49078], [102.13812, 3.49387], [102.14029, 3.49212], [102.14445, 3.49414], [102.1458, 3.49291], [102.14585, 3.49648], [102.15706, 3.50067], [102.16126, 3.50527], [102.16109, 3.51011], [102.15949, 3.50965], [102.15771, 3.51164], [102.15862, 3.51338], [102.1559, 3.5162], [102.15264, 3.51469], [102.13987, 3.5161], [102.13096, 3.52972], [102.12661, 3.52521], [102.12037, 3.52622], [102.09601, 3.52301], [102.09528, 3.52796], [102.09243, 3.53187], [102.09082, 3.52947], [102.09158, 3.52624], [102.08879, 3.5243], [102.09165, 3.52157], [102.08845, 3.52041], [102.08508, 3.5218], [102.08679, 3.51947], [102.0855, 3.51478], [102.08424, 3.51235], [102.08211, 3.51244], [102.07941, 3.5098], [102.0823, 3.50657], [102.07378, 3.5041], [102.07328, 3.50207], [102.07157, 3.50252], [102.07054, 3.50082], [102.06652, 3.50225], [102.06418, 3.49718], [102.06038, 3.49723], [102.05579, 3.50369], [102.0612, 3.50979], [102.06085, 3.51186], [102.0517, 3.52164], [102.04397, 3.5354], [102.04286, 3.53646], [102.04094, 3.53456], [102.03927, 3.53598], [102.04111, 3.5394], [102.02943, 3.56437], [102.02722, 3.56297], [102.02543, 3.56399], [102.02142, 3.55348], [102.0168, 3.55587], [102.01804, 3.56107], [102.01647, 3.56509], [102.02082, 3.56857], [102.01997, 3.57381], [102.01717, 3.57793], [102.02346, 3.58035], [102.03042, 3.59456], [102.02629, 3.60357], [102.02258, 3.60617], [102.02257, 3.61147], [102.01929, 3.61124], [102.01895, 3.61379], [102.02301, 3.61846], [102.02319, 3.62228], [102.03108, 3.63195], [102.03551, 3.63379], [102.03541, 3.64051], [102.03993, 3.64183], [102.04613, 3.63862], [102.04963, 3.63905], [102.05374, 3.64439], [102.05286, 3.64945], [102.04232, 3.66191], [102.04317, 3.66776], [102.04038, 3.67335], [102.04543, 3.68082], [102.04307, 3.68586], [102.03824, 3.68873], [102.03641, 3.69333], [102.04057, 3.70145], [102.03912, 3.70438], [102.04337, 3.71051], [102.05518, 3.71198], [102.06247, 3.72374], [102.06122, 3.72864], [102.07173, 3.74286], [102.08126, 3.74528], [102.08317, 3.74712], [102.09635, 3.74709], [102.09709, 3.7342], [102.10596, 3.72352], [102.10634, 3.71984], [102.10315, 3.71375]]]]}}, {"type": "Feature", "properties": {"state": "Pahang", "seat": "N.32 Kuala Semantan", "seat_name": "Kuala Semantan"}, "geometry": {"type": "MultiPolygon", "coordinates": [[[[102.43475, 3.54674], [102.43558, 3.53718], [102.43384, 3.53034], [102.43907, 3.52746], [102.44022, 3.52511], [102.45764, 3.51747], [102.46529, 3.51802], [102.4649, 3.51609], [102.46804, 3.51678], [102.46801, 3.51523], [102.4726, 3.51324], [102.47807, 3.51337], [102.48457, 3.51708], [102.48696, 3.51486], [102.48729, 3.51186], [102.48934, 3.51118], [102.48866, 3.50402], [102.49199, 3.50311], [102.5072, 3.47422], [102.50542, 3.47253], [102.50468, 3.4665], [102.5042, 3.43078], [102.5048, 3.42377], [102.51139, 3.41943], [102.50927, 3.41527], [102.50724, 3.41648], [102.50654, 3.41355], [102.50432, 3.41306], [102.5042, 3.40726], [102.48871, 3.40732], [102.48836, 3.42121], [102.48315, 3.42136], [102.48301, 3.41633], [102.48039, 3.41441], [102.48111, 3.41085], [102.47827, 3.40385], [102.47241, 3.3767], [102.46595, 3.37121], [102.46822, 3.36922], [102.46956, 3.37211], [102.47359, 3.36551], [102.4666, 3.36665], [102.46362, 3.36516], [102.46138, 3.36645], [102.46134, 3.36863], [102.45899, 3.36673], [102.43049, 3.3683], [102.42955, 3.36958], [102.43801, 3.38001], [102.43844, 3.38723], [102.43295, 3.39322], [102.41953, 3.40241], [102.41672, 3.41001], [102.42262, 3.41878], [102.43879, 3.42338], [102.44058, 3.42654], [102.44006, 3.42971], [102.43324, 3.43578], [102.43292, 3.43796], [102.42546, 3.43552], [102.41951, 3.43653], [102.41004, 3.42777], [102.39695, 3.42868], [102.37681, 3.43878], [102.37601, 3.44146], [102.38001, 3.4419], [102.37965, 3.44612], [102.38383, 3.4466], [102.38476, 3.4435], [102.38641, 3.4449], [102.38919, 3.44299], [102.39062, 3.44548], [102.39381, 3.44308], [102.39842, 3.44594], [102.39983, 3.44836], [102.39831, 3.45283], [102.40381, 3.4548], [102.40214, 3.45572], [102.40209, 3.45876], [102.40553, 3.46136], [102.40246, 3.46547], [102.40749, 3.46776], [102.4013, 3.46933], [102.39835, 3.47623], [102.39479, 3.47946], [102.39348, 3.47776], [102.38693, 3.47624], [102.38508, 3.47221], [102.38628, 3.46791], [102.37943, 3.47097], [102.382, 3.47413], [102.37985, 3.47766], [102.37793, 3.47692], [102.37804, 3.47235], [102.3724, 3.47763], [102.36935, 3.47559], [102.36942, 3.48187], [102.3728, 3.48469], [102.37352, 3.48832], [102.37115, 3.48887], [102.37191, 3.48967], [102.36988, 3.49117], [102.36667, 3.49047], [102.36572, 3.49148], [102.36711, 3.49298], [102.3643, 3.49561], [102.36447, 3.49837], [102.36086, 3.49943], [102.36086, 3.50056], [102.36568, 3.50057], [102.36568, 3.50261], [102.36695, 3.50262], [102.36467, 3.52104], [102.36697, 3.53908], [102.39542, 3.53088], [102.40003, 3.5321], [102.40611, 3.54428], [102.4208, 3.54631], [102.42109, 3.54987], [102.42452, 3.5549], [102.43171, 3.55238], [102.43475, 3.54674]]]]}}, {"type": "Feature", "properties": {"state": "Pahang", "seat": "N.33 Bilut", "seat_name": "Bilut"}, "geometry": {"type": "MultiPolygon", "coordinates": [[[[101.8757, 3.69571], [101.87581, 3.68864], [101.87995, 3.68873], [101.88056, 3.68319], [101.88241, 3.68458], [101.88408, 3.68149], [101.88522, 3.6827], [101.88751, 3.68188], [101.88689, 3.68009], [101.89206, 3.67212], [101.8912, 3.67067], [101.89355, 3.66927], [101.89626, 3.66313], [101.90052, 3.66362], [101.90385, 3.6678], [101.90905, 3.66511], [101.91065, 3.66086], [101.91412, 3.66261], [101.91627, 3.66044], [101.92547, 3.66406], [101.92578, 3.66545], [101.92596, 3.66358], [101.92936, 3.66341], [101.93315, 3.65781], [101.93785, 3.65843], [101.9396, 3.65533], [101.93773, 3.65362], [101.94021, 3.65225], [101.93793, 3.64869], [101.94062, 3.64608], [101.94112, 3.64507], [101.94003, 3.64553], [101.93935, 3.6421], [101.94396, 3.63881], [101.94645, 3.63324], [101.94661, 3.62975], [101.9442, 3.6285], [101.9456, 3.62481], [101.94302, 3.62114], [101.94705, 3.62082], [101.94578, 3.6198], [101.94619, 3.61628], [101.94853, 3.61386], [101.95003, 3.60477], [101.9552, 3.59953], [101.95351, 3.59469], [101.9629, 3.58958], [101.96289, 3.58719], [101.96032, 3.58434], [101.96457, 3.58173], [101.96243, 3.57839], [101.96314, 3.57624], [101.96459, 3.57442], [101.96796, 3.57447], [101.97066, 3.57263], [101.97134, 3.57009], [101.9758, 3.56873], [101.97547, 3.56578], [101.97053, 3.56305], [101.97756, 3.55391], [101.97494, 3.55383], [101.97333, 3.54903], [101.97023, 3.54735], [101.97136, 3.54322], [101.96599, 3.54111], [101.96227, 3.54795], [101.94653, 3.5542], [101.94087, 3.54525], [101.93685, 3.54526], [101.94172, 3.53882], [101.93956, 3.53452], [101.94129, 3.53443], [101.94125, 3.53151], [101.94181, 3.53283], [101.94367, 3.53241], [101.94281, 3.53152], [101.94576, 3.52643], [101.94349, 3.52643], [101.94124, 3.52353], [101.9419, 3.52051], [101.94504, 3.51848], [101.94265, 3.51521], [101.93742, 3.516], [101.93363, 3.51419], [101.93145, 3.51562], [101.93109, 3.51426], [101.92841, 3.5141], [101.92882, 3.51585], [101.92478, 3.51468], [101.9242, 3.51637], [101.92286, 3.51498], [101.91637, 3.516], [101.91162, 3.52022], [101.90562, 3.52218], [101.9025, 3.51748], [101.90342, 3.51467], [101.90144, 3.51509], [101.89684, 3.51922], [101.90117, 3.52588], [101.89829, 3.52696], [101.89401, 3.52434], [101.89304, 3.52774], [101.87787, 3.51892], [101.87762, 3.51126], [101.86972, 3.51128], [101.87066, 3.51385], [101.8696, 3.51386], [101.86339, 3.51029], [101.85366, 3.51063], [101.85203, 3.51474], [101.84624, 3.51411], [101.83717, 3.50805], [101.83694, 3.50965], [101.83272, 3.5086], [101.83243, 3.50499], [101.83115, 3.50725], [101.8322, 3.51087], [101.8296, 3.51076], [101.82964, 3.51408], [101.8278, 3.51715], [101.82536, 3.51686], [101.82468, 3.51938], [101.82198, 3.51761], [101.82273, 3.51338], [101.81979, 3.51273], [101.82058, 3.51016], [101.81728, 3.5109], [101.8192, 3.50978], [101.80681, 3.50331], [101.78588, 3.48304], [101.77091, 3.47293], [101.76711, 3.47776], [101.76454, 3.49146], [101.76198, 3.49282], [101.76314, 3.49931], [101.76235, 3.50806], [101.76556, 3.51272], [101.769, 3.5134], [101.77059, 3.51577], [101.77325, 3.52284], [101.7771, 3.52751], [101.77747, 3.53468], [101.78615, 3.54636], [101.78948, 3.54524], [101.79288, 3.5473], [101.79916, 3.5468], [101.80137, 3.54988], [101.80585, 3.54962], [101.8048, 3.55334], [101.80913, 3.56603], [101.80812, 3.56796], [101.80975, 3.56928], [101.80715, 3.57412], [101.80861, 3.57927], [101.80774, 3.58546], [101.81113, 3.58673], [101.81206, 3.59338], [101.81448, 3.59407], [101.81535, 3.60266], [101.81478, 3.60416], [101.80988, 3.60489], [101.80837, 3.60759], [101.80904, 3.61004], [101.8129, 3.61091], [101.8146, 3.61986], [101.81821, 3.61923], [101.81832, 3.61793], [101.82303, 3.61851], [101.82323, 3.62074], [101.8197, 3.62294], [101.82162, 3.62796], [101.83499, 3.63847], [101.83907, 3.63903], [101.84123, 3.63695], [101.84606, 3.63879], [101.84957, 3.63769], [101.85087, 3.63526], [101.86188, 3.63985], [101.88145, 3.65331], [101.86654, 3.67784], [101.86348, 3.69205], [101.8757, 3.69571]]]]}}, {"type": "Feature", "properties": {"state": "Pahang", "seat": "N.34 Ketari", "seat_name": "Ketari"}, "geometry": {"type": "MultiPolygon", "coordinates": [[[[101.98101, 3.55299], [101.9864, 3.55049], [101.99476, 3.53836], [102.0001, 3.53683], [102.00965, 3.52797], [102.01237, 3.53135], [102.03023, 3.52983], [102.03523, 3.53821], [102.03627, 3.53377], [102.02549, 3.52388], [102.02456, 3.51724], [102.01908, 3.51273], [102.01995, 3.51019], [102.01653, 3.50902], [102.01378, 3.51015], [102.01321, 3.50761], [102.00052, 3.51617], [101.99954, 3.51343], [101.99746, 3.51318], [101.99789, 3.51465], [101.99604, 3.51293], [101.99729, 3.51199], [101.99383, 3.50897], [101.99665, 3.50702], [101.99369, 3.50372], [101.99575, 3.50064], [101.99452, 3.49698], [101.99542, 3.49467], [101.99437, 3.49467], [101.99406, 3.49375], [101.99525, 3.49386], [101.99408, 3.49298], [101.99556, 3.48966], [101.99433, 3.48859], [101.99755, 3.48763], [101.99633, 3.48587], [101.99869, 3.48092], [101.99736, 3.47708], [101.99858, 3.47756], [102.00057, 3.4646], [102.00531, 3.47211], [102.01434, 3.47253], [102.01605, 3.4756], [102.02011, 3.47744], [102.02061, 3.48031], [102.02463, 3.48137], [102.0258, 3.48363], [102.02995, 3.48269], [102.02184, 3.48744], [102.02889, 3.48983], [102.02984, 3.4924], [102.02556, 3.49578], [102.02998, 3.49699], [102.03363, 3.49452], [102.03738, 3.49445], [102.04405, 3.48934], [102.05433, 3.47758], [102.05593, 3.47111], [102.05821, 3.46932], [102.0574, 3.46628], [102.0513, 3.46329], [102.04343, 3.4648], [102.04232, 3.46939], [102.03925, 3.46835], [102.03753, 3.46933], [102.03315, 3.46713], [102.01567, 3.45173], [102.01147, 3.44464], [102.00565, 3.44182], [101.99261, 3.42841], [101.96896, 3.41141], [101.96079, 3.4017], [101.95263, 3.40029], [101.94368, 3.40231], [101.93188, 3.40163], [101.92745, 3.40333], [101.92753, 3.38864], [101.91908, 3.383], [101.91855, 3.37929], [101.90867, 3.36088], [101.90347, 3.36019], [101.8979, 3.35289], [101.89513, 3.34675], [101.89338, 3.33252], [101.90077, 3.32861], [101.90242, 3.32221], [101.90781, 3.31957], [101.90921, 3.3127], [101.91342, 3.30966], [101.91652, 3.30482], [101.92232, 3.30169], [101.93264, 3.30021], [101.94037, 3.29079], [101.94003, 3.28403], [101.93407, 3.28242], [101.93181, 3.26922], [101.9212, 3.26157], [101.91846, 3.2557], [101.91557, 3.25366], [101.9065, 3.25696], [101.90097, 3.26399], [101.89878, 3.26478], [101.89654, 3.26442], [101.89094, 3.25905], [101.88728, 3.25884], [101.87801, 3.26929], [101.8689, 3.26831], [101.86296, 3.26947], [101.85357, 3.27584], [101.85102, 3.28241], [101.84816, 3.28519], [101.83712, 3.28672], [101.81647, 3.29866], [101.80599, 3.31687], [101.80608, 3.32066], [101.80099, 3.32428], [101.79861, 3.33399], [101.78857, 3.33598], [101.78185, 3.34004], [101.78074, 3.34577], [101.78251, 3.35022], [101.78088, 3.35838], [101.77532, 3.36003], [101.75934, 3.37361], [101.76038, 3.37768], [101.76556, 3.38438], [101.76317, 3.39552], [101.7641, 3.39876], [101.76651, 3.39832], [101.77389, 3.40129], [101.77701, 3.40711], [101.78028, 3.40808], [101.78165, 3.41274], [101.78802, 3.41738], [101.79231, 3.42356], [101.78451, 3.43023], [101.78327, 3.44096], [101.77806, 3.45028], [101.77784, 3.45932], [101.77091, 3.47293], [101.78588, 3.48304], [101.80681, 3.50331], [101.8192, 3.50978], [101.81728, 3.5109], [101.82058, 3.51016], [101.81979, 3.51273], [101.82273, 3.51338], [101.82198, 3.51761], [101.82468, 3.51938], [101.82536, 3.51686], [101.8278, 3.51715], [101.82964, 3.51408], [101.8296, 3.51076], [101.8322, 3.51087], [101.83115, 3.50725], [101.83243, 3.50499], [101.83272, 3.5086], [101.83694, 3.50965], [101.83717, 3.50805], [101.84624, 3.51411], [101.85203, 3.51474], [101.85366, 3.51063], [101.86339, 3.51029], [101.8696, 3.51386], [101.87066, 3.51385], [101.86972, 3.51128], [101.87762, 3.51126], [101.87787, 3.51892], [101.89304, 3.52774], [101.89401, 3.52434], [101.89829, 3.52696], [101.90117, 3.52588], [101.89684, 3.51922], [101.90144, 3.51509], [101.90342, 3.51467], [101.9025, 3.51748], [101.90562, 3.52218], [101.91162, 3.52022], [101.91637, 3.516], [101.92286, 3.51498], [101.9242, 3.51637], [101.92478, 3.51468], [101.92882, 3.51585], [101.92841, 3.5141], [101.93109, 3.51426], [101.93145, 3.51562], [101.93363, 3.51419], [101.93742, 3.516], [101.94265, 3.51521], [101.94504, 3.51848], [101.9419, 3.52051], [101.94124, 3.52353], [101.94349, 3.52643], [101.94576, 3.52643], [101.94281, 3.53152], [101.94367, 3.53241], [101.94181, 3.53283], [101.94125, 3.53151], [101.94129, 3.53443], [101.93956, 3.53452], [101.94172, 3.53882], [101.93685, 3.54526], [101.94087, 3.54525], [101.94653, 3.5542], [101.96227, 3.54795], [101.96599, 3.54111], [101.97136, 3.54322], [101.97023, 3.54735], [101.97333, 3.54903], [101.97494, 3.55383], [101.97826, 3.55295], [101.97929, 3.5546], [101.98101, 3.55299]]]]}}, {"type": "Feature", "properties": {"state": "Pahang", "seat": "N.35 Sabai", "seat_name": "Sabai"}, "geometry": {"type": "MultiPolygon", "coordinates": [[[[102.00413, 3.56325], [102.01145, 3.55638], [102.01744, 3.55745], [102.01704, 3.55536], [102.01973, 3.55324], [102.02292, 3.55543], [102.02543, 3.56399], [102.02722, 3.56297], [102.02943, 3.56437], [102.04111, 3.5394], [102.03927, 3.53598], [102.04094, 3.53456], [102.04286, 3.53646], [102.04397, 3.5354], [102.0517, 3.52164], [102.06085, 3.51186], [102.0612, 3.50979], [102.05579, 3.50369], [102.06038, 3.49723], [102.06418, 3.49718], [102.06652, 3.50225], [102.07054, 3.50082], [102.07157, 3.50252], [102.07328, 3.50207], [102.07378, 3.5041], [102.0823, 3.50657], [102.07941, 3.5098], [102.08211, 3.51244], [102.08424, 3.51235], [102.0855, 3.51478], [102.08679, 3.51947], [102.08508, 3.5218], [102.08845, 3.52041], [102.09165, 3.52157], [102.08879, 3.5243], [102.09158, 3.52624], [102.09082, 3.52947], [102.09243, 3.53187], [102.09528, 3.52796], [102.09601, 3.52301], [102.12037, 3.52622], [102.12661, 3.52521], [102.13096, 3.52972], [102.13987, 3.5161], [102.15264, 3.51469], [102.1559, 3.5162], [102.15862, 3.51338], [102.15771, 3.51164], [102.15949, 3.50965], [102.16109, 3.51011], [102.16126, 3.50527], [102.15706, 3.50067], [102.14585, 3.49648], [102.1458, 3.49291], [102.14445, 3.49414], [102.14029, 3.49212], [102.13812, 3.49387], [102.14047, 3.49078], [102.13878, 3.49042], [102.14008, 3.48784], [102.13832, 3.48823], [102.13794, 3.49252], [102.1338, 3.49188], [102.13489, 3.49061], [102.13241, 3.4882], [102.13631, 3.48329], [102.13462, 3.48238], [102.12152, 3.47776], [102.11219, 3.48333], [102.10671, 3.48337], [102.10334, 3.48096], [102.10495, 3.47936], [102.10496, 3.45454], [102.10769, 3.45096], [102.09959, 3.44221], [102.10237, 3.44142], [102.10118, 3.43802], [102.10475, 3.43707], [102.10474, 3.43172], [102.10122, 3.42374], [102.09601, 3.42048], [102.0963, 3.4131], [102.09911, 3.4091], [102.09822, 3.40605], [102.10024, 3.40437], [102.09636, 3.39249], [102.09942, 3.38637], [102.10724, 3.38201], [102.1061, 3.37762], [102.11049, 3.37437], [102.11058, 3.36465], [102.1206, 3.34501], [102.11838, 3.3447], [102.11793, 3.34078], [102.12301, 3.32235], [102.12302, 3.31694], [102.13465, 3.30578], [102.12242, 3.30625], [102.09921, 3.30306], [102.09917, 3.32691], [102.09546, 3.32692], [102.0958, 3.3342], [102.06337, 3.33439], [102.06053, 3.33701], [102.06358, 3.33881], [102.05861, 3.34439], [102.03182, 3.33953], [102.02897, 3.33682], [102.02713, 3.31441], [102.02373, 3.30433], [102.01539, 3.29986], [102.00487, 3.30044], [101.99329, 3.30606], [101.98929, 3.29094], [101.98146, 3.2803], [101.97168, 3.27169], [101.95699, 3.26814], [101.95408, 3.26984], [101.95112, 3.27554], [101.94003, 3.28403], [101.94037, 3.29079], [101.93264, 3.30021], [101.91885, 3.30309], [101.90921, 3.3127], [101.90781, 3.31957], [101.90242, 3.32221], [101.90077, 3.32861], [101.89338, 3.33252], [101.89338, 3.33746], [101.8979, 3.35289], [101.90347, 3.36019], [101.90867, 3.36088], [101.91855, 3.37929], [101.91908, 3.383], [101.92753, 3.38864], [101.92745, 3.40333], [101.93188, 3.40163], [101.94368, 3.40231], [101.95263, 3.40029], [101.96079, 3.4017], [101.96896, 3.41141], [101.99261, 3.42841], [102.00565, 3.44182], [102.01147, 3.44464], [102.01567, 3.45173], [102.03315, 3.46713], [102.03753, 3.46933], [102.03925, 3.46835], [102.04232, 3.46939], [102.04343, 3.4648], [102.0513, 3.46329], [102.057, 3.46517], [102.05821, 3.46932], [102.05593, 3.47111], [102.05371, 3.47847], [102.04325, 3.4901], [102.03738, 3.49445], [102.03363, 3.49452], [102.02998, 3.49699], [102.02556, 3.49578], [102.02984, 3.4924], [102.02889, 3.48983], [102.02184, 3.48744], [102.02995, 3.48269], [102.0258, 3.48363], [102.02463, 3.48137], [102.02061, 3.48031], [102.02011, 3.47744], [102.01605, 3.4756], [102.01434, 3.47253], [102.00531, 3.47211], [102.00057, 3.4646], [101.99858, 3.47756], [101.99736, 3.47708], [101.99869, 3.48092], [101.99633, 3.48587], [101.99755, 3.48763], [101.99465, 3.48785], [101.99433, 3.48859], [101.99556, 3.48966], [101.99408, 3.49298], [101.99525, 3.49386], [101.99406, 3.49375], [101.99542, 3.49467], [101.99452, 3.49698], [101.99575, 3.50064], [101.99369, 3.50372], [101.99665, 3.50702], [101.99383, 3.50897], [101.99729, 3.51199], [101.99604, 3.51293], [101.99789, 3.51465], [101.99746, 3.51318], [101.99954, 3.51343], [102.00052, 3.51617], [102.01321, 3.50761], [102.01378, 3.51015], [102.01653, 3.50902], [102.01995, 3.51019], [102.01908, 3.51273], [102.02456, 3.51724], [102.02549, 3.52388], [102.03627, 3.53377], [102.03523, 3.53821], [102.03023, 3.52983], [102.01237, 3.53135], [102.00965, 3.52797], [102.0001, 3.53683], [101.99468, 3.53843], [101.9846, 3.55294], [101.98207, 3.55308], [101.98163, 3.55519], [101.98482, 3.55608], [101.98681, 3.56027], [101.98498, 3.56233], [101.98484, 3.56602], [101.99013, 3.56536], [101.99223, 3.56241], [102.00086, 3.56625], [102.00413, 3.56325]]]]}}, {"type": "Feature", "properties": {"state": "Pahang", "seat": "N.36 Pelangai", "seat_name": "Pelangai"}, "geometry": {"type": "MultiPolygon", "coordinates": [[[[102.23401, 3.38956], [102.23687, 3.38975], [102.24239, 3.37962], [102.24287, 3.37593], [102.25092, 3.37236], [102.25648, 3.37671], [102.25894, 3.37207], [102.26483, 3.37029], [102.26586, 3.36365], [102.27738, 3.36615], [102.28766, 3.36271], [102.29415, 3.3548], [102.29668, 3.34457], [102.30206, 3.33953], [102.30547, 3.33878], [102.30899, 3.34186], [102.30623, 3.35273], [102.31518, 3.35441], [102.32259, 3.338], [102.32405, 3.33124], [102.32919, 3.33062], [102.33312, 3.32409], [102.34253, 3.32223], [102.34453, 3.31774], [102.34201, 3.31653], [102.33727, 3.31778], [102.32929, 3.30865], [102.32252, 3.30349], [102.3205, 3.29745], [102.30981, 3.29464], [102.30328, 3.29071], [102.30092, 3.28503], [102.30548, 3.28091], [102.30675, 3.27031], [102.30517, 3.26809], [102.30173, 3.26825], [102.29858, 3.26277], [102.29539, 3.26339], [102.2901, 3.25946], [102.28898, 3.25481], [102.2901, 3.25071], [102.29172, 3.24805], [102.29426, 3.24728], [102.29593, 3.24363], [102.28941, 3.23372], [102.28891, 3.23056], [102.28912, 3.22667], [102.29118, 3.22548], [102.29109, 3.22163], [102.29399, 3.21844], [102.29406, 3.2154], [102.29199, 3.20943], [102.28825, 3.20791], [102.28977, 3.20658], [102.2822, 3.20195], [102.28244, 3.2006], [102.27985, 3.20091], [102.27462, 3.19388], [102.27584, 3.19205], [102.26972, 3.18955], [102.2691, 3.18628], [102.27157, 3.1843], [102.27519, 3.18452], [102.27505, 3.18589], [102.2772, 3.18649], [102.27688, 3.18473], [102.28081, 3.18446], [102.28083, 3.18087], [102.2851, 3.1744], [102.28378, 3.17392], [102.28368, 3.17122], [102.28586, 3.17015], [102.29021, 3.17162], [102.29625, 3.16807], [102.30609, 3.16712], [102.30945, 3.1623], [102.30751, 3.16021], [102.30872, 3.15651], [102.30386, 3.15682], [102.28635, 3.13805], [102.1582, 3.17918], [102.15599, 3.18464], [102.15226, 3.1853], [102.15261, 3.18866], [102.14957, 3.18958], [102.14758, 3.19242], [102.14688, 3.19677], [102.14153, 3.19852], [102.13483, 3.19798], [102.12985, 3.19483], [102.12468, 3.19825], [102.1174, 3.19859], [102.11609, 3.18842], [102.11296, 3.19067], [102.09759, 3.19], [102.08746, 3.18238], [102.07725, 3.17851], [102.07472, 3.17418], [102.07583, 3.16745], [102.07018, 3.169], [102.05947, 3.16671], [102.05526, 3.17059], [102.05516, 3.17767], [102.05183, 3.18742], [102.05187, 3.19005], [102.05581, 3.19621], [102.0508, 3.20316], [102.05009, 3.2122], [102.04382, 3.2246], [102.03648, 3.22812], [102.0313, 3.22692], [102.02859, 3.23001], [102.0092, 3.22782], [101.99984, 3.23771], [101.98051, 3.23777], [101.97721, 3.23998], [101.97894, 3.25187], [101.97452, 3.2592], [101.97434, 3.26626], [101.97168, 3.27169], [101.98146, 3.2803], [101.98929, 3.29094], [101.99329, 3.30606], [102.00487, 3.30044], [102.01539, 3.29986], [102.02373, 3.30433], [102.02713, 3.31441], [102.02897, 3.33682], [102.03182, 3.33953], [102.05861, 3.34439], [102.06358, 3.33881], [102.06053, 3.33701], [102.06337, 3.33439], [102.0958, 3.3342], [102.09546, 3.32692], [102.09917, 3.32691], [102.09921, 3.30306], [102.12242, 3.30625], [102.13386, 3.30521], [102.12302, 3.31694], [102.12301, 3.32235], [102.11793, 3.34078], [102.11838, 3.3447], [102.1206, 3.34501], [102.12589, 3.35157], [102.13039, 3.35372], [102.13291, 3.35326], [102.13343, 3.35085], [102.13078, 3.34673], [102.13202, 3.34332], [102.13427, 3.34315], [102.14387, 3.3538], [102.1481, 3.36257], [102.15691, 3.36094], [102.15998, 3.36563], [102.16661, 3.36364], [102.17579, 3.36384], [102.17829, 3.36925], [102.18388, 3.36859], [102.1863, 3.3715], [102.19329, 3.37288], [102.19683, 3.37548], [102.21177, 3.37728], [102.21566, 3.38246], [102.22059, 3.38261], [102.22147, 3.38518], [102.2264, 3.38573], [102.22974, 3.39212], [102.23401, 3.38956]]]]}}, {"type": "Feature", "properties": {"state": "Pahang", "seat": "N.37 Guai", "seat_name": "Guai"}, "geometry": {"type": "MultiPolygon", "coordinates": [[[[102.51639, 3.45918], [102.52055, 3.46385], [102.52425, 3.46125], [102.52974, 3.46108], [102.53396, 3.45782], [102.5397, 3.46015], [102.54102, 3.45677], [102.5488, 3.45688], [102.55485, 3.45317], [102.55917, 3.45484], [102.56, 3.45313], [102.56164, 3.45521], [102.56449, 3.45326], [102.57379, 3.45445], [102.58236, 3.44049], [102.58371, 3.44137], [102.59225, 3.43544], [102.59537, 3.42842], [102.59476, 3.42424], [102.59044, 3.42098], [102.59163, 3.41995], [102.58919, 3.41777], [102.58469, 3.40745], [102.59234, 3.40551], [102.59495, 3.39608], [102.60981, 3.39514], [102.61866, 3.39675], [102.62149, 3.39547], [102.62196, 3.39318], [102.6249, 3.39713], [102.62872, 3.39572], [102.62883, 3.39695], [102.63392, 3.39623], [102.63389, 3.39454], [102.63709, 3.39498], [102.63707, 3.39281], [102.64196, 3.39302], [102.6478, 3.38171], [102.65303, 3.38146], [102.65192, 3.37948], [102.65402, 3.3757], [102.65348, 3.37364], [102.66962, 3.37278], [102.67476, 3.36846], [102.67205, 3.36455], [102.6722, 3.36206], [102.67731, 3.35741], [102.68907, 3.35781], [102.69174, 3.35589], [102.69115, 3.35455], [102.69291, 3.35447], [102.69297, 3.33946], [102.69172, 3.33959], [102.69146, 3.33527], [102.68969, 3.33543], [102.68849, 3.33147], [102.68523, 3.33386], [102.67948, 3.33494], [102.68159, 3.32064], [102.67509, 3.31739], [102.66807, 3.31089], [102.66226, 3.29969], [102.66378, 3.29466], [102.66812, 3.2925], [102.66814, 3.28817], [102.65679, 3.27734], [102.65029, 3.2752], [102.64313, 3.27712], [102.63255, 3.27558], [102.63097, 3.2774], [102.62991, 3.27601], [102.62839, 3.27929], [102.62587, 3.27822], [102.62638, 3.28009], [102.62428, 3.27931], [102.62065, 3.28388], [102.62153, 3.28668], [102.61979, 3.29354], [102.62095, 3.29431], [102.61892, 3.29558], [102.61969, 3.29727], [102.61157, 3.2999], [102.61037, 3.30367], [102.60835, 3.30406], [102.61003, 3.30693], [102.60873, 3.30701], [102.60858, 3.31319], [102.60533, 3.31263], [102.60185, 3.30883], [102.59804, 3.30796], [102.59721, 3.30936], [102.59643, 3.30488], [102.59462, 3.30593], [102.59231, 3.30375], [102.58932, 3.30436], [102.58908, 3.30294], [102.58669, 3.30347], [102.58634, 3.30169], [102.58304, 3.30169], [102.57646, 3.3049], [102.57538, 3.30328], [102.57213, 3.30327], [102.56883, 3.3168], [102.56124, 3.31896], [102.55417, 3.32545], [102.54539, 3.3227], [102.53409, 3.32423], [102.53135, 3.3176], [102.53297, 3.31146], [102.53221, 3.30634], [102.53094, 3.30476], [102.51933, 3.30349], [102.51616, 3.30523], [102.51622, 3.30833], [102.51179, 3.31013], [102.51129, 3.31416], [102.50426, 3.3173], [102.50177, 3.32017], [102.50181, 3.32474], [102.4995, 3.32765], [102.48983, 3.32165], [102.48729, 3.32154], [102.48752, 3.31835], [102.49016, 3.31738], [102.48843, 3.31124], [102.49264, 3.29589], [102.46908, 3.29571], [102.46803, 3.28431], [102.45857, 3.27779], [102.4558, 3.27357], [102.44857, 3.27522], [102.44633, 3.27275], [102.44388, 3.27424], [102.44395, 3.2866], [102.43511, 3.28593], [102.43357, 3.2845], [102.42143, 3.28493], [102.43344, 3.30709], [102.42956, 3.31337], [102.42336, 3.31231], [102.42402, 3.31057], [102.40043, 3.31056], [102.40043, 3.30865], [102.39436, 3.30722], [102.36588, 3.3057], [102.33959, 3.3019], [102.3352, 3.30005], [102.33529, 3.30144], [102.32439, 3.29878], [102.32125, 3.2997], [102.32252, 3.30349], [102.32929, 3.30865], [102.33657, 3.3173], [102.34201, 3.31653], [102.34453, 3.31774], [102.34253, 3.32223], [102.33312, 3.32409], [102.32919, 3.33062], [102.32405, 3.33124], [102.32259, 3.338], [102.31629, 3.35099], [102.32224, 3.35458], [102.31728, 3.36595], [102.32355, 3.37499], [102.32877, 3.37653], [102.33405, 3.37457], [102.33914, 3.37742], [102.34481, 3.37229], [102.34899, 3.37296], [102.35412, 3.37082], [102.36264, 3.38152], [102.3712, 3.37717], [102.3731, 3.37128], [102.38026, 3.37387], [102.38048, 3.37549], [102.38448, 3.37307], [102.39717, 3.37044], [102.42068, 3.37183], [102.43849, 3.36703], [102.45899, 3.36673], [102.46134, 3.36863], [102.46138, 3.36645], [102.46362, 3.36516], [102.4666, 3.36665], [102.47359, 3.36551], [102.46956, 3.37211], [102.46822, 3.36922], [102.46595, 3.37121], [102.47241, 3.3767], [102.47827, 3.40385], [102.48111, 3.41085], [102.48039, 3.41441], [102.48301, 3.41633], [102.48315, 3.42136], [102.48836, 3.42121], [102.48871, 3.40732], [102.5042, 3.40726], [102.50432, 3.41306], [102.50654, 3.41355], [102.50724, 3.41648], [102.50927, 3.41527], [102.51139, 3.41943], [102.5048, 3.42377], [102.50503, 3.4639], [102.51416, 3.46267], [102.51639, 3.45918]]]]}}, {"type": "Feature", "properties": {"state": "Pahang", "seat": "N.38 Triang", "seat_name": "Triang"}, "geometry": {"type": "MultiPolygon", "coordinates": [[[[102.42852, 3.31281], [102.43186, 3.31145], [102.43164, 3.30885], [102.43344, 3.30709], [102.42143, 3.28493], [102.43357, 3.2845], [102.43511, 3.28593], [102.44395, 3.2866], [102.44388, 3.27424], [102.44633, 3.27275], [102.44857, 3.27522], [102.45621, 3.27399], [102.46152, 3.26703], [102.46161, 3.26154], [102.45696, 3.25165], [102.45617, 3.24343], [102.46663, 3.23334], [102.46617, 3.23046], [102.46807, 3.23022], [102.46663, 3.21551], [102.46772, 3.21211], [102.46967, 3.21184], [102.46955, 3.20993], [102.4679, 3.21034], [102.47122, 3.20698], [102.47211, 3.19825], [102.47832, 3.18364], [102.47198, 3.17562], [102.47096, 3.17646], [102.47056, 3.1729], [102.46716, 3.17234], [102.46815, 3.16993], [102.39977, 3.16924], [102.39977, 3.16759], [102.39397, 3.16761], [102.39396, 3.1692], [102.3908, 3.16966], [102.38935, 3.16732], [102.38732, 3.16731], [102.37517, 3.17582], [102.35232, 3.17643], [102.3487, 3.18038], [102.34036, 3.18263], [102.3335, 3.16459], [102.33184, 3.16412], [102.33199, 3.15464], [102.32867, 3.15373], [102.32872, 3.14974], [102.32659, 3.14967], [102.32643, 3.1466], [102.3245, 3.1466], [102.32448, 3.13062], [102.28635, 3.13805], [102.30386, 3.15682], [102.30872, 3.15651], [102.30751, 3.16021], [102.30945, 3.1623], [102.30609, 3.16712], [102.29625, 3.16807], [102.29021, 3.17162], [102.28586, 3.17015], [102.28368, 3.17122], [102.28378, 3.17392], [102.2851, 3.1744], [102.28083, 3.18087], [102.28081, 3.18446], [102.27688, 3.18473], [102.2772, 3.18649], [102.27505, 3.18589], [102.27519, 3.18452], [102.27157, 3.1843], [102.2691, 3.18628], [102.26972, 3.18955], [102.27584, 3.19205], [102.27462, 3.19388], [102.27985, 3.20091], [102.28244, 3.2006], [102.2822, 3.20195], [102.28977, 3.20658], [102.28825, 3.20791], [102.29199, 3.20943], [102.29406, 3.2154], [102.29399, 3.21844], [102.29109, 3.22163], [102.29118, 3.22548], [102.28912, 3.22667], [102.28891, 3.23056], [102.28941, 3.23372], [102.29593, 3.24363], [102.29426, 3.24728], [102.29172, 3.24805], [102.2901, 3.25071], [102.2891, 3.25633], [102.2901, 3.25946], [102.29539, 3.26339], [102.29858, 3.26277], [102.30173, 3.26825], [102.30517, 3.26809], [102.30675, 3.27031], [102.30548, 3.28091], [102.30092, 3.28503], [102.30328, 3.29071], [102.30981, 3.29464], [102.31793, 3.29611], [102.32125, 3.2997], [102.32439, 3.29878], [102.33529, 3.30144], [102.3352, 3.30005], [102.33959, 3.3019], [102.36588, 3.3057], [102.39436, 3.30722], [102.40043, 3.30865], [102.40043, 3.31056], [102.42402, 3.31057], [102.42336, 3.31231], [102.42852, 3.31281]]]]}}, {"type": "Feature", "properties": {"state": "Pahang", "seat": "N.39 Kemayan", "seat_name": "Kemayan"}, "geometry": {"type": "MultiPolygon", "coordinates": [[[[102.68287, 3.33346], [102.68523, 3.33386], [102.68849, 3.33147], [102.69535, 3.31608], [102.7034, 3.31634], [102.70574, 3.31295], [102.70404, 3.30998], [102.70417, 3.30547], [102.69559, 3.29801], [102.69859, 3.28015], [102.70236, 3.27726], [102.70366, 3.27128], [102.71177, 3.26269], [102.7146, 3.26142], [102.7238, 3.26159], [102.72683, 3.25549], [102.73076, 3.25229], [102.73505, 3.24414], [102.73568, 3.23631], [102.74081, 3.22654], [102.74194, 3.22022], [102.74841, 3.21966], [102.75842, 3.20839], [102.76944, 3.20707], [102.77348, 3.20487], [102.78019, 3.19709], [102.78766, 3.19281], [102.79061, 3.18793], [102.79938, 3.18321], [102.80962, 3.16987], [102.7893, 3.16511], [102.77713, 3.15954], [102.76056, 3.14572], [102.75528, 3.146], [102.74728, 3.15374], [102.74165, 3.15373], [102.7328, 3.14407], [102.73418, 3.14314], [102.73629, 3.13381], [102.73114, 3.13037], [102.72625, 3.12219], [102.72892, 3.11907], [102.73513, 3.11619], [102.73889, 3.1205], [102.74901, 3.12663], [102.7512, 3.12649], [102.75356, 3.12363], [102.74913, 3.11979], [102.74946, 3.11205], [102.75277, 3.11197], [102.75421, 3.1079], [102.74858, 3.1023], [102.74525, 3.101], [102.74571, 3.09385], [102.74762, 3.09133], [102.74731, 3.08207], [102.75071, 3.07695], [102.75253, 3.08098], [102.75446, 3.07893], [102.76128, 3.07717], [102.76389, 3.07275], [102.76002, 3.06834], [102.7632, 3.06233], [102.76252, 3.05927], [102.76545, 3.05487], [102.77021, 3.05802], [102.77619, 3.05341], [102.77672, 3.0514], [102.78978, 3.04615], [102.78561, 3.03831], [102.7844, 3.03199], [102.78281, 3.03164], [102.78223, 3.02444], [102.7775, 3.01143], [102.7663, 2.998], [102.76195, 2.99068], [102.7586, 2.97995], [102.75837, 2.95376], [102.75672, 2.94299], [102.75966, 2.92193], [102.75891, 2.9128], [102.7543, 2.91605], [102.74556, 2.90448], [102.74581, 2.90106], [102.75198, 2.89491], [102.75239, 2.89035], [102.74437, 2.8799], [102.74135, 2.86383], [102.74493, 2.85591], [102.7553, 2.85511], [102.75357, 2.8464], [102.75535, 2.84289], [102.75348, 2.84082], [102.75643, 2.83627], [102.76146, 2.83313], [102.76488, 2.83505], [102.76955, 2.82756], [102.76795, 2.82427], [102.77269, 2.82061], [102.78037, 2.8214], [102.78022, 2.81713], [102.78401, 2.80725], [102.70144, 2.83373], [102.69765, 2.83286], [102.69715, 2.83453], [102.6991, 2.83511], [102.69375, 2.84472], [102.69632, 2.84515], [102.69503, 2.84924], [102.69803, 2.85349], [102.69513, 2.85521], [102.69616, 2.85918], [102.69322, 2.86913], [102.6941, 2.87482], [102.69272, 2.87541], [102.69424, 2.8782], [102.69177, 2.87796], [102.69112, 2.88104], [102.68954, 2.88082], [102.68953, 2.87929], [102.68944, 2.88462], [102.68679, 2.8857], [102.68157, 2.89686], [102.67893, 2.89597], [102.67637, 2.89809], [102.6754, 2.89361], [102.67332, 2.89306], [102.67353, 2.89145], [102.67106, 2.89151], [102.67036, 2.88944], [102.67203, 2.89059], [102.67164, 2.88902], [102.66754, 2.88645], [102.46817, 3.01864], [102.3914, 3.11756], [102.32448, 3.13062], [102.3245, 3.1466], [102.32643, 3.1466], [102.32659, 3.14967], [102.32872, 3.14974], [102.32867, 3.15373], [102.33199, 3.15464], [102.33184, 3.16412], [102.3335, 3.16459], [102.34036, 3.18263], [102.3487, 3.18038], [102.35232, 3.17643], [102.37517, 3.17582], [102.38732, 3.16731], [102.38935, 3.16732], [102.3908, 3.16966], [102.39396, 3.1692], [102.39397, 3.16761], [102.39977, 3.16759], [102.39977, 3.16924], [102.46815, 3.16993], [102.46716, 3.17234], [102.47056, 3.1729], [102.47096, 3.17646], [102.47198, 3.17562], [102.47832, 3.18364], [102.47211, 3.19825], [102.47122, 3.20698], [102.4679, 3.21034], [102.46955, 3.20993], [102.46967, 3.21184], [102.46772, 3.21211], [102.46663, 3.21551], [102.46807, 3.23022], [102.46617, 3.23046], [102.46663, 3.23334], [102.45617, 3.24343], [102.45696, 3.25165], [102.46161, 3.26154], [102.46152, 3.26703], [102.45621, 3.27398], [102.45857, 3.27779], [102.46803, 3.28431], [102.46908, 3.29571], [102.49264, 3.29589], [102.48843, 3.31124], [102.49016, 3.31738], [102.48752, 3.31835], [102.48729, 3.32154], [102.48983, 3.32165], [102.4995, 3.32765], [102.50181, 3.32474], [102.50177, 3.32017], [102.50426, 3.3173], [102.51129, 3.31416], [102.51179, 3.31013], [102.51622, 3.30833], [102.51616, 3.30523], [102.51933, 3.30349], [102.53094, 3.30476], [102.53221, 3.30634], [102.53297, 3.31146], [102.53135, 3.3176], [102.53409, 3.32423], [102.54539, 3.3227], [102.55417, 3.32545], [102.56124, 3.31896], [102.56883, 3.3168], [102.57213, 3.30327], [102.57538, 3.30328], [102.57646, 3.3049], [102.58304, 3.30169], [102.58634, 3.30169], [102.58669, 3.30347], [102.58908, 3.30294], [102.58932, 3.30436], [102.59231, 3.30375], [102.59462, 3.30593], [102.59643, 3.30488], [102.59721, 3.30936], [102.59804, 3.30796], [102.60185, 3.30883], [102.60533, 3.31263], [102.60858, 3.31319], [102.60873, 3.30701], [102.61003, 3.30693], [102.60835, 3.30406], [102.61037, 3.30367], [102.61157, 3.2999], [102.61447, 3.2999], [102.6155, 3.29936], [102.6144, 3.29868], [102.62022, 3.29646], [102.61892, 3.29558], [102.62095, 3.29431], [102.61979, 3.29354], [102.62117, 3.29118], [102.62065, 3.28388], [102.62428, 3.27931], [102.62638, 3.28009], [102.62587, 3.27822], [102.62839, 3.27929], [102.62991, 3.27601], [102.63188, 3.27732], [102.63255, 3.27558], [102.64313, 3.27712], [102.65029, 3.2752], [102.65679, 3.27734], [102.66814, 3.28817], [102.66812, 3.2925], [102.66378, 3.29466], [102.66226, 3.29969], [102.66807, 3.31089], [102.67509, 3.31739], [102.68159, 3.32064], [102.67948, 3.33494], [102.68287, 3.33346]]]]}}, {"type": "Feature", "properties": {"state": "Pahang", "seat": "N.40 Bukit Ibam", "seat_name": "Bukit Ibam"}, "geometry": {"type": "MultiPolygon", "coordinates": [[[[102.75392, 3.38043], [102.7719, 3.36623], [102.77517, 3.36554], [102.78261, 3.36704], [102.78867, 3.36541], [102.79167, 3.37046], [102.79164, 3.37548], [102.7949, 3.37622], [102.80353, 3.37199], [102.80749, 3.37202], [102.8084, 3.3749], [102.81211, 3.37779], [102.82168, 3.37357], [102.82968, 3.37663], [102.82875, 3.37217], [102.82189, 3.36087], [102.82832, 3.3494], [102.84323, 3.33151], [102.84417, 3.32561], [102.85778, 3.31392], [102.86312, 3.31306], [102.86564, 3.31069], [102.86609, 3.30594], [102.88428, 3.28825], [102.89446, 3.27269], [102.90392, 3.27452], [102.90739, 3.2724], [102.91077, 3.26578], [102.91611, 3.26573], [102.92491, 3.26863], [102.92792, 3.27801], [102.93174, 3.28216], [102.93133, 3.28697], [102.93505, 3.28915], [102.93665, 3.29962], [102.93569, 3.30255], [102.93754, 3.30598], [102.94308, 3.30616], [102.95006, 3.31255], [102.95346, 3.31076], [102.95275, 3.3032], [102.95893, 3.29818], [102.95697, 3.29224], [102.96529, 3.29036], [102.9652, 3.28694], [102.96852, 3.28295], [102.97258, 3.27944], [102.97944, 3.27671], [102.98318, 3.28274], [102.98862, 3.2806], [103.00345, 3.28968], [103.00591, 3.28989], [103.00969, 3.28426], [103.01492, 3.2843], [103.02143, 3.28783], [103.01858, 3.28954], [103.01919, 3.29326], [103.02262, 3.29364], [103.02394, 3.29649], [103.02796, 3.2941], [103.02803, 3.29263], [103.03056, 3.29302], [103.03159, 3.29925], [103.03414, 3.30024], [103.03547, 3.30284], [103.03891, 3.30374], [103.04101, 3.30958], [103.04672, 3.30864], [103.04545, 3.31136], [103.04937, 3.31421], [103.05587, 3.31596], [103.05915, 3.32248], [103.0676, 3.33008], [103.07063, 3.31682], [103.07423, 3.31673], [103.07365, 3.31128], [103.07809, 3.29678], [103.07821, 3.29054], [103.07432, 3.28321], [103.07409, 3.27807], [103.07796, 3.26986], [103.08292, 3.27129], [103.08414, 3.26959], [103.08983, 3.25307], [103.09709, 3.25307], [103.09737, 3.25469], [103.1031, 3.25229], [103.10536, 3.24807], [103.10279, 3.24725], [103.1065, 3.24157], [103.11209, 3.23849], [103.10944, 3.22841], [103.11392, 3.2278], [103.11598, 3.2233], [103.11866, 3.22315], [103.12147, 3.21955], [103.12432, 3.22158], [103.12572, 3.21926], [103.13574, 3.21369], [103.11669, 3.19075], [103.11773, 3.18823], [103.12372, 3.18577], [103.12422, 3.1833], [103.12358, 3.17505], [103.11671, 3.16757], [103.11717, 3.16536], [103.12088, 3.16407], [103.1203, 3.16216], [103.10869, 3.15184], [103.10063, 3.14689], [103.10363, 3.14037], [103.10716, 3.13793], [103.10908, 3.12363], [103.10597, 3.11962], [103.10193, 3.11807], [103.09766, 3.11814], [103.09323, 3.1214], [103.08997, 3.12149], [103.08552, 3.11715], [103.07954, 3.11695], [103.06652, 3.09937], [103.05394, 3.09945], [103.04596, 3.08712], [103.04195, 3.08679], [103.0414, 3.08497], [103.04629, 3.07446], [103.04628, 3.05082], [103.04086, 3.05083], [103.04743, 3.03592], [103.03266, 3.0149], [103.02992, 3.00754], [103.02043, 3.00335], [103.01294, 2.99692], [103.01082, 2.99725], [103.01335, 2.99872], [103.01375, 3.0075], [103.01023, 3.01985], [103.00687, 3.0238], [103.00731, 3.02593], [103.00247, 3.02605], [103.00122, 3.01716], [102.99642, 3.01737], [102.98712, 3.03342], [102.98302, 3.02346], [102.98297, 3.00468], [102.95516, 2.99296], [102.95565, 2.97318], [102.9532, 2.9741], [102.95242, 2.97233], [102.94939, 2.97219], [102.94894, 2.96992], [102.9518, 2.96728], [102.94232, 2.96457], [102.94165, 2.96069], [102.93952, 2.95972], [102.948, 2.95295], [102.95431, 2.94283], [102.95833, 2.94141], [102.96228, 2.93419], [102.96376, 2.9339], [102.96305, 2.93235], [102.9652, 2.92795], [103.00417, 2.92682], [103.01218, 2.92254], [103.02394, 2.92222], [103.01755, 2.8894], [102.99745, 2.88949], [102.99632, 2.87409], [103.00634, 2.86259], [102.99258, 2.84969], [102.98717, 2.84687], [102.97722, 2.85448], [102.98113, 2.85895], [102.98086, 2.86294], [102.98335, 2.86545], [102.96485, 2.86613], [102.94525, 2.87148], [102.94532, 2.81528], [102.94232, 2.81457], [102.93714, 2.81645], [102.93388, 2.81959], [102.93161, 2.8186], [102.92993, 2.80129], [102.92451, 2.78765], [102.91847, 2.78083], [102.91632, 2.77584], [102.9086, 2.75647], [102.90421, 2.73848], [102.90675, 2.72731], [102.91587, 2.73293], [102.91942, 2.7327], [102.92269, 2.72983], [103.00408, 2.7311], [103.0044, 2.70492], [103.00239, 2.70245], [103.00049, 2.70307], [102.9945, 2.69879], [102.99864, 2.67554], [102.99674, 2.63944], [102.99178, 2.63151], [102.9883, 2.63429], [102.98637, 2.63267], [102.98532, 2.63507], [102.98316, 2.63498], [102.9868, 2.62267], [102.99022, 2.61921], [102.98893, 2.60824], [102.98577, 2.6044], [102.97948, 2.61157], [102.96612, 2.59922], [102.91888, 2.65209], [102.7945, 2.80386], [102.78401, 2.80725], [102.78022, 2.81713], [102.78037, 2.8214], [102.77269, 2.82061], [102.76795, 2.82427], [102.76955, 2.82756], [102.76488, 2.83505], [102.76146, 2.83313], [102.75643, 2.83627], [102.75348, 2.84082], [102.75535, 2.84289], [102.75357, 2.8464], [102.7553, 2.85511], [102.74695, 2.85477], [102.74182, 2.86051], [102.74328, 2.87702], [102.74875, 2.88692], [102.75239, 2.89035], [102.75198, 2.89491], [102.74581, 2.90106], [102.74556, 2.90448], [102.7543, 2.91605], [102.75903, 2.91361], [102.75966, 2.92193], [102.75672, 2.94299], [102.75837, 2.95376], [102.7586, 2.97995], [102.76195, 2.99068], [102.7663, 2.998], [102.7775, 3.01143], [102.78223, 3.02444], [102.78281, 3.03164], [102.7844, 3.03199], [102.78561, 3.03831], [102.78988, 3.04549], [102.77672, 3.0514], [102.77062, 3.05787], [102.76545, 3.05487], [102.76252, 3.05927], [102.7632, 3.06233], [102.76002, 3.06834], [102.76389, 3.07275], [102.76128, 3.07717], [102.75446, 3.07893], [102.75253, 3.08098], [102.75071, 3.07695], [102.74731, 3.08207], [102.74762, 3.09133], [102.74571, 3.09385], [102.74525, 3.101], [102.74858, 3.1023], [102.75421, 3.1079], [102.75277, 3.11197], [102.74946, 3.11205], [102.74913, 3.11979], [102.75356, 3.12363], [102.7512, 3.12649], [102.74901, 3.12663], [102.73889, 3.1205], [102.73513, 3.11619], [102.72892, 3.11907], [102.72625, 3.12219], [102.73114, 3.13037], [102.73629, 3.13381], [102.73418, 3.14314], [102.7328, 3.14407], [102.74165, 3.15373], [102.74728, 3.15374], [102.75528, 3.146], [102.76056, 3.14572], [102.77713, 3.15954], [102.7893, 3.16511], [102.80962, 3.16987], [102.79938, 3.18321], [102.79061, 3.18793], [102.78766, 3.19281], [102.78019, 3.19709], [102.77348, 3.20487], [102.76944, 3.20707], [102.75842, 3.20839], [102.74841, 3.21966], [102.74194, 3.22022], [102.74081, 3.22654], [102.73568, 3.23631], [102.73505, 3.24414], [102.73076, 3.25229], [102.72683, 3.25549], [102.7238, 3.26159], [102.7146, 3.26142], [102.71177, 3.26269], [102.70366, 3.27128], [102.70236, 3.27726], [102.69859, 3.28015], [102.69559, 3.29801], [102.70101, 3.30167], [102.70449, 3.30633], [102.70404, 3.30998], [102.70584, 3.31245], [102.703, 3.31796], [102.70596, 3.3207], [102.71554, 3.32113], [102.72291, 3.3316], [102.72999, 3.33467], [102.72777, 3.34711], [102.73228, 3.35821], [102.73049, 3.3675], [102.73192, 3.37331], [102.73669, 3.38134], [102.73888, 3.38026], [102.75019, 3.38207], [102.75392, 3.38043]]]]}}, {"type": "Feature", "properties": {"state": "Pahang", "seat": "N.41 Muadzam Shah", "seat_name": "Muadzam Shah"}, "geometry": {"type": "MultiPolygon", "coordinates": [[[[103.10155, 3.11808], [103.10597, 3.11962], [103.12547, 3.08356], [103.13701, 3.08356], [103.13707, 3.06978], [103.12099, 3.06977], [103.12116, 3.06537], [103.16337, 3.06593], [103.16348, 3.06958], [103.16565, 3.06462], [103.16997, 3.06576], [103.17744, 3.06157], [103.17745, 3.05953], [103.18381, 3.05717], [103.18131, 3.05451], [103.17774, 3.0562], [103.17656, 3.05161], [103.18476, 3.05159], [103.18503, 3.04941], [103.18951, 3.04917], [103.18967, 3.04666], [103.19146, 3.04538], [103.19872, 3.04518], [103.2038, 3.03931], [103.20746, 3.04232], [103.21143, 3.04231], [103.21399, 3.04051], [103.2141, 3.03716], [103.22228, 3.03659], [103.23263, 3.02078], [103.23021, 3.01632], [103.21652, 3.01622], [103.21649, 3.00925], [103.21397, 3.00505], [103.21634, 3.00248], [103.21352, 3.0002], [103.21351, 2.99801], [103.21713, 2.998], [103.21711, 2.98999], [103.2207, 2.99264], [103.22152, 2.99058], [103.2185, 2.98837], [103.21857, 2.98034], [103.22235, 2.97566], [103.21763, 2.97531], [103.22597, 2.96575], [103.25503, 2.96551], [103.255, 2.96829], [103.26447, 2.96883], [103.33421, 2.96869], [103.33424, 2.96595], [103.36283, 2.96612], [103.43022, 2.95253], [103.43588, 2.91323], [103.44208, 2.89174], [103.44835, 2.88097], [103.44983, 2.87118], [103.45698, 2.85717], [103.47779, 2.82928], [103.47691, 2.82856], [103.47969, 2.82296], [103.47498, 2.81936], [103.47854, 2.80952], [103.46912, 2.80527], [103.46625, 2.81847], [103.46895, 2.82367], [103.46874, 2.82809], [103.46644, 2.83284], [103.46112, 2.8355], [103.45842, 2.83512], [103.45434, 2.83156], [103.44925, 2.82977], [103.4461, 2.82622], [103.4359, 2.84119], [103.43934, 2.84432], [103.44494, 2.8452], [103.44526, 2.85528], [103.4471, 2.86066], [103.44374, 2.86482], [103.43289, 2.85377], [103.42403, 2.84901], [103.42934, 2.83953], [103.42058, 2.8394], [103.42052, 2.82371], [103.38328, 2.82381], [103.37699, 2.83038], [103.3771, 2.8343], [103.35817, 2.83221], [103.33691, 2.81494], [103.31571, 2.83403], [103.2809, 2.83402], [103.27376, 2.84236], [103.25855, 2.84201], [103.25794, 2.83993], [103.17551, 2.8384], [103.17056, 2.83563], [103.16913, 2.82263], [103.16684, 2.82032], [103.16253, 2.81945], [103.15765, 2.81425], [103.1545, 2.80356], [103.15337, 2.78797], [103.15624, 2.7822], [103.15885, 2.76314], [103.16315, 2.76141], [103.17751, 2.76027], [103.19418, 2.74527], [103.19706, 2.73343], [103.22091, 2.71584], [103.22579, 2.71411], [103.22895, 2.71642], [103.23297, 2.71238], [103.23384, 2.70199], [103.23183, 2.69968], [103.23241, 2.69535], [103.24179, 2.68243], [103.24535, 2.67091], [103.24358, 2.66424], [103.23519, 2.65742], [103.22405, 2.65724], [103.21952, 2.66211], [103.215, 2.66341], [103.21338, 2.6699], [103.20159, 2.66437], [103.199, 2.66664], [103.19109, 2.66794], [103.18803, 2.6603], [103.18253, 2.66029], [103.17414, 2.65525], [103.17334, 2.65265], [103.17544, 2.64908], [103.1756, 2.64372], [103.1719, 2.63527], [103.16173, 2.6226], [103.1619, 2.61707], [103.159, 2.60635], [103.16385, 2.60603], [103.16708, 2.60197], [103.17419, 2.59889], [103.18017, 2.5989], [103.17937, 2.58558], [103.16904, 2.5798], [103.16634, 2.57627], [103.16853, 2.56494], [103.17181, 2.56214], [103.17132, 2.55934], [103.16878, 2.55824], [103.16394, 2.56007], [103.15606, 2.56018], [103.15352, 2.55811], [103.15523, 2.54635], [103.15668, 2.54489], [103.15378, 2.53673], [103.14724, 2.53258], [103.14386, 2.52783], [103.14748, 2.52008], [103.13789, 2.52597], [102.96906, 2.59592], [102.96612, 2.59922], [102.97948, 2.61157], [102.98577, 2.6044], [102.98893, 2.60824], [102.99023, 2.61318], [102.99022, 2.61921], [102.9868, 2.62267], [102.98316, 2.63498], [102.98532, 2.63507], [102.98637, 2.63267], [102.9883, 2.63429], [102.99178, 2.63151], [102.99674, 2.63944], [102.99864, 2.67554], [102.9945, 2.69879], [103.00049, 2.70307], [103.00239, 2.70245], [103.0044, 2.70492], [103.00408, 2.7311], [102.92269, 2.72983], [102.91942, 2.7327], [102.91587, 2.73293], [102.90675, 2.72731], [102.90411, 2.73722], [102.91238, 2.76613], [102.91847, 2.78083], [102.92451, 2.78765], [102.92993, 2.80129], [102.93161, 2.8186], [102.93388, 2.81959], [102.93714, 2.81645], [102.94232, 2.81457], [102.94532, 2.81528], [102.94525, 2.87148], [102.96485, 2.86613], [102.98335, 2.86545], [102.98086, 2.86294], [102.98113, 2.85895], [102.97722, 2.85448], [102.98717, 2.84687], [102.99258, 2.84969], [103.00634, 2.86259], [102.99632, 2.87409], [102.99745, 2.88949], [103.01755, 2.8894], [103.02394, 2.92222], [103.01218, 2.92254], [103.00417, 2.92682], [102.9652, 2.92795], [102.96305, 2.93235], [102.96376, 2.9339], [102.96228, 2.93419], [102.95833, 2.94141], [102.95431, 2.94283], [102.95401, 2.94509], [102.94552, 2.95573], [102.94002, 2.9586], [102.94232, 2.96457], [102.9518, 2.96728], [102.94894, 2.96992], [102.94939, 2.97219], [102.95242, 2.97233], [102.9532, 2.9741], [102.95565, 2.97318], [102.95516, 2.99296], [102.98297, 3.00468], [102.98302, 3.02346], [102.98712, 3.03342], [102.99642, 3.01737], [103.00122, 3.01716], [103.00247, 3.02605], [103.00731, 3.02593], [103.00687, 3.0238], [103.01023, 3.01985], [103.01375, 3.0075], [103.01335, 2.99872], [103.01082, 2.99725], [103.01294, 2.99692], [103.02043, 3.00335], [103.02927, 3.00685], [103.03324, 3.01584], [103.04743, 3.03592], [103.04086, 3.05083], [103.04628, 3.05082], [103.04629, 3.07446], [103.0414, 3.08497], [103.04195, 3.08679], [103.04596, 3.08712], [103.05394, 3.09945], [103.06652, 3.09937], [103.07954, 3.11695], [103.08552, 3.11715], [103.08997, 3.12149], [103.09323, 3.1214], [103.09766, 3.11814], [103.10155, 3.11808]]]]}}, {"type": "Feature", "properties": {"state": "Pahang", "seat": "N.42 Tioman", "seat_name": "Tioman"}, "geometry": {"type": "MultiPolygon", "coordinates": [[[[103.77933, 2.6619], [103.77482, 2.6598], [103.77268, 2.66094], [103.77132, 2.66638], [103.76573, 2.67252], [103.7629, 2.68116], [103.76451, 2.68242], [103.76916, 2.67988], [103.76877, 2.67494], [103.77933, 2.6619]]], [[[103.97385, 2.69997], [103.97499, 2.69889], [103.9784, 2.70086], [103.98231, 2.69876], [103.9827, 2.69422], [103.98701, 2.69779], [103.99313, 2.69538], [103.99187, 2.69181], [103.99547, 2.67877], [103.99144, 2.67303], [103.98778, 2.67353], [103.98318, 2.67842], [103.98193, 2.68462], [103.97949, 2.68361], [103.9816, 2.67847], [103.98038, 2.67642], [103.98267, 2.67247], [103.97665, 2.67447], [103.97587, 2.67709], [103.9795, 2.68029], [103.97673, 2.6813], [103.97804, 2.68227], [103.97556, 2.68627], [103.97697, 2.69029], [103.97566, 2.69077], [103.97556, 2.6896], [103.97374, 2.69167], [103.97388, 2.69679], [103.97204, 2.69666], [103.9727, 2.7017], [103.97385, 2.69997]]], [[[103.9605, 2.69954], [103.96201, 2.69811], [103.96584, 2.69851], [103.96636, 2.69667], [103.96445, 2.69434], [103.96685, 2.69132], [103.9663, 2.68831], [103.96312, 2.68821], [103.96386, 2.68543], [103.96084, 2.68273], [103.9576, 2.68412], [103.95536, 2.68237], [103.95168, 2.68876], [103.95219, 2.69891], [103.95796, 2.70179], [103.9605, 2.69954]]], [[[103.4359, 2.84119], [103.4461, 2.82622], [103.44925, 2.82977], [103.45434, 2.83156], [103.45842, 2.83512], [103.46112, 2.8355], [103.46644, 2.83284], [103.46874, 2.82809], [103.46895, 2.82367], [103.46625, 2.81847], [103.46912, 2.80527], [103.48948, 2.81631], [103.51921, 2.77761], [103.52172, 2.77118], [103.54355, 2.7507], [103.5524, 2.74477], [103.55927, 2.73627], [103.59405, 2.70363], [103.62101, 2.68172], [103.63114, 2.66867], [103.63643, 2.6642], [103.62128, 2.65738], [103.61553, 2.65853], [103.60762, 2.66426], [103.59861, 2.66441], [103.59548, 2.66256], [103.59096, 2.65345], [103.59458, 2.63989], [103.60099, 2.63406], [103.60417, 2.63442], [103.60632, 2.63695], [103.60442, 2.64623], [103.60541, 2.64983], [103.61121, 2.6514], [103.61402, 2.65015], [103.61506, 2.64731], [103.61275, 2.63663], [103.62325, 2.62979], [103.61558, 2.62402], [103.61455, 2.61885], [103.62984, 2.61125], [103.62438, 2.60406], [103.61595, 2.60178], [103.61289, 2.59717], [103.6141, 2.59417], [103.62186, 2.59297], [103.62532, 2.59077], [103.62677, 2.58799], [103.62617, 2.5853], [103.62184, 2.58376], [103.61072, 2.58887], [103.60685, 2.58797], [103.60223, 2.58401], [103.59919, 2.57658], [103.59882, 2.57071], [103.60164, 2.56832], [103.60478, 2.56934], [103.60975, 2.57682], [103.61329, 2.57766], [103.6155, 2.57637], [103.61762, 2.55787], [103.61642, 2.5566], [103.61377, 2.55731], [103.61084, 2.56545], [103.60698, 2.56471], [103.59423, 2.55229], [103.59387, 2.55003], [103.59722, 2.54454], [103.59075, 2.5331], [103.59266, 2.52914], [103.59576, 2.52782], [103.60612, 2.53372], [103.61565, 2.53108], [103.62393, 2.53324], [103.62425, 2.53164], [103.61802, 2.52394], [103.61731, 2.5182], [103.63015, 2.50499], [103.62845, 2.49451], [103.63009, 2.48962], [103.63858, 2.48678], [103.62684, 2.4668], [103.62223, 2.46386], [103.61773, 2.46425], [103.61116, 2.47123], [103.60855, 2.47161], [103.60754, 2.46967], [103.60854, 2.45792], [103.47281, 2.52589], [103.46004, 2.54147], [103.44879, 2.55218], [103.44049, 2.55609], [103.42351, 2.55958], [103.41596, 2.5579], [103.35405, 2.59136], [103.28958, 2.57746], [103.14748, 2.52008], [103.14386, 2.52783], [103.14724, 2.53258], [103.15378, 2.53673], [103.15668, 2.54489], [103.15523, 2.54635], [103.15352, 2.55811], [103.15606, 2.56018], [103.16394, 2.56007], [103.16878, 2.55824], [103.17132, 2.55934], [103.17181, 2.56214], [103.16853, 2.56494], [103.16634, 2.57627], [103.16904, 2.5798], [103.17937, 2.58558], [103.18017, 2.5989], [103.17419, 2.59889], [103.16708, 2.60197], [103.16385, 2.60603], [103.159, 2.60635], [103.1619, 2.61707], [103.16173, 2.6226], [103.1719, 2.63527], [103.1756, 2.64372], [103.17544, 2.64908], [103.17334, 2.65265], [103.17414, 2.65525], [103.18253, 2.66029], [103.18803, 2.6603], [103.19109, 2.66794], [103.199, 2.66664], [103.20159, 2.66437], [103.21338, 2.6699], [103.215, 2.66341], [103.21952, 2.66211], [103.22405, 2.65724], [103.23519, 2.65742], [103.24358, 2.66424], [103.24535, 2.67091], [103.24179, 2.68243], [103.23241, 2.69535], [103.23183, 2.69968], [103.23384, 2.70199], [103.23297, 2.71238], [103.22895, 2.71642], [103.22579, 2.71411], [103.22091, 2.71584], [103.19706, 2.73343], [103.19418, 2.74527], [103.17751, 2.76027], [103.16315, 2.76141], [103.15885, 2.76314], [103.15624, 2.7822], [103.15337, 2.78797], [103.1545, 2.80356], [103.15765, 2.81425], [103.16253, 2.81945], [103.16684, 2.82032], [103.16913, 2.82263], [103.17056, 2.83563], [103.17551, 2.8384], [103.25794, 2.83993], [103.25855, 2.84201], [103.27376, 2.84236], [103.2809, 2.83402], [103.31571, 2.83403], [103.33691, 2.81494], [103.35817, 2.83221], [103.3771, 2.8343], [103.37699, 2.83038], [103.38328, 2.82381], [103.42052, 2.82371], [103.42058, 2.8394], [103.42934, 2.83953], [103.42403, 2.84901], [103.43289, 2.85377], [103.44374, 2.86482], [103.4471, 2.86066], [103.44526, 2.85528], [103.44494, 2.8452], [103.43934, 2.84432], [103.4359, 2.84119]]], [[[104.17428, 2.8932], [104.17968, 2.8918], [104.17782, 2.8865], [104.18162, 2.88009], [104.18956, 2.87699], [104.1867, 2.87466], [104.18296, 2.8751], [104.18268, 2.87339], [104.18314, 2.87062], [104.19019, 2.86805], [104.18604, 2.86596], [104.1852, 2.86373], [104.18824, 2.85882], [104.19037, 2.85803], [104.19244, 2.85237], [104.19032, 2.84402], [104.19775, 2.83485], [104.19519, 2.83254], [104.19289, 2.83269], [104.20004, 2.82786], [104.19835, 2.82342], [104.20244, 2.82124], [104.20353, 2.81721], [104.20495, 2.81687], [104.2044, 2.81329], [104.20878, 2.81105], [104.20646, 2.809], [104.20553, 2.80516], [104.21081, 2.80124], [104.21486, 2.80115], [104.21325, 2.80059], [104.21215, 2.79687], [104.20593, 2.79913], [104.20287, 2.79169], [104.20239, 2.79127], [104.20077, 2.79157], [104.19977, 2.79119], [104.20342, 2.79087], [104.20353, 2.78586], [104.20695, 2.78016], [104.20513, 2.77912], [104.20964, 2.78076], [104.21267, 2.77748], [104.22013, 2.777], [104.21903, 2.77437], [104.2234, 2.76915], [104.22277, 2.76507], [104.21954, 2.761], [104.22132, 2.75622], [104.21746, 2.75218], [104.21459, 2.74512], [104.21588, 2.74146], [104.22039, 2.7375], [104.21801, 2.73617], [104.21608, 2.72404], [104.2136, 2.72046], [104.20686, 2.71854], [104.18412, 2.72184], [104.16648, 2.71575], [104.15857, 2.717], [104.15059, 2.72036], [104.1367, 2.7336], [104.13199, 2.74048], [104.12393, 2.74448], [104.12126, 2.7477], [104.12011, 2.75356], [104.12316, 2.75919], [104.12106, 2.77088], [104.11831, 2.77472], [104.11798, 2.78318], [104.12242, 2.79105], [104.1283, 2.79575], [104.12852, 2.80076], [104.15915, 2.8199], [104.16426, 2.82865], [104.16201, 2.83447], [104.16032, 2.83443], [104.15877, 2.8478], [104.15365, 2.85182], [104.14951, 2.85297], [104.14841, 2.85516], [104.1514, 2.85886], [104.14938, 2.8612], [104.15305, 2.8616], [104.15456, 2.86338], [104.15438, 2.86516], [104.1515, 2.86659], [104.1476, 2.8668], [104.14673, 2.86983], [104.14916, 2.87383], [104.15302, 2.87416], [104.15474, 2.87645], [104.15545, 2.88117], [104.15349, 2.88596], [104.15478, 2.89086], [104.15593, 2.89274], [104.16073, 2.89317], [104.16875, 2.89705], [104.17194, 2.8963], [104.17428, 2.8932]]], [[[104.11353, 2.91123], [104.10263, 2.90565], [104.09954, 2.90702], [104.09768, 2.91004], [104.09843, 2.91185], [104.10688, 2.91032], [104.10067, 2.91777], [104.1019, 2.91954], [104.10364, 2.91916], [104.10525, 2.91501], [104.11353, 2.91123]]], [[[104.09753, 2.93278], [104.09669, 2.93209], [104.0958, 2.93341], [104.09726, 2.93423], [104.09753, 2.93278]]]]}}], "_provenance": {"source": "https://github.com/atifmustaffa/malaysia-geojson (malaysia.dun.geojson)", "licence": "MIT (c) 2026 Atif Mustaffa — see LICENSE in this directory", "downloaded": "2026-08-29", "simplification": "none (original coordinates)", "modified_by": "HitungKerusi 222 research pipeline (seat-name normalisation, per-state split)"}}