{"type": "FeatureCollection", "features": [{"type": "Feature", "properties": {"state": "Sarawak", "seat": "N.01 Opar", "seat_name": "Opar"}, "geometry": {"type": "MultiPolygon", "coordinates": [[[[109.71451, 1.81113], [109.71451, 1.80948], [109.72095, 1.80282], [109.73411, 1.79757], [109.73835, 1.79953], [109.74839, 1.79914], [109.74923, 1.79595], [109.75272, 1.79601], [109.75297, 1.79428], [109.75587, 1.7938], [109.75544, 1.79223], [109.76032, 1.78992], [109.7623, 1.78538], [109.76492, 1.78982], [109.76987, 1.78842], [109.76985, 1.79302], [109.77462, 1.78947], [109.77513, 1.78074], [109.78038, 1.77632], [109.77897, 1.77169], [109.78111, 1.76981], [109.77841, 1.76828], [109.77939, 1.7657], [109.77764, 1.7636], [109.77775, 1.75932], [109.77595, 1.75784], [109.77636, 1.75511], [109.78219, 1.75084], [109.78376, 1.74411], [109.78625, 1.74595], [109.7882, 1.74476], [109.78755, 1.73653], [109.79672, 1.72239], [109.79829, 1.71554], [109.8051, 1.70446], [109.81335, 1.68608], [109.82341, 1.67078], [109.82788, 1.6685], [109.82861, 1.66639], [109.82332, 1.66199], [109.82991, 1.65481], [109.84106, 1.64632], [109.84502, 1.64571], [109.85348, 1.64986], [109.86825, 1.64746], [109.87357, 1.6365], [109.88242, 1.63146], [109.87807, 1.62091], [109.8865, 1.59846], [109.88634, 1.58831], [109.89643, 1.58895], [109.90254, 1.58747], [109.90507, 1.58231], [109.90254, 1.58021], [109.90307, 1.57336], [109.91076, 1.56788], [109.91487, 1.56135], [109.91729, 1.56336], [109.91739, 1.56557], [109.92024, 1.56578], [109.92045, 1.5722], [109.92782, 1.57715], [109.93046, 1.58358], [109.93478, 1.5841], [109.9372, 1.58252], [109.93657, 1.57842], [109.94342, 1.57915], [109.94643, 1.56642], [109.95005, 1.56684], [109.95248, 1.57223], [109.95662, 1.573], [109.96119, 1.56423], [109.96332, 1.56275], [109.96664, 1.56317], [109.96871, 1.56003], [109.9734, 1.56068], [109.976, 1.55866], [109.9779, 1.55884], [109.97861, 1.56358], [109.98436, 1.56364], [109.98614, 1.56554], [109.98934, 1.56471], [109.99153, 1.56631], [109.99844, 1.56683], [110.00041, 1.56391], [110.00768, 1.56533], [110.00863, 1.56896], [110.01108, 1.57038], [110.01227, 1.57654], [110.01685, 1.5782], [110.01867, 1.5767], [110.02072, 1.56959], [110.02497, 1.56898], [110.03206, 1.57493], [110.03633, 1.58578], [110.04581, 1.58163], [110.05108, 1.58098], [110.06113, 1.57237], [110.06233, 1.57399], [110.07005, 1.57359], [110.07852, 1.57478], [110.08427, 1.57786], [110.08789, 1.57698], [110.09855, 1.57898], [110.10489, 1.57247], [110.11325, 1.57792], [110.11586, 1.58248], [110.11948, 1.58254], [110.12091, 1.58028], [110.13135, 1.57909], [110.13536, 1.58045], [110.13879, 1.57921], [110.14062, 1.5704], [110.13974, 1.56879], [110.14235, 1.56103], [110.13934, 1.55829], [110.13988, 1.5546], [110.1346, 1.54901], [110.13259, 1.54334], [110.12076, 1.53409], [110.11405, 1.53083], [110.11192, 1.52503], [110.10624, 1.5175], [110.10696, 1.51409], [110.10433, 1.50903], [110.10612, 1.5063], [110.10243, 1.50272], [110.10328, 1.49482], [110.10003, 1.49163], [110.10349, 1.48429], [110.1022, 1.48261], [110.10775, 1.47903], [110.11103, 1.46757], [110.12037, 1.45247], [110.12065, 1.44917], [110.11665, 1.44798], [110.11359, 1.4395], [110.10837, 1.43496], [110.09024, 1.42596], [110.08955, 1.42344], [110.09264, 1.41599], [110.08956, 1.41276], [110.08712, 1.40451], [110.08348, 1.40381], [110.08348, 1.40053], [110.08006, 1.39798], [110.07717, 1.39884], [110.07579, 1.39771], [110.07912, 1.39412], [110.08321, 1.39298], [110.0858, 1.38957], [110.08756, 1.38988], [110.08291, 1.37592], [110.07973, 1.38054], [110.08084, 1.38838], [110.07131, 1.38959], [110.07219, 1.39295], [110.06558, 1.40135], [110.0612, 1.39975], [110.05599, 1.40168], [110.0431, 1.40082], [110.03873, 1.39919], [110.03698, 1.40005], [110.03493, 1.39754], [110.03353, 1.39972], [110.02432, 1.40319], [110.02167, 1.40568], [110.02079, 1.40912], [110.01931, 1.4075], [110.02086, 1.40553], [110.0202, 1.40385], [110.01545, 1.40574], [110.01794, 1.4068], [110.01682, 1.41009], [110.01333, 1.40561], [110.01132, 1.41254], [110.00253, 1.42087], [110.00027, 1.4292], [109.99389, 1.42749], [109.99469, 1.44017], [109.9936, 1.44553], [109.98508, 1.44501], [109.98304, 1.44689], [109.97506, 1.44583], [109.96581, 1.44171], [109.95724, 1.44021], [109.95288, 1.43658], [109.94927, 1.4369], [109.93933, 1.43001], [109.92466, 1.42811], [109.92329, 1.42531], [109.90699, 1.42335], [109.88705, 1.41478], [109.88644, 1.41746], [109.88309, 1.41817], [109.8583, 1.41752], [109.85132, 1.41886], [109.84943, 1.42158], [109.83983, 1.42602], [109.83661, 1.42187], [109.83373, 1.4234], [109.83042, 1.42209], [109.82645, 1.42759], [109.82911, 1.44123], [109.82682, 1.44321], [109.82664, 1.45232], [109.82448, 1.45268], [109.82358, 1.45667], [109.82723, 1.4602], [109.82697, 1.46376], [109.83041, 1.46987], [109.83245, 1.48293], [109.8305, 1.484], [109.8268, 1.48235], [109.82546, 1.48421], [109.82201, 1.48148], [109.82239, 1.47883], [109.81808, 1.47516], [109.8174, 1.4719], [109.8131, 1.47328], [109.81267, 1.47187], [109.80773, 1.47185], [109.80654, 1.46693], [109.80444, 1.46543], [109.79929, 1.46669], [109.79657, 1.46525], [109.7973, 1.46917], [109.7944, 1.46971], [109.79053, 1.4827], [109.79742, 1.48616], [109.79552, 1.48961], [109.7958, 1.49346], [109.79253, 1.49517], [109.7934, 1.49952], [109.79173, 1.50486], [109.78919, 1.50478], [109.78558, 1.509], [109.78236, 1.50819], [109.77678, 1.51036], [109.77375, 1.509], [109.77084, 1.51544], [109.76314, 1.52232], [109.76378, 1.52486], [109.76002, 1.533], [109.75069, 1.53576], [109.74889, 1.53854], [109.74389, 1.53534], [109.74457, 1.53675], [109.73557, 1.54831], [109.72659, 1.55338], [109.72542, 1.55847], [109.72233, 1.5589], [109.71962, 1.56259], [109.71489, 1.56295], [109.71294, 1.56864], [109.70985, 1.5685], [109.70976, 1.57173], [109.70676, 1.57487], [109.70794, 1.5783], [109.70145, 1.58146], [109.70016, 1.58657], [109.69415, 1.58512], [109.68996, 1.58837], [109.68926, 1.59168], [109.68682, 1.59337], [109.68797, 1.59802], [109.68308, 1.60408], [109.68166, 1.61001], [109.67565, 1.61216], [109.67071, 1.61124], [109.65903, 1.61423], [109.65907, 1.61566], [109.65512, 1.61763], [109.6509, 1.63683], [109.66012, 1.65221], [109.65333, 1.67406], [109.65333, 1.67772], [109.6564, 1.67998], [109.65748, 1.68409], [109.65398, 1.69348], [109.65839, 1.6978], [109.66299, 1.69948], [109.66041, 1.71251], [109.66018, 1.71828], [109.6617, 1.72094], [109.66027, 1.72515], [109.6608, 1.73334], [109.66418, 1.73793], [109.66479, 1.74252], [109.67145, 1.74932], [109.67369, 1.75911], [109.67825, 1.76861], [109.67667, 1.7757], [109.67861, 1.78234], [109.67609, 1.78638], [109.66762, 1.78767], [109.65811, 1.79548], [109.65836, 1.80011], [109.68283, 1.80677], [109.70524, 1.80761], [109.71364, 1.81317], [109.71451, 1.81113]]]]}}, {"type": "Feature", "properties": {"state": "Sarawak", "seat": "N.02 Tasik Biru", "seat_name": "Tasik Biru"}, "geometry": {"type": "MultiPolygon", "coordinates": [[[[110.19195, 1.57817], [110.19884, 1.57842], [110.20434, 1.5768], [110.21279, 1.57921], [110.21276, 1.56018], [110.20725, 1.56015], [110.20545, 1.55333], [110.18534, 1.55165], [110.18407, 1.54652], [110.18675, 1.54172], [110.20089, 1.53051], [110.19653, 1.52822], [110.19869, 1.52491], [110.20582, 1.52409], [110.20993, 1.52803], [110.21265, 1.52227], [110.21351, 1.50998], [110.20666, 1.50993], [110.20511, 1.484], [110.19234, 1.48235], [110.19719, 1.47405], [110.19936, 1.47422], [110.20155, 1.47145], [110.20334, 1.46708], [110.19849, 1.46564], [110.20297, 1.46091], [110.20279, 1.45287], [110.20605, 1.4524], [110.206, 1.44884], [110.20809, 1.44805], [110.20434, 1.44506], [110.1991, 1.4438], [110.19087, 1.43693], [110.18962, 1.43134], [110.18676, 1.42948], [110.18521, 1.42444], [110.18273, 1.42245], [110.18435, 1.41661], [110.19018, 1.41513], [110.19155, 1.41131], [110.18873, 1.40482], [110.19115, 1.4014], [110.18946, 1.39649], [110.19168, 1.39151], [110.18926, 1.38943], [110.18302, 1.39089], [110.18271, 1.3888], [110.1863, 1.38567], [110.19051, 1.37717], [110.18164, 1.37094], [110.17343, 1.36807], [110.17249, 1.37397], [110.16996, 1.37664], [110.16537, 1.37585], [110.16037, 1.38092], [110.15924, 1.37684], [110.15543, 1.38108], [110.14419, 1.38757], [110.1343, 1.38958], [110.13117, 1.389], [110.13006, 1.38699], [110.12877, 1.38373], [110.13069, 1.38232], [110.12606, 1.38031], [110.12358, 1.38154], [110.11784, 1.37072], [110.11328, 1.3687], [110.11276, 1.36673], [110.10366, 1.36443], [110.09915, 1.36609], [110.08688, 1.36631], [110.08403, 1.35839], [110.07678, 1.34737], [110.0745, 1.33881], [110.0711, 1.33632], [110.06832, 1.32933], [110.06291, 1.32836], [110.05634, 1.32249], [110.05044, 1.32248], [110.04633, 1.32621], [110.04476, 1.32305], [110.03927, 1.32291], [110.03637, 1.32126], [110.03454, 1.32372], [110.03348, 1.32317], [110.03298, 1.31328], [110.03458, 1.3049], [110.04077, 1.29593], [110.04852, 1.29099], [110.04979, 1.2825], [110.04755, 1.27618], [110.04098, 1.27387], [110.04062, 1.27034], [110.01761, 1.28381], [110.01159, 1.28425], [110.00812, 1.29173], [110.00424, 1.29225], [110.0014, 1.29543], [109.9935, 1.29688], [109.98678, 1.29381], [109.97656, 1.298], [109.97419, 1.2969], [109.97258, 1.29862], [109.96167, 1.34183], [109.9631, 1.35233], [109.95947, 1.37634], [109.96061, 1.38002], [109.95619, 1.4023], [109.94078, 1.4078], [109.92329, 1.42531], [109.92369, 1.42753], [109.93933, 1.43001], [109.94927, 1.4369], [109.95288, 1.43658], [109.95724, 1.44021], [109.96581, 1.44171], [109.97506, 1.44583], [109.98304, 1.44689], [109.98508, 1.44501], [109.9936, 1.44553], [109.99469, 1.44017], [109.99389, 1.42749], [110.00027, 1.4292], [110.00253, 1.42087], [110.01132, 1.41254], [110.01333, 1.40561], [110.01682, 1.41009], [110.01794, 1.4068], [110.01545, 1.40574], [110.0202, 1.40385], [110.02086, 1.40553], [110.01931, 1.4075], [110.02079, 1.40912], [110.02167, 1.40568], [110.02432, 1.40319], [110.03353, 1.39972], [110.03493, 1.39754], [110.03698, 1.40005], [110.03873, 1.39919], [110.0431, 1.40082], [110.05599, 1.40168], [110.0612, 1.39975], [110.06558, 1.40135], [110.07219, 1.39295], [110.07131, 1.38959], [110.08084, 1.38838], [110.07973, 1.38054], [110.08291, 1.37592], [110.08756, 1.38988], [110.0858, 1.38957], [110.08321, 1.39298], [110.07912, 1.39412], [110.07579, 1.39771], [110.07717, 1.39884], [110.08006, 1.39798], [110.08348, 1.40053], [110.08348, 1.40381], [110.08712, 1.40451], [110.08956, 1.41276], [110.09264, 1.41599], [110.08955, 1.42344], [110.09024, 1.42596], [110.10837, 1.43496], [110.11359, 1.4395], [110.11665, 1.44798], [110.12065, 1.44917], [110.12037, 1.45247], [110.11103, 1.46757], [110.10775, 1.47903], [110.1022, 1.48261], [110.10349, 1.48429], [110.10003, 1.49032], [110.10328, 1.49482], [110.10243, 1.50272], [110.10612, 1.5063], [110.10433, 1.50903], [110.10696, 1.51409], [110.10624, 1.5175], [110.11192, 1.52503], [110.11405, 1.53083], [110.12076, 1.53409], [110.13259, 1.54334], [110.1346, 1.54901], [110.13913, 1.55302], [110.13934, 1.55829], [110.14235, 1.56103], [110.13974, 1.56879], [110.14097, 1.57081], [110.14455, 1.57169], [110.15006, 1.56879], [110.15434, 1.56374], [110.15679, 1.56343], [110.16142, 1.56664], [110.16581, 1.56527], [110.1675, 1.56695], [110.17239, 1.5671], [110.1808, 1.5746], [110.18524, 1.58301], [110.18725, 1.58311], [110.19195, 1.57817]]]]}}, {"type": "Feature", "properties": {"state": "Sarawak", "seat": "N.03 Tanjong Datu", "seat_name": "Tanjong Datu"}, "geometry": {"type": "MultiPolygon", "coordinates": [[[[109.82759, 1.87263], [109.82078, 1.87255], [109.81623, 1.87526], [109.81377, 1.88059], [109.82415, 1.88394], [109.83196, 1.87868], [109.83115, 1.87438], [109.82759, 1.87263]]], [[[109.64921, 2.03769], [109.64653, 2.03496], [109.64912, 2.02502], [109.64644, 2.02127], [109.64537, 2.01594], [109.64273, 2.01318], [109.64204, 2.00743], [109.646, 2.00017], [109.65084, 1.9968], [109.65186, 1.99343], [109.65503, 1.99361], [109.66008, 1.9875], [109.65957, 1.98445], [109.65617, 1.98621], [109.65161, 1.98488], [109.64423, 1.97725], [109.64417, 1.96822], [109.64149, 1.96297], [109.64579, 1.95945], [109.64381, 1.95555], [109.64641, 1.95166], [109.64502, 1.9517], [109.64597, 1.94887], [109.6448, 1.94575], [109.64755, 1.94578], [109.64863, 1.94352], [109.6478, 1.9365], [109.64557, 1.93521], [109.64563, 1.93264], [109.64146, 1.92745], [109.64546, 1.9196], [109.64366, 1.91558], [109.64428, 1.9128], [109.65158, 1.90176], [109.67067, 1.8877], [109.67108, 1.88296], [109.67846, 1.87739], [109.67896, 1.87558], [109.67438, 1.87014], [109.67776, 1.85917], [109.70435, 1.84198], [109.74956, 1.82771], [109.77824, 1.81608], [109.7797, 1.81695], [109.77857, 1.81226], [109.78401, 1.80871], [109.82879, 1.79082], [109.84318, 1.78655], [109.84586, 1.7871], [109.84711, 1.78389], [109.8424, 1.77994], [109.84467, 1.77287], [109.85361, 1.76636], [109.86518, 1.76272], [109.86687, 1.75884], [109.87524, 1.75373], [109.87525, 1.74936], [109.87161, 1.7406], [109.87226, 1.73716], [109.87041, 1.7356], [109.87486, 1.72587], [109.9143, 1.71083], [109.93834, 1.70801], [109.94084, 1.70919], [109.96449, 1.70474], [109.97549, 1.70984], [109.97972, 1.70779], [109.9837, 1.71013], [109.98563, 1.70986], [109.98937, 1.70507], [110.00124, 1.70178], [110.04562, 1.70081], [110.05775, 1.70066], [110.07072, 1.70434], [110.07782, 1.70803], [110.08371, 1.70808], [110.09118, 1.7028], [110.10416, 1.70163], [110.11473, 1.70245], [110.12557, 1.70097], [110.12747, 1.70427], [110.13124, 1.70439], [110.12984, 1.68781], [110.14233, 1.68967], [110.15242, 1.68888], [110.15366, 1.69344], [110.15751, 1.69424], [110.15969, 1.6854], [110.15624, 1.68372], [110.15782, 1.66827], [110.15589, 1.66608], [110.15458, 1.66857], [110.15265, 1.6676], [110.15231, 1.66362], [110.14229, 1.66405], [110.14137, 1.65681], [110.13803, 1.65467], [110.13602, 1.64928], [110.13739, 1.64432], [110.1354, 1.642], [110.13764, 1.64027], [110.14045, 1.63252], [110.13879, 1.63161], [110.13992, 1.62779], [110.14507, 1.62755], [110.14757, 1.62897], [110.1515, 1.61137], [110.15689, 1.60674], [110.15983, 1.60674], [110.16474, 1.60326], [110.1686, 1.59897], [110.17191, 1.59873], [110.17821, 1.59208], [110.17916, 1.5886], [110.18328, 1.58904], [110.18654, 1.58706], [110.1808, 1.5746], [110.17239, 1.5671], [110.1675, 1.56695], [110.16581, 1.56527], [110.16142, 1.56664], [110.15679, 1.56343], [110.15434, 1.56374], [110.15006, 1.56879], [110.14455, 1.57169], [110.13997, 1.57088], [110.13936, 1.57776], [110.13749, 1.58017], [110.13135, 1.57909], [110.12091, 1.58028], [110.11948, 1.58254], [110.11586, 1.58248], [110.11325, 1.57792], [110.10489, 1.57247], [110.09855, 1.57898], [110.08789, 1.57698], [110.08427, 1.57786], [110.07852, 1.57478], [110.07005, 1.57359], [110.06233, 1.57399], [110.06113, 1.57237], [110.05108, 1.58098], [110.04581, 1.58163], [110.03633, 1.58578], [110.03206, 1.57493], [110.02497, 1.56898], [110.02072, 1.56959], [110.01867, 1.5767], [110.01685, 1.5782], [110.01227, 1.57654], [110.01108, 1.57038], [110.00863, 1.56896], [110.00768, 1.56533], [110.00041, 1.56391], [109.99844, 1.56683], [109.99153, 1.56631], [109.98934, 1.56471], [109.98614, 1.56554], [109.98436, 1.56364], [109.97861, 1.56358], [109.9779, 1.55884], [109.976, 1.55866], [109.9734, 1.56068], [109.96871, 1.56003], [109.96664, 1.56317], [109.96332, 1.56275], [109.96119, 1.56423], [109.95662, 1.573], [109.95248, 1.57223], [109.95005, 1.56684], [109.94643, 1.56642], [109.94342, 1.57915], [109.93657, 1.57842], [109.9372, 1.58252], [109.93478, 1.5841], [109.93046, 1.58358], [109.92782, 1.57715], [109.92045, 1.5722], [109.92024, 1.56578], [109.91739, 1.56557], [109.91729, 1.56336], [109.91487, 1.56135], [109.91076, 1.56788], [109.90307, 1.57336], [109.90254, 1.58021], [109.90507, 1.58231], [109.90254, 1.58747], [109.89643, 1.58895], [109.88634, 1.58831], [109.8865, 1.59846], [109.87807, 1.62091], [109.88242, 1.63146], [109.87357, 1.6365], [109.86825, 1.64746], [109.85348, 1.64986], [109.84502, 1.64571], [109.84106, 1.64632], [109.82991, 1.65481], [109.82332, 1.66199], [109.82861, 1.66639], [109.82788, 1.6685], [109.82341, 1.67078], [109.81335, 1.68608], [109.8051, 1.70446], [109.79829, 1.71554], [109.79672, 1.72239], [109.78755, 1.73653], [109.7882, 1.74476], [109.78625, 1.74595], [109.78376, 1.74411], [109.78219, 1.75084], [109.77636, 1.75511], [109.77595, 1.75784], [109.77775, 1.75932], [109.77764, 1.7636], [109.77939, 1.7657], [109.77841, 1.76828], [109.78096, 1.76891], [109.77897, 1.77169], [109.78052, 1.77591], [109.7752, 1.78059], [109.77528, 1.78835], [109.77075, 1.79289], [109.76901, 1.79233], [109.76987, 1.78842], [109.76492, 1.78982], [109.7623, 1.78538], [109.76032, 1.78992], [109.75544, 1.79223], [109.75587, 1.7938], [109.75297, 1.79428], [109.75272, 1.79601], [109.74923, 1.79595], [109.74755, 1.7995], [109.73835, 1.79953], [109.73411, 1.79757], [109.72095, 1.80282], [109.71451, 1.80948], [109.71364, 1.81317], [109.70524, 1.80761], [109.68283, 1.80677], [109.66309, 1.80202], [109.65836, 1.80011], [109.65811, 1.79548], [109.65222, 1.79847], [109.64234, 1.79619], [109.63703, 1.79697], [109.6323, 1.7995], [109.63116, 1.80385], [109.62851, 1.80558], [109.62308, 1.80031], [109.61593, 1.80349], [109.60556, 1.79641], [109.59548, 1.79606], [109.59358, 1.7982], [109.57943, 1.7921], [109.57445, 1.79867], [109.57233, 1.80525], [109.5738, 1.80863], [109.57712, 1.80975], [109.57959, 1.81285], [109.57825, 1.81434], [109.5792, 1.81969], [109.57472, 1.83092], [109.57551, 1.83567], [109.57252, 1.83702], [109.56886, 1.84403], [109.5653, 1.84275], [109.55681, 1.84349], [109.55443, 1.8488], [109.54815, 1.85111], [109.54646, 1.85377], [109.54785, 1.85582], [109.54467, 1.8593], [109.54534, 1.86302], [109.55115, 1.87203], [109.54745, 1.87303], [109.54482, 1.87766], [109.54264, 1.87748], [109.54146, 1.8848], [109.53747, 1.89172], [109.54071, 1.89563], [109.53939, 1.89821], [109.54027, 1.89973], [109.53846, 1.90533], [109.53191, 1.91204], [109.53116, 1.92735], [109.53318, 1.92668], [109.53797, 1.92885], [109.54088, 1.92718], [109.54563, 1.93037], [109.54933, 1.92897], [109.54848, 1.93048], [109.55044, 1.9339], [109.55753, 1.93683], [109.5551, 1.94091], [109.55924, 1.94339], [109.56008, 1.94597], [109.55672, 1.94847], [109.558, 1.95145], [109.55377, 1.95529], [109.54919, 1.95464], [109.54484, 1.95644], [109.54565, 1.96024], [109.54783, 1.96227], [109.54636, 1.96616], [109.55099, 1.96655], [109.55335, 1.97145], [109.55936, 1.97281], [109.56952, 1.97807], [109.57872, 1.97752], [109.58658, 1.97931], [109.59072, 1.97903], [109.59203, 1.97354], [109.59623, 1.97531], [109.60005, 1.98001], [109.60659, 1.98283], [109.61352, 1.98333], [109.61373, 1.98497], [109.6153, 1.98512], [109.61499, 1.98859], [109.61698, 1.99221], [109.62036, 1.99098], [109.61962, 1.99678], [109.62366, 2.00473], [109.62281, 2.0144], [109.63132, 2.02793], [109.62604, 2.03182], [109.62329, 2.03674], [109.62336, 2.04619], [109.63219, 2.06485], [109.63372, 2.07134], [109.63718, 2.07467], [109.63756, 2.08051], [109.63919, 2.08204], [109.64142, 2.08184], [109.64365, 2.07632], [109.64332, 2.06746], [109.63994, 2.05711], [109.64109, 2.05497], [109.64043, 2.049], [109.64377, 2.04455], [109.65008, 2.04026], [109.65072, 2.03857], [109.64921, 2.03769]]]]}}, {"type": "Feature", "properties": {"state": "Sarawak", "seat": "N.04 Pantai Damai", "seat_name": "Pantai Damai"}, "geometry": {"type": "MultiPolygon", "coordinates": [[[[110.33312, 1.77737], [110.33575, 1.77623], [110.33934, 1.76936], [110.33923, 1.76541], [110.34253, 1.76339], [110.34342, 1.76062], [110.34771, 1.75865], [110.34671, 1.74742], [110.35043, 1.73759], [110.35006, 1.73499], [110.34619, 1.73131], [110.35082, 1.72628], [110.35069, 1.72491], [110.34663, 1.72324], [110.34652, 1.71725], [110.35002, 1.71272], [110.36553, 1.70513], [110.36653, 1.69839], [110.37148, 1.69659], [110.36631, 1.68699], [110.36663, 1.67171], [110.36965, 1.66473], [110.37203, 1.66059], [110.37664, 1.66291], [110.37925, 1.66201], [110.38165, 1.65949], [110.37963, 1.65608], [110.39438, 1.64802], [110.39337, 1.64182], [110.39452, 1.63937], [110.39845, 1.64288], [110.40412, 1.64034], [110.40507, 1.63599], [110.41097, 1.62964], [110.41391, 1.62376], [110.41395, 1.61904], [110.41186, 1.61602], [110.39633, 1.6174], [110.39541, 1.614], [110.39948, 1.61035], [110.40187, 1.60402], [110.40075, 1.60172], [110.39296, 1.60152], [110.38943, 1.59703], [110.38952, 1.5901], [110.39585, 1.58769], [110.40037, 1.58268], [110.40109, 1.57855], [110.39961, 1.57447], [110.3858, 1.57851], [110.36634, 1.57502], [110.3645, 1.57273], [110.36509, 1.56985], [110.373, 1.56631], [110.37478, 1.56394], [110.3739, 1.55994], [110.37065, 1.55601], [110.36406, 1.55612], [110.35201, 1.55949], [110.34396, 1.55905], [110.34321, 1.56111], [110.34521, 1.56393], [110.34745, 1.56348], [110.35666, 1.57365], [110.36148, 1.57656], [110.36402, 1.5812], [110.38151, 1.5814], [110.38161, 1.58242], [110.38142, 1.58502], [110.37637, 1.58759], [110.37794, 1.6006], [110.36862, 1.5996], [110.35897, 1.60333], [110.34826, 1.63138], [110.34587, 1.63067], [110.33574, 1.62073], [110.32979, 1.62367], [110.32506, 1.62317], [110.32075, 1.61955], [110.31058, 1.62152], [110.30767, 1.61809], [110.30922, 1.61376], [110.30547, 1.6083], [110.30298, 1.60072], [110.3046, 1.5947], [110.28484, 1.58834], [110.26078, 1.58717], [110.24186, 1.59303], [110.23091, 1.59935], [110.2304, 1.59551], [110.22814, 1.59799], [110.22591, 1.59626], [110.22217, 1.60055], [110.21872, 1.5992], [110.21619, 1.60455], [110.21219, 1.60544], [110.20658, 1.60281], [110.19784, 1.60324], [110.19116, 1.60055], [110.18578, 1.59222], [110.18861, 1.58956], [110.18654, 1.58706], [110.18328, 1.58904], [110.17916, 1.5886], [110.17821, 1.59208], [110.17191, 1.59873], [110.1686, 1.59897], [110.16474, 1.60326], [110.15983, 1.60674], [110.15689, 1.60674], [110.1515, 1.61137], [110.14757, 1.62897], [110.14507, 1.62755], [110.13992, 1.62779], [110.13879, 1.63161], [110.14045, 1.63252], [110.13764, 1.64027], [110.1354, 1.642], [110.13739, 1.64432], [110.136, 1.64918], [110.13803, 1.65467], [110.14137, 1.65681], [110.14237, 1.66412], [110.15231, 1.66362], [110.15265, 1.6676], [110.15458, 1.66857], [110.15589, 1.66608], [110.15782, 1.66827], [110.15624, 1.68372], [110.15968, 1.68526], [110.15837, 1.68786], [110.15898, 1.69212], [110.15539, 1.69459], [110.15321, 1.69282], [110.15242, 1.68888], [110.14233, 1.68967], [110.13537, 1.68767], [110.12952, 1.68788], [110.13115, 1.69883], [110.13409, 1.69883], [110.13727, 1.7015], [110.1493, 1.70568], [110.18942, 1.71103], [110.19943, 1.70005], [110.20944, 1.70528], [110.22598, 1.7101], [110.25307, 1.71476], [110.26694, 1.71537], [110.27059, 1.71709], [110.273, 1.72282], [110.27518, 1.72351], [110.27736, 1.72248], [110.29302, 1.72435], [110.29629, 1.72578], [110.29792, 1.73047], [110.29798, 1.73513], [110.29556, 1.73829], [110.29723, 1.74145], [110.3001, 1.74234], [110.29907, 1.74652], [110.30684, 1.7503], [110.30642, 1.75427], [110.31068, 1.75478], [110.3138, 1.75992], [110.31346, 1.76343], [110.3109, 1.76364], [110.31015, 1.76817], [110.31287, 1.77171], [110.31367, 1.77834], [110.31698, 1.7812], [110.31903, 1.78699], [110.32099, 1.78745], [110.32017, 1.79518], [110.32172, 1.80027], [110.32466, 1.80367], [110.32962, 1.80582], [110.33839, 1.80064], [110.33964, 1.79734], [110.33627, 1.79154], [110.33088, 1.78729], [110.33027, 1.78386], [110.33312, 1.77737]]]]}}, {"type": "Feature", "properties": {"state": "Sarawak", "seat": "N.05 Demak Laut", "seat_name": "Demak Laut"}, "geometry": {"type": "MultiPolygon", "coordinates": [[[[110.50039, 1.7492], [110.50233, 1.7457], [110.50776, 1.74234], [110.5067, 1.73854], [110.51123, 1.73684], [110.51055, 1.73462], [110.51293, 1.73192], [110.51142, 1.73012], [110.5125, 1.72853], [110.51607, 1.72914], [110.51554, 1.72672], [110.5188, 1.72569], [110.51891, 1.72403], [110.51178, 1.72236], [110.51177, 1.72073], [110.50324, 1.7205], [110.50032, 1.71598], [110.49347, 1.71095], [110.48171, 1.68469], [110.48367, 1.67399], [110.48242, 1.67137], [110.47506, 1.66968], [110.47162, 1.66363], [110.47262, 1.65304], [110.4882, 1.65103], [110.48553, 1.64734], [110.48114, 1.64592], [110.48242, 1.63429], [110.49333, 1.63025], [110.49802, 1.62924], [110.5007, 1.63043], [110.50317, 1.62794], [110.5049, 1.62879], [110.51028, 1.61675], [110.4985, 1.60683], [110.49328, 1.59156], [110.49129, 1.59008], [110.49161, 1.58386], [110.4953, 1.57931], [110.49187, 1.57496], [110.49146, 1.57153], [110.48871, 1.57228], [110.48623, 1.57055], [110.48659, 1.5678], [110.48103, 1.56588], [110.46799, 1.5453], [110.46361, 1.54529], [110.46032, 1.54223], [110.45572, 1.54397], [110.45568, 1.5466], [110.45331, 1.54582], [110.45028, 1.54752], [110.44475, 1.54301], [110.43414, 1.54215], [110.43241, 1.54434], [110.4317, 1.55685], [110.42832, 1.55789], [110.42417, 1.56453], [110.41953, 1.56411], [110.41751, 1.55944], [110.4182, 1.54319], [110.41986, 1.53547], [110.42362, 1.528], [110.41403, 1.52779], [110.40952, 1.51817], [110.38928, 1.49936], [110.38607, 1.50227], [110.38268, 1.5109], [110.39057, 1.51393], [110.38532, 1.51808], [110.3856, 1.51968], [110.38474, 1.51851], [110.38093, 1.52137], [110.37966, 1.52016], [110.37762, 1.52276], [110.38312, 1.52919], [110.37392, 1.53193], [110.3721, 1.53439], [110.37321, 1.53544], [110.3688, 1.53615], [110.36962, 1.53808], [110.36828, 1.54076], [110.37415, 1.54216], [110.38056, 1.54048], [110.38144, 1.54378], [110.38837, 1.54624], [110.38883, 1.55097], [110.39495, 1.55407], [110.38945, 1.55811], [110.38767, 1.56298], [110.39022, 1.56528], [110.39777, 1.56739], [110.40105, 1.58021], [110.39748, 1.58643], [110.38952, 1.5901], [110.38943, 1.59703], [110.39296, 1.60152], [110.40075, 1.60172], [110.40187, 1.60402], [110.39948, 1.61035], [110.39541, 1.614], [110.39653, 1.61761], [110.41186, 1.61602], [110.4142, 1.62248], [110.41133, 1.62913], [110.40507, 1.63599], [110.40412, 1.64034], [110.39845, 1.64288], [110.39452, 1.63937], [110.39337, 1.64182], [110.39438, 1.64802], [110.37963, 1.65608], [110.38147, 1.66034], [110.37664, 1.66291], [110.37203, 1.66059], [110.36663, 1.67171], [110.36739, 1.69082], [110.37148, 1.69659], [110.37724, 1.69271], [110.38655, 1.6923], [110.39281, 1.68954], [110.42657, 1.69388], [110.42822, 1.69893], [110.43223, 1.70207], [110.43466, 1.70671], [110.43563, 1.70992], [110.43234, 1.71445], [110.43855, 1.71952], [110.43574, 1.7246], [110.43865, 1.73209], [110.44386, 1.73054], [110.44496, 1.73381], [110.44705, 1.73373], [110.44801, 1.73044], [110.45148, 1.72945], [110.45391, 1.73897], [110.4628, 1.73187], [110.465, 1.7317], [110.46646, 1.72877], [110.46467, 1.72883], [110.46568, 1.72495], [110.46793, 1.72562], [110.4722, 1.72263], [110.48534, 1.72493], [110.48792, 1.72285], [110.48908, 1.72953], [110.49618, 1.73013], [110.49412, 1.73507], [110.49474, 1.73707], [110.49231, 1.74106], [110.49076, 1.74121], [110.49163, 1.74251], [110.49331, 1.74178], [110.48977, 1.74539], [110.4927, 1.74626], [110.49407, 1.74301], [110.49554, 1.74527], [110.4944, 1.74689], [110.49701, 1.74974], [110.49896, 1.74915], [110.49893, 1.75055], [110.50039, 1.7492]]]]}}, {"type": "Feature", "properties": {"state": "Sarawak", "seat": "N.06 Tupong", "seat_name": "Tupong"}, "geometry": {"type": "MultiPolygon", "coordinates": [[[[110.31092, 1.5898], [110.30738, 1.58596], [110.31972, 1.57479], [110.32578, 1.57826], [110.31658, 1.57001], [110.3195, 1.56892], [110.32137, 1.57233], [110.32441, 1.57241], [110.33155, 1.5652], [110.3343, 1.56458], [110.33464, 1.56129], [110.33028, 1.5604], [110.32646, 1.56842], [110.32244, 1.56991], [110.32093, 1.56072], [110.31786, 1.55447], [110.3078, 1.55072], [110.29935, 1.54438], [110.29583, 1.54557], [110.29176, 1.55135], [110.28709, 1.55175], [110.286, 1.54889], [110.29019, 1.54265], [110.28055, 1.53986], [110.27831, 1.53695], [110.27614, 1.53638], [110.27373, 1.53864], [110.27163, 1.54461], [110.26553, 1.54383], [110.26293, 1.54599], [110.25907, 1.54571], [110.25421, 1.55127], [110.24853, 1.55442], [110.2467, 1.55021], [110.24315, 1.55153], [110.23912, 1.54631], [110.2368, 1.54892], [110.22811, 1.54567], [110.22204, 1.53547], [110.21803, 1.53681], [110.21305, 1.53308], [110.21302, 1.52802], [110.2113, 1.52571], [110.20993, 1.52803], [110.20684, 1.52453], [110.20207, 1.52401], [110.19869, 1.52491], [110.19653, 1.52822], [110.20089, 1.53051], [110.18675, 1.54172], [110.18407, 1.54652], [110.18534, 1.55165], [110.20545, 1.55333], [110.20725, 1.56015], [110.21276, 1.56018], [110.21279, 1.57921], [110.20434, 1.5768], [110.19884, 1.57842], [110.19367, 1.57783], [110.18966, 1.57944], [110.18725, 1.58311], [110.18524, 1.58301], [110.18861, 1.58956], [110.18578, 1.59222], [110.19116, 1.60055], [110.19406, 1.602], [110.20658, 1.60281], [110.21219, 1.60544], [110.21619, 1.60455], [110.21872, 1.5992], [110.22217, 1.60055], [110.22591, 1.59626], [110.22814, 1.59799], [110.2304, 1.59551], [110.23091, 1.59935], [110.24186, 1.59303], [110.26078, 1.58717], [110.28484, 1.58834], [110.3046, 1.5947], [110.30298, 1.60072], [110.30547, 1.6083], [110.30922, 1.61376], [110.31043, 1.61153], [110.30874, 1.60235], [110.3121, 1.59785], [110.30819, 1.5919], [110.31092, 1.5898]]]]}}, {"type": "Feature", "properties": {"state": "Sarawak", "seat": "N.07 Samariang", "seat_name": "Samariang"}, "geometry": {"type": "MultiPolygon", "coordinates": [[[[110.35287, 1.6208], [110.35945, 1.6029], [110.36862, 1.5996], [110.37794, 1.6006], [110.37631, 1.58789], [110.38142, 1.58502], [110.38151, 1.5814], [110.36402, 1.5812], [110.36148, 1.57656], [110.35666, 1.57365], [110.34745, 1.56348], [110.34521, 1.56393], [110.34321, 1.56111], [110.34396, 1.55905], [110.34252, 1.55896], [110.33821, 1.56157], [110.33464, 1.56129], [110.3343, 1.56458], [110.33155, 1.5652], [110.32412, 1.57254], [110.32094, 1.57202], [110.3195, 1.56892], [110.31658, 1.57001], [110.32578, 1.57826], [110.31972, 1.57479], [110.30738, 1.58596], [110.31092, 1.5898], [110.30819, 1.59244], [110.3121, 1.59785], [110.30884, 1.60189], [110.31043, 1.61153], [110.30767, 1.61809], [110.31117, 1.62181], [110.32075, 1.61955], [110.32506, 1.62317], [110.32979, 1.62367], [110.33574, 1.62073], [110.34587, 1.63067], [110.34826, 1.63138], [110.35287, 1.6208]]]]}}, {"type": "Feature", "properties": {"state": "Sarawak", "seat": "N.08 Satok", "seat_name": "Satok"}, "geometry": {"type": "MultiPolygon", "coordinates": [[[[110.33145, 1.56008], [110.33637, 1.55745], [110.33653, 1.55593], [110.33723, 1.55703], [110.34088, 1.55562], [110.34182, 1.55107], [110.33638, 1.5482], [110.33217, 1.55019], [110.33076, 1.54626], [110.32917, 1.54786], [110.32592, 1.54749], [110.32474, 1.54952], [110.31202, 1.54985], [110.3111, 1.5464], [110.30541, 1.54069], [110.30709, 1.53577], [110.30539, 1.5338], [110.30027, 1.53261], [110.29719, 1.52474], [110.29081, 1.53204], [110.28844, 1.53126], [110.28605, 1.52873], [110.28591, 1.52141], [110.27874, 1.51828], [110.27796, 1.52447], [110.27645, 1.52438], [110.27564, 1.52633], [110.28079, 1.53097], [110.27912, 1.53838], [110.29039, 1.54312], [110.28605, 1.54877], [110.28672, 1.55153], [110.29131, 1.5516], [110.29641, 1.5451], [110.30073, 1.54481], [110.3078, 1.55072], [110.31815, 1.55474], [110.32105, 1.5612], [110.32123, 1.56818], [110.32311, 1.57011], [110.32646, 1.56842], [110.3293, 1.5614], [110.33145, 1.56008]]]]}}, {"type": "Feature", "properties": {"state": "Sarawak", "seat": "N.09 Padungan", "seat_name": "Padungan"}, "geometry": {"type": "MultiPolygon", "coordinates": [[[[110.34284, 1.55894], [110.35201, 1.55949], [110.36305, 1.55636], [110.36188, 1.55258], [110.35903, 1.55233], [110.36111, 1.54858], [110.34883, 1.5425], [110.34042, 1.53431], [110.33034, 1.53833], [110.33088, 1.54912], [110.33217, 1.55019], [110.33841, 1.54864], [110.33859, 1.55046], [110.34204, 1.55214], [110.34088, 1.55562], [110.33723, 1.55703], [110.33653, 1.55593], [110.33254, 1.56025], [110.33767, 1.56168], [110.34284, 1.55894]]]]}}, {"type": "Feature", "properties": {"state": "Sarawak", "seat": "N.10 Pending", "seat_name": "Pending"}, "geometry": {"type": "MultiPolygon", "coordinates": [[[[110.39446, 1.56609], [110.38906, 1.56468], [110.3876, 1.56202], [110.39024, 1.55721], [110.39495, 1.55407], [110.38883, 1.55097], [110.38837, 1.54624], [110.38144, 1.54378], [110.38056, 1.54048], [110.37443, 1.54214], [110.37152, 1.54067], [110.36897, 1.54162], [110.3688, 1.53615], [110.37007, 1.53497], [110.36823, 1.53142], [110.36518, 1.53162], [110.3661, 1.53022], [110.36485, 1.52749], [110.35338, 1.52962], [110.34868, 1.53832], [110.34545, 1.53439], [110.34227, 1.53682], [110.3494, 1.54287], [110.36111, 1.54858], [110.35903, 1.55233], [110.36188, 1.55258], [110.36305, 1.55636], [110.36954, 1.55583], [110.37256, 1.55746], [110.37469, 1.5643], [110.36509, 1.56985], [110.36458, 1.57303], [110.36666, 1.5752], [110.3837, 1.57847], [110.39403, 1.5771], [110.39961, 1.57447], [110.39793, 1.56762], [110.39446, 1.56609]]]]}}, {"type": "Feature", "properties": {"state": "Sarawak", "seat": "N.11 Batu Lintang", "seat_name": "Batu Lintang"}, "geometry": {"type": "MultiPolygon", "coordinates": [[[[110.32592, 1.54749], [110.32917, 1.54786], [110.33076, 1.54626], [110.33034, 1.53833], [110.34042, 1.53431], [110.34227, 1.53682], [110.34545, 1.53439], [110.34868, 1.53832], [110.35376, 1.52941], [110.36481, 1.52747], [110.3661, 1.53022], [110.36523, 1.53168], [110.36823, 1.53142], [110.36962, 1.53467], [110.37223, 1.53624], [110.37392, 1.53193], [110.38312, 1.52919], [110.37762, 1.52276], [110.37966, 1.52016], [110.38093, 1.52137], [110.38474, 1.51851], [110.38526, 1.51988], [110.38532, 1.51808], [110.39057, 1.51393], [110.38268, 1.5109], [110.37915, 1.51526], [110.37667, 1.51344], [110.37883, 1.51139], [110.37759, 1.51015], [110.37649, 1.51179], [110.37513, 1.50884], [110.36727, 1.50921], [110.35819, 1.51433], [110.35348, 1.51263], [110.35495, 1.51835], [110.34821, 1.52169], [110.34252, 1.5224], [110.34215, 1.52005], [110.33988, 1.51858], [110.3295, 1.52173], [110.32976, 1.52646], [110.32648, 1.53454], [110.31066, 1.53247], [110.30524, 1.53915], [110.3111, 1.5464], [110.31202, 1.54985], [110.32474, 1.54952], [110.32592, 1.54749]]]]}}, {"type": "Feature", "properties": {"state": "Sarawak", "seat": "N.12 Kota Sentosa", "seat_name": "Kota Sentosa"}, "geometry": {"type": "MultiPolygon", "coordinates": [[[[110.3469, 1.5218], [110.35495, 1.51835], [110.35297, 1.51285], [110.36141, 1.51363], [110.36347, 1.5107], [110.36727, 1.50921], [110.37549, 1.50887], [110.37649, 1.51179], [110.37759, 1.51015], [110.37883, 1.51139], [110.37667, 1.51344], [110.37915, 1.51526], [110.38293, 1.51058], [110.38612, 1.50219], [110.38928, 1.49936], [110.38506, 1.49331], [110.38001, 1.48979], [110.37716, 1.47865], [110.36526, 1.47007], [110.35924, 1.46964], [110.35547, 1.46487], [110.35241, 1.46396], [110.35024, 1.4606], [110.35065, 1.4565], [110.34559, 1.45177], [110.34442, 1.44848], [110.33826, 1.45068], [110.33649, 1.44846], [110.33387, 1.4513], [110.33003, 1.44882], [110.3263, 1.45028], [110.32872, 1.45249], [110.32794, 1.45517], [110.3236, 1.45398], [110.32353, 1.469], [110.32158, 1.4699], [110.32456, 1.48406], [110.31969, 1.48425], [110.32043, 1.48825], [110.3187, 1.49254], [110.3195, 1.49594], [110.32582, 1.50096], [110.3268, 1.51469], [110.3244, 1.51986], [110.32713, 1.52074], [110.32689, 1.51654], [110.32908, 1.51647], [110.32846, 1.5054], [110.33128, 1.50498], [110.33363, 1.50885], [110.33465, 1.50841], [110.33415, 1.51731], [110.33504, 1.51677], [110.33628, 1.51952], [110.34128, 1.51908], [110.34252, 1.5224], [110.3469, 1.5218]]]]}}, {"type": "Feature", "properties": {"state": "Sarawak", "seat": "N.13 Batu Kitang", "seat_name": "Batu Kitang"}, "geometry": {"type": "MultiPolygon", "coordinates": [[[[110.32957, 1.52275], [110.3307, 1.52078], [110.33627, 1.52005], [110.3354, 1.51715], [110.33415, 1.51731], [110.33465, 1.50841], [110.33363, 1.50885], [110.33128, 1.50498], [110.32846, 1.5054], [110.32908, 1.51647], [110.32689, 1.51654], [110.32713, 1.52074], [110.3244, 1.51986], [110.3268, 1.51469], [110.32582, 1.50096], [110.3195, 1.49594], [110.3187, 1.49283], [110.32043, 1.48825], [110.31969, 1.48425], [110.32456, 1.48406], [110.32158, 1.4699], [110.32353, 1.469], [110.32339, 1.45583], [110.32187, 1.45403], [110.31406, 1.46107], [110.31199, 1.4598], [110.31025, 1.45675], [110.31048, 1.45332], [110.30684, 1.44896], [110.31271, 1.44389], [110.31495, 1.44475], [110.31879, 1.4422], [110.32193, 1.44565], [110.32119, 1.44798], [110.32535, 1.44801], [110.32771, 1.44604], [110.33181, 1.44027], [110.33195, 1.4367], [110.33189, 1.43423], [110.32607, 1.43261], [110.33, 1.42604], [110.32815, 1.42381], [110.33915, 1.41919], [110.34155, 1.41273], [110.33921, 1.4097], [110.34331, 1.40514], [110.3407, 1.40131], [110.33594, 1.4029], [110.33205, 1.40025], [110.32511, 1.41838], [110.32394, 1.41976], [110.31824, 1.41788], [110.31117, 1.41387], [110.31266, 1.41041], [110.31097, 1.40835], [110.3184, 1.4], [110.31619, 1.38744], [110.31764, 1.3822], [110.30835, 1.38194], [110.30319, 1.38475], [110.29563, 1.3806], [110.28991, 1.381], [110.28417, 1.38657], [110.26777, 1.3895], [110.26004, 1.39537], [110.2601, 1.39736], [110.26389, 1.40111], [110.26322, 1.4038], [110.26512, 1.40977], [110.25981, 1.4146], [110.26194, 1.41656], [110.26543, 1.4153], [110.2693, 1.41628], [110.26658, 1.42314], [110.27079, 1.42793], [110.27164, 1.43478], [110.27453, 1.43987], [110.26029, 1.45148], [110.27125, 1.45471], [110.27364, 1.463], [110.27089, 1.4722], [110.27579, 1.48194], [110.27817, 1.48036], [110.28121, 1.48377], [110.28333, 1.48308], [110.28184, 1.47513], [110.28644, 1.47515], [110.2873, 1.48126], [110.28894, 1.48104], [110.29061, 1.48417], [110.28663, 1.48986], [110.28857, 1.49159], [110.28798, 1.49437], [110.30222, 1.49439], [110.31111, 1.49649], [110.3158, 1.49538], [110.31758, 1.49699], [110.31795, 1.50629], [110.31548, 1.50531], [110.31339, 1.50826], [110.31225, 1.507], [110.3042, 1.50694], [110.29883, 1.50881], [110.29764, 1.51088], [110.30963, 1.51475], [110.31213, 1.51039], [110.31803, 1.51357], [110.31802, 1.51245], [110.32093, 1.51247], [110.32093, 1.51428], [110.31865, 1.51421], [110.31684, 1.51719], [110.32099, 1.51863], [110.32075, 1.52022], [110.32305, 1.51988], [110.32512, 1.52248], [110.3264, 1.52192], [110.32728, 1.524], [110.32966, 1.52411], [110.32957, 1.52275]]]]}}, {"type": "Feature", "properties": {"state": "Sarawak", "seat": "N.14 Batu Kawah", "seat_name": "Batu Kawah"}, "geometry": {"type": "MultiPolygon", "coordinates": [[[[110.25478, 1.55026], [110.25907, 1.54571], [110.26293, 1.54599], [110.26553, 1.54383], [110.27151, 1.54468], [110.2751, 1.53718], [110.27891, 1.5372], [110.28079, 1.53097], [110.27564, 1.52633], [110.27645, 1.52438], [110.27796, 1.52447], [110.27874, 1.51828], [110.28591, 1.52141], [110.28605, 1.52873], [110.28844, 1.53126], [110.29081, 1.53204], [110.29719, 1.52474], [110.30027, 1.53261], [110.30556, 1.53389], [110.30727, 1.53633], [110.31084, 1.53244], [110.32589, 1.53483], [110.32815, 1.53289], [110.32976, 1.52646], [110.32966, 1.52411], [110.32728, 1.524], [110.3264, 1.52192], [110.32512, 1.52248], [110.32305, 1.51988], [110.32075, 1.52022], [110.32099, 1.51863], [110.31684, 1.51719], [110.31865, 1.51421], [110.32093, 1.51428], [110.32093, 1.51247], [110.31802, 1.51245], [110.31803, 1.51357], [110.31213, 1.51039], [110.30963, 1.51475], [110.29764, 1.51088], [110.29883, 1.50881], [110.3042, 1.50694], [110.31225, 1.507], [110.31339, 1.50826], [110.31548, 1.50531], [110.31795, 1.50629], [110.31758, 1.49699], [110.3158, 1.49538], [110.31111, 1.49649], [110.30222, 1.49439], [110.28798, 1.49437], [110.28857, 1.49159], [110.28663, 1.48986], [110.29061, 1.48417], [110.28894, 1.48104], [110.2873, 1.48126], [110.28644, 1.47515], [110.28184, 1.47513], [110.28333, 1.48308], [110.28121, 1.48377], [110.27817, 1.48036], [110.27579, 1.48194], [110.27089, 1.4722], [110.27364, 1.463], [110.27125, 1.45471], [110.26126, 1.45149], [110.25766, 1.45211], [110.2564, 1.46365], [110.25285, 1.46382], [110.24411, 1.47337], [110.23951, 1.47248], [110.23015, 1.47798], [110.2333, 1.48441], [110.23245, 1.48733], [110.22891, 1.4901], [110.22241, 1.48661], [110.21655, 1.48645], [110.21564, 1.49532], [110.20661, 1.49528], [110.20666, 1.50993], [110.21351, 1.50998], [110.21124, 1.52568], [110.21302, 1.52802], [110.21305, 1.53308], [110.21803, 1.53681], [110.22204, 1.53547], [110.22658, 1.54264], [110.22616, 1.54427], [110.22824, 1.54575], [110.2368, 1.54892], [110.23912, 1.54631], [110.24315, 1.55153], [110.2467, 1.55021], [110.24853, 1.55442], [110.25478, 1.55026]]]]}}, {"type": "Feature", "properties": {"state": "Sarawak", "seat": "N.15 Asajaya", "seat_name": "Asajaya"}, "geometry": {"type": "MultiPolygon", "coordinates": [[[[110.52092, 1.59032], [110.52376, 1.58477], [110.53433, 1.58554], [110.53631, 1.587], [110.54053, 1.58493], [110.54503, 1.5909], [110.55933, 1.59732], [110.56546, 1.59517], [110.57293, 1.59858], [110.5822, 1.59525], [110.58431, 1.60059], [110.58849, 1.6011], [110.59618, 1.59564], [110.60062, 1.59966], [110.60164, 1.59779], [110.61511, 1.59455], [110.62893, 1.58536], [110.63438, 1.58853], [110.63403, 1.58026], [110.63683, 1.57502], [110.63908, 1.5796], [110.64923, 1.57701], [110.65669, 1.57264], [110.65871, 1.56541], [110.65202, 1.55932], [110.64669, 1.53341], [110.64306, 1.5001], [110.63135, 1.49907], [110.63163, 1.45954], [110.54656, 1.46107], [110.53305, 1.46832], [110.51599, 1.4634], [110.51535, 1.46796], [110.51071, 1.47221], [110.51596, 1.47877], [110.49954, 1.48286], [110.49777, 1.48553], [110.50242, 1.48732], [110.50272, 1.49288], [110.49227, 1.501], [110.48998, 1.50513], [110.49011, 1.50837], [110.4925, 1.51088], [110.5071, 1.51011], [110.51014, 1.51168], [110.51178, 1.51469], [110.5112, 1.51831], [110.50838, 1.52103], [110.49508, 1.52271], [110.49197, 1.52485], [110.49197, 1.52976], [110.49889, 1.53988], [110.49822, 1.54504], [110.49343, 1.54756], [110.4883, 1.54588], [110.48418, 1.53956], [110.48124, 1.5289], [110.47611, 1.52532], [110.47334, 1.52567], [110.46892, 1.52938], [110.4655, 1.53802], [110.46712, 1.54396], [110.48068, 1.56544], [110.48659, 1.5678], [110.48623, 1.57055], [110.48871, 1.57228], [110.49146, 1.57153], [110.49187, 1.57496], [110.49538, 1.58], [110.49161, 1.58386], [110.49129, 1.59008], [110.49328, 1.59156], [110.4985, 1.60683], [110.51028, 1.61675], [110.51204, 1.61707], [110.51472, 1.6125], [110.52092, 1.59032]]]]}}, {"type": "Feature", "properties": {"state": "Sarawak", "seat": "N.16 Muara Tuang", "seat_name": "Muara Tuang"}, "geometry": {"type": "MultiPolygon", "coordinates": [[[[110.43066, 1.55668], [110.4317, 1.55685], [110.4329, 1.5513], [110.43241, 1.54434], [110.43461, 1.54198], [110.44515, 1.54315], [110.45028, 1.54752], [110.45331, 1.54582], [110.45568, 1.5466], [110.45572, 1.54397], [110.45872, 1.54216], [110.46361, 1.54529], [110.46799, 1.5453], [110.46575, 1.54018], [110.46603, 1.53461], [110.46913, 1.52913], [110.47456, 1.52527], [110.47828, 1.52606], [110.48112, 1.5287], [110.48418, 1.53956], [110.4883, 1.54588], [110.49343, 1.54756], [110.49773, 1.54565], [110.49889, 1.53988], [110.49197, 1.52976], [110.49197, 1.52485], [110.49508, 1.52271], [110.50838, 1.52103], [110.5112, 1.51831], [110.51178, 1.51469], [110.51014, 1.51168], [110.5071, 1.51011], [110.4925, 1.51088], [110.49011, 1.50837], [110.48998, 1.50513], [110.49227, 1.501], [110.50272, 1.49288], [110.50242, 1.48732], [110.49777, 1.48553], [110.49954, 1.48286], [110.51596, 1.47877], [110.51071, 1.47221], [110.51535, 1.46796], [110.51599, 1.4634], [110.53305, 1.46832], [110.54656, 1.46107], [110.61826, 1.45945], [110.61679, 1.40807], [110.60737, 1.40637], [110.60781, 1.3974], [110.56335, 1.41038], [110.56282, 1.40777], [110.54957, 1.39567], [110.55185, 1.39434], [110.54801, 1.39042], [110.54879, 1.38257], [110.53921, 1.37382], [110.54155, 1.36902], [110.54585, 1.36647], [110.54777, 1.36189], [110.53968, 1.35631], [110.53678, 1.35713], [110.54085, 1.35049], [110.55495, 1.33767], [110.55459, 1.32811], [110.55657, 1.32805], [110.55617, 1.31686], [110.58413, 1.31625], [110.58112, 1.30783], [110.58753, 1.29779], [110.58953, 1.28611], [110.58707, 1.28291], [110.58002, 1.2794], [110.57755, 1.27432], [110.5788, 1.26996], [110.58425, 1.26511], [110.57347, 1.25998], [110.56337, 1.25933], [110.55901, 1.25285], [110.55018, 1.25736], [110.54479, 1.25569], [110.53768, 1.25701], [110.53237, 1.25481], [110.53362, 1.25275], [110.53141, 1.24784], [110.5273, 1.25069], [110.5215, 1.24645], [110.51841, 1.25069], [110.51562, 1.24385], [110.5074, 1.23486], [110.5092, 1.23286], [110.50445, 1.22825], [110.50124, 1.23159], [110.4969, 1.23147], [110.48896, 1.24209], [110.4599, 1.26316], [110.45914, 1.26482], [110.46287, 1.26626], [110.46269, 1.26814], [110.45788, 1.27077], [110.46361, 1.27419], [110.45186, 1.28297], [110.44195, 1.28682], [110.44087, 1.29507], [110.44347, 1.29507], [110.45743, 1.31131], [110.45901, 1.31757], [110.45698, 1.3192], [110.45913, 1.3201], [110.46136, 1.33098], [110.46762, 1.3367], [110.45926, 1.33675], [110.45818, 1.34002], [110.46098, 1.35364], [110.46104, 1.36439], [110.44926, 1.36973], [110.44798, 1.37426], [110.44333, 1.3773], [110.43761, 1.37347], [110.43682, 1.37117], [110.43501, 1.37189], [110.42452, 1.36362], [110.42265, 1.36648], [110.4195, 1.3661], [110.41789, 1.36772], [110.41963, 1.37259], [110.42544, 1.37432], [110.42675, 1.37219], [110.42884, 1.37281], [110.43032, 1.37918], [110.42362, 1.37798], [110.41604, 1.38434], [110.40994, 1.38286], [110.40831, 1.38798], [110.39869, 1.39236], [110.39838, 1.3954], [110.39244, 1.39614], [110.39295, 1.3993], [110.39103, 1.40099], [110.39052, 1.40368], [110.39981, 1.41157], [110.40257, 1.41771], [110.41183, 1.45061], [110.41166, 1.46495], [110.416, 1.46509], [110.41851, 1.46812], [110.41801, 1.47025], [110.41976, 1.47137], [110.41842, 1.47513], [110.42459, 1.48483], [110.43243, 1.48499], [110.43603, 1.48688], [110.43709, 1.49015], [110.44236, 1.49506], [110.44083, 1.4995], [110.43475, 1.50163], [110.4348, 1.50813], [110.4394, 1.51204], [110.43304, 1.52046], [110.42542, 1.52392], [110.4187, 1.54], [110.41749, 1.55897], [110.41897, 1.56357], [110.42417, 1.56453], [110.42785, 1.55841], [110.43066, 1.55668]]]]}}, {"type": "Feature", "properties": {"state": "Sarawak", "seat": "N.17 Stakan", "seat_name": "Stakan"}, "geometry": {"type": "MultiPolygon", "coordinates": [[[[110.43606, 1.48714], [110.43243, 1.48499], [110.42472, 1.48495], [110.41842, 1.47513], [110.41976, 1.47137], [110.41801, 1.47025], [110.41851, 1.46812], [110.416, 1.46509], [110.41166, 1.46495], [110.41168, 1.44988], [110.39962, 1.41138], [110.38394, 1.39825], [110.3828, 1.39847], [110.38355, 1.40163], [110.37934, 1.40694], [110.37529, 1.40575], [110.36754, 1.4066], [110.36266, 1.40223], [110.36304, 1.40033], [110.35978, 1.39438], [110.36189, 1.39346], [110.36034, 1.39123], [110.36189, 1.3899], [110.36112, 1.38742], [110.35379, 1.38987], [110.35307, 1.38601], [110.35247, 1.38928], [110.34817, 1.39103], [110.34864, 1.38975], [110.34586, 1.3871], [110.34259, 1.3884], [110.3417, 1.39122], [110.33867, 1.39025], [110.33889, 1.38816], [110.33783, 1.38978], [110.33386, 1.38959], [110.3317, 1.38765], [110.33737, 1.38319], [110.33039, 1.37834], [110.32181, 1.3783], [110.3204, 1.37548], [110.31619, 1.38744], [110.3184, 1.4], [110.31104, 1.40811], [110.31266, 1.41041], [110.31117, 1.41387], [110.32394, 1.41976], [110.33205, 1.40025], [110.33594, 1.4029], [110.3407, 1.40131], [110.34332, 1.40522], [110.33921, 1.4097], [110.34155, 1.41273], [110.33915, 1.41919], [110.32815, 1.42381], [110.33, 1.42604], [110.32607, 1.43261], [110.33189, 1.43423], [110.33195, 1.4367], [110.33181, 1.44027], [110.32756, 1.44622], [110.32535, 1.44801], [110.32119, 1.44798], [110.32193, 1.44565], [110.31879, 1.4422], [110.31495, 1.44475], [110.31271, 1.44389], [110.30684, 1.44896], [110.31048, 1.45332], [110.31025, 1.45675], [110.31199, 1.4598], [110.31602, 1.46063], [110.32225, 1.45384], [110.32234, 1.45584], [110.32361, 1.45397], [110.32794, 1.45517], [110.32872, 1.45249], [110.3263, 1.45028], [110.32767, 1.44958], [110.33003, 1.44882], [110.33387, 1.4513], [110.33649, 1.44846], [110.33826, 1.45068], [110.34442, 1.44848], [110.34559, 1.45177], [110.35065, 1.4565], [110.35024, 1.4606], [110.35241, 1.46396], [110.35547, 1.46487], [110.35924, 1.46964], [110.36526, 1.47007], [110.37716, 1.47865], [110.38064, 1.49073], [110.38506, 1.49331], [110.39186, 1.50276], [110.40928, 1.5179], [110.41403, 1.52779], [110.42362, 1.528], [110.42587, 1.52339], [110.43304, 1.52046], [110.4394, 1.51204], [110.4348, 1.50813], [110.43475, 1.50163], [110.4407, 1.49961], [110.44242, 1.49535], [110.43709, 1.49015], [110.43606, 1.48714]]]]}}, {"type": "Feature", "properties": {"state": "Sarawak", "seat": "N.18 Serembu", "seat_name": "Serembu"}, "geometry": {"type": "MultiPolygon", "coordinates": [[[[110.21614, 1.49177], [110.21655, 1.48645], [110.22241, 1.48661], [110.22891, 1.4901], [110.23245, 1.48733], [110.2333, 1.48441], [110.23015, 1.47798], [110.23951, 1.47248], [110.24411, 1.47337], [110.25285, 1.46382], [110.2564, 1.46365], [110.25766, 1.45211], [110.26162, 1.45097], [110.26185, 1.44893], [110.2668, 1.4471], [110.26754, 1.4447], [110.26966, 1.4446], [110.27452, 1.43976], [110.27164, 1.43478], [110.27079, 1.42793], [110.26658, 1.42314], [110.2693, 1.41628], [110.26543, 1.4153], [110.26194, 1.41656], [110.25981, 1.4146], [110.26507, 1.41003], [110.26376, 1.40079], [110.25986, 1.39605], [110.25523, 1.39763], [110.25097, 1.39511], [110.24737, 1.39633], [110.23607, 1.3827], [110.23346, 1.37326], [110.23423, 1.36742], [110.22825, 1.36381], [110.22859, 1.359], [110.22123, 1.34873], [110.21784, 1.3349], [110.21839, 1.32325], [110.21387, 1.31655], [110.21354, 1.31271], [110.20796, 1.31171], [110.1988, 1.30659], [110.19706, 1.30482], [110.19616, 1.2994], [110.18876, 1.29484], [110.18794, 1.28926], [110.19107, 1.28644], [110.19273, 1.28108], [110.19303, 1.27229], [110.18843, 1.26663], [110.18267, 1.26681], [110.18157, 1.26501], [110.18416, 1.25731], [110.18251, 1.25081], [110.17592, 1.24398], [110.1637, 1.21645], [110.15594, 1.20284], [110.15171, 1.20084], [110.15163, 1.19898], [110.14735, 1.19882], [110.14572, 1.19708], [110.13644, 1.19983], [110.13211, 1.20011], [110.12746, 1.19775], [110.12522, 1.19934], [110.12296, 1.19562], [110.11989, 1.19477], [110.11576, 1.19697], [110.09041, 1.19919], [110.0888, 1.20096], [110.0891, 1.2035], [110.08419, 1.2081], [110.07975, 1.21807], [110.05827, 1.20916], [110.05563, 1.21609], [110.05137, 1.22134], [110.0555, 1.22525], [110.06161, 1.22616], [110.06322, 1.22858], [110.06086, 1.23607], [110.06324, 1.23833], [110.06294, 1.2408], [110.05838, 1.25119], [110.06039, 1.25554], [110.05602, 1.26189], [110.0588, 1.26445], [110.05584, 1.26467], [110.05206, 1.27026], [110.04781, 1.26864], [110.0441, 1.26463], [110.03901, 1.26691], [110.04223, 1.26943], [110.04062, 1.27034], [110.04041, 1.2733], [110.04441, 1.27584], [110.04713, 1.27575], [110.04979, 1.2825], [110.04852, 1.29099], [110.04077, 1.29593], [110.03458, 1.3049], [110.03298, 1.31328], [110.03348, 1.32317], [110.03454, 1.32372], [110.03637, 1.32126], [110.03927, 1.32291], [110.04476, 1.32305], [110.04633, 1.32621], [110.05044, 1.32248], [110.05634, 1.32249], [110.06291, 1.32836], [110.06832, 1.32933], [110.0711, 1.33632], [110.0745, 1.33881], [110.07678, 1.34737], [110.08403, 1.35839], [110.08688, 1.36631], [110.09915, 1.36609], [110.10366, 1.36443], [110.11276, 1.36673], [110.11328, 1.3687], [110.11784, 1.37072], [110.12358, 1.38154], [110.12606, 1.38031], [110.13069, 1.38232], [110.12877, 1.38398], [110.13117, 1.389], [110.14359, 1.38785], [110.15543, 1.38108], [110.15924, 1.37684], [110.16037, 1.38092], [110.16537, 1.37585], [110.16996, 1.37664], [110.17249, 1.37397], [110.17343, 1.36807], [110.18164, 1.37094], [110.18574, 1.37495], [110.1898, 1.37646], [110.18995, 1.38006], [110.18271, 1.3888], [110.18302, 1.39089], [110.18926, 1.38943], [110.19168, 1.39151], [110.18946, 1.39649], [110.19115, 1.4014], [110.18873, 1.40482], [110.19155, 1.41131], [110.19018, 1.41513], [110.18435, 1.41661], [110.18273, 1.42245], [110.18521, 1.42444], [110.18676, 1.42948], [110.18962, 1.43134], [110.19087, 1.43693], [110.1991, 1.4438], [110.20434, 1.44506], [110.20809, 1.44805], [110.206, 1.44884], [110.20605, 1.4524], [110.20279, 1.45287], [110.20297, 1.46091], [110.19849, 1.46564], [110.20334, 1.46708], [110.20155, 1.47145], [110.19936, 1.47422], [110.19719, 1.47405], [110.19234, 1.48235], [110.20511, 1.484], [110.20471, 1.49022], [110.20661, 1.49528], [110.21564, 1.49532], [110.21614, 1.49177]]]]}}, {"type": "Feature", "properties": {"state": "Sarawak", "seat": "N.19 Mambong", "seat_name": "Mambong"}, "geometry": {"type": "MultiPolygon", "coordinates": [[[[110.38057, 1.40572], [110.38355, 1.40163], [110.3828, 1.39847], [110.39052, 1.40368], [110.39295, 1.3993], [110.39244, 1.39614], [110.39838, 1.3954], [110.39869, 1.39236], [110.40831, 1.38798], [110.40994, 1.38286], [110.41604, 1.38434], [110.42362, 1.37798], [110.43032, 1.37918], [110.42884, 1.37281], [110.42675, 1.37219], [110.42544, 1.37432], [110.41963, 1.37259], [110.41789, 1.36772], [110.4195, 1.3661], [110.42265, 1.36648], [110.42452, 1.36362], [110.43501, 1.37189], [110.43682, 1.37117], [110.43761, 1.37347], [110.44333, 1.3773], [110.44798, 1.37426], [110.44926, 1.36973], [110.46104, 1.36439], [110.46098, 1.35364], [110.45818, 1.34002], [110.45926, 1.33675], [110.46762, 1.3367], [110.46069, 1.32882], [110.43832, 1.33443], [110.43873, 1.33651], [110.42196, 1.33831], [110.41174, 1.33689], [110.41037, 1.33902], [110.40156, 1.33971], [110.40163, 1.34087], [110.39686, 1.34091], [110.38997, 1.338], [110.39001, 1.3405], [110.38684, 1.34313], [110.38925, 1.34812], [110.38696, 1.35112], [110.38004, 1.34815], [110.38547, 1.34095], [110.38316, 1.33815], [110.38209, 1.3299], [110.37576, 1.33367], [110.37411, 1.33059], [110.37011, 1.33079], [110.36895, 1.33532], [110.36763, 1.33517], [110.35119, 1.32902], [110.34472, 1.32383], [110.34143, 1.32375], [110.3353, 1.3113], [110.33823, 1.30741], [110.33388, 1.29978], [110.33452, 1.29123], [110.32937, 1.27957], [110.32635, 1.27617], [110.3203, 1.25331], [110.32003, 1.24362], [110.31821, 1.24284], [110.31979, 1.23881], [110.31847, 1.22328], [110.32085, 1.21215], [110.33098, 1.19451], [110.32804, 1.19437], [110.32355, 1.19053], [110.31489, 1.18823], [110.3073, 1.18416], [110.30183, 1.19838], [110.27721, 1.20553], [110.26808, 1.20363], [110.26486, 1.20573], [110.26449, 1.20859], [110.26203, 1.20461], [110.26242, 1.19539], [110.256, 1.19283], [110.25329, 1.18163], [110.2505, 1.17737], [110.24953, 1.1738], [110.25216, 1.16318], [110.25531, 1.16295], [110.26404, 1.17056], [110.26791, 1.1699], [110.2726, 1.17231], [110.27783, 1.17164], [110.27968, 1.17309], [110.2872, 1.17223], [110.29452, 1.16909], [110.29863, 1.16214], [110.3143, 1.15632], [110.32322, 1.14767], [110.31979, 1.13913], [110.31749, 1.13777], [110.31722, 1.13542], [110.31377, 1.13429], [110.30834, 1.12555], [110.28289, 1.13676], [110.26998, 1.13768], [110.2622, 1.13386], [110.26309, 1.12656], [110.2655, 1.12532], [110.26666, 1.12246], [110.26628, 1.11781], [110.26934, 1.10769], [110.27765, 1.11062], [110.29175, 1.10987], [110.29624, 1.10478], [110.30074, 1.09265], [110.30952, 1.08345], [110.30348, 1.07804], [110.28075, 1.07159], [110.28098, 1.0654], [110.27634, 1.06127], [110.27852, 1.05551], [110.27436, 1.05139], [110.26264, 1.05358], [110.26068, 1.05066], [110.2565, 1.05662], [110.25347, 1.05776], [110.25365, 1.0619], [110.26043, 1.06649], [110.25765, 1.06814], [110.25674, 1.07457], [110.24479, 1.0798], [110.24063, 1.08662], [110.24114, 1.09824], [110.2391, 1.10317], [110.23979, 1.10674], [110.24277, 1.10779], [110.23727, 1.11134], [110.23774, 1.11337], [110.23445, 1.11811], [110.23066, 1.11958], [110.22512, 1.12054], [110.22162, 1.11941], [110.21668, 1.11435], [110.20915, 1.11537], [110.20367, 1.11875], [110.20013, 1.12893], [110.20098, 1.13101], [110.19846, 1.13313], [110.19922, 1.13853], [110.20517, 1.14108], [110.20647, 1.14739], [110.20466, 1.15319], [110.19985, 1.15786], [110.2004, 1.16478], [110.19361, 1.16818], [110.18408, 1.18479], [110.18085, 1.18314], [110.16536, 1.18818], [110.16443, 1.18738], [110.15831, 1.19622], [110.15564, 1.19623], [110.15163, 1.19898], [110.15171, 1.20084], [110.15594, 1.20284], [110.16893, 1.22639], [110.16982, 1.23191], [110.17249, 1.23382], [110.17592, 1.24398], [110.18251, 1.25081], [110.18416, 1.25731], [110.18157, 1.26501], [110.18267, 1.26681], [110.18843, 1.26663], [110.19303, 1.27229], [110.19273, 1.28108], [110.19107, 1.28644], [110.18794, 1.28926], [110.18876, 1.29484], [110.19616, 1.2994], [110.19706, 1.30482], [110.1988, 1.30659], [110.20796, 1.31171], [110.21354, 1.31271], [110.21387, 1.31655], [110.21839, 1.32325], [110.21784, 1.3349], [110.22194, 1.35074], [110.22859, 1.359], [110.22825, 1.36381], [110.23423, 1.36742], [110.23346, 1.37326], [110.23762, 1.3856], [110.24305, 1.39206], [110.24647, 1.39378], [110.24737, 1.39633], [110.25097, 1.39511], [110.25523, 1.39763], [110.25986, 1.39605], [110.26777, 1.3895], [110.28417, 1.38657], [110.28991, 1.381], [110.29563, 1.3806], [110.30319, 1.38475], [110.30835, 1.38194], [110.31764, 1.3822], [110.3214, 1.37535], [110.32181, 1.3783], [110.33039, 1.37834], [110.33737, 1.38319], [110.3317, 1.38765], [110.33386, 1.38959], [110.33783, 1.38978], [110.33889, 1.38816], [110.33867, 1.39025], [110.3417, 1.39122], [110.34259, 1.3884], [110.34586, 1.3871], [110.34864, 1.38975], [110.34817, 1.39103], [110.35247, 1.38928], [110.35307, 1.38601], [110.35379, 1.38987], [110.36112, 1.38742], [110.36189, 1.3899], [110.36034, 1.39123], [110.36189, 1.39346], [110.35978, 1.39438], [110.36304, 1.40033], [110.36266, 1.40223], [110.36754, 1.4066], [110.37529, 1.40575], [110.37934, 1.40694], [110.38057, 1.40572]]]]}}, {"type": "Feature", "properties": {"state": "Sarawak", "seat": "N.20 Tarat", "seat_name": "Tarat"}, "geometry": {"type": "MultiPolygon", "coordinates": [[[[110.38684, 1.34313], [110.39001, 1.3405], [110.38997, 1.338], [110.39686, 1.34091], [110.40163, 1.34087], [110.40156, 1.33971], [110.41037, 1.33902], [110.41174, 1.33689], [110.42196, 1.33831], [110.43873, 1.33651], [110.43832, 1.33443], [110.46069, 1.32882], [110.45913, 1.3201], [110.45698, 1.3192], [110.45901, 1.31757], [110.45743, 1.31131], [110.44347, 1.29507], [110.44087, 1.29507], [110.44195, 1.28682], [110.45186, 1.28297], [110.46361, 1.27419], [110.45788, 1.27077], [110.46269, 1.26814], [110.46287, 1.26626], [110.45914, 1.26482], [110.4599, 1.26316], [110.48896, 1.24209], [110.4969, 1.23147], [110.50124, 1.23159], [110.50445, 1.22825], [110.5092, 1.23286], [110.5074, 1.23486], [110.51562, 1.24385], [110.51841, 1.25069], [110.5215, 1.24645], [110.5273, 1.25069], [110.53141, 1.24784], [110.53362, 1.25275], [110.53237, 1.25481], [110.53768, 1.25701], [110.54479, 1.25569], [110.55018, 1.25736], [110.55901, 1.25285], [110.56337, 1.25933], [110.57347, 1.25998], [110.58337, 1.2643], [110.5833, 1.2667], [110.57783, 1.27138], [110.57755, 1.27432], [110.58002, 1.2794], [110.58707, 1.28291], [110.58953, 1.28611], [110.58753, 1.29779], [110.60639, 1.29443], [110.62453, 1.29388], [110.62444, 1.28711], [110.62162, 1.28094], [110.62391, 1.28021], [110.62341, 1.27778], [110.63121, 1.27288], [110.63437, 1.26746], [110.64752, 1.25598], [110.65304, 1.25443], [110.65278, 1.24607], [110.64675, 1.24613], [110.63916, 1.23733], [110.63543, 1.23619], [110.63452, 1.20203], [110.63267, 1.20205], [110.63149, 1.19848], [110.62869, 1.19857], [110.61957, 1.18972], [110.60576, 1.18311], [110.6028, 1.17857], [110.60082, 1.17802], [110.60012, 1.17351], [110.59622, 1.1716], [110.59384, 1.16679], [110.5883, 1.16388], [110.58931, 1.1659], [110.58796, 1.1691], [110.58369, 1.17176], [110.58513, 1.17458], [110.55864, 1.18898], [110.55811, 1.19248], [110.55552, 1.19486], [110.55342, 1.19339], [110.54748, 1.19716], [110.54359, 1.19392], [110.54396, 1.19118], [110.55376, 1.18784], [110.54903, 1.18243], [110.54576, 1.17463], [110.54629, 1.17325], [110.55453, 1.17261], [110.55311, 1.16687], [110.55467, 1.16549], [110.55496, 1.15973], [110.55357, 1.15971], [110.54112, 1.16388], [110.54241, 1.16681], [110.53289, 1.1668], [110.52724, 1.16925], [110.51462, 1.18085], [110.51256, 1.18527], [110.50661, 1.18608], [110.49355, 1.19446], [110.48619, 1.2001], [110.48751, 1.20641], [110.48538, 1.21349], [110.46004, 1.23592], [110.4497, 1.24087], [110.44461, 1.24169], [110.43617, 1.23321], [110.43511, 1.21641], [110.43141, 1.22039], [110.42858, 1.22057], [110.4245, 1.20885], [110.43034, 1.202], [110.43426, 1.20785], [110.44009, 1.20701], [110.43895, 1.20475], [110.44049, 1.20086], [110.43858, 1.19707], [110.4449, 1.19337], [110.4445, 1.19136], [110.43309, 1.18503], [110.42418, 1.18689], [110.42134, 1.18569], [110.42138, 1.17935], [110.42375, 1.17262], [110.42281, 1.1677], [110.41173, 1.16224], [110.4124, 1.15656], [110.41476, 1.15398], [110.41594, 1.13917], [110.40576, 1.13701], [110.40148, 1.13261], [110.39697, 1.13325], [110.39301, 1.1316], [110.38443, 1.1277], [110.37989, 1.1232], [110.37587, 1.12241], [110.37312, 1.12376], [110.37152, 1.11782], [110.36393, 1.11987], [110.35549, 1.11326], [110.3509, 1.11413], [110.34506, 1.11038], [110.3352, 1.0986], [110.3247, 1.08976], [110.31728, 1.08793], [110.30952, 1.08345], [110.30074, 1.09265], [110.29624, 1.10478], [110.29175, 1.10987], [110.27765, 1.11062], [110.26934, 1.10769], [110.26628, 1.11781], [110.26633, 1.12361], [110.26309, 1.12656], [110.26197, 1.13303], [110.26998, 1.13768], [110.28289, 1.13676], [110.30834, 1.12555], [110.31377, 1.13429], [110.31722, 1.13542], [110.31749, 1.13777], [110.31979, 1.13913], [110.32322, 1.14767], [110.3143, 1.15632], [110.29863, 1.16214], [110.29452, 1.16909], [110.2872, 1.17223], [110.27968, 1.17309], [110.27783, 1.17164], [110.2726, 1.17231], [110.26791, 1.1699], [110.26404, 1.17056], [110.25531, 1.16295], [110.25216, 1.16318], [110.24953, 1.1738], [110.2505, 1.17737], [110.25329, 1.18163], [110.256, 1.19283], [110.26242, 1.19539], [110.26203, 1.20461], [110.26449, 1.20859], [110.26486, 1.20573], [110.26808, 1.20363], [110.27721, 1.20553], [110.30183, 1.19838], [110.3073, 1.18416], [110.31489, 1.18823], [110.32355, 1.19053], [110.32804, 1.19437], [110.33098, 1.19451], [110.32085, 1.21215], [110.31847, 1.22328], [110.31979, 1.23881], [110.31821, 1.24284], [110.32003, 1.24362], [110.3203, 1.25331], [110.32635, 1.27617], [110.32937, 1.27957], [110.33452, 1.29123], [110.33388, 1.29978], [110.33823, 1.30741], [110.3353, 1.3113], [110.33727, 1.31667], [110.34143, 1.32375], [110.34472, 1.32383], [110.35119, 1.32902], [110.35601, 1.32981], [110.36598, 1.33476], [110.36895, 1.33532], [110.37011, 1.33079], [110.37411, 1.33059], [110.37576, 1.33367], [110.38209, 1.3299], [110.38316, 1.33815], [110.38547, 1.34095], [110.38004, 1.34815], [110.38696, 1.35112], [110.38925, 1.34812], [110.38684, 1.34313]]]]}}, {"type": "Feature", "properties": {"state": "Sarawak", "seat": "N.21 Tebedu", "seat_name": "Tebedu"}, "geometry": {"type": "MultiPolygon", "coordinates": [[[[110.4581, 1.23624], [110.46385, 1.23323], [110.47068, 1.22549], [110.48538, 1.21349], [110.48751, 1.20641], [110.48619, 1.2001], [110.50661, 1.18608], [110.49697, 1.18127], [110.49644, 1.17062], [110.50142, 1.15721], [110.49419, 1.15575], [110.48812, 1.15159], [110.48287, 1.15284], [110.4789, 1.1501], [110.48037, 1.1464], [110.48265, 1.14542], [110.4841, 1.14008], [110.49296, 1.13086], [110.49763, 1.13013], [110.50155, 1.12608], [110.50795, 1.12751], [110.50908, 1.12176], [110.51144, 1.12292], [110.51332, 1.12101], [110.511, 1.11352], [110.50399, 1.10948], [110.48552, 1.11105], [110.48779, 1.1079], [110.48591, 1.10513], [110.48712, 1.10264], [110.4909, 1.10136], [110.49293, 1.09502], [110.50078, 1.09561], [110.50604, 1.10015], [110.51271, 1.09883], [110.52116, 1.0923], [110.52485, 1.07864], [110.53222, 1.0786], [110.53686, 1.08248], [110.54246, 1.08196], [110.5474, 1.07667], [110.5541, 1.07463], [110.55774, 1.07089], [110.55245, 1.06736], [110.55357, 1.06102], [110.54323, 1.0573], [110.54456, 1.05144], [110.54095, 1.04953], [110.54091, 1.04663], [110.53805, 1.04397], [110.5307, 1.04087], [110.52789, 1.03333], [110.53141, 1.01232], [110.53594, 1.00605], [110.53854, 0.99789], [110.53882, 0.99371], [110.53562, 0.98816], [110.53571, 0.984], [110.54124, 0.96296], [110.54006, 0.94794], [110.53631, 0.94821], [110.53563, 0.94418], [110.53251, 0.94284], [110.52461, 0.94199], [110.51952, 0.93831], [110.51533, 0.9383], [110.50124, 0.93154], [110.49619, 0.93088], [110.48976, 0.92743], [110.48635, 0.92347], [110.47929, 0.92191], [110.47632, 0.91739], [110.4667, 0.91557], [110.46166, 0.90968], [110.46053, 0.89273], [110.45599, 0.90492], [110.44925, 0.90658], [110.44594, 0.90952], [110.43983, 0.90768], [110.4315, 0.91755], [110.43122, 0.92271], [110.4263, 0.9255], [110.42598, 0.92988], [110.43039, 0.93234], [110.43382, 0.93716], [110.43181, 0.94026], [110.43223, 0.9439], [110.42876, 0.94688], [110.42677, 0.94516], [110.42414, 0.94733], [110.42265, 0.94492], [110.41781, 0.94686], [110.41359, 0.95254], [110.41107, 0.9508], [110.41069, 0.95217], [110.40893, 0.95106], [110.39867, 0.95319], [110.40009, 0.95712], [110.402, 0.95818], [110.40125, 0.96404], [110.40345, 0.96521], [110.40261, 0.96864], [110.39796, 0.97207], [110.39816, 0.97528], [110.39968, 0.97638], [110.39566, 0.98575], [110.39765, 0.98988], [110.39414, 0.98871], [110.39061, 0.99051], [110.39065, 0.9944], [110.38868, 0.99637], [110.38967, 0.99784], [110.38687, 0.99874], [110.3869, 0.99665], [110.38236, 0.99374], [110.37792, 0.99597], [110.37187, 0.99593], [110.36407, 0.99144], [110.3639, 0.98806], [110.35192, 0.98357], [110.35096, 0.98471], [110.35254, 0.98586], [110.35059, 0.98943], [110.35051, 0.98755], [110.34685, 0.98802], [110.34628, 0.98663], [110.33667, 0.99209], [110.33488, 0.99794], [110.33701, 1.00648], [110.33258, 1.01282], [110.32947, 1.00981], [110.33067, 1.00653], [110.32842, 1.00483], [110.32625, 1.00683], [110.32239, 1.00317], [110.32319, 1.00129], [110.32131, 0.99544], [110.31838, 0.99223], [110.31248, 1.00091], [110.30882, 1.0021], [110.30711, 0.99997], [110.30238, 1.0006], [110.30118, 1.004], [110.29854, 1.00367], [110.29754, 0.99919], [110.29584, 0.99964], [110.29277, 0.99611], [110.28582, 0.99838], [110.28331, 0.99566], [110.27216, 0.99726], [110.27036, 0.99609], [110.2689, 0.99843], [110.27047, 0.99904], [110.27266, 1.00709], [110.27585, 1.01145], [110.27488, 1.01452], [110.27613, 1.01839], [110.27137, 1.03272], [110.27987, 1.04042], [110.27955, 1.04468], [110.27436, 1.05139], [110.27852, 1.05551], [110.27634, 1.06127], [110.28098, 1.0654], [110.28075, 1.07159], [110.30348, 1.07804], [110.31728, 1.08793], [110.3247, 1.08976], [110.3352, 1.0986], [110.34506, 1.11038], [110.3509, 1.11413], [110.35549, 1.11326], [110.36393, 1.11987], [110.37152, 1.11782], [110.37312, 1.12376], [110.37587, 1.12241], [110.37989, 1.1232], [110.38443, 1.1277], [110.39301, 1.1316], [110.39697, 1.13325], [110.40148, 1.13261], [110.40576, 1.13701], [110.41594, 1.13917], [110.41476, 1.15398], [110.4124, 1.15656], [110.41173, 1.16224], [110.42281, 1.1677], [110.42375, 1.17262], [110.42138, 1.17935], [110.42134, 1.18569], [110.42418, 1.18689], [110.43309, 1.18503], [110.4445, 1.19136], [110.4449, 1.19337], [110.43858, 1.19707], [110.44049, 1.20086], [110.43895, 1.20475], [110.44009, 1.20701], [110.43426, 1.20785], [110.43034, 1.202], [110.42471, 1.20789], [110.42451, 1.21073], [110.42858, 1.22057], [110.43141, 1.22039], [110.43511, 1.21641], [110.43617, 1.23321], [110.44461, 1.24169], [110.4497, 1.24087], [110.4581, 1.23624]]]]}}, {"type": "Feature", "properties": {"state": "Sarawak", "seat": "N.22 Kedup", "seat_name": "Kedup"}, "geometry": {"type": "MultiPolygon", "coordinates": [[[[110.71122, 1.12703], [110.71128, 1.12211], [110.70843, 1.11877], [110.71244, 1.11865], [110.719, 1.11558], [110.72578, 1.10607], [110.73018, 1.10439], [110.72842, 1.10151], [110.72171, 1.09705], [110.71821, 1.08364], [110.71856, 1.07461], [110.72842, 1.07761], [110.73012, 1.08123], [110.73592, 1.08324], [110.73686, 1.07433], [110.73495, 1.06578], [110.73803, 1.05725], [110.73819, 1.05204], [110.74092, 1.04671], [110.7367, 1.04139], [110.7301, 1.03796], [110.72555, 1.03775], [110.72456, 1.04183], [110.72114, 1.04564], [110.71521, 1.04892], [110.71213, 1.04428], [110.71353, 1.04068], [110.72238, 1.03772], [110.72182, 1.03107], [110.72311, 1.02693], [110.7262, 1.02499], [110.72696, 1.02055], [110.72943, 1.01939], [110.73964, 1.0042], [110.74349, 1.00129], [110.74771, 0.99052], [110.75114, 0.98853], [110.76244, 0.97474], [110.78408, 0.94313], [110.80023, 0.93246], [110.80657, 0.92499], [110.80752, 0.92067], [110.80572, 0.91784], [110.81112, 0.91435], [110.8096, 0.90551], [110.80818, 0.90531], [110.8077, 0.90304], [110.80505, 0.90361], [110.80551, 0.90193], [110.80327, 0.90007], [110.79646, 0.90076], [110.79238, 0.9074], [110.78975, 0.90597], [110.78501, 0.90829], [110.78323, 0.91244], [110.77714, 0.91261], [110.77389, 0.92637], [110.77031, 0.93072], [110.76477, 0.9324], [110.759, 0.9297], [110.75809, 0.92468], [110.75507, 0.92355], [110.75374, 0.91792], [110.75631, 0.91582], [110.75812, 0.90839], [110.7528, 0.90589], [110.74889, 0.89942], [110.74331, 0.89991], [110.74168, 0.90341], [110.73463, 0.90361], [110.72801, 0.90749], [110.72072, 0.90751], [110.71937, 0.90585], [110.71486, 0.90707], [110.71216, 0.90499], [110.70954, 0.90624], [110.70507, 0.89662], [110.70357, 0.89723], [110.70221, 0.89442], [110.69768, 0.89156], [110.69599, 0.88657], [110.69005, 0.88267], [110.69123, 0.88022], [110.68917, 0.87699], [110.69251, 0.87201], [110.68788, 0.86364], [110.68146, 0.865], [110.68132, 0.86893], [110.67964, 0.87055], [110.6765, 0.86799], [110.67408, 0.86915], [110.67443, 0.87077], [110.66786, 0.87574], [110.66921, 0.87778], [110.66816, 0.87849], [110.66589, 0.87633], [110.6639, 0.8777], [110.66348, 0.8759], [110.65637, 0.87367], [110.65552, 0.87073], [110.65221, 0.87125], [110.65142, 0.87438], [110.64839, 0.87685], [110.64686, 0.87588], [110.6447, 0.88034], [110.64671, 0.88355], [110.64789, 0.89129], [110.64579, 0.89381], [110.6446, 0.89068], [110.64305, 0.89109], [110.64329, 0.89405], [110.64114, 0.8963], [110.645, 0.90092], [110.64485, 0.90355], [110.64143, 0.90239], [110.63943, 0.89813], [110.63639, 0.89784], [110.63536, 0.89505], [110.63141, 0.89251], [110.6266, 0.8957], [110.62591, 0.89487], [110.62811, 0.89338], [110.62943, 0.88893], [110.62574, 0.88364], [110.63002, 0.88025], [110.62836, 0.87598], [110.62501, 0.8744], [110.62376, 0.87558], [110.62047, 0.87146], [110.62205, 0.86921], [110.6168, 0.86929], [110.61432, 0.86619], [110.60528, 0.86953], [110.60323, 0.86669], [110.59507, 0.86901], [110.59294, 0.86686], [110.59089, 0.8589], [110.58884, 0.85789], [110.58294, 0.86047], [110.5795, 0.85793], [110.57229, 0.85849], [110.56866, 0.85396], [110.5652, 0.8569], [110.56315, 0.85641], [110.56181, 0.86083], [110.54672, 0.85967], [110.54634, 0.86195], [110.5431, 0.86181], [110.5398, 0.86414], [110.53838, 0.86875], [110.52829, 0.86794], [110.52242, 0.87142], [110.5145, 0.87004], [110.50531, 0.87473], [110.49965, 0.87351], [110.48398, 0.87674], [110.48315, 0.87987], [110.4738, 0.88433], [110.47283, 0.89213], [110.46234, 0.89186], [110.46166, 0.90968], [110.4667, 0.91557], [110.47632, 0.91739], [110.47929, 0.92191], [110.48635, 0.92347], [110.48976, 0.92743], [110.49619, 0.93088], [110.50124, 0.93154], [110.51533, 0.9383], [110.51952, 0.93831], [110.52461, 0.94199], [110.53251, 0.94284], [110.53563, 0.94418], [110.53631, 0.94821], [110.54006, 0.94794], [110.54124, 0.96296], [110.53571, 0.984], [110.53562, 0.98816], [110.53882, 0.99371], [110.53854, 0.99789], [110.53594, 1.00605], [110.53141, 1.01232], [110.52789, 1.03333], [110.5307, 1.04087], [110.53805, 1.04397], [110.54091, 1.04663], [110.54095, 1.04953], [110.54456, 1.05144], [110.54323, 1.0573], [110.55362, 1.06107], [110.55245, 1.06736], [110.56436, 1.0731], [110.57157, 1.06798], [110.57869, 1.05928], [110.5806, 1.05348], [110.58844, 1.04467], [110.59304, 1.04425], [110.59979, 1.04784], [110.60364, 1.0524], [110.60994, 1.05189], [110.61714, 1.05365], [110.61057, 1.06665], [110.61046, 1.06969], [110.62447, 1.08102], [110.64489, 1.0824], [110.64859, 1.08433], [110.65487, 1.09187], [110.66593, 1.08421], [110.66864, 1.08755], [110.66948, 1.09314], [110.67267, 1.09441], [110.66881, 1.1015], [110.67891, 1.11675], [110.68543, 1.12077], [110.6933, 1.12183], [110.69203, 1.12432], [110.69386, 1.12785], [110.69632, 1.1273], [110.69837, 1.12433], [110.70059, 1.12691], [110.70703, 1.12671], [110.71047, 1.12858], [110.71122, 1.12703]]]]}}, {"type": "Feature", "properties": {"state": "Sarawak", "seat": "N.23 Bukit Semuja", "seat_name": "Bukit Semuja"}, "geometry": {"type": "MultiPolygon", "coordinates": [[[[110.65974, 1.24694], [110.66102, 1.23872], [110.66689, 1.23868], [110.67109, 1.2295], [110.67299, 1.22987], [110.67392, 1.22505], [110.67988, 1.22565], [110.68475, 1.22384], [110.68333, 1.22171], [110.68533, 1.22093], [110.68629, 1.21691], [110.69088, 1.21476], [110.69283, 1.21573], [110.69515, 1.20782], [110.70469, 1.20581], [110.71109, 1.20223], [110.71252, 1.19879], [110.71793, 1.19821], [110.72476, 1.20065], [110.74359, 1.16953], [110.75155, 1.16799], [110.7616, 1.16323], [110.77102, 1.14761], [110.76427, 1.14194], [110.75689, 1.13166], [110.73695, 1.11416], [110.73018, 1.10439], [110.72578, 1.10607], [110.719, 1.11558], [110.71244, 1.11865], [110.70843, 1.11877], [110.71128, 1.12211], [110.71067, 1.12854], [110.70691, 1.12669], [110.70059, 1.12691], [110.6984, 1.12433], [110.69632, 1.1273], [110.69386, 1.12785], [110.69203, 1.12432], [110.69332, 1.12185], [110.68543, 1.12077], [110.67897, 1.1168], [110.6694, 1.10262], [110.66964, 1.09869], [110.67267, 1.09441], [110.66948, 1.09314], [110.66864, 1.08755], [110.66593, 1.08421], [110.65487, 1.09187], [110.64859, 1.08433], [110.64489, 1.0824], [110.62447, 1.08102], [110.61046, 1.06969], [110.61057, 1.06665], [110.61714, 1.05365], [110.60994, 1.05189], [110.60364, 1.0524], [110.59979, 1.04784], [110.59304, 1.04425], [110.58844, 1.04467], [110.5806, 1.05348], [110.57869, 1.05928], [110.57157, 1.06798], [110.56436, 1.0731], [110.55912, 1.06956], [110.55422, 1.07456], [110.5474, 1.07667], [110.54246, 1.08196], [110.53686, 1.08248], [110.53222, 1.0786], [110.52485, 1.07864], [110.52116, 1.0923], [110.51271, 1.09883], [110.50604, 1.10015], [110.50078, 1.09561], [110.49293, 1.09502], [110.4909, 1.10136], [110.48712, 1.10264], [110.48591, 1.10513], [110.48779, 1.1079], [110.48552, 1.11105], [110.50399, 1.10948], [110.51107, 1.11361], [110.51348, 1.1217], [110.51144, 1.12292], [110.50908, 1.12176], [110.50795, 1.12751], [110.50155, 1.12608], [110.49763, 1.13013], [110.49296, 1.13086], [110.4841, 1.14008], [110.48265, 1.14542], [110.48037, 1.1464], [110.4789, 1.1501], [110.48287, 1.15284], [110.48812, 1.15159], [110.49419, 1.15575], [110.50142, 1.15721], [110.49644, 1.17062], [110.49697, 1.18127], [110.50661, 1.18608], [110.51103, 1.18602], [110.51462, 1.18085], [110.52724, 1.16925], [110.53289, 1.1668], [110.54241, 1.16681], [110.54105, 1.16393], [110.54283, 1.16287], [110.55496, 1.15973], [110.55467, 1.16549], [110.55311, 1.16687], [110.55453, 1.17261], [110.54629, 1.17325], [110.54576, 1.17463], [110.54903, 1.18243], [110.55376, 1.18784], [110.54396, 1.19118], [110.54359, 1.19392], [110.5478, 1.19725], [110.55342, 1.19339], [110.55552, 1.19486], [110.55811, 1.19248], [110.55864, 1.18898], [110.58513, 1.17458], [110.58369, 1.17176], [110.58796, 1.1691], [110.58906, 1.16408], [110.59384, 1.16679], [110.59622, 1.1716], [110.60012, 1.17351], [110.60082, 1.17802], [110.6028, 1.17857], [110.60576, 1.18311], [110.61957, 1.18972], [110.62869, 1.19857], [110.63149, 1.19848], [110.63267, 1.20205], [110.63452, 1.20203], [110.63543, 1.23619], [110.63916, 1.23733], [110.64675, 1.24613], [110.65974, 1.24694]]]]}}, {"type": "Feature", "properties": {"state": "Sarawak", "seat": "N.24 Sadong Jaya", "seat_name": "Sadong Jaya"}, "geometry": {"type": "MultiPolygon", "coordinates": [[[[110.67069, 1.56472], [110.67579, 1.56122], [110.71884, 1.54965], [110.7229, 1.55216], [110.73763, 1.55499], [110.74461, 1.5606], [110.74936, 1.56297], [110.75234, 1.56241], [110.75327, 1.52701], [110.75141, 1.50988], [110.74783, 1.4957], [110.73261, 1.49659], [110.72521, 1.49275], [110.72652, 1.49868], [110.72377, 1.50121], [110.71304, 1.49838], [110.69198, 1.49879], [110.67213, 1.50427], [110.64306, 1.5001], [110.64669, 1.53341], [110.65202, 1.55932], [110.65871, 1.56541], [110.66057, 1.56393], [110.66702, 1.56934], [110.67069, 1.56472]]]]}}, {"type": "Feature", "properties": {"state": "Sarawak", "seat": "N.25 Simunjan", "seat_name": "Simunjan"}, "geometry": {"type": "MultiPolygon", "coordinates": [[[[110.67213, 1.50427], [110.69198, 1.49879], [110.71304, 1.49838], [110.72377, 1.50121], [110.72652, 1.49868], [110.72521, 1.49275], [110.73261, 1.49659], [110.74783, 1.4957], [110.74257, 1.48525], [110.72833, 1.47115], [110.71571, 1.46293], [110.69432, 1.45292], [110.69902, 1.44886], [110.77707, 1.44622], [110.77811, 1.42805], [110.78445, 1.42857], [110.79814, 1.42633], [110.82449, 1.41041], [110.84122, 1.3927], [110.84407, 1.39162], [110.8488, 1.38404], [110.84968, 1.37765], [110.84732, 1.375], [110.84664, 1.3694], [110.85183, 1.35944], [110.86008, 1.33134], [110.86677, 1.32559], [110.87673, 1.33154], [110.87811, 1.32105], [110.87439, 1.31567], [110.87625, 1.30698], [110.8742, 1.30467], [110.8783, 1.29525], [110.87613, 1.2903], [110.86251, 1.29369], [110.84948, 1.2932], [110.83629, 1.29874], [110.8313, 1.30254], [110.82361, 1.30297], [110.81449, 1.29749], [110.81665, 1.2914], [110.80988, 1.29352], [110.80397, 1.29183], [110.79736, 1.28236], [110.7974, 1.27707], [110.79164, 1.2707], [110.73489, 1.30535], [110.71864, 1.31827], [110.71628, 1.32229], [110.72772, 1.3271], [110.72752, 1.33265], [110.73439, 1.33689], [110.73533, 1.34123], [110.74305, 1.34141], [110.748, 1.34345], [110.74377, 1.34552], [110.74773, 1.34942], [110.74278, 1.35809], [110.74085, 1.35985], [110.73362, 1.36003], [110.72993, 1.36451], [110.73079, 1.36713], [110.7283, 1.37726], [110.73557, 1.38247], [110.73942, 1.39079], [110.7386, 1.39696], [110.73472, 1.40159], [110.70993, 1.41767], [110.69753, 1.41999], [110.68815, 1.41744], [110.67557, 1.40848], [110.66602, 1.39936], [110.6559, 1.39615], [110.64922, 1.39815], [110.6442, 1.40184], [110.64043, 1.40727], [110.63825, 1.41426], [110.62143, 1.41628], [110.62234, 1.42429], [110.61749, 1.42581], [110.61731, 1.42722], [110.61826, 1.45945], [110.63163, 1.45954], [110.63135, 1.49907], [110.67213, 1.50427]]]]}}, {"type": "Feature", "properties": {"state": "Sarawak", "seat": "N.26 Gedong", "seat_name": "Gedong"}, "geometry": {"type": "MultiPolygon", "coordinates": [[[[110.65056, 1.39753], [110.65596, 1.39615], [110.66344, 1.39792], [110.68562, 1.41592], [110.69838, 1.42003], [110.71107, 1.4171], [110.7355, 1.40089], [110.7388, 1.39644], [110.73938, 1.39049], [110.73557, 1.38247], [110.7283, 1.37726], [110.73079, 1.36713], [110.72993, 1.36451], [110.73362, 1.36003], [110.74085, 1.35985], [110.74278, 1.35809], [110.74773, 1.34942], [110.74377, 1.34552], [110.748, 1.34345], [110.74305, 1.34141], [110.73533, 1.34123], [110.73439, 1.33689], [110.72752, 1.33265], [110.72772, 1.3271], [110.71628, 1.32229], [110.71864, 1.31827], [110.73489, 1.30535], [110.79164, 1.2707], [110.7974, 1.27707], [110.79736, 1.28236], [110.80397, 1.29183], [110.80988, 1.29352], [110.81665, 1.2914], [110.81449, 1.29749], [110.82361, 1.30297], [110.8313, 1.30254], [110.83629, 1.29874], [110.84948, 1.2932], [110.86251, 1.29369], [110.87613, 1.2903], [110.8783, 1.29525], [110.87424, 1.30279], [110.87625, 1.30698], [110.87439, 1.31567], [110.87811, 1.32105], [110.87673, 1.33155], [110.88052, 1.33607], [110.88502, 1.33578], [110.88756, 1.3374], [110.89573, 1.33544], [110.89986, 1.34012], [110.90447, 1.3389], [110.90723, 1.33603], [110.91124, 1.33745], [110.92495, 1.33464], [110.93104, 1.32918], [110.93276, 1.3245], [110.93188, 1.3193], [110.927, 1.31235], [110.92652, 1.30731], [110.9342, 1.2998], [110.93691, 1.29324], [110.93555, 1.28293], [110.93188, 1.27797], [110.94198, 1.27747], [110.9478, 1.28148], [110.94948, 1.28442], [110.95559, 1.2858], [110.95689, 1.28507], [110.95717, 1.28081], [110.95973, 1.28081], [110.96496, 1.27381], [110.96262, 1.26719], [110.96728, 1.25146], [110.96222, 1.25046], [110.95952, 1.24577], [110.96013, 1.24312], [110.95387, 1.24402], [110.95676, 1.24023], [110.95498, 1.23636], [110.95276, 1.23526], [110.9657, 1.22754], [110.96278, 1.21348], [110.96098, 1.21078], [110.96119, 1.20288], [110.95733, 1.19987], [110.94252, 1.19775], [110.94122, 1.19356], [110.93295, 1.193], [110.91494, 1.18407], [110.91101, 1.18489], [110.90844, 1.18826], [110.90254, 1.19065], [110.89758, 1.19484], [110.89272, 1.195], [110.89038, 1.19249], [110.88434, 1.18964], [110.88155, 1.19049], [110.87917, 1.18815], [110.87478, 1.19647], [110.86572, 1.20482], [110.85725, 1.20692], [110.85481, 1.21007], [110.85645, 1.21399], [110.85567, 1.21904], [110.85122, 1.22647], [110.84867, 1.22856], [110.84322, 1.22896], [110.83543, 1.22674], [110.80514, 1.2062], [110.78599, 1.19082], [110.75737, 1.16431], [110.75155, 1.16799], [110.74509, 1.16845], [110.72476, 1.20065], [110.71793, 1.19821], [110.71252, 1.19879], [110.71109, 1.20223], [110.70469, 1.20581], [110.69515, 1.20782], [110.69283, 1.21573], [110.69088, 1.21476], [110.68629, 1.21691], [110.68533, 1.22093], [110.68333, 1.22171], [110.68475, 1.22384], [110.67988, 1.22565], [110.67392, 1.22505], [110.67299, 1.22987], [110.67109, 1.2295], [110.66689, 1.23868], [110.66102, 1.23872], [110.65974, 1.24694], [110.65314, 1.24698], [110.65304, 1.25443], [110.64752, 1.25598], [110.63437, 1.26746], [110.63121, 1.27288], [110.62341, 1.27778], [110.62391, 1.28021], [110.62162, 1.28094], [110.62444, 1.28711], [110.62453, 1.29388], [110.60639, 1.29443], [110.58753, 1.29779], [110.58112, 1.30783], [110.58413, 1.31625], [110.55617, 1.31686], [110.55657, 1.32805], [110.55459, 1.32811], [110.55495, 1.33767], [110.54085, 1.35049], [110.53678, 1.35713], [110.53968, 1.35631], [110.54777, 1.36189], [110.54585, 1.36647], [110.54155, 1.36902], [110.53921, 1.37382], [110.54879, 1.38257], [110.54801, 1.39042], [110.55185, 1.39434], [110.54957, 1.39567], [110.56282, 1.40777], [110.56335, 1.41038], [110.60781, 1.3974], [110.60737, 1.40637], [110.61679, 1.40807], [110.61749, 1.42581], [110.62234, 1.42429], [110.62143, 1.41628], [110.63825, 1.41426], [110.6423, 1.40409], [110.65056, 1.39753]]]]}}, {"type": "Feature", "properties": {"state": "Sarawak", "seat": "N.27 Sebuyau", "seat_name": "Sebuyau"}, "geometry": {"type": "MultiPolygon", "coordinates": [[[[110.81173, 1.57122], [110.84147, 1.55282], [110.85176, 1.54969], [110.86053, 1.54135], [110.86795, 1.53671], [110.89678, 1.52863], [110.91314, 1.52527], [110.91945, 1.52613], [110.9297, 1.52311], [110.9627, 1.50374], [110.97104, 1.5151], [110.9924, 1.50653], [111.00634, 1.49799], [111.01592, 1.48942], [111.02405, 1.47939], [111.03712, 1.45364], [111.04429, 1.44321], [111.05544, 1.43244], [111.06919, 1.42401], [111.08929, 1.36117], [111.08436, 1.36249], [111.05842, 1.38097], [111.05131, 1.37589], [111.04177, 1.3757], [111.03791, 1.37853], [111.03304, 1.37813], [111.03101, 1.37975], [111.03202, 1.38543], [111.02837, 1.39173], [111.02614, 1.39254], [111.02268, 1.38544], [111.01944, 1.38463], [111.00908, 1.39274], [111.00664, 1.39762], [111.00075, 1.39599], [110.99015, 1.4034], [110.98541, 1.39926], [110.97966, 1.40591], [110.9713, 1.40858], [110.96415, 1.40357], [110.95315, 1.39947], [110.94689, 1.39435], [110.94156, 1.39675], [110.94063, 1.40424], [110.9376, 1.40975], [110.93379, 1.40631], [110.92354, 1.38345], [110.91985, 1.3567], [110.92323, 1.33569], [110.91694, 1.33548], [110.91124, 1.33745], [110.90723, 1.33603], [110.90447, 1.3389], [110.89986, 1.34012], [110.89573, 1.33544], [110.88756, 1.3374], [110.88502, 1.33578], [110.88052, 1.33607], [110.87478, 1.33], [110.86677, 1.32559], [110.86303, 1.32793], [110.85851, 1.33459], [110.85183, 1.35944], [110.84664, 1.3694], [110.84732, 1.375], [110.84988, 1.37981], [110.84614, 1.38896], [110.82449, 1.41041], [110.81348, 1.41794], [110.79814, 1.42633], [110.78445, 1.42857], [110.77811, 1.42805], [110.77707, 1.44622], [110.69902, 1.44886], [110.69432, 1.45292], [110.71571, 1.46293], [110.72652, 1.46976], [110.73679, 1.47883], [110.74545, 1.48984], [110.74974, 1.50221], [110.75245, 1.51742], [110.75371, 1.54119], [110.75234, 1.56241], [110.75979, 1.56238], [110.7634, 1.56728], [110.77098, 1.5685], [110.78174, 1.5783], [110.78977, 1.57791], [110.81173, 1.57122]]]]}}, {"type": "Feature", "properties": {"state": "Sarawak", "seat": "N.28 Lingga", "seat_name": "Lingga"}, "geometry": {"type": "MultiPolygon", "coordinates": [[[[111.04355, 1.67907], [111.05003, 1.6725], [111.05158, 1.66864], [111.05777, 1.66458], [111.06395, 1.66372], [111.06694, 1.65387], [111.07313, 1.64866], [111.07515, 1.64413], [111.07807, 1.64348], [111.08387, 1.63126], [111.09074, 1.6231], [111.097, 1.61934], [111.10706, 1.61724], [111.14145, 1.57961], [111.14657, 1.57571], [111.17851, 1.53556], [111.20473, 1.49789], [111.22234, 1.47782], [111.22146, 1.47483], [111.22614, 1.47122], [111.23951, 1.47002], [111.27416, 1.44828], [111.35509, 1.42464], [111.35484, 1.41689], [111.37149, 1.41649], [111.37378, 1.41351], [111.39584, 1.40876], [111.40103, 1.4059], [111.40339, 1.40981], [111.40923, 1.40795], [111.40951, 1.40499], [111.45295, 1.39283], [111.44667, 1.38198], [111.46195, 1.37665], [111.46264, 1.36741], [111.47364, 1.36055], [111.47246, 1.35837], [111.49196, 1.34694], [111.48739, 1.33923], [111.47603, 1.33471], [111.47063, 1.32784], [111.46787, 1.32055], [111.46668, 1.29705], [111.46985, 1.27935], [111.46757, 1.26001], [111.47325, 1.25433], [111.4766, 1.25341], [111.47241, 1.24454], [111.46739, 1.24477], [111.46503, 1.24338], [111.464, 1.24039], [111.46637, 1.23937], [111.46336, 1.23434], [111.45925, 1.23345], [111.45693, 1.23614], [111.45843, 1.23771], [111.45608, 1.24074], [111.45378, 1.24229], [111.45238, 1.24064], [111.44565, 1.24448], [111.44012, 1.23752], [111.42164, 1.22438], [111.40893, 1.24163], [111.40317, 1.24379], [111.39051, 1.24494], [111.37982, 1.25474], [111.36263, 1.25328], [111.35764, 1.25563], [111.35359, 1.26364], [111.35343, 1.26906], [111.35489, 1.27117], [111.36071, 1.2706], [111.36581, 1.27392], [111.36881, 1.28056], [111.3694, 1.29098], [111.37164, 1.29383], [111.37244, 1.30245], [111.36351, 1.30807], [111.35264, 1.31012], [111.35976, 1.3164], [111.36383, 1.31487], [111.36517, 1.31652], [111.36924, 1.31707], [111.36991, 1.31899], [111.37457, 1.31923], [111.37821, 1.32284], [111.37821, 1.32701], [111.38339, 1.33133], [111.39023, 1.33598], [111.39612, 1.33619], [111.3816, 1.35439], [111.37837, 1.35611], [111.36591, 1.35487], [111.34422, 1.34457], [111.31702, 1.33499], [111.31025, 1.33533], [111.30393, 1.33825], [111.29743, 1.34662], [111.29483, 1.35452], [111.28986, 1.34757], [111.27878, 1.34289], [111.2674, 1.34139], [111.26496, 1.34932], [111.26592, 1.35301], [111.25904, 1.37738], [111.25113, 1.38741], [111.2427, 1.39198], [111.22432, 1.38711], [111.21527, 1.39048], [111.21426, 1.38715], [111.21187, 1.38555], [111.2124, 1.37761], [111.20742, 1.36887], [111.2038, 1.34789], [111.18744, 1.34662], [111.17961, 1.34828], [111.17806, 1.34929], [111.17949, 1.35094], [111.16746, 1.35435], [111.16227, 1.34504], [111.1669, 1.33913], [111.16994, 1.34326], [111.17351, 1.34393], [111.17577, 1.33867], [111.16173, 1.32872], [111.16063, 1.32131], [111.15568, 1.32086], [111.15596, 1.3155], [111.15358, 1.31531], [111.08929, 1.36117], [111.06919, 1.42401], [111.05544, 1.43244], [111.04429, 1.44321], [111.03712, 1.45364], [111.02573, 1.47685], [111.01433, 1.49104], [110.99957, 1.50262], [110.98062, 1.51173], [110.99518, 1.52263], [110.99494, 1.52623], [110.99141, 1.52537], [110.98891, 1.52658], [110.99223, 1.53511], [110.99268, 1.54267], [110.98666, 1.57266], [110.99527, 1.58617], [111.0034, 1.62835], [111.01077, 1.65164], [111.02463, 1.67148], [111.02939, 1.67563], [111.03896, 1.68045], [111.04355, 1.67907]]]]}}, {"type": "Feature", "properties": {"state": "Sarawak", "seat": "N.29 Beting Maro", "seat_name": "Beting Maro"}, "geometry": {"type": "MultiPolygon", "coordinates": [[[[111.09225, 1.77453], [111.10284, 1.76973], [111.11706, 1.75081], [111.12212, 1.74992], [111.12221, 1.74788], [111.12762, 1.74525], [111.13571, 1.73736], [111.14226, 1.73525], [111.14765, 1.72543], [111.1615, 1.71932], [111.17272, 1.72068], [111.17543, 1.71418], [111.20369, 1.70404], [111.20721, 1.69864], [111.21667, 1.69391], [111.25748, 1.68788], [111.25744, 1.67991], [111.27629, 1.67948], [111.3855, 1.66352], [111.39053, 1.65451], [111.4005, 1.64612], [111.40992, 1.64149], [111.41997, 1.63927], [111.42201, 1.63328], [111.42015, 1.6269], [111.4207, 1.61841], [111.41463, 1.61522], [111.4132, 1.60864], [111.406, 1.61024], [111.40491, 1.60692], [111.40211, 1.60813], [111.39769, 1.5987], [111.38934, 1.60131], [111.3796, 1.59751], [111.37818, 1.59505], [111.3664, 1.5941], [111.36327, 1.59263], [111.36083, 1.5875], [111.34681, 1.57977], [111.33072, 1.58153], [111.33379, 1.57622], [111.31199, 1.57083], [111.3094, 1.56325], [111.29164, 1.56606], [111.28995, 1.56237], [111.29004, 1.55688], [111.28735, 1.55509], [111.27368, 1.5559], [111.26954, 1.55273], [111.25645, 1.55207], [111.17851, 1.53556], [111.14657, 1.57571], [111.12016, 1.60217], [111.11209, 1.61269], [111.10706, 1.61724], [111.097, 1.61934], [111.09074, 1.6231], [111.08387, 1.63126], [111.07807, 1.64348], [111.07515, 1.64413], [111.07313, 1.64866], [111.06694, 1.65387], [111.06395, 1.66372], [111.05777, 1.66458], [111.05158, 1.66864], [111.05003, 1.6725], [111.04355, 1.67907], [111.06462, 1.67569], [111.06988, 1.67629], [111.06995, 1.68129], [111.09384, 1.68518], [111.09934, 1.68381], [111.10101, 1.69331], [111.11182, 1.69191], [111.1137, 1.70442], [111.10337, 1.71903], [111.1016, 1.73388], [111.09971, 1.73435], [111.09792, 1.73848], [111.08892, 1.74507], [111.08864, 1.74789], [111.08224, 1.75212], [111.07913, 1.75644], [111.07913, 1.75983], [111.0828, 1.7666], [111.09051, 1.77485], [111.09225, 1.77453]]]]}}, {"type": "Feature", "properties": {"state": "Sarawak", "seat": "N.30 Balai Ringin", "seat_name": "Balai Ringin"}, "geometry": {"type": "MultiPolygon", "coordinates": [[[[110.94461, 1.39553], [110.94689, 1.39435], [110.95315, 1.39947], [110.96415, 1.40357], [110.9713, 1.40858], [110.97966, 1.40591], [110.98541, 1.39926], [110.99015, 1.4034], [111.00075, 1.39599], [111.00664, 1.39762], [111.00908, 1.39274], [111.01944, 1.38463], [111.02268, 1.38544], [111.02614, 1.39254], [111.02837, 1.39173], [111.03202, 1.38543], [111.03101, 1.37975], [111.03304, 1.37813], [111.03791, 1.37853], [111.04177, 1.3757], [111.05131, 1.37589], [111.05842, 1.38097], [111.08436, 1.36249], [111.08929, 1.36117], [111.10742, 1.31442], [111.11701, 1.3143], [111.11779, 1.31168], [111.12147, 1.31221], [111.12422, 1.30893], [111.12134, 1.30722], [111.12068, 1.30473], [111.12818, 1.27369], [111.12396, 1.2691], [111.12388, 1.26644], [111.11773, 1.27028], [111.11347, 1.27091], [111.11036, 1.26797], [111.1076, 1.26778], [111.1072, 1.26383], [111.1083, 1.26244], [111.1109, 1.26395], [111.11671, 1.26253], [111.12453, 1.25247], [111.1296, 1.24114], [111.13452, 1.24061], [111.13693, 1.23798], [111.14244, 1.23679], [111.1488, 1.23717], [111.15017, 1.23492], [111.15604, 1.18744], [111.15499, 1.17256], [111.158, 1.16487], [111.16172, 1.16815], [111.16507, 1.17691], [111.16878, 1.17952], [111.17416, 1.1812], [111.17995, 1.1804], [111.1825, 1.17805], [111.18481, 1.18006], [111.18575, 1.1788], [111.1848, 1.17443], [111.15907, 1.16094], [111.1589, 1.15745], [111.16084, 1.15656], [111.15973, 1.15156], [111.16491, 1.14624], [111.16481, 1.14192], [111.16271, 1.13869], [111.16132, 1.13046], [111.15717, 1.1279], [111.15658, 1.12548], [111.16097, 1.12185], [111.16243, 1.11597], [111.16602, 1.11257], [111.1749, 1.11123], [111.17658, 1.11298], [111.18177, 1.11292], [111.18295, 1.09749], [111.17411, 1.09028], [111.17541, 1.08462], [111.18661, 1.08534], [111.19146, 1.08875], [111.19436, 1.08288], [111.20066, 1.07751], [111.20218, 1.07123], [111.19129, 1.06516], [111.17614, 1.06048], [111.16471, 1.06161], [111.15768, 1.06044], [111.14772, 1.05322], [111.14273, 1.05382], [111.13204, 1.05066], [111.10712, 1.0528], [111.09944, 1.04811], [111.0938, 1.05075], [111.08536, 1.04796], [111.07308, 1.05131], [111.06782, 1.04931], [111.06178, 1.04954], [111.04781, 1.0427], [111.03501, 1.04087], [111.02874, 1.0362], [111.02018, 1.03461], [111.01534, 1.03582], [111.00124, 1.03285], [110.99576, 1.03366], [110.99124, 1.02949], [110.98829, 1.02884], [110.98595, 1.03087], [110.97128, 1.0277], [110.96319, 1.0302], [110.95669, 1.02981], [110.95187, 1.02693], [110.93078, 1.02616], [110.92476, 1.0263], [110.91709, 1.03063], [110.91185, 1.03129], [110.90017, 1.0294], [110.89733, 1.02679], [110.89657, 1.0203], [110.89328, 1.01486], [110.88984, 1.011], [110.88495, 1.00889], [110.88518, 0.99552], [110.88328, 0.98354], [110.8789, 0.97826], [110.86986, 0.97516], [110.86824, 0.97041], [110.86254, 0.96566], [110.85596, 0.96555], [110.8525, 0.95373], [110.85446, 0.95147], [110.84833, 0.95072], [110.84048, 0.95482], [110.8313, 0.95144], [110.82479, 0.95123], [110.81649, 0.95419], [110.81322, 0.9475], [110.80944, 0.94516], [110.80691, 0.94929], [110.80257, 0.95017], [110.79949, 0.9382], [110.80298, 0.93], [110.78408, 0.94313], [110.76244, 0.97474], [110.75114, 0.98853], [110.74771, 0.99052], [110.74349, 1.00129], [110.73964, 1.0042], [110.72943, 1.01939], [110.72696, 1.02055], [110.7262, 1.02499], [110.72311, 1.02693], [110.72182, 1.03107], [110.72238, 1.03772], [110.71353, 1.04068], [110.71213, 1.04428], [110.71521, 1.04892], [110.72114, 1.04564], [110.72456, 1.04183], [110.72555, 1.03775], [110.7301, 1.03796], [110.7367, 1.04139], [110.74092, 1.04671], [110.73819, 1.05204], [110.73803, 1.05725], [110.73495, 1.06578], [110.73686, 1.07433], [110.73592, 1.08324], [110.73012, 1.08123], [110.72842, 1.07761], [110.71856, 1.07461], [110.71821, 1.08364], [110.72171, 1.09705], [110.72842, 1.10151], [110.73695, 1.11416], [110.75689, 1.13166], [110.76427, 1.14194], [110.77102, 1.14761], [110.76335, 1.16178], [110.75737, 1.16431], [110.79844, 1.20108], [110.83543, 1.22674], [110.84322, 1.22896], [110.84867, 1.22856], [110.85122, 1.22647], [110.85567, 1.21904], [110.85645, 1.21399], [110.85481, 1.21007], [110.85725, 1.20692], [110.86572, 1.20482], [110.87478, 1.19647], [110.87917, 1.18815], [110.88155, 1.19049], [110.88434, 1.18964], [110.89038, 1.19249], [110.89272, 1.195], [110.89758, 1.19484], [110.90254, 1.19065], [110.90844, 1.18826], [110.91101, 1.18489], [110.91494, 1.18407], [110.93295, 1.193], [110.94122, 1.19356], [110.94252, 1.19775], [110.95733, 1.19987], [110.96119, 1.20288], [110.96098, 1.21078], [110.96278, 1.21348], [110.9657, 1.22754], [110.95276, 1.23526], [110.95498, 1.23636], [110.95676, 1.24023], [110.95387, 1.24402], [110.96013, 1.24312], [110.95952, 1.24577], [110.96222, 1.25046], [110.96728, 1.25146], [110.96262, 1.26719], [110.96496, 1.27381], [110.95973, 1.28081], [110.95717, 1.28081], [110.95689, 1.28507], [110.95559, 1.2858], [110.94948, 1.28442], [110.9478, 1.28148], [110.94198, 1.27747], [110.93188, 1.27797], [110.93555, 1.28293], [110.93691, 1.29324], [110.9342, 1.2998], [110.92652, 1.30731], [110.927, 1.31235], [110.93188, 1.3193], [110.93276, 1.3245], [110.93104, 1.32918], [110.92323, 1.33569], [110.91985, 1.35622], [110.92354, 1.38345], [110.93379, 1.40631], [110.9376, 1.40975], [110.94063, 1.40424], [110.94156, 1.39675], [110.94461, 1.39553]]]]}}, {"type": "Feature", "properties": {"state": "Sarawak", "seat": "N.31 Bukit Begunan", "seat_name": "Bukit Begunan"}, "geometry": {"type": "MultiPolygon", "coordinates": [[[[111.25132, 1.38723], [111.25904, 1.37738], [111.26592, 1.35301], [111.26496, 1.34932], [111.2674, 1.34139], [111.27878, 1.34289], [111.28986, 1.34757], [111.29483, 1.35452], [111.29743, 1.34662], [111.30393, 1.33825], [111.31025, 1.33533], [111.31702, 1.33499], [111.34422, 1.34457], [111.36496, 1.35454], [111.37576, 1.35659], [111.3816, 1.35439], [111.39612, 1.33619], [111.39023, 1.33598], [111.38339, 1.33133], [111.37821, 1.32701], [111.37821, 1.32284], [111.37457, 1.31923], [111.36991, 1.31899], [111.36924, 1.31707], [111.36517, 1.31652], [111.36383, 1.31487], [111.35976, 1.3164], [111.35264, 1.31012], [111.36351, 1.30807], [111.37244, 1.30245], [111.37164, 1.29383], [111.3694, 1.29098], [111.36881, 1.28056], [111.36581, 1.27392], [111.36071, 1.2706], [111.35489, 1.27117], [111.35302, 1.26745], [111.35359, 1.26364], [111.35999, 1.25368], [111.37982, 1.25474], [111.39051, 1.24494], [111.40317, 1.24379], [111.40893, 1.24163], [111.44005, 1.19925], [111.44808, 1.18417], [111.46113, 1.17863], [111.46079, 1.17382], [111.46787, 1.16549], [111.47102, 1.16776], [111.47554, 1.16468], [111.47833, 1.16009], [111.49477, 1.14916], [111.49205, 1.13179], [111.49536, 1.13069], [111.49487, 1.12711], [111.49267, 1.1264], [111.49304, 1.12268], [111.49062, 1.12035], [111.48931, 1.11565], [111.48788, 1.11601], [111.48711, 1.1082], [111.483, 1.10203], [111.48289, 1.09514], [111.48602, 1.09045], [111.48541, 1.08258], [111.48891, 1.0478], [111.49506, 1.02188], [111.49201, 1.02369], [111.49036, 1.02771], [111.48569, 1.02878], [111.48203, 1.03544], [111.47747, 1.03452], [111.45775, 1.03708], [111.45107, 1.02433], [111.43764, 1.0137], [111.4259, 1.01203], [111.41893, 1.00899], [111.41253, 1.01019], [111.41128, 1.0085], [111.40676, 1.00774], [111.40333, 1.01067], [111.40239, 1.00981], [111.40008, 1.01171], [111.39751, 1.01023], [111.39127, 1.01421], [111.38817, 1.01305], [111.37846, 1.01518], [111.37216, 1.02224], [111.36215, 1.02724], [111.35824, 1.03207], [111.34571, 1.03969], [111.34262, 1.04047], [111.3402, 1.03859], [111.32905, 1.04306], [111.31512, 1.04316], [111.30282, 1.04682], [111.29204, 1.0542], [111.28151, 1.05565], [111.26632, 1.06804], [111.25928, 1.06828], [111.25221, 1.06604], [111.24909, 1.06335], [111.24541, 1.06313], [111.23799, 1.0789], [111.22914, 1.08219], [111.22923, 1.08391], [111.22579, 1.08618], [111.22136, 1.08542], [111.22139, 1.08304], [111.20218, 1.07123], [111.20066, 1.07751], [111.19436, 1.08288], [111.19146, 1.08875], [111.18661, 1.08534], [111.17541, 1.08462], [111.17411, 1.09028], [111.18295, 1.09749], [111.18177, 1.11292], [111.17658, 1.11298], [111.1749, 1.11123], [111.16602, 1.11257], [111.16243, 1.11597], [111.16097, 1.12185], [111.15659, 1.12543], [111.15717, 1.1279], [111.16132, 1.13046], [111.16271, 1.13869], [111.16481, 1.14192], [111.16491, 1.14624], [111.15973, 1.15156], [111.16084, 1.15656], [111.1589, 1.15745], [111.15901, 1.16079], [111.1848, 1.17443], [111.18575, 1.1788], [111.18481, 1.18006], [111.1825, 1.17805], [111.17995, 1.1804], [111.17416, 1.1812], [111.16878, 1.17952], [111.16507, 1.17691], [111.16172, 1.16815], [111.158, 1.16487], [111.15499, 1.17256], [111.15604, 1.18744], [111.15017, 1.23492], [111.1488, 1.23717], [111.14244, 1.23679], [111.13693, 1.23798], [111.13452, 1.24061], [111.1296, 1.24114], [111.12453, 1.25247], [111.11671, 1.26253], [111.1109, 1.26395], [111.1083, 1.26244], [111.1072, 1.26383], [111.1076, 1.26778], [111.11036, 1.26797], [111.11347, 1.27091], [111.11773, 1.27028], [111.12388, 1.26644], [111.12396, 1.2691], [111.12818, 1.27369], [111.12068, 1.30473], [111.12134, 1.30722], [111.12422, 1.30893], [111.12147, 1.31221], [111.11779, 1.31168], [111.11701, 1.3143], [111.10742, 1.31442], [111.08929, 1.36117], [111.15358, 1.31531], [111.15596, 1.3155], [111.15568, 1.32086], [111.16022, 1.32074], [111.16173, 1.32872], [111.17582, 1.33882], [111.17351, 1.34393], [111.16994, 1.34326], [111.1669, 1.33913], [111.16227, 1.34504], [111.16746, 1.35435], [111.17949, 1.35094], [111.17806, 1.34929], [111.17961, 1.34828], [111.18744, 1.34662], [111.2038, 1.34789], [111.20742, 1.36887], [111.2124, 1.37761], [111.21187, 1.38555], [111.21426, 1.38715], [111.21527, 1.39048], [111.22432, 1.38711], [111.2427, 1.39198], [111.25132, 1.38723]]]]}}, {"type": "Feature", "properties": {"state": "Sarawak", "seat": "N.32 Simanggang", "seat_name": "Simanggang"}, "geometry": {"type": "MultiPolygon", "coordinates": [[[[111.49874, 1.24622], [111.49959, 1.2412], [111.49702, 1.23549], [111.49511, 1.21147], [111.50201, 1.19648], [111.51267, 1.18648], [111.52678, 1.17654], [111.5509, 1.16254], [111.54754, 1.15942], [111.55143, 1.15663], [111.55259, 1.15746], [111.568, 1.1481], [111.57419, 1.15404], [111.57912, 1.15514], [111.59094, 1.15036], [111.60227, 1.14787], [111.60409, 1.14093], [111.60885, 1.13643], [111.60762, 1.13191], [111.60174, 1.12845], [111.60583, 1.12596], [111.61029, 1.12714], [111.61121, 1.13418], [111.61715, 1.13468], [111.61812, 1.13791], [111.6199, 1.13538], [111.6225, 1.1368], [111.62139, 1.13782], [111.62356, 1.1419], [111.61658, 1.14669], [111.62374, 1.14715], [111.62841, 1.14563], [111.63074, 1.14872], [111.63408, 1.14643], [111.63902, 1.14628], [111.64161, 1.15194], [111.64352, 1.15138], [111.63312, 1.13727], [111.63483, 1.13569], [111.63363, 1.13311], [111.62799, 1.1328], [111.61909, 1.12519], [111.61049, 1.12642], [111.60714, 1.12357], [111.61234, 1.12102], [111.61274, 1.11901], [111.60996, 1.11103], [111.60681, 1.10957], [111.60975, 1.10361], [111.60752, 1.09196], [111.60866, 1.08736], [111.6252, 1.08221], [111.62883, 1.07959], [111.63436, 1.08046], [111.64209, 1.07303], [111.64836, 1.07139], [111.65207, 1.06638], [111.65256, 1.05639], [111.6558, 1.04911], [111.65662, 1.04205], [111.65289, 1.04216], [111.65065, 1.03654], [111.64618, 1.03363], [111.63258, 1.03092], [111.63163, 1.0261], [111.6339, 1.02434], [111.6333, 1.02226], [111.62454, 1.02247], [111.62136, 1.02066], [111.61814, 1.02225], [111.61566, 1.02165], [111.60719, 1.01372], [111.58954, 1.00931], [111.58244, 1.0025], [111.58234, 0.9964], [111.57403, 0.99262], [111.57659, 0.98653], [111.57434, 0.97916], [111.56796, 0.97944], [111.56687, 0.98188], [111.56363, 0.97733], [111.56059, 0.97972], [111.56068, 0.98486], [111.5552, 0.98411], [111.55365, 0.98837], [111.55064, 0.98938], [111.55096, 0.9871], [111.54905, 0.98449], [111.54737, 0.98468], [111.54212, 0.98859], [111.54066, 0.98608], [111.54335, 0.98019], [111.53991, 0.97864], [111.53985, 0.9767], [111.54092, 0.97481], [111.54382, 0.97496], [111.54405, 0.96934], [111.54245, 0.96753], [111.54649, 0.96465], [111.54393, 0.96299], [111.54407, 0.95578], [111.53974, 0.95464], [111.54493, 0.94763], [111.54157, 0.94733], [111.53746, 0.9496], [111.53251, 0.9553], [111.52848, 0.95614], [111.52413, 0.95383], [111.51604, 0.95618], [111.51431, 0.95849], [111.50907, 0.9748], [111.5086, 0.98122], [111.51012, 0.98708], [111.50875, 1.00215], [111.50154, 1.01254], [111.49897, 1.02112], [111.49506, 1.02188], [111.48891, 1.0478], [111.48541, 1.08258], [111.48602, 1.09045], [111.48289, 1.09514], [111.483, 1.10203], [111.48711, 1.1082], [111.48788, 1.11601], [111.48931, 1.11565], [111.49062, 1.12035], [111.49304, 1.12268], [111.49267, 1.1264], [111.49487, 1.12711], [111.49536, 1.13069], [111.49205, 1.13179], [111.49477, 1.14916], [111.47833, 1.16009], [111.47554, 1.16468], [111.47102, 1.16776], [111.46787, 1.16549], [111.46079, 1.17382], [111.46113, 1.17863], [111.44808, 1.18417], [111.44005, 1.19925], [111.42164, 1.22438], [111.44012, 1.23752], [111.44565, 1.24448], [111.45238, 1.24064], [111.45378, 1.24229], [111.45608, 1.24074], [111.45843, 1.23771], [111.45693, 1.23614], [111.45925, 1.23345], [111.46304, 1.2341], [111.46637, 1.23937], [111.464, 1.24039], [111.46503, 1.24338], [111.46739, 1.24477], [111.47241, 1.24454], [111.4766, 1.25341], [111.49874, 1.24622]]]]}}, {"type": "Feature", "properties": {"state": "Sarawak", "seat": "N.33 Engkilili", "seat_name": "Engkilili"}, "geometry": {"type": "MultiPolygon", "coordinates": [[[[111.8205, 1.58596], [111.827, 1.5791], [111.83451, 1.57891], [111.83905, 1.57266], [111.85153, 1.57979], [111.8538, 1.57483], [111.85932, 1.57268], [111.86312, 1.57428], [111.87282, 1.56538], [111.8807, 1.56824], [111.88341, 1.57471], [111.88884, 1.57532], [111.89051, 1.56986], [111.89233, 1.5685], [111.90552, 1.56607], [111.90824, 1.56319], [111.91355, 1.5641], [111.92052, 1.56122], [111.93235, 1.56304], [111.95435, 1.56259], [111.95996, 1.56365], [111.96224, 1.56638], [111.96875, 1.56577], [111.97254, 1.56274], [111.98315, 1.56244], [111.98891, 1.56668], [111.99649, 1.56683], [111.99883, 1.56166], [111.99796, 1.55739], [112.00322, 1.55419], [112.00588, 1.54953], [112.0134, 1.54629], [112.01424, 1.54438], [112.01501, 1.52388], [112.01779, 1.52249], [112.02209, 1.51656], [112.02594, 1.50401], [112.02861, 1.50408], [112.03115, 1.50005], [112.03041, 1.48717], [112.02068, 1.48573], [112.01611, 1.4805], [112.00793, 1.48484], [112.00335, 1.48559], [111.99814, 1.4827], [111.99286, 1.48245], [111.98802, 1.47504], [111.98093, 1.47304], [111.97502, 1.46687], [111.97273, 1.46605], [111.96449, 1.46845], [111.9605, 1.46067], [111.95346, 1.4564], [111.94149, 1.45888], [111.93437, 1.46445], [111.92121, 1.46504], [111.91546, 1.46214], [111.90969, 1.46208], [111.90705, 1.46489], [111.89506, 1.46552], [111.89059, 1.46833], [111.88281, 1.46641], [111.8803, 1.47043], [111.88013, 1.47534], [111.87319, 1.47827], [111.86844, 1.47632], [111.86385, 1.47656], [111.86145, 1.4741], [111.85764, 1.47498], [111.85694, 1.4727], [111.85221, 1.47018], [111.85003, 1.4727], [111.85065, 1.47499], [111.84904, 1.47579], [111.84864, 1.47885], [111.84689, 1.47856], [111.84834, 1.4704], [111.85024, 1.46944], [111.8468, 1.46682], [111.85182, 1.46563], [111.85176, 1.46411], [111.84364, 1.46107], [111.84318, 1.45458], [111.84047, 1.45229], [111.84109, 1.45086], [111.8369, 1.44894], [111.836, 1.44368], [111.82874, 1.43723], [111.83158, 1.43334], [111.82864, 1.42424], [111.8265, 1.4237], [111.8237, 1.41826], [111.81453, 1.41611], [111.81607, 1.40801], [111.81331, 1.39992], [111.81358, 1.3938], [111.80285, 1.3927], [111.80166, 1.39125], [111.80377, 1.38807], [111.80347, 1.38253], [111.80051, 1.38035], [111.80391, 1.37597], [111.80386, 1.37005], [111.80172, 1.36415], [111.80518, 1.35607], [111.80421, 1.35098], [111.79559, 1.35244], [111.79459, 1.34602], [111.79259, 1.34554], [111.79211, 1.34226], [111.78622, 1.34557], [111.78405, 1.34508], [111.78445, 1.34324], [111.78243, 1.34301], [111.78186, 1.33954], [111.78034, 1.34051], [111.7727, 1.3336], [111.77198, 1.32966], [111.76884, 1.32823], [111.76014, 1.32926], [111.75671, 1.32783], [111.75392, 1.324], [111.75419, 1.31779], [111.7495, 1.31365], [111.74991, 1.31139], [111.7627, 1.29556], [111.76409, 1.29176], [111.75995, 1.28627], [111.7499, 1.28336], [111.74813, 1.27792], [111.74943, 1.27316], [111.74681, 1.27197], [111.7452, 1.26509], [111.74825, 1.25734], [111.74491, 1.25129], [111.74713, 1.2453], [111.74173, 1.2424], [111.74018, 1.24537], [111.73261, 1.24683], [111.73037, 1.24385], [111.73102, 1.23721], [111.72789, 1.23481], [111.73026, 1.23068], [111.74613, 1.21744], [111.76729, 1.20597], [111.7757, 1.19869], [111.78503, 1.18727], [111.78931, 1.17468], [111.78604, 1.17356], [111.77886, 1.17686], [111.77693, 1.17541], [111.74839, 1.18454], [111.74384, 1.18362], [111.74596, 1.17922], [111.74155, 1.17836], [111.74104, 1.17253], [111.73578, 1.17431], [111.72441, 1.17246], [111.71731, 1.17431], [111.71298, 1.1726], [111.70068, 1.17723], [111.69961, 1.1746], [111.69605, 1.17228], [111.68987, 1.1705], [111.68292, 1.17458], [111.67989, 1.17056], [111.68071, 1.14984], [111.68292, 1.14363], [111.69149, 1.13519], [111.69026, 1.12836], [111.68651, 1.12603], [111.68409, 1.12185], [111.68242, 1.12292], [111.67519, 1.11393], [111.66698, 1.10828], [111.65884, 1.11346], [111.65896, 1.11496], [111.66173, 1.1145], [111.66059, 1.11738], [111.65835, 1.11802], [111.65967, 1.12275], [111.65136, 1.12318], [111.6501, 1.12768], [111.64739, 1.1291], [111.64605, 1.13221], [111.64648, 1.13541], [111.64277, 1.1333], [111.63291, 1.13638], [111.63554, 1.14168], [111.64128, 1.14712], [111.64352, 1.15138], [111.64244, 1.15262], [111.63902, 1.14628], [111.63408, 1.14643], [111.63074, 1.14872], [111.62841, 1.14563], [111.62374, 1.14715], [111.61658, 1.14669], [111.62356, 1.1419], [111.62139, 1.13782], [111.6225, 1.1368], [111.6199, 1.13538], [111.61812, 1.13791], [111.61715, 1.13468], [111.61121, 1.13418], [111.61029, 1.12714], [111.60352, 1.1262], [111.60174, 1.12845], [111.60762, 1.13191], [111.60885, 1.13643], [111.60409, 1.14093], [111.60227, 1.14787], [111.59094, 1.15036], [111.57912, 1.15514], [111.57419, 1.15404], [111.56746, 1.1483], [111.54754, 1.15942], [111.5509, 1.16254], [111.52678, 1.17654], [111.51267, 1.18648], [111.50201, 1.19648], [111.49511, 1.21147], [111.49702, 1.23549], [111.49959, 1.2412], [111.49874, 1.24622], [111.47325, 1.25433], [111.46757, 1.26001], [111.46985, 1.27935], [111.46668, 1.29705], [111.46688, 1.31537], [111.47063, 1.32784], [111.47603, 1.33471], [111.48739, 1.33923], [111.49196, 1.34694], [111.50445, 1.35467], [111.50696, 1.3575], [111.50581, 1.35869], [111.50644, 1.36469], [111.50866, 1.36806], [111.5154, 1.36601], [111.52784, 1.36556], [111.53158, 1.36977], [111.53646, 1.36971], [111.54227, 1.36845], [111.54226, 1.36535], [111.54025, 1.36598], [111.537, 1.36396], [111.53954, 1.36113], [111.5413, 1.36317], [111.54938, 1.36332], [111.55364, 1.36108], [111.56138, 1.36143], [111.55869, 1.36714], [111.5612, 1.36924], [111.56713, 1.3675], [111.57119, 1.36949], [111.57109, 1.37356], [111.57292, 1.37538], [111.5722, 1.37778], [111.57661, 1.37954], [111.57845, 1.38414], [111.57783, 1.38802], [111.57976, 1.39062], [111.5802, 1.39557], [111.58691, 1.39607], [111.58722, 1.39782], [111.58925, 1.39594], [111.59261, 1.39943], [111.60116, 1.40359], [111.60179, 1.39894], [111.60719, 1.39618], [111.60814, 1.39321], [111.61946, 1.3925], [111.62166, 1.39495], [111.63083, 1.39553], [111.64137, 1.39149], [111.64736, 1.38631], [111.65261, 1.39265], [111.65889, 1.40747], [111.65479, 1.41367], [111.65709, 1.41813], [111.65866, 1.42787], [111.6606, 1.42949], [111.66461, 1.42916], [111.67028, 1.43715], [111.67457, 1.43929], [111.67458, 1.44411], [111.6704, 1.45736], [111.67445, 1.46862], [111.68743, 1.45974], [111.69589, 1.46123], [111.70567, 1.45703], [111.70711, 1.46339], [111.7103, 1.46538], [111.71093, 1.46927], [111.74032, 1.49069], [111.73771, 1.49052], [111.73683, 1.49293], [111.73847, 1.49785], [111.73738, 1.5045], [111.74994, 1.51665], [111.75103, 1.52225], [111.75533, 1.52785], [111.75627, 1.53808], [111.75774, 1.54077], [111.76017, 1.54134], [111.75984, 1.54817], [111.76719, 1.55131], [111.76957, 1.55993], [111.77424, 1.56651], [111.77524, 1.57407], [111.78, 1.57763], [111.78542, 1.57704], [111.79004, 1.58211], [111.79399, 1.58384], [111.79733, 1.58159], [111.80232, 1.5852], [111.81145, 1.58663], [111.81495, 1.58541], [111.81841, 1.58716], [111.8205, 1.58596]]]]}}, {"type": "Feature", "properties": {"state": "Sarawak", "seat": "N.34 Batang Ai", "seat_name": "Batang Ai"}, "geometry": {"type": "MultiPolygon", "coordinates": [[[[112.03041, 1.48717], [112.03454, 1.48205], [112.0446, 1.48086], [112.04512, 1.47762], [112.04944, 1.47245], [112.0545, 1.47721], [112.05597, 1.47466], [112.06683, 1.47231], [112.06952, 1.45743], [112.08171, 1.45662], [112.08748, 1.45808], [112.08979, 1.46036], [112.09247, 1.45956], [112.09786, 1.46212], [112.10002, 1.4661], [112.11683, 1.46174], [112.119, 1.45923], [112.1187, 1.45639], [112.12464, 1.45466], [112.12613, 1.45587], [112.13119, 1.45533], [112.13556, 1.46147], [112.1395, 1.46065], [112.14113, 1.45826], [112.14832, 1.46025], [112.15335, 1.45627], [112.15831, 1.45419], [112.15996, 1.45489], [112.17036, 1.44712], [112.17724, 1.44666], [112.17958, 1.44428], [112.18726, 1.44482], [112.19261, 1.4398], [112.19896, 1.4383], [112.19753, 1.43564], [112.19938, 1.42693], [112.19838, 1.42233], [112.19996, 1.4201], [112.19313, 1.41124], [112.19485, 1.40476], [112.20127, 1.40282], [112.20527, 1.40609], [112.21727, 1.39243], [112.22195, 1.39545], [112.22239, 1.39828], [112.22578, 1.39836], [112.22694, 1.39279], [112.22481, 1.38774], [112.22577, 1.37885], [112.22205, 1.37098], [112.21708, 1.36694], [112.21697, 1.36159], [112.21914, 1.35919], [112.21756, 1.35161], [112.20661, 1.34665], [112.21148, 1.33685], [112.20014, 1.32332], [112.19582, 1.31436], [112.1876, 1.31254], [112.1797, 1.30716], [112.17219, 1.30459], [112.17049, 1.29314], [112.17172, 1.28589], [112.16955, 1.28335], [112.16413, 1.2819], [112.16319, 1.27681], [112.16401, 1.26977], [112.16262, 1.2658], [112.16732, 1.25314], [112.16183, 1.24836], [112.16172, 1.24489], [112.15464, 1.2449], [112.15108, 1.24238], [112.15374, 1.23072], [112.15129, 1.2285], [112.15506, 1.22387], [112.15681, 1.21689], [112.15564, 1.21401], [112.15819, 1.21006], [112.15122, 1.20738], [112.15038, 1.20431], [112.15215, 1.19761], [112.14539, 1.19176], [112.1424, 1.18554], [112.13306, 1.17982], [112.1292, 1.17974], [112.12848, 1.17666], [112.13283, 1.17466], [112.13513, 1.16743], [112.13906, 1.16627], [112.14106, 1.16286], [112.13525, 1.15227], [112.13746, 1.14716], [112.13639, 1.13521], [112.13272, 1.13796], [112.12907, 1.13849], [112.12546, 1.13551], [112.12325, 1.1362], [112.12255, 1.13378], [112.11302, 1.13255], [112.1029, 1.13425], [112.09373, 1.13282], [112.08793, 1.13481], [112.08475, 1.13381], [112.08342, 1.13557], [112.07842, 1.13261], [112.07315, 1.13542], [112.06607, 1.13386], [112.05413, 1.13481], [112.0493, 1.1374], [112.04642, 1.13441], [112.04229, 1.13407], [112.03861, 1.13158], [112.03084, 1.13381], [112.0209, 1.13379], [112.0112, 1.1298], [112.0062, 1.13304], [112.00384, 1.13285], [112.00253, 1.13519], [111.9971, 1.13586], [111.99078, 1.13976], [111.98906, 1.13766], [111.98802, 1.13034], [111.98473, 1.13196], [111.98039, 1.12763], [111.97797, 1.1289], [111.97549, 1.12717], [111.97073, 1.12882], [111.96465, 1.12608], [111.95849, 1.12699], [111.95627, 1.12592], [111.94823, 1.12848], [111.94224, 1.11995], [111.92876, 1.12232], [111.92666, 1.11155], [111.92822, 1.10937], [111.92713, 1.10542], [111.92175, 1.09855], [111.92232, 1.0957], [111.92087, 1.09313], [111.92239, 1.09113], [111.91679, 1.09285], [111.91675, 1.0914], [111.91474, 1.09186], [111.91341, 1.09008], [111.91249, 1.09175], [111.90649, 1.09116], [111.90693, 1.08802], [111.90132, 1.08577], [111.90459, 1.08319], [111.90421, 1.08076], [111.90224, 1.07829], [111.89927, 1.07857], [111.89836, 1.07612], [111.89562, 1.07473], [111.88775, 1.07589], [111.88606, 1.07331], [111.88413, 1.07657], [111.88034, 1.07883], [111.8744, 1.06568], [111.87941, 1.06141], [111.87556, 1.05988], [111.8753, 1.05511], [111.87091, 1.05399], [111.87035, 1.05197], [111.87226, 1.05052], [111.86665, 1.05008], [111.8644, 1.04528], [111.86742, 1.04233], [111.86616, 1.03981], [111.86931, 1.03806], [111.86988, 1.0321], [111.87105, 1.03196], [111.86925, 1.02726], [111.8659, 1.02715], [111.86678, 1.02191], [111.86562, 1.02222], [111.86447, 1.01643], [111.86255, 1.01559], [111.86304, 1.0133], [111.85657, 1.01244], [111.85323, 1.00812], [111.85284, 1.00407], [111.84492, 1.00274], [111.83531, 0.99802], [111.8354, 0.99622], [111.831, 0.99504], [111.82203, 0.98635], [111.81626, 0.98699], [111.81272, 0.98521], [111.80645, 0.99911], [111.79844, 0.99873], [111.79297, 1.00131], [111.78529, 0.99445], [111.77077, 0.99993], [111.76587, 1.00647], [111.76463, 1.01742], [111.75602, 1.02151], [111.75302, 1.01636], [111.74211, 1.00865], [111.73496, 1.00882], [111.72076, 1.00595], [111.71083, 1.00694], [111.70615, 1.011], [111.70363, 1.01578], [111.70578, 1.01929], [111.70651, 1.02543], [111.69417, 1.02304], [111.6895, 1.01768], [111.68638, 1.01855], [111.68531, 1.02427], [111.68009, 1.02999], [111.66938, 1.03445], [111.66098, 1.04333], [111.65662, 1.04205], [111.6558, 1.04911], [111.65256, 1.05639], [111.65207, 1.06638], [111.64836, 1.07139], [111.64209, 1.07303], [111.63436, 1.08046], [111.62883, 1.07959], [111.6252, 1.08221], [111.60825, 1.0876], [111.60755, 1.09344], [111.60975, 1.10361], [111.60681, 1.10957], [111.60996, 1.11103], [111.61274, 1.11901], [111.61234, 1.12102], [111.60714, 1.12357], [111.61049, 1.12642], [111.61909, 1.12519], [111.62799, 1.1328], [111.63363, 1.13311], [111.63483, 1.13569], [111.64277, 1.1333], [111.64648, 1.13541], [111.64605, 1.13221], [111.64739, 1.1291], [111.6501, 1.12768], [111.65136, 1.12318], [111.65967, 1.12275], [111.65835, 1.11802], [111.66059, 1.11738], [111.66173, 1.1145], [111.65896, 1.11496], [111.65884, 1.11346], [111.66698, 1.10828], [111.67519, 1.11393], [111.68242, 1.12292], [111.68409, 1.12185], [111.68651, 1.12603], [111.69026, 1.12836], [111.69149, 1.13519], [111.68292, 1.14363], [111.68071, 1.14984], [111.67989, 1.17056], [111.68292, 1.17458], [111.68987, 1.1705], [111.69605, 1.17228], [111.69961, 1.1746], [111.70068, 1.17723], [111.71298, 1.1726], [111.71731, 1.17431], [111.72302, 1.17246], [111.73578, 1.17431], [111.74104, 1.17253], [111.74155, 1.17836], [111.74596, 1.17922], [111.74384, 1.18362], [111.74839, 1.18454], [111.77693, 1.17541], [111.77886, 1.17686], [111.78604, 1.17356], [111.78931, 1.17468], [111.78503, 1.18727], [111.7757, 1.19869], [111.76729, 1.20597], [111.74613, 1.21744], [111.73026, 1.23068], [111.72789, 1.23481], [111.73102, 1.23721], [111.73037, 1.24385], [111.73261, 1.24683], [111.74018, 1.24537], [111.74173, 1.2424], [111.74713, 1.2453], [111.74491, 1.25129], [111.74825, 1.25734], [111.7452, 1.26509], [111.74681, 1.27197], [111.74943, 1.27316], [111.74813, 1.27792], [111.7499, 1.28336], [111.75995, 1.28627], [111.76409, 1.29176], [111.7627, 1.29556], [111.74991, 1.31139], [111.7495, 1.31365], [111.75419, 1.31779], [111.75392, 1.324], [111.75671, 1.32783], [111.76014, 1.32926], [111.76884, 1.32823], [111.77198, 1.32966], [111.7727, 1.3336], [111.78034, 1.34051], [111.78186, 1.33954], [111.78243, 1.34301], [111.78445, 1.34324], [111.78405, 1.34508], [111.78622, 1.34557], [111.79211, 1.34226], [111.79259, 1.34554], [111.79459, 1.34602], [111.79559, 1.35244], [111.80421, 1.35098], [111.80518, 1.35607], [111.80172, 1.36415], [111.80386, 1.37005], [111.80391, 1.37597], [111.80051, 1.38035], [111.80347, 1.38253], [111.80377, 1.38807], [111.80166, 1.39125], [111.80285, 1.3927], [111.81358, 1.3938], [111.81331, 1.39992], [111.81607, 1.40801], [111.81453, 1.41611], [111.8237, 1.41826], [111.8265, 1.4237], [111.82864, 1.42424], [111.83158, 1.43334], [111.82874, 1.43723], [111.836, 1.44368], [111.8369, 1.44894], [111.84109, 1.45086], [111.84047, 1.45229], [111.84318, 1.45458], [111.84364, 1.46107], [111.85176, 1.46411], [111.85182, 1.46563], [111.8468, 1.46682], [111.85024, 1.46944], [111.84834, 1.4704], [111.84689, 1.47856], [111.84864, 1.47885], [111.84904, 1.47579], [111.85065, 1.47499], [111.85003, 1.4727], [111.85221, 1.47018], [111.85694, 1.4727], [111.85764, 1.47498], [111.86145, 1.4741], [111.86385, 1.47656], [111.86844, 1.47632], [111.87319, 1.47827], [111.88013, 1.47534], [111.8803, 1.47043], [111.88281, 1.46641], [111.89059, 1.46833], [111.89506, 1.46552], [111.90705, 1.46489], [111.90969, 1.46208], [111.91546, 1.46214], [111.92121, 1.46504], [111.93437, 1.46445], [111.94149, 1.45888], [111.95346, 1.4564], [111.9605, 1.46067], [111.96449, 1.46845], [111.97273, 1.46605], [111.97502, 1.46687], [111.98093, 1.47304], [111.98802, 1.47504], [111.99286, 1.48245], [111.99814, 1.4827], [112.00335, 1.48559], [112.00793, 1.48484], [112.01611, 1.4805], [112.02068, 1.48573], [112.03041, 1.48717]]]]}}, {"type": "Feature", "properties": {"state": "Sarawak", "seat": "N.35 Saribas", "seat_name": "Saribas"}, "geometry": {"type": "MultiPolygon", "coordinates": [[[[111.44102, 1.60996], [111.44327, 1.60458], [111.44159, 1.59977], [111.43532, 1.6053], [111.43282, 1.60194], [111.43403, 1.5917], [111.42683, 1.58883], [111.42361, 1.59369], [111.42193, 1.59211], [111.41861, 1.57503], [111.42902, 1.57206], [111.42608, 1.56699], [111.42921, 1.56651], [111.42971, 1.56493], [111.42891, 1.56192], [111.42348, 1.56283], [111.42114, 1.56127], [111.42037, 1.55573], [111.43619, 1.55481], [111.43259, 1.54699], [111.43021, 1.54761], [111.42998, 1.54267], [111.43869, 1.53381], [111.43725, 1.52918], [111.43801, 1.52615], [111.44322, 1.51933], [111.43893, 1.5121], [111.43918, 1.50276], [111.44551, 1.49975], [111.44826, 1.49089], [111.45305, 1.48575], [111.45122, 1.47432], [111.45924, 1.46507], [111.46118, 1.45916], [111.46041, 1.45321], [111.45219, 1.44581], [111.45081, 1.44022], [111.45276, 1.4387], [111.45752, 1.43955], [111.46226, 1.43519], [111.47105, 1.43468], [111.47552, 1.43047], [111.45782, 1.41383], [111.4635, 1.40973], [111.45295, 1.39283], [111.40951, 1.40499], [111.40923, 1.40795], [111.40339, 1.40981], [111.40103, 1.4059], [111.39584, 1.40876], [111.37378, 1.41351], [111.37149, 1.41649], [111.35484, 1.41689], [111.35509, 1.42464], [111.27416, 1.44828], [111.23951, 1.47002], [111.22614, 1.47122], [111.22146, 1.47483], [111.22234, 1.47782], [111.20473, 1.49789], [111.17851, 1.53556], [111.25645, 1.55207], [111.26954, 1.55273], [111.27368, 1.5559], [111.28735, 1.55509], [111.29004, 1.55688], [111.28995, 1.56237], [111.29164, 1.56606], [111.3094, 1.56325], [111.31199, 1.57083], [111.33379, 1.57622], [111.33072, 1.58153], [111.34681, 1.57977], [111.36083, 1.5875], [111.36327, 1.59263], [111.3664, 1.5941], [111.37818, 1.59505], [111.3796, 1.59751], [111.38934, 1.60131], [111.39769, 1.5987], [111.40211, 1.60813], [111.40491, 1.60692], [111.406, 1.61024], [111.4132, 1.60864], [111.41461, 1.61519], [111.4192, 1.61826], [111.42064, 1.61848], [111.42336, 1.61512], [111.44102, 1.60996]]]]}}, {"type": "Feature", "properties": {"state": "Sarawak", "seat": "N.36 Layar", "seat_name": "Layar"}, "geometry": {"type": "MultiPolygon", "coordinates": [[[[111.76097, 1.57626], [111.76843, 1.57614], [111.77289, 1.57386], [111.77685, 1.57574], [111.77494, 1.5737], [111.77399, 1.56583], [111.76723, 1.55454], [111.76719, 1.55131], [111.75984, 1.54817], [111.76017, 1.54134], [111.75774, 1.54077], [111.75627, 1.53808], [111.75533, 1.52785], [111.75103, 1.52225], [111.74994, 1.51665], [111.73738, 1.5045], [111.73847, 1.49785], [111.73683, 1.49293], [111.73771, 1.49052], [111.74032, 1.49069], [111.72801, 1.48282], [111.71973, 1.47472], [111.71347, 1.47173], [111.71093, 1.46927], [111.7103, 1.46538], [111.70711, 1.46339], [111.70543, 1.4569], [111.69589, 1.46123], [111.68743, 1.45974], [111.67445, 1.46862], [111.6704, 1.45736], [111.67458, 1.44411], [111.67457, 1.43929], [111.67028, 1.43715], [111.66461, 1.42916], [111.6606, 1.42949], [111.65866, 1.42787], [111.65709, 1.41813], [111.65479, 1.41367], [111.65889, 1.40747], [111.65261, 1.39265], [111.64736, 1.38631], [111.64137, 1.39149], [111.63083, 1.39553], [111.62166, 1.39495], [111.61946, 1.3925], [111.60814, 1.39321], [111.60719, 1.39618], [111.60179, 1.39894], [111.60116, 1.40359], [111.59261, 1.39943], [111.58925, 1.39594], [111.58722, 1.39782], [111.58691, 1.39607], [111.5802, 1.39557], [111.57976, 1.39062], [111.57783, 1.38802], [111.57845, 1.38414], [111.57661, 1.37954], [111.5722, 1.37778], [111.57292, 1.37538], [111.57109, 1.37356], [111.57119, 1.36949], [111.56713, 1.3675], [111.5612, 1.36924], [111.55869, 1.36714], [111.56138, 1.36143], [111.55364, 1.36108], [111.54938, 1.36332], [111.5413, 1.36317], [111.53954, 1.36113], [111.537, 1.36396], [111.54025, 1.36598], [111.54226, 1.36535], [111.54227, 1.36845], [111.53646, 1.36971], [111.53158, 1.36977], [111.52784, 1.36556], [111.5154, 1.36601], [111.50866, 1.36806], [111.50644, 1.36469], [111.50581, 1.35869], [111.50696, 1.3575], [111.49196, 1.34694], [111.47246, 1.35837], [111.47364, 1.36055], [111.46264, 1.36741], [111.46195, 1.37665], [111.44667, 1.38198], [111.4635, 1.40973], [111.45782, 1.41383], [111.47552, 1.43047], [111.469, 1.43593], [111.48227, 1.44642], [111.49158, 1.45092], [111.50026, 1.45256], [111.50299, 1.45456], [111.50822, 1.45009], [111.51268, 1.45345], [111.51389, 1.45638], [111.51855, 1.45866], [111.51902, 1.46382], [111.5278, 1.46223], [111.52969, 1.46999], [111.54246, 1.47575], [111.5499, 1.47131], [111.55299, 1.47126], [111.55019, 1.48146], [111.558, 1.48703], [111.56484, 1.48905], [111.56579, 1.49267], [111.5607, 1.49989], [111.55681, 1.50236], [111.55576, 1.50862], [111.56381, 1.5073], [111.57229, 1.51066], [111.57239, 1.51608], [111.57958, 1.52381], [111.59111, 1.52729], [111.59245, 1.53458], [111.59802, 1.5368], [111.60181, 1.54127], [111.60818, 1.54516], [111.6101, 1.54978], [111.61563, 1.55115], [111.61498, 1.55614], [111.61674, 1.5615], [111.62062, 1.56195], [111.62736, 1.55645], [111.63323, 1.55737], [111.63381, 1.55474], [111.63915, 1.55204], [111.65079, 1.54168], [111.65133, 1.53516], [111.65535, 1.53021], [111.65804, 1.52949], [111.68264, 1.53287], [111.685, 1.54182], [111.68741, 1.54424], [111.69362, 1.5435], [111.70584, 1.55488], [111.71591, 1.55562], [111.72119, 1.55868], [111.72795, 1.55524], [111.73744, 1.55919], [111.74172, 1.56506], [111.74413, 1.56399], [111.74799, 1.55837], [111.75371, 1.55887], [111.75998, 1.56944], [111.76097, 1.57626]]]]}}, {"type": "Feature", "properties": {"state": "Sarawak", "seat": "N.37 Bukit Saban", "seat_name": "Bukit Saban"}, "geometry": {"type": "MultiPolygon", "coordinates": [[[[111.52296, 1.68796], [111.53336, 1.67809], [111.5454, 1.67469], [111.54711, 1.6679], [111.55386, 1.6595], [111.55487, 1.65286], [111.55867, 1.65046], [111.56671, 1.65134], [111.57499, 1.64773], [111.58231, 1.65327], [111.59097, 1.6519], [111.59775, 1.65421], [111.60487, 1.65324], [111.62092, 1.65907], [111.62185, 1.65303], [111.62499, 1.65256], [111.62731, 1.64966], [111.62673, 1.64675], [111.62324, 1.6471], [111.62417, 1.64524], [111.6222, 1.6435], [111.62289, 1.63816], [111.62687, 1.63719], [111.62983, 1.63379], [111.63462, 1.63457], [111.63663, 1.63309], [111.63802, 1.63588], [111.64303, 1.63872], [111.653, 1.63466], [111.65658, 1.63039], [111.66782, 1.63344], [111.67174, 1.63727], [111.67844, 1.63501], [111.68202, 1.63727], [111.68724, 1.63754], [111.6923, 1.64546], [111.69116, 1.65147], [111.69837, 1.6594], [111.70411, 1.65439], [111.70864, 1.65573], [111.71651, 1.65209], [111.71747, 1.65509], [111.72009, 1.65561], [111.72003, 1.65784], [111.72255, 1.65976], [111.73218, 1.65635], [111.73559, 1.65286], [111.73909, 1.6526], [111.74263, 1.64872], [111.74047, 1.64326], [111.74104, 1.63451], [111.73911, 1.63121], [111.7399, 1.62644], [111.73877, 1.62576], [111.74149, 1.61643], [111.74365, 1.6153], [111.74547, 1.61666], [111.75457, 1.61689], [111.75457, 1.61314], [111.75707, 1.61155], [111.75718, 1.60961], [111.76664, 1.60648], [111.76982, 1.60152], [111.76946, 1.59722], [111.77242, 1.59449], [111.77162, 1.5887], [111.7748, 1.58517], [111.77492, 1.58142], [111.77822, 1.57812], [111.77318, 1.57387], [111.76843, 1.57614], [111.76097, 1.57626], [111.75998, 1.56944], [111.75371, 1.55887], [111.74799, 1.55837], [111.74413, 1.56399], [111.74172, 1.56506], [111.73744, 1.55919], [111.72795, 1.55524], [111.72119, 1.55868], [111.71591, 1.55562], [111.70584, 1.55488], [111.69362, 1.5435], [111.68741, 1.54424], [111.685, 1.54182], [111.68264, 1.53287], [111.65804, 1.52949], [111.65535, 1.53021], [111.65133, 1.53516], [111.65079, 1.54168], [111.63915, 1.55204], [111.63381, 1.55474], [111.63323, 1.55737], [111.62736, 1.55645], [111.62062, 1.56195], [111.61674, 1.5615], [111.61498, 1.55614], [111.61563, 1.55115], [111.6101, 1.54978], [111.60818, 1.54516], [111.60181, 1.54127], [111.59802, 1.5368], [111.59245, 1.53458], [111.59111, 1.52729], [111.57958, 1.52381], [111.57239, 1.51608], [111.57229, 1.51066], [111.56381, 1.5073], [111.55576, 1.50862], [111.55681, 1.50236], [111.5607, 1.49989], [111.56579, 1.49267], [111.56484, 1.48905], [111.558, 1.48703], [111.55019, 1.48146], [111.55299, 1.47126], [111.5499, 1.47131], [111.54246, 1.47575], [111.52969, 1.46999], [111.5278, 1.46223], [111.51902, 1.46382], [111.51855, 1.45866], [111.51389, 1.45638], [111.51268, 1.45345], [111.50822, 1.45009], [111.50299, 1.45456], [111.50026, 1.45256], [111.49158, 1.45092], [111.48227, 1.44642], [111.46889, 1.4349], [111.46128, 1.43551], [111.45732, 1.43962], [111.45216, 1.43886], [111.45063, 1.44075], [111.45107, 1.44384], [111.46021, 1.45286], [111.46087, 1.46082], [111.45596, 1.46997], [111.45131, 1.47403], [111.45305, 1.48575], [111.44826, 1.49089], [111.44551, 1.49975], [111.43918, 1.50276], [111.43893, 1.5121], [111.44322, 1.51933], [111.43801, 1.52615], [111.43725, 1.52918], [111.43869, 1.53381], [111.42998, 1.54267], [111.43021, 1.54761], [111.43259, 1.54699], [111.43619, 1.55481], [111.42037, 1.55573], [111.42156, 1.56163], [111.42348, 1.56283], [111.42924, 1.56239], [111.42924, 1.56649], [111.42608, 1.56699], [111.42952, 1.57156], [111.42655, 1.57359], [111.41861, 1.57503], [111.422, 1.59225], [111.42361, 1.59369], [111.42683, 1.58883], [111.4327, 1.5905], [111.43437, 1.59483], [111.43282, 1.60194], [111.43532, 1.6053], [111.44159, 1.59977], [111.44294, 1.60724], [111.44044, 1.61041], [111.42311, 1.61526], [111.42079, 1.6175], [111.4211, 1.62173], [111.42426, 1.62062], [111.43891, 1.62706], [111.44025, 1.63212], [111.44364, 1.63391], [111.44722, 1.63905], [111.44839, 1.64465], [111.45179, 1.64463], [111.45183, 1.64256], [111.45469, 1.64317], [111.46411, 1.65259], [111.46544, 1.65697], [111.48397, 1.65867], [111.49053, 1.66382], [111.49401, 1.66912], [111.5015, 1.67442], [111.50433, 1.68495], [111.51027, 1.68951], [111.51758, 1.6878], [111.52163, 1.68956], [111.52296, 1.68796]]]]}}, {"type": "Feature", "properties": {"state": "Sarawak", "seat": "N.38 Kalaka", "seat_name": "Kalaka"}, "geometry": {"type": "MultiPolygon", "coordinates": [[[[111.23216, 1.90405], [111.23301, 1.90225], [111.24802, 1.89455], [111.26575, 1.88911], [111.26472, 1.88261], [111.27257, 1.87889], [111.2801, 1.87985], [111.28297, 1.88423], [111.28221, 1.88581], [111.28485, 1.88677], [111.28561, 1.88905], [111.29126, 1.89013], [111.29082, 1.89764], [111.29385, 1.89714], [111.29445, 1.88443], [111.28931, 1.88233], [111.28754, 1.87815], [111.28951, 1.87434], [111.29508, 1.87133], [111.30012, 1.86477], [111.30522, 1.86669], [111.30459, 1.87628], [111.31036, 1.87682], [111.31363, 1.8755], [111.31657, 1.87112], [111.33303, 1.86419], [111.34151, 1.85774], [111.34147, 1.85313], [111.34406, 1.85151], [111.34181, 1.8469], [111.34503, 1.84416], [111.34207, 1.83814], [111.34413, 1.83471], [111.34227, 1.83217], [111.33888, 1.83109], [111.34145, 1.82776], [111.33719, 1.82589], [111.33035, 1.82977], [111.32814, 1.82264], [111.32478, 1.82055], [111.32138, 1.82078], [111.32045, 1.83102], [111.31634, 1.82947], [111.31084, 1.83062], [111.30617, 1.83633], [111.29979, 1.83881], [111.29734, 1.84218], [111.29426, 1.84018], [111.28678, 1.84458], [111.2771, 1.82851], [111.26382, 1.79539], [111.26945, 1.79005], [111.27395, 1.7926], [111.28361, 1.79029], [111.28258, 1.7882], [111.28633, 1.77567], [111.27707, 1.77354], [111.27791, 1.77076], [111.28424, 1.7713], [111.28615, 1.76811], [111.29131, 1.76728], [111.29246, 1.76465], [111.29127, 1.76042], [111.29281, 1.75879], [111.29587, 1.75922], [111.29657, 1.76153], [111.29958, 1.76255], [111.305, 1.75987], [111.30473, 1.75289], [111.30651, 1.75267], [111.30928, 1.75693], [111.32023, 1.76195], [111.31884, 1.75353], [111.32218, 1.75051], [111.32498, 1.75088], [111.32905, 1.75927], [111.33626, 1.7574], [111.33805, 1.75895], [111.33408, 1.74901], [111.33584, 1.74672], [111.33552, 1.74205], [111.34128, 1.7433], [111.34331, 1.74186], [111.34577, 1.74861], [111.35059, 1.75252], [111.35244, 1.74868], [111.35417, 1.74992], [111.35598, 1.74791], [111.36991, 1.74349], [111.37553, 1.73498], [111.38115, 1.7313], [111.38032, 1.7259], [111.37552, 1.72234], [111.37478, 1.71909], [111.37192, 1.72232], [111.37082, 1.71901], [111.36545, 1.72039], [111.36231, 1.71958], [111.35725, 1.71262], [111.35737, 1.70758], [111.35447, 1.70607], [111.35963, 1.70457], [111.36285, 1.70041], [111.36474, 1.7045], [111.36959, 1.70295], [111.37137, 1.69787], [111.38139, 1.69415], [111.37921, 1.69205], [111.38257, 1.68775], [111.37858, 1.68513], [111.38158, 1.67966], [111.37877, 1.6773], [111.37988, 1.67342], [111.38534, 1.66872], [111.3855, 1.66352], [111.27629, 1.67948], [111.25744, 1.67991], [111.25748, 1.68788], [111.21667, 1.69391], [111.20721, 1.69864], [111.20369, 1.70404], [111.17543, 1.71418], [111.17272, 1.72068], [111.1615, 1.71932], [111.14765, 1.72543], [111.14226, 1.73525], [111.13571, 1.73736], [111.12762, 1.74525], [111.12221, 1.74788], [111.12212, 1.74992], [111.11706, 1.75081], [111.10284, 1.76973], [111.09759, 1.77302], [111.09051, 1.77485], [111.09329, 1.78124], [111.09731, 1.78484], [111.09662, 1.7884], [111.10873, 1.78947], [111.11878, 1.79524], [111.12264, 1.80063], [111.12833, 1.81427], [111.1367, 1.82143], [111.14236, 1.82198], [111.14721, 1.8192], [111.15673, 1.82552], [111.16809, 1.82839], [111.17735, 1.82477], [111.18622, 1.81777], [111.19238, 1.83157], [111.20764, 1.85523], [111.21128, 1.86489], [111.20999, 1.86759], [111.21079, 1.87286], [111.2144, 1.8817], [111.21037, 1.89302], [111.22015, 1.89761], [111.22278, 1.90544], [111.22822, 1.90404], [111.23015, 1.90632], [111.23216, 1.90405]]]]}}, {"type": "Feature", "properties": {"state": "Sarawak", "seat": "N.39 Krian", "seat_name": "Krian"}, "geometry": {"type": "MultiPolygon", "coordinates": [[[[111.33489, 1.99842], [111.33689, 1.99842], [111.33817, 1.99607], [111.3421, 1.99614], [111.34411, 1.99414], [111.34755, 1.99428], [111.362, 1.98873], [111.3616, 1.98675], [111.36439, 1.98461], [111.38195, 1.9804], [111.38299, 1.97832], [111.38671, 1.97789], [111.38958, 1.97529], [111.39154, 1.97772], [111.39592, 1.97567], [111.40139, 1.97543], [111.40497, 1.97804], [111.40764, 1.97566], [111.41228, 1.97592], [111.41873, 1.9833], [111.42385, 1.98227], [111.42638, 1.98009], [111.42682, 1.97637], [111.42917, 1.97534], [111.4285, 1.96732], [111.42509, 1.96122], [111.4268, 1.95154], [111.43193, 1.95159], [111.44113, 1.94317], [111.45213, 1.93787], [111.45042, 1.92978], [111.45068, 1.92761], [111.45338, 1.92603], [111.45114, 1.92005], [111.45443, 1.90611], [111.45042, 1.90091], [111.45206, 1.89979], [111.45239, 1.89664], [111.4564, 1.89927], [111.45765, 1.90472], [111.46694, 1.90612], [111.47737, 1.89797], [111.4786, 1.89288], [111.47481, 1.88481], [111.47711, 1.88244], [111.48395, 1.87889], [111.4931, 1.87804], [111.49605, 1.87176], [111.5014, 1.86659], [111.50481, 1.86817], [111.50937, 1.86738], [111.512, 1.86501], [111.51403, 1.86233], [111.51048, 1.857], [111.51232, 1.84873], [111.51232, 1.84643], [111.51068, 1.84689], [111.51062, 1.83999], [111.51305, 1.83914], [111.5137, 1.83342], [111.51712, 1.83217], [111.51837, 1.82932], [111.51469, 1.82873], [111.52362, 1.82387], [111.53236, 1.82242], [111.5336, 1.81861], [111.53053, 1.81545], [111.53482, 1.8088], [111.53974, 1.80591], [111.5425, 1.80033], [111.54467, 1.79908], [111.54539, 1.7979], [111.54362, 1.79856], [111.54257, 1.79652], [111.5471, 1.79008], [111.55598, 1.78852], [111.55526, 1.78438], [111.55802, 1.78189], [111.56418, 1.78051], [111.56746, 1.78156], [111.57469, 1.77867], [111.57738, 1.78011], [111.58231, 1.7786], [111.58748, 1.77266], [111.59116, 1.77126], [111.59475, 1.77231], [111.59913, 1.76915], [111.60038, 1.77135], [111.60502, 1.76775], [111.60665, 1.76115], [111.61388, 1.75825], [111.62201, 1.7478], [111.63536, 1.74176], [111.63519, 1.73848], [111.63118, 1.73961], [111.62857, 1.73726], [111.62901, 1.73342], [111.62726, 1.73403], [111.62282, 1.73072], [111.62517, 1.72384], [111.62387, 1.72071], [111.6182, 1.72062], [111.62465, 1.70947], [111.62576, 1.70192], [111.62446, 1.69957], [111.62594, 1.69669], [111.62324, 1.69173], [111.6262, 1.68676], [111.62071, 1.67866], [111.61949, 1.67544], [111.62115, 1.67405], [111.61523, 1.67219], [111.61453, 1.66685], [111.61732, 1.6636], [111.61845, 1.65866], [111.60487, 1.65324], [111.59775, 1.65421], [111.59097, 1.6519], [111.58231, 1.65327], [111.57499, 1.64773], [111.56671, 1.65134], [111.55867, 1.65046], [111.55487, 1.65286], [111.55386, 1.6595], [111.54711, 1.6679], [111.5454, 1.67469], [111.53336, 1.67809], [111.52163, 1.68956], [111.51758, 1.6878], [111.51027, 1.68951], [111.50433, 1.68495], [111.5015, 1.67442], [111.49401, 1.66912], [111.49053, 1.66382], [111.48397, 1.65867], [111.46544, 1.65697], [111.46411, 1.65259], [111.45469, 1.64317], [111.45183, 1.64256], [111.45179, 1.64463], [111.44839, 1.64465], [111.44722, 1.63905], [111.44364, 1.63391], [111.44025, 1.63212], [111.43891, 1.62706], [111.42426, 1.62062], [111.42245, 1.62104], [111.42018, 1.6257], [111.42201, 1.63328], [111.41997, 1.63927], [111.40992, 1.64149], [111.4005, 1.64612], [111.39251, 1.65246], [111.3855, 1.66352], [111.38534, 1.66872], [111.37988, 1.67342], [111.37877, 1.6773], [111.38158, 1.67966], [111.37858, 1.68513], [111.38257, 1.68775], [111.37921, 1.69205], [111.38139, 1.69415], [111.37137, 1.69787], [111.36959, 1.70295], [111.36474, 1.7045], [111.36285, 1.70041], [111.35963, 1.70457], [111.35447, 1.70607], [111.35737, 1.70758], [111.35725, 1.71262], [111.36231, 1.71958], [111.36545, 1.72039], [111.37082, 1.71901], [111.37192, 1.72232], [111.37478, 1.71909], [111.37552, 1.72234], [111.38032, 1.7259], [111.38115, 1.7313], [111.37553, 1.73498], [111.36991, 1.74349], [111.35598, 1.74791], [111.35417, 1.74992], [111.35244, 1.74868], [111.35059, 1.75252], [111.34577, 1.74861], [111.34331, 1.74186], [111.34128, 1.7433], [111.33552, 1.74205], [111.33584, 1.74672], [111.33408, 1.74901], [111.33805, 1.75895], [111.33626, 1.7574], [111.32905, 1.75927], [111.32498, 1.75088], [111.32218, 1.75051], [111.31884, 1.75353], [111.31952, 1.76194], [111.30857, 1.75643], [111.30602, 1.75235], [111.30441, 1.75374], [111.305, 1.75987], [111.29958, 1.76255], [111.29657, 1.76153], [111.29587, 1.75922], [111.29281, 1.75879], [111.29127, 1.76042], [111.29246, 1.76465], [111.29131, 1.76728], [111.28615, 1.76811], [111.28424, 1.7713], [111.27864, 1.76987], [111.27707, 1.77354], [111.28633, 1.77567], [111.28258, 1.7882], [111.28361, 1.79029], [111.27395, 1.7926], [111.26945, 1.79005], [111.26382, 1.79539], [111.2771, 1.82851], [111.28678, 1.84458], [111.29426, 1.84018], [111.29734, 1.84218], [111.29979, 1.83881], [111.30617, 1.83633], [111.31084, 1.83062], [111.31634, 1.82947], [111.32045, 1.83102], [111.32138, 1.82078], [111.32478, 1.82055], [111.32814, 1.82264], [111.33035, 1.82977], [111.33556, 1.82641], [111.33956, 1.82629], [111.34145, 1.82776], [111.33888, 1.83109], [111.34227, 1.83217], [111.34438, 1.83537], [111.34207, 1.83755], [111.34299, 1.84206], [111.34503, 1.84416], [111.34181, 1.8469], [111.34406, 1.85151], [111.34147, 1.85313], [111.34164, 1.85752], [111.33425, 1.86346], [111.32619, 1.86718], [111.32853, 1.86964], [111.32315, 1.88004], [111.32083, 1.87791], [111.31855, 1.87804], [111.31937, 1.88755], [111.31676, 1.8967], [111.3166, 1.90044], [111.33055, 1.91252], [111.33237, 1.92147], [111.32156, 1.95052], [111.32204, 1.95966], [111.3308, 1.97459], [111.33241, 2.00069], [111.33489, 1.99842]]]]}}, {"type": "Feature", "properties": {"state": "Sarawak", "seat": "N.40 Kabong", "seat_name": "Kabong"}, "geometry": {"type": "MultiPolygon", "coordinates": [[[[111.20054, 2.02605], [111.21489, 2.0264], [111.2272, 2.03559], [111.2348, 2.03708], [111.2384, 2.03522], [111.23747, 2.02932], [111.24407, 2.02946], [111.25264, 2.02561], [111.25521, 2.02285], [111.2572, 2.02935], [111.26429, 2.03017], [111.26877, 2.03586], [111.27288, 2.03302], [111.27034, 2.02856], [111.27352, 2.02595], [111.27244, 2.02274], [111.27607, 2.01656], [111.28234, 1.99751], [111.29445, 1.99391], [111.30235, 1.99612], [111.30502, 1.99876], [111.32717, 1.99994], [111.32992, 1.99835], [111.33241, 2.00069], [111.3308, 1.97459], [111.32204, 1.95966], [111.32156, 1.95052], [111.33237, 1.92147], [111.33055, 1.91252], [111.3166, 1.90044], [111.31937, 1.88755], [111.31822, 1.87866], [111.32083, 1.87791], [111.32315, 1.88004], [111.32853, 1.86964], [111.32535, 1.86688], [111.31657, 1.87112], [111.31307, 1.87587], [111.30528, 1.87709], [111.30396, 1.87384], [111.30522, 1.86669], [111.30012, 1.86477], [111.29508, 1.87133], [111.28951, 1.87434], [111.28754, 1.87815], [111.28931, 1.88233], [111.29445, 1.88443], [111.29385, 1.89714], [111.29082, 1.89764], [111.29126, 1.89013], [111.28561, 1.88905], [111.28485, 1.88677], [111.28221, 1.88581], [111.28297, 1.88423], [111.2801, 1.87985], [111.27257, 1.87889], [111.26472, 1.88261], [111.26575, 1.88911], [111.2394, 1.89852], [111.23301, 1.90225], [111.23015, 1.90632], [111.22822, 1.90404], [111.22278, 1.90544], [111.22015, 1.89761], [111.21037, 1.89302], [111.2144, 1.8817], [111.21079, 1.87286], [111.20999, 1.86759], [111.21128, 1.86489], [111.20764, 1.85523], [111.19238, 1.83157], [111.18622, 1.81777], [111.17735, 1.82477], [111.16809, 1.82839], [111.15673, 1.82552], [111.14721, 1.8192], [111.14313, 1.8218], [111.13719, 1.82161], [111.12833, 1.81427], [111.12246, 1.80028], [111.11679, 1.79341], [111.10697, 1.78899], [111.09662, 1.7884], [111.09344, 1.79623], [111.09278, 1.80509], [111.0936, 1.81933], [111.09767, 1.83453], [111.10402, 1.85038], [111.11546, 1.86924], [111.13314, 1.90535], [111.16249, 1.95784], [111.16175, 1.97291], [111.16308, 1.9825], [111.1672, 2.00268], [111.17393, 2.01814], [111.17527, 2.02623], [111.17855, 2.03257], [111.18857, 2.04256], [111.1931, 2.03777], [111.19565, 2.02861], [111.20054, 2.02605]]]]}}, {"type": "Feature", "properties": {"state": "Sarawak", "seat": "N.41 Kuala Rajang", "seat_name": "Kuala Rajang"}, "geometry": {"type": "MultiPolygon", "coordinates": [[[[111.19878, 2.29868], [111.20648, 2.28222], [111.21699, 2.27538], [111.21919, 2.26614], [111.22225, 2.26825], [111.22422, 2.26619], [111.22252, 2.26472], [111.2253, 2.26367], [111.2244, 2.25227], [111.2329, 2.25079], [111.23239, 2.24822], [111.23575, 2.24656], [111.23559, 2.24431], [111.24583, 2.24171], [111.25603, 2.24669], [111.26347, 2.24317], [111.27517, 2.24437], [111.27233, 2.27953], [111.27342, 2.2832], [111.27633, 2.28586], [111.2802, 2.28643], [111.29252, 2.28301], [111.31183, 2.27354], [111.33076, 2.25846], [111.3398, 2.24596], [111.3455, 2.22764], [111.34212, 2.20981], [111.34422, 2.20564], [111.34833, 2.2026], [111.35498, 2.20376], [111.35656, 2.21285], [111.35874, 2.21548], [111.37515, 2.21844], [111.37733, 2.21588], [111.37614, 2.20646], [111.39231, 2.20201], [111.39347, 2.20002], [111.39278, 2.19572], [111.39841, 2.19368], [111.40178, 2.18799], [111.40802, 2.18956], [111.41957, 2.18715], [111.43053, 2.20087], [111.44706, 2.20638], [111.44971, 2.20437], [111.45328, 2.19229], [111.46414, 2.17648], [111.46842, 2.17632], [111.47871, 2.18215], [111.48051, 2.20744], [111.47697, 2.20938], [111.47504, 2.20565], [111.4688, 2.20621], [111.4775, 2.21493], [111.47483, 2.22594], [111.47191, 2.22875], [111.46576, 2.2283], [111.4643, 2.23348], [111.46152, 2.22638], [111.45832, 2.22606], [111.45611, 2.22941], [111.4557, 2.23802], [111.45308, 2.24408], [111.4464, 2.24334], [111.43905, 2.25158], [111.43148, 2.25225], [111.43043, 2.25547], [111.43188, 2.26042], [111.43038, 2.264], [111.43558, 2.26302], [111.43954, 2.26518], [111.45009, 2.25781], [111.45532, 2.2606], [111.4643, 2.25056], [111.4801, 2.23777], [111.49202, 2.22046], [111.49919, 2.21339], [111.49576, 2.21133], [111.48518, 2.19032], [111.49776, 2.18847], [111.49782, 2.19159], [111.50243, 2.1951], [111.50447, 2.19964], [111.51142, 2.19614], [111.51685, 2.20093], [111.52914, 2.19291], [111.53878, 2.18882], [111.53779, 2.18167], [111.54706, 2.17292], [111.54603, 2.16503], [111.53829, 2.1483], [111.53421, 2.14832], [111.52641, 2.15383], [111.52104, 2.15004], [111.51782, 2.13754], [111.51251, 2.13466], [111.51182, 2.13168], [111.51383, 2.12898], [111.508, 2.1272], [111.51115, 2.11714], [111.50867, 2.10892], [111.50443, 2.1083], [111.50068, 2.12031], [111.49149, 2.12287], [111.48526, 2.12642], [111.48209, 2.13204], [111.47711, 2.13268], [111.47645, 2.12705], [111.47175, 2.12762], [111.4743, 2.15563], [111.47226, 2.16081], [111.46886, 2.16278], [111.46261, 2.16327], [111.45782, 2.16203], [111.45516, 2.15919], [111.45462, 2.15332], [111.46073, 2.13495], [111.45841, 2.13016], [111.46305, 2.12778], [111.47066, 2.12983], [111.46986, 2.12753], [111.47176, 2.12279], [111.47021, 2.12073], [111.4714, 2.11852], [111.46925, 2.11891], [111.46817, 2.11473], [111.47059, 2.11158], [111.47678, 2.11048], [111.47552, 2.10647], [111.47667, 2.1047], [111.47133, 2.1009], [111.46852, 2.10155], [111.46078, 2.09597], [111.45398, 2.08733], [111.44894, 2.08427], [111.44794, 2.08019], [111.44595, 2.08152], [111.44211, 2.07975], [111.43668, 2.07141], [111.43161, 2.06914], [111.4329, 2.06567], [111.43618, 2.06353], [111.4358, 2.05818], [111.43921, 2.05303], [111.43679, 2.04706], [111.43239, 2.04576], [111.43264, 2.03788], [111.43577, 2.03265], [111.43907, 2.03281], [111.43979, 2.02727], [111.44344, 2.0251], [111.44301, 2.02245], [111.44634, 2.02107], [111.4487, 2.01247], [111.4425, 2.00965], [111.44385, 2.00994], [111.45022, 2.00318], [111.44847, 1.99996], [111.44401, 1.99689], [111.44424, 1.99247], [111.44003, 1.99012], [111.43928, 1.98415], [111.43389, 1.97693], [111.42713, 1.97606], [111.42638, 1.98009], [111.42039, 1.98394], [111.41228, 1.97592], [111.40764, 1.97566], [111.40497, 1.97804], [111.40139, 1.97543], [111.39592, 1.97567], [111.39154, 1.97772], [111.38958, 1.97529], [111.38671, 1.97789], [111.38299, 1.97832], [111.38195, 1.9804], [111.36439, 1.98461], [111.3616, 1.98675], [111.362, 1.98873], [111.34755, 1.99428], [111.34411, 1.99414], [111.3421, 1.99614], [111.33817, 1.99607], [111.33689, 1.99842], [111.33241, 2.00069], [111.32992, 1.99835], [111.32717, 1.99994], [111.3082, 1.99932], [111.29445, 1.99391], [111.28863, 1.99468], [111.28219, 1.9977], [111.27607, 2.01656], [111.27244, 2.02274], [111.27352, 2.02595], [111.27034, 2.02856], [111.27288, 2.03302], [111.26962, 2.03551], [111.26719, 2.03469], [111.26407, 2.03005], [111.2572, 2.02935], [111.25521, 2.02285], [111.25264, 2.02561], [111.24407, 2.02946], [111.23747, 2.02932], [111.2384, 2.03522], [111.2348, 2.03708], [111.2272, 2.03559], [111.21489, 2.0264], [111.19927, 2.0262], [111.1953, 2.02914], [111.19147, 2.04017], [111.17387, 2.05506], [111.17322, 2.05889], [111.18106, 2.08499], [111.18267, 2.09978], [111.18958, 2.11848], [111.16844, 2.12856], [111.15156, 2.13988], [111.14393, 2.14691], [111.13816, 2.16166], [111.13702, 2.17118], [111.14144, 2.17814], [111.16714, 2.20303], [111.19423, 2.22158], [111.20639, 2.24052], [111.20238, 2.24795], [111.18495, 2.23296], [111.18201, 2.24063], [111.18506, 2.29336], [111.18383, 2.29512], [111.19147, 2.29751], [111.19235, 2.29552], [111.19878, 2.29868]]]]}}, {"type": "Feature", "properties": {"state": "Sarawak", "seat": "N.42 Semop", "seat_name": "Semop"}, "geometry": {"type": "MultiPolygon", "coordinates": [[[[111.39779, 2.76637], [111.39803, 2.76113], [111.39291, 2.74483], [111.38756, 2.71842], [111.38565, 2.72235], [111.38232, 2.74281], [111.37721, 2.75328], [111.38791, 2.76292], [111.39565, 2.76673], [111.39779, 2.76637]]], [[[111.41925, 2.39314], [111.43201, 2.38501], [111.45851, 2.37176], [111.46337, 2.34898], [111.46655, 2.34443], [111.4657, 2.33847], [111.48414, 2.34152], [111.48604, 2.34735], [111.5007, 2.323], [111.49901, 2.32747], [111.5011, 2.32691], [111.50271, 2.32832], [111.50334, 2.32262], [111.50491, 2.32085], [111.51807, 2.32341], [111.52043, 2.32008], [111.53089, 2.3165], [111.53145, 2.30358], [111.53374, 2.29913], [111.53851, 2.30557], [111.54002, 2.30408], [111.53997, 2.29895], [111.54464, 2.30059], [111.549, 2.29843], [111.55163, 2.30022], [111.55533, 2.29776], [111.56003, 2.29902], [111.56732, 2.28732], [111.57297, 2.28991], [111.57302, 2.28629], [111.56989, 2.28525], [111.56646, 2.27758], [111.5765, 2.2704], [111.57713, 2.26718], [111.57453, 2.25776], [111.59442, 2.25383], [111.60108, 2.25046], [111.60913, 2.24202], [111.61567, 2.2313], [111.63127, 2.21702], [111.62905, 2.21346], [111.63151, 2.20177], [111.62802, 2.1891], [111.62861, 2.17408], [111.62433, 2.16854], [111.63408, 2.15837], [111.62207, 2.15038], [111.62023, 2.15148], [111.61993, 2.15963], [111.61706, 2.1643], [111.60743, 2.16089], [111.59951, 2.16011], [111.59333, 2.16136], [111.58934, 2.16565], [111.58653, 2.16454], [111.58383, 2.17552], [111.58025, 2.17835], [111.58669, 2.18088], [111.58188, 2.18895], [111.57734, 2.19178], [111.57165, 2.1919], [111.55664, 2.18686], [111.54625, 2.18715], [111.53279, 2.19107], [111.51685, 2.20093], [111.51142, 2.19614], [111.50447, 2.19964], [111.50243, 2.1951], [111.49782, 2.19159], [111.49776, 2.18847], [111.48518, 2.19032], [111.49576, 2.21133], [111.49919, 2.21339], [111.49202, 2.22046], [111.4801, 2.23777], [111.4643, 2.25056], [111.45532, 2.2606], [111.4503, 2.25776], [111.4401, 2.26507], [111.43519, 2.26299], [111.43107, 2.26442], [111.43026, 2.26324], [111.4319, 2.26003], [111.43043, 2.25547], [111.43148, 2.25225], [111.43905, 2.25158], [111.44498, 2.24394], [111.45308, 2.24408], [111.4557, 2.23802], [111.45611, 2.22941], [111.45806, 2.22622], [111.46152, 2.22638], [111.4643, 2.23348], [111.46576, 2.2283], [111.47191, 2.22875], [111.47483, 2.22594], [111.4775, 2.21493], [111.4688, 2.20621], [111.47504, 2.20565], [111.47697, 2.20938], [111.48051, 2.20744], [111.47871, 2.18215], [111.46685, 2.17589], [111.46344, 2.17713], [111.45404, 2.19103], [111.44971, 2.20437], [111.44751, 2.2063], [111.43053, 2.20087], [111.42133, 2.18833], [111.41757, 2.18672], [111.40863, 2.18952], [111.40138, 2.18816], [111.39841, 2.19368], [111.39278, 2.19572], [111.39347, 2.20002], [111.39231, 2.20201], [111.37641, 2.20619], [111.37562, 2.20949], [111.37733, 2.21588], [111.37527, 2.21842], [111.35907, 2.21566], [111.35656, 2.21285], [111.35472, 2.20348], [111.3511, 2.20219], [111.34706, 2.20325], [111.34335, 2.20678], [111.34202, 2.21072], [111.34539, 2.22333], [111.34461, 2.23325], [111.33748, 2.25004], [111.32223, 2.26599], [111.30912, 2.27523], [111.29773, 2.281], [111.2802, 2.28643], [111.27522, 2.28517], [111.27233, 2.27953], [111.27517, 2.24437], [111.26347, 2.24317], [111.25603, 2.24669], [111.24598, 2.24168], [111.23559, 2.24431], [111.23575, 2.24656], [111.23239, 2.24822], [111.2329, 2.25079], [111.2244, 2.25227], [111.2253, 2.26367], [111.22252, 2.26472], [111.22422, 2.26619], [111.22225, 2.26825], [111.21919, 2.26614], [111.21699, 2.27538], [111.20648, 2.28222], [111.19878, 2.29868], [111.19235, 2.29552], [111.19147, 2.29751], [111.18383, 2.29512], [111.17732, 2.36088], [111.18349, 2.38264], [111.19379, 2.39919], [111.20169, 2.40863], [111.21827, 2.42367], [111.23446, 2.43276], [111.23746, 2.43709], [111.24085, 2.43844], [111.24606, 2.43789], [111.24635, 2.43656], [111.24283, 2.42599], [111.23804, 2.41972], [111.24203, 2.41591], [111.24429, 2.41913], [111.25146, 2.42373], [111.25365, 2.41789], [111.26013, 2.41343], [111.26337, 2.41338], [111.26533, 2.41136], [111.28862, 2.40216], [111.29758, 2.40155], [111.30644, 2.39544], [111.32033, 2.39124], [111.33845, 2.39459], [111.33607, 2.40105], [111.32711, 2.41223], [111.30786, 2.42505], [111.29509, 2.43088], [111.29219, 2.452], [111.29388, 2.46821], [111.29922, 2.48553], [111.30415, 2.51396], [111.30188, 2.51695], [111.30294, 2.51873], [111.29986, 2.52422], [111.29945, 2.53044], [111.29767, 2.53335], [111.29735, 2.54582], [111.29417, 2.55093], [111.28965, 2.56696], [111.28422, 2.59875], [111.2808, 2.60501], [111.28126, 2.61415], [111.27731, 2.62875], [111.27473, 2.6475], [111.27415, 2.66419], [111.27544, 2.66816], [111.27325, 2.67195], [111.27429, 2.69372], [111.27605, 2.69966], [111.27436, 2.70815], [111.28321, 2.75217], [111.28711, 2.7594], [111.29019, 2.76172], [111.29368, 2.77109], [111.30624, 2.79078], [111.32402, 2.80221], [111.33059, 2.80189], [111.33895, 2.79541], [111.3547, 2.75902], [111.35569, 2.75364], [111.36908, 2.73922], [111.3767, 2.73518], [111.38075, 2.72369], [111.38185, 2.71489], [111.3749, 2.70388], [111.37343, 2.69764], [111.37705, 2.63802], [111.37747, 2.60176], [111.37175, 2.57476], [111.371, 2.54804], [111.37338, 2.51624], [111.37257, 2.49891], [111.37874, 2.49445], [111.38195, 2.48165], [111.39142, 2.46881], [111.39636, 2.45893], [111.39914, 2.44688], [111.39925, 2.42542], [111.40258, 2.41335], [111.40931, 2.40226], [111.41925, 2.39314]]]]}}, {"type": "Feature", "properties": {"state": "Sarawak", "seat": "N.43 Daro", "seat_name": "Daro"}, "geometry": {"type": "MultiPolygon", "coordinates": [[[[111.73276, 2.72325], [111.72398, 2.71433], [111.72178, 2.70968], [111.72549, 2.70414], [111.71983, 2.69818], [111.72145, 2.69256], [111.72863, 2.69065], [111.73572, 2.69761], [111.74741, 2.69931], [111.7515, 2.69595], [111.76814, 2.70417], [111.77809, 2.70721], [111.77845, 2.68598], [111.7617, 2.68461], [111.76161, 2.63533], [111.75722, 2.63455], [111.7554, 2.57584], [111.75176, 2.5746], [111.75124, 2.57302], [111.75836, 2.56317], [111.76, 2.5642], [111.76096, 2.55987], [111.76385, 2.56044], [111.76473, 2.55888], [111.76087, 2.55163], [111.76647, 2.54423], [111.74549, 2.5199], [111.75301, 2.50788], [111.75543, 2.49037], [111.74484, 2.46781], [111.73454, 2.44098], [111.73744, 2.4396], [111.7225, 2.40516], [111.70737, 2.3848], [111.67686, 2.385], [111.67686, 2.38902], [111.66811, 2.38986], [111.62033, 2.39087], [111.62101, 2.38642], [111.61219, 2.38122], [111.6128, 2.35968], [111.62767, 2.36013], [111.64163, 2.35376], [111.63951, 2.35156], [111.6417, 2.34334], [111.63888, 2.33974], [111.64216, 2.33523], [111.63851, 2.32954], [111.64139, 2.32391], [111.64361, 2.32489], [111.64595, 2.32343], [111.64373, 2.30359], [111.64506, 2.29894], [111.6474, 2.29742], [111.64561, 2.28773], [111.64786, 2.28665], [111.64674, 2.28237], [111.66576, 2.28744], [111.66892, 2.25607], [111.66666, 2.2543], [111.65625, 2.25401], [111.64761, 2.24849], [111.64519, 2.24307], [111.64296, 2.22694], [111.63682, 2.22004], [111.63288, 2.22427], [111.63253, 2.22983], [111.61985, 2.24032], [111.60991, 2.24074], [111.60108, 2.25046], [111.59442, 2.25383], [111.57453, 2.25776], [111.57713, 2.26718], [111.5765, 2.2704], [111.56646, 2.27758], [111.56989, 2.28525], [111.57302, 2.28629], [111.57303, 2.2898], [111.56732, 2.28732], [111.56031, 2.29891], [111.55533, 2.29776], [111.55163, 2.30022], [111.549, 2.29843], [111.54464, 2.30059], [111.54027, 2.29882], [111.54002, 2.30408], [111.53851, 2.30557], [111.53374, 2.29913], [111.53145, 2.30358], [111.53089, 2.3165], [111.52043, 2.32008], [111.51807, 2.32341], [111.50491, 2.32085], [111.50334, 2.32262], [111.50271, 2.32832], [111.5011, 2.32691], [111.49901, 2.32747], [111.5007, 2.323], [111.48604, 2.34735], [111.48414, 2.34152], [111.4657, 2.33847], [111.46655, 2.34443], [111.46337, 2.34898], [111.45851, 2.37176], [111.42267, 2.39069], [111.41155, 2.39972], [111.40456, 2.40928], [111.39941, 2.42429], [111.39929, 2.4451], [111.39728, 2.45617], [111.39264, 2.46682], [111.38174, 2.48208], [111.37874, 2.49445], [111.42488, 2.49828], [111.4295, 2.49473], [111.43396, 2.49937], [111.40473, 2.50713], [111.39369, 2.52269], [111.38954, 2.53794], [111.39261, 2.56406], [111.41064, 2.62114], [111.42076, 2.66714], [111.45616, 2.66501], [111.4556, 2.6589], [111.47247, 2.65864], [111.4707, 2.63424], [111.46847, 2.63404], [111.46866, 2.6209], [111.45816, 2.60394], [111.46309, 2.5882], [111.46756, 2.59021], [111.47556, 2.59774], [111.55859, 2.60279], [111.5588, 2.60468], [111.57581, 2.60374], [111.5761, 2.60948], [111.62012, 2.60941], [111.64629, 2.64428], [111.67793, 2.67211], [111.66661, 2.6811], [111.67567, 2.69702], [111.68867, 2.71377], [111.69902, 2.71922], [111.7149, 2.72317], [111.73195, 2.72437], [111.73276, 2.72325]]]]}}, {"type": "Feature", "properties": {"state": "Sarawak", "seat": "N.44 Jemoreng", "seat_name": "Jemoreng"}, "geometry": {"type": "MultiPolygon", "coordinates": [[[[111.78991, 2.85885], [111.79109, 2.84272], [111.79026, 2.81208], [111.81676, 2.81001], [111.81545, 2.79402], [111.81735, 2.79395], [111.81623, 2.76931], [111.84612, 2.74379], [111.84322, 2.74012], [111.84615, 2.73519], [111.84801, 2.71956], [111.83205, 2.71904], [111.82746, 2.71544], [111.8287, 2.71306], [111.81861, 2.70809], [111.81681, 2.71153], [111.81388, 2.71295], [111.79881, 2.71319], [111.76814, 2.70417], [111.7515, 2.69595], [111.74741, 2.69931], [111.73572, 2.69761], [111.72796, 2.69051], [111.7206, 2.69332], [111.71983, 2.69818], [111.72536, 2.70306], [111.72165, 2.70918], [111.72398, 2.71433], [111.7329, 2.72258], [111.73247, 2.72413], [111.7149, 2.72317], [111.69902, 2.71922], [111.68867, 2.71377], [111.67567, 2.69702], [111.66661, 2.6811], [111.67793, 2.67211], [111.64629, 2.64428], [111.62012, 2.60941], [111.5761, 2.60948], [111.57581, 2.60374], [111.5588, 2.60468], [111.55859, 2.60279], [111.47556, 2.59774], [111.46756, 2.59021], [111.46309, 2.5882], [111.45816, 2.60394], [111.46866, 2.6209], [111.46847, 2.63404], [111.4707, 2.63424], [111.47247, 2.65864], [111.4556, 2.6589], [111.45616, 2.66501], [111.42076, 2.66714], [111.42223, 2.6805], [111.42128, 2.68871], [111.42476, 2.69992], [111.43622, 2.70727], [111.46035, 2.71351], [111.4719, 2.72204], [111.47012, 2.72922], [111.47145, 2.73337], [111.47543, 2.73842], [111.4858, 2.74579], [111.53795, 2.76489], [111.59985, 2.80039], [111.60542, 2.80506], [111.60153, 2.80587], [111.60723, 2.82149], [111.62487, 2.84699], [111.62973, 2.85025], [111.63949, 2.84988], [111.65423, 2.84311], [111.65971, 2.83526], [111.66792, 2.83081], [111.67429, 2.839], [111.7083, 2.84871], [111.78946, 2.86496], [111.78991, 2.85885]]]]}}, {"type": "Feature", "properties": {"state": "Sarawak", "seat": "N.45 Repok", "seat_name": "Repok"}, "geometry": {"type": "MultiPolygon", "coordinates": [[[[111.47202, 2.13296], [111.47209, 2.12735], [111.47645, 2.12705], [111.47711, 2.13268], [111.48209, 2.13204], [111.48526, 2.12642], [111.49149, 2.12287], [111.50068, 2.12031], [111.50443, 2.1083], [111.50648, 2.10827], [111.50905, 2.10934], [111.51117, 2.11593], [111.508, 2.1272], [111.51383, 2.12898], [111.51182, 2.13168], [111.51251, 2.13466], [111.51797, 2.13788], [111.52104, 2.12987], [111.53097, 2.12448], [111.53176, 2.11319], [111.53353, 2.10967], [111.54071, 2.1083], [111.54484, 2.10569], [111.55067, 2.09516], [111.5607, 2.09389], [111.56386, 2.09201], [111.56635, 2.07678], [111.56919, 2.0741], [111.57892, 2.07082], [111.57948, 2.06272], [111.58594, 2.05841], [111.58759, 2.04631], [111.58121, 2.04153], [111.57823, 2.03186], [111.57487, 2.02855], [111.5725, 2.02863], [111.57092, 2.01978], [111.56242, 2.02197], [111.56147, 2.02587], [111.56336, 2.0296], [111.56071, 2.03356], [111.56419, 2.03955], [111.55573, 2.04282], [111.54256, 2.04681], [111.54115, 2.04146], [111.53886, 2.04061], [111.53577, 2.03532], [111.53628, 2.03063], [111.53449, 2.03374], [111.53241, 2.03301], [111.52992, 2.03539], [111.53034, 2.03824], [111.53243, 2.03879], [111.53247, 2.04562], [111.53461, 2.05061], [111.5299, 2.05115], [111.5252, 2.04964], [111.52683, 2.04706], [111.52573, 2.03836], [111.5218, 2.03714], [111.51909, 2.03931], [111.51698, 2.03654], [111.51284, 2.03812], [111.51216, 2.0346], [111.51002, 2.03917], [111.50403, 2.0447], [111.50324, 2.04174], [111.49613, 2.03878], [111.49318, 2.03898], [111.4898, 2.04286], [111.48734, 2.03491], [111.47502, 2.02713], [111.48157, 2.01854], [111.4818, 2.00974], [111.48, 2.01412], [111.47796, 2.01262], [111.47378, 2.01528], [111.47113, 2.01471], [111.46502, 2.022], [111.46079, 2.02408], [111.46049, 2.01505], [111.45908, 2.01146], [111.45574, 2.00977], [111.45669, 2.00829], [111.45505, 2.00527], [111.45692, 2.00138], [111.4551, 1.9958], [111.45186, 1.9985], [111.45066, 1.99718], [111.4495, 1.9985], [111.44847, 1.99996], [111.45022, 2.00318], [111.44385, 2.00994], [111.4425, 2.00965], [111.4487, 2.01247], [111.44634, 2.02107], [111.44301, 2.02245], [111.44344, 2.0251], [111.43979, 2.02727], [111.43907, 2.03281], [111.43577, 2.03265], [111.43264, 2.03788], [111.43239, 2.04576], [111.43679, 2.04706], [111.43921, 2.05303], [111.4358, 2.05818], [111.43618, 2.06353], [111.4329, 2.06567], [111.43161, 2.06914], [111.43668, 2.07141], [111.44211, 2.07975], [111.44595, 2.08152], [111.4479, 2.08016], [111.44794, 2.08019], [111.44894, 2.08427], [111.45398, 2.08733], [111.46078, 2.09597], [111.46852, 2.10155], [111.47133, 2.1009], [111.47667, 2.1047], [111.47552, 2.10647], [111.47678, 2.11048], [111.47059, 2.11158], [111.46817, 2.11473], [111.46925, 2.11891], [111.4714, 2.11852], [111.47021, 2.12073], [111.47176, 2.12279], [111.46986, 2.12753], [111.47066, 2.12983], [111.46305, 2.12778], [111.45841, 2.13016], [111.46073, 2.13495], [111.45441, 2.15515], [111.45535, 2.15956], [111.45838, 2.16231], [111.4683, 2.16291], [111.47364, 2.15882], [111.47202, 2.13296]]]]}}, {"type": "Feature", "properties": {"state": "Sarawak", "seat": "N.46 Meradong", "seat_name": "Meradong"}, "geometry": {"type": "MultiPolygon", "coordinates": [[[[111.68899, 2.26906], [111.69445, 2.26449], [111.69909, 2.25392], [111.69974, 2.24271], [111.70604, 2.22774], [111.70622, 2.2236], [111.71443, 2.22425], [111.71714, 2.22135], [111.71147, 2.20808], [111.72453, 2.20023], [111.72237, 2.19689], [111.73531, 2.19206], [111.7413, 2.1917], [111.75123, 2.18409], [111.74587, 2.17183], [111.7498, 2.16787], [111.76407, 2.16279], [111.76628, 2.15988], [111.76746, 2.16262], [111.7787, 2.16231], [111.78552, 2.16005], [111.78601, 2.12049], [111.78008, 2.12009], [111.7771, 2.09149], [111.78571, 2.07056], [111.7875, 2.05238], [111.78374, 2.04224], [111.77388, 2.03135], [111.76755, 2.028], [111.76656, 2.02172], [111.75944, 2.0136], [111.75425, 2.01508], [111.75213, 2.01054], [111.75391, 2.00289], [111.75201, 1.99843], [111.74934, 2.00135], [111.74178, 2.00054], [111.73882, 1.99769], [111.73636, 1.99942], [111.73273, 1.99752], [111.72835, 1.99988], [111.72011, 1.99975], [111.71612, 1.9944], [111.71123, 1.99258], [111.71079, 1.98588], [111.70928, 1.98472], [111.70676, 1.98618], [111.70641, 1.98308], [111.70343, 1.9858], [111.70133, 1.99272], [111.69826, 1.99359], [111.69327, 1.99184], [111.68372, 1.99184], [111.67739, 1.98767], [111.67187, 1.98938], [111.66957, 1.98656], [111.65964, 1.98563], [111.65831, 1.98346], [111.65792, 1.97343], [111.65587, 1.97245], [111.6512, 1.97803], [111.64533, 1.9806], [111.64349, 1.98568], [111.64042, 1.98551], [111.64016, 1.98901], [111.63421, 1.99005], [111.64074, 1.99859], [111.63496, 2.00452], [111.62869, 2.0025], [111.62491, 2.00296], [111.61588, 2.00919], [111.60798, 2.01191], [111.60088, 2.01656], [111.59702, 2.01673], [111.59671, 2.01842], [111.59082, 2.01467], [111.5844, 2.01291], [111.58173, 2.00877], [111.57521, 2.01117], [111.57266, 2.00975], [111.5695, 2.01225], [111.5725, 2.02863], [111.57487, 2.02855], [111.57823, 2.03186], [111.58121, 2.04153], [111.58755, 2.04598], [111.58594, 2.05841], [111.57948, 2.06272], [111.57961, 2.06904], [111.57824, 2.07161], [111.56993, 2.07377], [111.56672, 2.07611], [111.56532, 2.08892], [111.56358, 2.09231], [111.55067, 2.09516], [111.54484, 2.10569], [111.54071, 2.1083], [111.53342, 2.10979], [111.53176, 2.11319], [111.53097, 2.12448], [111.52104, 2.12987], [111.51797, 2.13788], [111.52006, 2.14822], [111.52461, 2.15347], [111.52774, 2.15345], [111.53604, 2.1478], [111.53885, 2.14867], [111.54069, 2.15154], [111.54731, 2.17145], [111.54582, 2.17495], [111.53779, 2.18167], [111.53878, 2.18882], [111.55507, 2.18669], [111.57165, 2.1919], [111.57826, 2.19154], [111.58243, 2.18829], [111.58669, 2.18088], [111.58025, 2.17835], [111.58383, 2.17552], [111.58653, 2.16454], [111.58934, 2.16565], [111.59333, 2.16136], [111.59951, 2.16011], [111.60743, 2.16089], [111.61706, 2.1643], [111.61993, 2.15963], [111.62023, 2.15148], [111.62207, 2.15038], [111.63408, 2.15837], [111.62433, 2.16854], [111.62861, 2.17408], [111.62802, 2.1891], [111.63151, 2.20177], [111.62905, 2.21346], [111.63127, 2.21702], [111.61567, 2.2313], [111.60991, 2.24074], [111.62042, 2.23991], [111.63253, 2.22983], [111.63288, 2.22427], [111.63682, 2.22004], [111.64296, 2.22694], [111.64519, 2.24307], [111.64761, 2.24849], [111.65625, 2.25401], [111.66652, 2.25428], [111.66865, 2.25557], [111.66698, 2.26798], [111.67179, 2.2699], [111.67707, 2.26895], [111.67881, 2.27775], [111.68292, 2.27203], [111.68899, 2.26906]]]]}}, {"type": "Feature", "properties": {"state": "Sarawak", "seat": "N.47 Pakan", "seat_name": "Pakan"}, "geometry": {"type": "MultiPolygon", "coordinates": [[[[111.53243, 2.03879], [111.53034, 2.03824], [111.52992, 2.03539], [111.53241, 2.03301], [111.53449, 2.03374], [111.53594, 2.03047], [111.5362, 2.03641], [111.53886, 2.04061], [111.54115, 2.04146], [111.54256, 2.04681], [111.56419, 2.03955], [111.56071, 2.03356], [111.56336, 2.0296], [111.56136, 2.02451], [111.56505, 2.02039], [111.57092, 2.01978], [111.5693, 2.01278], [111.57266, 2.00975], [111.57521, 2.01117], [111.58204, 2.00887], [111.5844, 2.01291], [111.59082, 2.01467], [111.59671, 2.01842], [111.59702, 2.01673], [111.60088, 2.01656], [111.60798, 2.01191], [111.61588, 2.00919], [111.62491, 2.00296], [111.62869, 2.0025], [111.63496, 2.00452], [111.64074, 1.99859], [111.63421, 1.99005], [111.64016, 1.98901], [111.64042, 1.98551], [111.64349, 1.98568], [111.64533, 1.9806], [111.6512, 1.97803], [111.65587, 1.97245], [111.65792, 1.97343], [111.65831, 1.98346], [111.65964, 1.98563], [111.66957, 1.98656], [111.67299, 1.98964], [111.6791, 1.988], [111.68635, 1.99246], [111.70133, 1.99272], [111.70343, 1.9858], [111.70895, 1.97835], [111.70912, 1.9745], [111.71377, 1.96837], [111.71315, 1.96294], [111.71543, 1.95795], [111.7135, 1.95488], [111.71553, 1.9523], [111.71386, 1.94731], [111.72157, 1.93829], [111.7207, 1.92953], [111.72684, 1.93189], [111.73256, 1.92585], [111.73819, 1.92497], [111.7409, 1.92758], [111.74647, 1.923], [111.74435, 1.92108], [111.74061, 1.92098], [111.74046, 1.91925], [111.73887, 1.92033], [111.7344, 1.91823], [111.73512, 1.91547], [111.73243, 1.91685], [111.73486, 1.91054], [111.73105, 1.91153], [111.73171, 1.9068], [111.73466, 1.9024], [111.73358, 1.8932], [111.73884, 1.88911], [111.74106, 1.8904], [111.74585, 1.88911], [111.74795, 1.88491], [111.75145, 1.88351], [111.75285, 1.87662], [111.75904, 1.87417], [111.75951, 1.87218], [111.75677, 1.86729], [111.7596, 1.86663], [111.76058, 1.86367], [111.75592, 1.8596], [111.75231, 1.85855], [111.74823, 1.85388], [111.74751, 1.84882], [111.75199, 1.84381], [111.75865, 1.84214], [111.75882, 1.8382], [111.76294, 1.83426], [111.75856, 1.83417], [111.75234, 1.8255], [111.75178, 1.81967], [111.74811, 1.81467], [111.74828, 1.80942], [111.75178, 1.80802], [111.74968, 1.80661], [111.74802, 1.80206], [111.7449, 1.80338], [111.73997, 1.79988], [111.73285, 1.80149], [111.73018, 1.80013], [111.73217, 1.79522], [111.72968, 1.79522], [111.72812, 1.78385], [111.72609, 1.78245], [111.72158, 1.78307], [111.71582, 1.77809], [111.70444, 1.76304], [111.7047, 1.75441], [111.70731, 1.75424], [111.71132, 1.74954], [111.70862, 1.7437], [111.7101, 1.73586], [111.7054, 1.73455], [111.7067, 1.72183], [111.70182, 1.71626], [111.70104, 1.7092], [111.69641, 1.69923], [111.69699, 1.6962], [111.6943, 1.68821], [111.69601, 1.68375], [111.6941, 1.68189], [111.69342, 1.67307], [111.69988, 1.66204], [111.69611, 1.65567], [111.69116, 1.65147], [111.6923, 1.64546], [111.68724, 1.63754], [111.68202, 1.63727], [111.67844, 1.63501], [111.67174, 1.63727], [111.66782, 1.63344], [111.65658, 1.63039], [111.653, 1.63466], [111.64996, 1.63492], [111.64507, 1.63825], [111.64226, 1.63847], [111.63602, 1.63301], [111.63462, 1.63457], [111.62983, 1.63379], [111.62687, 1.63719], [111.62289, 1.63816], [111.6222, 1.6435], [111.62417, 1.64524], [111.62324, 1.6471], [111.62673, 1.64675], [111.62731, 1.64966], [111.62499, 1.65256], [111.62185, 1.65303], [111.62138, 1.65883], [111.61871, 1.6586], [111.61732, 1.6636], [111.61453, 1.66685], [111.61523, 1.67219], [111.62115, 1.67405], [111.61949, 1.67544], [111.62071, 1.67866], [111.6262, 1.68676], [111.62324, 1.69173], [111.62594, 1.69669], [111.62446, 1.69957], [111.62576, 1.70192], [111.62465, 1.70947], [111.6182, 1.72062], [111.62387, 1.72071], [111.62517, 1.72384], [111.62282, 1.73072], [111.62726, 1.73403], [111.62901, 1.73342], [111.62857, 1.73726], [111.63118, 1.73961], [111.63519, 1.73848], [111.63536, 1.74176], [111.62201, 1.7478], [111.61388, 1.75825], [111.60665, 1.76115], [111.60502, 1.76775], [111.60214, 1.77037], [111.60038, 1.77135], [111.59913, 1.76915], [111.59475, 1.77231], [111.59116, 1.77126], [111.58748, 1.77266], [111.58231, 1.7786], [111.57738, 1.78011], [111.57469, 1.77867], [111.56746, 1.78156], [111.56418, 1.78051], [111.55802, 1.78189], [111.55526, 1.78438], [111.55598, 1.78852], [111.54796, 1.78969], [111.54428, 1.79278], [111.54257, 1.79652], [111.54362, 1.79856], [111.54539, 1.7979], [111.53974, 1.80591], [111.53482, 1.8088], [111.53053, 1.81545], [111.5336, 1.81861], [111.53236, 1.82242], [111.52362, 1.82387], [111.51469, 1.82873], [111.51837, 1.82932], [111.51804, 1.83076], [111.5137, 1.83342], [111.51305, 1.83914], [111.51062, 1.83999], [111.51068, 1.84689], [111.51232, 1.84643], [111.51232, 1.84873], [111.51048, 1.857], [111.51285, 1.85904], [111.51385, 1.86273], [111.50937, 1.86738], [111.50026, 1.8672], [111.4931, 1.87804], [111.48395, 1.87889], [111.4756, 1.88382], [111.47481, 1.88481], [111.4786, 1.89288], [111.47842, 1.89551], [111.47395, 1.90139], [111.46694, 1.90612], [111.45765, 1.90472], [111.4564, 1.89927], [111.45239, 1.89664], [111.45206, 1.89979], [111.45042, 1.90091], [111.45443, 1.90611], [111.45114, 1.92005], [111.45338, 1.92603], [111.45068, 1.92761], [111.45042, 1.92978], [111.45213, 1.93787], [111.44113, 1.94317], [111.43193, 1.95159], [111.4268, 1.95154], [111.42535, 1.95492], [111.42513, 1.96151], [111.4285, 1.96732], [111.42867, 1.97475], [111.4341, 1.97711], [111.43914, 1.98393], [111.44003, 1.99012], [111.44424, 1.99247], [111.44415, 1.99711], [111.44847, 1.99996], [111.45066, 1.99718], [111.45186, 1.9985], [111.4551, 1.9958], [111.45692, 2.00138], [111.45505, 2.00527], [111.45669, 2.00829], [111.45574, 2.00977], [111.45908, 2.01146], [111.46049, 2.01505], [111.46079, 2.02408], [111.46502, 2.022], [111.47113, 2.01471], [111.47378, 2.01528], [111.47796, 2.01262], [111.48, 2.01412], [111.4818, 2.00974], [111.48157, 2.01854], [111.47502, 2.02713], [111.48734, 2.03491], [111.4898, 2.04286], [111.49318, 2.03898], [111.49613, 2.03878], [111.50324, 2.04174], [111.50403, 2.0447], [111.51002, 2.03917], [111.51216, 2.0346], [111.51284, 2.03812], [111.51698, 2.03654], [111.51909, 2.03931], [111.5218, 2.03714], [111.52486, 2.03758], [111.52683, 2.04706], [111.5252, 2.04964], [111.53182, 2.05124], [111.53461, 2.05061], [111.53247, 2.04562], [111.53243, 2.03879]]]]}}, {"type": "Feature", "properties": {"state": "Sarawak", "seat": "N.48 Meluan", "seat_name": "Meluan"}, "geometry": {"type": "MultiPolygon", "coordinates": [[[[111.89982, 2.07518], [111.90755, 2.0695], [111.90956, 2.06486], [111.91218, 2.06721], [111.92103, 2.06783], [111.92683, 2.06078], [111.93381, 2.06124], [111.93884, 2.06756], [111.9473, 2.06293], [111.95866, 2.06132], [111.95713, 2.0526], [111.95883, 2.04676], [111.96139, 2.04458], [111.96187, 2.03801], [111.95689, 2.03023], [111.95832, 2.02974], [111.95962, 2.02495], [111.95347, 2.0218], [111.95601, 2.0199], [111.96278, 2.02164], [111.96284, 2.01631], [111.96643, 2.01272], [111.96525, 2.01082], [111.96638, 2.00697], [111.95971, 1.9979], [111.96012, 1.992], [111.95401, 1.99151], [111.94852, 1.98888], [111.94788, 1.98614], [111.94715, 1.97903], [111.95226, 1.97584], [111.95016, 1.97283], [111.9518, 1.97], [111.94879, 1.9659], [111.95353, 1.96089], [111.95381, 1.95742], [111.94514, 1.95441], [111.95052, 1.94949], [111.94979, 1.94502], [111.95125, 1.94347], [111.95253, 1.93381], [111.95915, 1.9342], [111.96291, 1.93283], [111.96605, 1.9292], [111.97228, 1.92702], [111.9757, 1.92367], [111.98226, 1.9262], [111.99286, 1.92635], [111.9954, 1.9225], [112.00373, 1.91737], [112.00387, 1.91409], [112.01574, 1.91008], [112.01493, 1.90308], [112.01829, 1.89749], [112.02658, 1.89071], [112.02955, 1.88999], [112.03149, 1.88165], [112.04683, 1.86736], [112.04699, 1.86175], [112.04322, 1.8605], [112.03969, 1.856], [112.03495, 1.85722], [112.03288, 1.85953], [112.03009, 1.85831], [112.02765, 1.86196], [112.02449, 1.86062], [112.02316, 1.86159], [112.02036, 1.85941], [112.02413, 1.85029], [112.02425, 1.84482], [112.02316, 1.84056], [112.01951, 1.83664], [112.01458, 1.83433], [112.01554, 1.82547], [112.01779, 1.82469], [112.02148, 1.81974], [112.02734, 1.81935], [112.03184, 1.8163], [112.03846, 1.8081], [112.04543, 1.8058], [112.05198, 1.8061], [112.05576, 1.80243], [112.06161, 1.79985], [112.06042, 1.79846], [112.06598, 1.79151], [112.07461, 1.78824], [112.08265, 1.7806], [112.08351, 1.77543], [112.09576, 1.76832], [112.09687, 1.76548], [112.09576, 1.76209], [112.1064, 1.76162], [112.11279, 1.75484], [112.12264, 1.75721], [112.12517, 1.75468], [112.13089, 1.75701], [112.13304, 1.75541], [112.14334, 1.75452], [112.14448, 1.75311], [112.14353, 1.75035], [112.14858, 1.74672], [112.15402, 1.74728], [112.15614, 1.74523], [112.16584, 1.74302], [112.16873, 1.73575], [112.17724, 1.72819], [112.17903, 1.71883], [112.17377, 1.71484], [112.17556, 1.71145], [112.17803, 1.7117], [112.18153, 1.70769], [112.18229, 1.70283], [112.18485, 1.69985], [112.184, 1.69729], [112.18016, 1.69644], [112.18011, 1.69373], [112.18579, 1.69134], [112.19148, 1.6802], [112.19625, 1.6777], [112.19921, 1.67201], [112.20216, 1.66974], [112.20216, 1.66576], [112.20773, 1.6611], [112.20648, 1.65917], [112.19216, 1.65883], [112.18409, 1.66133], [112.18181, 1.6578], [112.17942, 1.65757], [112.16908, 1.6603], [112.16396, 1.65973], [112.16156, 1.65713], [112.16187, 1.65455], [112.15899, 1.65258], [112.15914, 1.64773], [112.15126, 1.64364], [112.15156, 1.6397], [112.14853, 1.6353], [112.14731, 1.62742], [112.14474, 1.62393], [112.1367, 1.62318], [112.12352, 1.6253], [112.11427, 1.62287], [112.10866, 1.61984], [112.10821, 1.61711], [112.11093, 1.61348], [112.10608, 1.60953], [112.0982, 1.60832], [112.07728, 1.61666], [112.06184, 1.61685], [112.06304, 1.60943], [112.05925, 1.59851], [112.06092, 1.59503], [112.06471, 1.5926], [112.06516, 1.58715], [112.06334, 1.58411], [112.06304, 1.57699], [112.06152, 1.57638], [112.05804, 1.57744], [112.05228, 1.5832], [112.0497, 1.58169], [112.04303, 1.58472], [112.04121, 1.58275], [112.04151, 1.58032], [112.03575, 1.57335], [112.03515, 1.56987], [112.03333, 1.56941], [112.01999, 1.56926], [112.01241, 1.56653], [112.00817, 1.56774], [111.99892, 1.56759], [111.99574, 1.56593], [111.98891, 1.56668], [111.98315, 1.56244], [111.97254, 1.56274], [111.96875, 1.56577], [111.96224, 1.56638], [111.95799, 1.56305], [111.93235, 1.56304], [111.92507, 1.56107], [111.91795, 1.56183], [111.91355, 1.5641], [111.90824, 1.56319], [111.90552, 1.56607], [111.89581, 1.56698], [111.89051, 1.56986], [111.88884, 1.57532], [111.88341, 1.57471], [111.8807, 1.56824], [111.87282, 1.56538], [111.86312, 1.57428], [111.85932, 1.57268], [111.8538, 1.57483], [111.85153, 1.57979], [111.83905, 1.57266], [111.83451, 1.57891], [111.827, 1.5791], [111.82251, 1.58473], [111.81841, 1.58716], [111.81495, 1.58541], [111.81145, 1.58663], [111.80232, 1.5852], [111.79733, 1.58159], [111.79399, 1.58384], [111.79004, 1.58211], [111.78542, 1.57704], [111.78, 1.57763], [111.77685, 1.57574], [111.77822, 1.57812], [111.77492, 1.58142], [111.7748, 1.58517], [111.77162, 1.5887], [111.77242, 1.59449], [111.76946, 1.59722], [111.76982, 1.60152], [111.76664, 1.60648], [111.75718, 1.60961], [111.75707, 1.61155], [111.75457, 1.61314], [111.75457, 1.61689], [111.74547, 1.61666], [111.74365, 1.6153], [111.73933, 1.6203], [111.73911, 1.63121], [111.74104, 1.63451], [111.74047, 1.64326], [111.74263, 1.64872], [111.74156, 1.65038], [111.72349, 1.65976], [111.72003, 1.65784], [111.72009, 1.65561], [111.71747, 1.65509], [111.71734, 1.65215], [111.70864, 1.65573], [111.70411, 1.65439], [111.69837, 1.6594], [111.69969, 1.66258], [111.69342, 1.67307], [111.6941, 1.68189], [111.69601, 1.68375], [111.6943, 1.68821], [111.69699, 1.6962], [111.69641, 1.69923], [111.70104, 1.7092], [111.7027, 1.71835], [111.7067, 1.72183], [111.7054, 1.73455], [111.7101, 1.73586], [111.70862, 1.7437], [111.71132, 1.74954], [111.70731, 1.75424], [111.7047, 1.75441], [111.70444, 1.76304], [111.71582, 1.77809], [111.72158, 1.78307], [111.72609, 1.78245], [111.72812, 1.78385], [111.72968, 1.79522], [111.73217, 1.79522], [111.73018, 1.80013], [111.73285, 1.80149], [111.73997, 1.79988], [111.7449, 1.80338], [111.74802, 1.80206], [111.74968, 1.80661], [111.75178, 1.80802], [111.74828, 1.80942], [111.74811, 1.81467], [111.75178, 1.81967], [111.75234, 1.8255], [111.75856, 1.83417], [111.76294, 1.83426], [111.75882, 1.8382], [111.75865, 1.84214], [111.75199, 1.84381], [111.74751, 1.84882], [111.74823, 1.85388], [111.75231, 1.85855], [111.75592, 1.8596], [111.76058, 1.86367], [111.7596, 1.86663], [111.75677, 1.86729], [111.75951, 1.87218], [111.75904, 1.87417], [111.75285, 1.87662], [111.75145, 1.88351], [111.74795, 1.88491], [111.74585, 1.88911], [111.74106, 1.8904], [111.73884, 1.88911], [111.73358, 1.8932], [111.73466, 1.9024], [111.73171, 1.9068], [111.73105, 1.91153], [111.73486, 1.91054], [111.73243, 1.91685], [111.73512, 1.91547], [111.7344, 1.91823], [111.73887, 1.92033], [111.74046, 1.91925], [111.74061, 1.92098], [111.74435, 1.92108], [111.74647, 1.923], [111.7409, 1.92758], [111.73819, 1.92497], [111.73256, 1.92585], [111.72684, 1.93189], [111.7207, 1.92953], [111.72157, 1.93829], [111.71386, 1.94731], [111.71553, 1.9516], [111.7135, 1.95488], [111.71543, 1.95795], [111.71315, 1.96294], [111.71412, 1.96679], [111.70886, 1.97511], [111.70676, 1.98618], [111.70928, 1.98472], [111.71079, 1.98588], [111.71123, 1.99258], [111.71612, 1.9944], [111.72011, 1.99975], [111.72835, 1.99988], [111.73273, 1.99752], [111.73636, 1.99942], [111.73882, 1.99769], [111.74178, 2.00054], [111.74934, 2.00135], [111.75201, 1.99843], [111.75391, 2.00289], [111.75213, 2.01054], [111.75425, 2.01508], [111.75944, 2.0136], [111.76656, 2.02172], [111.76755, 2.028], [111.77388, 2.03135], [111.78565, 2.04558], [111.79044, 2.04842], [111.79754, 2.04508], [111.80253, 2.04629], [111.80675, 2.04194], [111.81167, 2.04434], [111.81869, 2.0443], [111.82405, 2.04021], [111.83183, 2.03864], [111.83331, 2.0393], [111.83361, 2.04321], [111.84325, 2.06029], [111.84867, 2.05704], [111.85643, 2.05654], [111.86862, 2.06356], [111.88416, 2.06317], [111.88158, 2.06864], [111.88519, 2.06883], [111.8865, 2.06691], [111.89508, 2.07141], [111.89675, 2.07544], [111.89982, 2.07518]]]]}}, {"type": "Feature", "properties": {"state": "Sarawak", "seat": "N.49 Ngemah", "seat_name": "Ngemah"}, "geometry": {"type": "MultiPolygon", "coordinates": [[[[112.1225, 2.19778], [112.13364, 2.19488], [112.13823, 2.19513], [112.14719, 2.19137], [112.15697, 2.19009], [112.16272, 2.18714], [112.17277, 2.18887], [112.17759, 2.18552], [112.18407, 2.18476], [112.18698, 2.1869], [112.19225, 2.18677], [112.20705, 2.18072], [112.20887, 2.18174], [112.21073, 2.18017], [112.22271, 2.1804], [112.2252, 2.17901], [112.22678, 2.18575], [112.22969, 2.18846], [112.24665, 2.18426], [112.25109, 2.18461], [112.25348, 2.18747], [112.26006, 2.18689], [112.26343, 2.19291], [112.26606, 2.19272], [112.26949, 2.19043], [112.27259, 2.19124], [112.28751, 2.18902], [112.29328, 2.1823], [112.30373, 2.18115], [112.31269, 2.17647], [112.32716, 2.1744], [112.33502, 2.17834], [112.34817, 2.1753], [112.35881, 2.16997], [112.37279, 2.16723], [112.37237, 2.16324], [112.37775, 2.164], [112.38832, 2.15934], [112.40654, 2.15461], [112.41352, 2.14462], [112.41695, 2.13564], [112.41335, 2.13028], [112.40891, 2.13018], [112.40605, 2.12427], [112.40636, 2.11966], [112.40107, 2.11924], [112.39577, 2.11389], [112.39645, 2.11218], [112.40074, 2.1115], [112.40081, 2.10835], [112.39321, 2.09723], [112.39378, 2.09502], [112.4057, 2.08882], [112.40917, 2.08196], [112.4059, 2.07667], [112.39887, 2.07555], [112.39736, 2.07224], [112.39847, 2.06827], [112.39385, 2.06328], [112.38853, 2.06502], [112.37817, 2.06527], [112.37903, 2.06124], [112.3753, 2.05945], [112.3769, 2.04906], [112.38024, 2.04486], [112.38658, 2.04391], [112.38725, 2.04179], [112.39313, 2.03751], [112.4015, 2.03575], [112.40174, 2.03266], [112.39839, 2.03283], [112.4001, 2.02539], [112.39736, 2.02504], [112.40117, 2.01812], [112.40798, 2.01352], [112.41297, 2.01333], [112.42328, 2.00836], [112.42333, 2.00676], [112.41979, 2.00502], [112.42382, 1.99238], [112.42877, 1.99273], [112.43086, 1.9906], [112.43439, 1.99163], [112.44637, 1.98832], [112.45465, 1.98877], [112.4618, 1.98684], [112.46503, 1.98189], [112.46888, 1.97933], [112.47771, 1.9786], [112.4825, 1.98053], [112.48582, 1.97887], [112.48565, 1.97389], [112.48756, 1.96941], [112.4832, 1.9691], [112.48238, 1.96779], [112.48526, 1.96233], [112.4765, 1.9632], [112.47522, 1.95608], [112.47164, 1.95664], [112.47028, 1.95526], [112.46879, 1.9437], [112.46687, 1.94234], [112.46704, 1.93943], [112.46306, 1.93086], [112.46574, 1.92981], [112.46881, 1.92501], [112.46293, 1.91803], [112.46728, 1.91406], [112.46574, 1.90909], [112.46137, 1.90797], [112.46056, 1.90514], [112.46229, 1.90032], [112.46117, 1.89887], [112.45066, 1.89838], [112.45136, 1.89383], [112.44822, 1.88952], [112.44844, 1.88335], [112.44492, 1.88186], [112.44191, 1.88324], [112.43748, 1.88052], [112.43316, 1.88326], [112.43016, 1.88276], [112.42602, 1.87501], [112.42555, 1.86764], [112.42049, 1.8652], [112.42177, 1.8619], [112.42065, 1.85929], [112.41682, 1.86101], [112.41499, 1.85919], [112.41028, 1.86038], [112.40436, 1.85668], [112.39588, 1.85906], [112.39161, 1.85724], [112.38147, 1.86454], [112.37853, 1.86235], [112.37369, 1.86171], [112.37163, 1.85893], [112.37213, 1.85657], [112.37986, 1.85182], [112.38375, 1.85139], [112.38546, 1.84772], [112.39229, 1.84292], [112.38963, 1.8396], [112.39308, 1.83451], [112.39728, 1.83459], [112.4025, 1.83702], [112.41511, 1.83136], [112.41688, 1.82711], [112.41532, 1.82211], [112.41226, 1.82037], [112.41548, 1.81406], [112.4227, 1.8119], [112.42544, 1.81315], [112.42902, 1.80854], [112.43349, 1.80929], [112.44275, 1.80157], [112.4555, 1.79719], [112.45615, 1.7946], [112.44756, 1.78836], [112.44268, 1.78795], [112.43827, 1.78997], [112.43463, 1.78666], [112.43188, 1.78697], [112.43072, 1.7815], [112.42466, 1.78495], [112.42196, 1.78298], [112.41635, 1.78346], [112.4127, 1.7855], [112.40872, 1.78258], [112.40135, 1.78137], [112.39878, 1.77164], [112.39561, 1.76995], [112.39229, 1.76191], [112.3931, 1.75618], [112.39681, 1.75142], [112.39588, 1.74911], [112.39094, 1.74767], [112.38904, 1.75084], [112.38321, 1.74935], [112.38002, 1.7432], [112.37447, 1.7387], [112.3706, 1.73854], [112.3658, 1.74136], [112.35404, 1.74213], [112.35312, 1.74077], [112.34749, 1.74204], [112.34348, 1.73756], [112.3419, 1.73911], [112.33947, 1.73855], [112.33969, 1.73517], [112.33359, 1.73346], [112.31233, 1.74447], [112.30842, 1.74379], [112.3054, 1.74005], [112.30063, 1.71662], [112.29461, 1.71269], [112.29368, 1.70992], [112.2877, 1.70686], [112.28424, 1.70693], [112.28265, 1.70195], [112.2735, 1.70435], [112.26501, 1.70367], [112.26062, 1.6964], [112.25719, 1.69626], [112.25678, 1.6844], [112.25512, 1.68118], [112.25667, 1.67889], [112.26241, 1.67798], [112.25971, 1.6731], [112.26211, 1.6724], [112.27265, 1.67539], [112.27384, 1.67314], [112.2814, 1.67493], [112.2797, 1.66728], [112.28312, 1.66321], [112.27785, 1.65686], [112.27709, 1.65282], [112.27236, 1.6484], [112.27178, 1.64476], [112.26328, 1.63977], [112.26103, 1.64058], [112.2602, 1.64488], [112.25552, 1.64842], [112.24769, 1.64935], [112.24788, 1.65398], [112.24403, 1.65345], [112.23569, 1.65762], [112.22751, 1.65735], [112.22483, 1.66236], [112.22154, 1.66407], [112.22112, 1.67178], [112.21972, 1.67378], [112.20668, 1.68418], [112.19707, 1.6833], [112.19598, 1.67784], [112.19148, 1.6802], [112.18579, 1.69134], [112.18011, 1.69373], [112.18016, 1.69644], [112.184, 1.69729], [112.18485, 1.69985], [112.18229, 1.70283], [112.18153, 1.70769], [112.17803, 1.7117], [112.17556, 1.71145], [112.17377, 1.71484], [112.17903, 1.71883], [112.17724, 1.72819], [112.16873, 1.73575], [112.16584, 1.74302], [112.15614, 1.74523], [112.15402, 1.74728], [112.14858, 1.74672], [112.14353, 1.75035], [112.14448, 1.75311], [112.14334, 1.75452], [112.13304, 1.75541], [112.13089, 1.75701], [112.12517, 1.75468], [112.12264, 1.75721], [112.11279, 1.75484], [112.1064, 1.76162], [112.09576, 1.76209], [112.09687, 1.76548], [112.09576, 1.76832], [112.08518, 1.7744], [112.08838, 1.77808], [112.09374, 1.77808], [112.10993, 1.79474], [112.11798, 1.79858], [112.12376, 1.79828], [112.12833, 1.8], [112.1342, 1.79892], [112.13919, 1.80109], [112.14185, 1.8047], [112.15515, 1.81071], [112.15688, 1.80894], [112.1548, 1.80267], [112.15804, 1.79975], [112.17403, 1.80177], [112.17878, 1.80807], [112.19557, 1.80549], [112.19791, 1.80704], [112.20605, 1.80738], [112.20695, 1.81236], [112.21187, 1.81405], [112.21109, 1.81635], [112.21232, 1.8185], [112.22107, 1.82402], [112.21834, 1.82648], [112.22213, 1.82854], [112.22269, 1.83353], [112.22811, 1.83522], [112.23343, 1.8408], [112.22933, 1.84653], [112.23226, 1.85231], [112.23491, 1.85402], [112.23205, 1.85871], [112.23264, 1.86298], [112.23962, 1.8626], [112.24023, 1.86813], [112.24331, 1.87074], [112.24617, 1.86986], [112.24976, 1.86447], [112.24957, 1.86191], [112.25496, 1.86305], [112.25056, 1.86602], [112.24885, 1.86941], [112.25145, 1.87231], [112.2508, 1.87615], [112.25435, 1.88], [112.25677, 1.8905], [112.25804, 1.89181], [112.26166, 1.89029], [112.26013, 1.8934], [112.26194, 1.90004], [112.26558, 1.90317], [112.2624, 1.90628], [112.2623, 1.91087], [112.2645, 1.9118], [112.26596, 1.91664], [112.26784, 1.91648], [112.26683, 1.91878], [112.26877, 1.92001], [112.26825, 1.92305], [112.27115, 1.92196], [112.27569, 1.92368], [112.27837, 1.9292], [112.28184, 1.9313], [112.28608, 1.93726], [112.2867, 1.94174], [112.28323, 1.94634], [112.27972, 1.94774], [112.27675, 1.95488], [112.2712, 1.95819], [112.27292, 1.96331], [112.28072, 1.96368], [112.28462, 1.96595], [112.29276, 1.96433], [112.29744, 1.97177], [112.29461, 1.9739], [112.29702, 1.97754], [112.29547, 1.98132], [112.28834, 1.98245], [112.28946, 1.98798], [112.28684, 1.99212], [112.29524, 2.00153], [112.29558, 2.00996], [112.2905, 2.01322], [112.29642, 2.02071], [112.28861, 2.02546], [112.28876, 2.02817], [112.28658, 2.03057], [112.28789, 2.03355], [112.28519, 2.0361], [112.28632, 2.0386], [112.28329, 2.04513], [112.28452, 2.04636], [112.27865, 2.05224], [112.27995, 2.05892], [112.26624, 2.06274], [112.24873, 2.06231], [112.24647, 2.04793], [112.24096, 2.04658], [112.23679, 2.04943], [112.24028, 2.05297], [112.23814, 2.05664], [112.23243, 2.0552], [112.22764, 2.05614], [112.2217, 2.06045], [112.21682, 2.06724], [112.21453, 2.06769], [112.21272, 2.07165], [112.21001, 2.07265], [112.20662, 2.07076], [112.20394, 2.07239], [112.19997, 2.07706], [112.20242, 2.08204], [112.20019, 2.08314], [112.19523, 2.07935], [112.19204, 2.07923], [112.18909, 2.08503], [112.18528, 2.08668], [112.18426, 2.08918], [112.16367, 2.09458], [112.16356, 2.09706], [112.15598, 2.09719], [112.15331, 2.11114], [112.15331, 2.12969], [112.15091, 2.13508], [112.14793, 2.13733], [112.14235, 2.13739], [112.12044, 2.12646], [112.11543, 2.12544], [112.11003, 2.12705], [112.10308, 2.13738], [112.09715, 2.14106], [112.09166, 2.14148], [112.07126, 2.13828], [112.07366, 2.1477], [112.08099, 2.14828], [112.08603, 2.15293], [112.08923, 2.15937], [112.09312, 2.15762], [112.10232, 2.16013], [112.09795, 2.16402], [112.09965, 2.17049], [112.10199, 2.17316], [112.10366, 2.17287], [112.10453, 2.1803], [112.11001, 2.18745], [112.109, 2.19346], [112.112, 2.20119], [112.1225, 2.19778]]]]}}, {"type": "Feature", "properties": {"state": "Sarawak", "seat": "N.50 Machan", "seat_name": "Machan"}, "geometry": {"type": "MultiPolygon", "coordinates": [[[[112.11517, 2.12545], [112.11994, 2.12624], [112.14235, 2.13739], [112.14944, 2.13657], [112.15337, 2.12937], [112.15331, 2.11114], [112.15598, 2.09719], [112.16356, 2.09706], [112.16367, 2.09458], [112.18426, 2.08918], [112.18528, 2.08668], [112.18909, 2.08503], [112.19204, 2.07923], [112.19523, 2.07935], [112.20019, 2.08314], [112.20242, 2.08204], [112.19997, 2.07706], [112.20394, 2.07239], [112.20662, 2.07076], [112.21001, 2.07265], [112.21272, 2.07165], [112.21453, 2.06769], [112.21682, 2.06724], [112.2217, 2.06045], [112.22764, 2.05614], [112.23243, 2.0552], [112.23814, 2.05664], [112.24028, 2.05297], [112.23679, 2.04943], [112.24096, 2.04658], [112.24647, 2.04793], [112.24873, 2.06231], [112.26624, 2.06274], [112.27995, 2.05892], [112.27865, 2.05224], [112.28452, 2.04636], [112.28329, 2.04513], [112.28632, 2.0386], [112.28519, 2.0361], [112.28789, 2.03355], [112.28658, 2.03057], [112.28876, 2.02817], [112.28861, 2.02546], [112.29642, 2.02071], [112.2905, 2.01322], [112.29558, 2.00996], [112.29524, 2.00153], [112.28684, 1.99212], [112.28946, 1.98798], [112.28834, 1.98245], [112.29547, 1.98132], [112.29702, 1.97754], [112.29461, 1.9739], [112.29744, 1.97177], [112.29276, 1.96433], [112.28462, 1.96595], [112.28072, 1.96368], [112.27292, 1.96331], [112.2712, 1.95819], [112.27675, 1.95488], [112.27972, 1.94774], [112.28323, 1.94634], [112.2867, 1.94174], [112.28608, 1.93726], [112.28184, 1.9313], [112.27837, 1.9292], [112.27569, 1.92368], [112.27115, 1.92196], [112.26825, 1.92305], [112.26877, 1.92001], [112.26683, 1.91878], [112.26784, 1.91648], [112.26596, 1.91664], [112.2645, 1.9118], [112.2623, 1.91087], [112.2624, 1.90628], [112.26558, 1.90317], [112.26194, 1.90004], [112.26013, 1.8934], [112.26166, 1.89029], [112.25804, 1.89181], [112.25677, 1.8905], [112.25435, 1.88], [112.2508, 1.87615], [112.25145, 1.87231], [112.24885, 1.86941], [112.25056, 1.86602], [112.25496, 1.86305], [112.24957, 1.86191], [112.24976, 1.86447], [112.24617, 1.86986], [112.24331, 1.87074], [112.24023, 1.86813], [112.23962, 1.8626], [112.23264, 1.86298], [112.23205, 1.85871], [112.23491, 1.85402], [112.23226, 1.85231], [112.22933, 1.84653], [112.23343, 1.8408], [112.22811, 1.83522], [112.22269, 1.83353], [112.22213, 1.82854], [112.21834, 1.82648], [112.22107, 1.82402], [112.21232, 1.8185], [112.21109, 1.81635], [112.21187, 1.81405], [112.20695, 1.81236], [112.20605, 1.80738], [112.19791, 1.80704], [112.19557, 1.80549], [112.17878, 1.80807], [112.17403, 1.80177], [112.15804, 1.79975], [112.1548, 1.80267], [112.15688, 1.80894], [112.15515, 1.81071], [112.14185, 1.8047], [112.13919, 1.80109], [112.1342, 1.79892], [112.12833, 1.8], [112.12376, 1.79828], [112.11798, 1.79858], [112.10993, 1.79474], [112.09374, 1.77808], [112.08838, 1.77808], [112.08518, 1.7744], [112.08284, 1.77625], [112.08265, 1.7806], [112.08027, 1.78337], [112.07461, 1.78824], [112.06598, 1.79151], [112.06042, 1.79846], [112.06161, 1.79985], [112.05576, 1.80243], [112.05198, 1.8061], [112.04543, 1.8058], [112.03846, 1.8081], [112.03184, 1.8163], [112.02734, 1.81935], [112.02148, 1.81974], [112.01779, 1.82469], [112.01554, 1.82547], [112.01458, 1.83433], [112.01951, 1.83664], [112.02316, 1.84056], [112.02425, 1.84482], [112.02413, 1.85029], [112.02036, 1.85941], [112.02316, 1.86159], [112.02449, 1.86062], [112.02765, 1.86196], [112.03009, 1.85831], [112.03288, 1.85953], [112.03495, 1.85722], [112.04042, 1.85624], [112.04322, 1.8605], [112.04699, 1.86175], [112.04623, 1.86875], [112.03858, 1.87384], [112.03633, 1.87836], [112.03149, 1.88165], [112.02955, 1.88999], [112.02658, 1.89071], [112.01829, 1.89749], [112.01493, 1.90308], [112.01574, 1.91008], [112.00387, 1.91409], [112.00373, 1.91737], [111.9954, 1.9225], [111.99286, 1.92635], [111.98226, 1.9262], [111.9757, 1.92367], [111.97228, 1.92702], [111.96605, 1.9292], [111.96291, 1.93283], [111.95915, 1.9342], [111.95253, 1.93381], [111.95125, 1.94347], [111.94979, 1.94502], [111.95052, 1.94949], [111.94514, 1.95441], [111.95381, 1.95742], [111.95353, 1.96089], [111.94879, 1.9659], [111.9518, 1.97], [111.95016, 1.97283], [111.95226, 1.97584], [111.94706, 1.97976], [111.94852, 1.98888], [111.95663, 1.99226], [111.96012, 1.992], [111.95971, 1.9979], [111.96638, 2.00697], [111.96525, 2.01082], [111.96643, 2.01272], [111.96284, 2.01631], [111.96278, 2.02164], [111.95601, 2.0199], [111.95347, 2.0218], [111.95962, 2.02495], [111.95832, 2.02974], [111.95689, 2.03023], [111.96187, 2.03801], [111.96139, 2.04458], [111.95883, 2.04676], [111.95713, 2.0526], [111.95859, 2.06124], [111.96316, 2.06138], [111.96592, 2.06522], [111.96906, 2.06477], [111.97061, 2.07055], [111.96683, 2.07195], [111.97399, 2.08866], [111.995, 2.0839], [112.0024, 2.08587], [112.00896, 2.08206], [112.02542, 2.07716], [112.02926, 2.08003], [112.04664, 2.08277], [112.04723, 2.08706], [112.05375, 2.08625], [112.05636, 2.08852], [112.05954, 2.09935], [112.05953, 2.10509], [112.06396, 2.10733], [112.07127, 2.13828], [112.09166, 2.14148], [112.09715, 2.14106], [112.10308, 2.13738], [112.11003, 2.12705], [112.11517, 2.12545]]]]}}, {"type": "Feature", "properties": {"state": "Sarawak", "seat": "N.51 Bukit Assek", "seat_name": "Bukit Assek"}, "geometry": {"type": "MultiPolygon", "coordinates": [[[[111.834, 2.29753], [111.83697, 2.29904], [111.83809, 2.29722], [111.85136, 2.30451], [111.85497, 2.30208], [111.85491, 2.29822], [111.85727, 2.29848], [111.85716, 2.29575], [111.86502, 2.29351], [111.87749, 2.28597], [111.87381, 2.28254], [111.88618, 2.27218], [111.93332, 2.2429], [111.92592, 2.24008], [111.92031, 2.23346], [111.91972, 2.23056], [111.91487, 2.23227], [111.91422, 2.22805], [111.91166, 2.22661], [111.9116, 2.22186], [111.90879, 2.22564], [111.90474, 2.22539], [111.90206, 2.22817], [111.90416, 2.2305], [111.90101, 2.23519], [111.89527, 2.23554], [111.89213, 2.23163], [111.89141, 2.22842], [111.88666, 2.22347], [111.90879, 2.20257], [111.90123, 2.19528], [111.90257, 2.19434], [111.89973, 2.18803], [111.89548, 2.18696], [111.88888, 2.18068], [111.87887, 2.1917], [111.87251, 2.19458], [111.87259, 2.19746], [111.87557, 2.20005], [111.87423, 2.20248], [111.85811, 2.20725], [111.85861, 2.22307], [111.86104, 2.22455], [111.86103, 2.23209], [111.85024, 2.23183], [111.84027, 2.23442], [111.84116, 2.24115], [111.86146, 2.24136], [111.86465, 2.24439], [111.86983, 2.24464], [111.87021, 2.25259], [111.86852, 2.2564], [111.87133, 2.25852], [111.86977, 2.25921], [111.87082, 2.26256], [111.8679, 2.26562], [111.86518, 2.26558], [111.86515, 2.26791], [111.86039, 2.2665], [111.86131, 2.27087], [111.85441, 2.26594], [111.85014, 2.27072], [111.855, 2.27626], [111.85793, 2.27437], [111.86266, 2.27915], [111.85872, 2.2833], [111.85424, 2.27946], [111.85185, 2.28102], [111.84851, 2.27757], [111.84538, 2.27791], [111.84031, 2.28533], [111.83657, 2.28339], [111.83427, 2.28583], [111.83635, 2.2884], [111.8242, 2.2812], [111.81876, 2.28347], [111.81893, 2.28709], [111.82504, 2.28746], [111.82357, 2.28991], [111.81761, 2.29306], [111.82155, 2.30598], [111.82728, 2.30376], [111.834, 2.29753]]]]}}, {"type": "Feature", "properties": {"state": "Sarawak", "seat": "N.52 Dudong", "seat_name": "Dudong"}, "geometry": {"type": "MultiPolygon", "coordinates": [[[[112.00598, 2.2981], [112.01499, 2.29479], [112.01315, 2.29149], [112.01396, 2.28992], [112.01173, 2.28984], [112.01326, 2.28786], [112.01183, 2.28567], [112.01281, 2.28168], [112.01994, 2.27643], [112.02096, 2.27709], [112.02214, 2.27445], [112.02614, 2.27275], [112.02971, 2.27588], [112.03732, 2.27584], [112.03962, 2.26883], [112.0338, 2.26315], [112.04573, 2.25562], [112.05044, 2.24957], [112.05668, 2.24843], [112.05744, 2.24151], [112.06629, 2.23792], [112.07111, 2.23231], [112.07891, 2.23046], [112.08819, 2.22503], [112.09389, 2.22608], [112.09994, 2.2212], [112.10608, 2.22167], [112.10544, 2.21741], [112.10822, 2.21467], [112.10725, 2.2125], [112.11323, 2.2037], [112.109, 2.19346], [112.11001, 2.18745], [112.10453, 2.1803], [112.10366, 2.17287], [112.10199, 2.17316], [112.09965, 2.17049], [112.09795, 2.16402], [112.10232, 2.16013], [112.09312, 2.15762], [112.08923, 2.15937], [112.08603, 2.15293], [112.08099, 2.14828], [112.07354, 2.14753], [112.06396, 2.10733], [112.05953, 2.10509], [112.05778, 2.09104], [112.05544, 2.08737], [112.05375, 2.08625], [112.04723, 2.08706], [112.04664, 2.08277], [112.02926, 2.08003], [112.02488, 2.07712], [112.00896, 2.08206], [112.0024, 2.08587], [111.995, 2.0839], [111.97399, 2.08866], [111.96683, 2.07195], [111.97061, 2.07055], [111.96973, 2.06601], [111.96906, 2.06477], [111.96592, 2.06522], [111.96393, 2.06192], [111.96105, 2.06084], [111.95359, 2.06301], [111.9473, 2.06293], [111.93884, 2.06756], [111.93381, 2.06124], [111.92683, 2.06078], [111.92103, 2.06783], [111.91218, 2.06721], [111.90956, 2.06486], [111.90683, 2.07017], [111.89884, 2.07575], [111.89675, 2.07544], [111.89508, 2.07141], [111.89158, 2.07064], [111.89104, 2.06872], [111.88585, 2.06676], [111.88519, 2.06883], [111.88158, 2.06864], [111.88416, 2.06317], [111.86862, 2.06356], [111.85643, 2.05654], [111.84867, 2.05704], [111.84325, 2.06029], [111.83361, 2.04321], [111.83331, 2.0393], [111.83183, 2.03864], [111.82405, 2.04021], [111.81869, 2.0443], [111.81167, 2.04434], [111.80675, 2.04194], [111.80253, 2.04629], [111.79524, 2.04554], [111.79239, 2.04858], [111.78565, 2.04558], [111.78796, 2.05757], [111.78672, 2.06538], [111.7771, 2.09149], [111.78008, 2.12009], [111.78601, 2.12049], [111.78545, 2.17404], [111.79517, 2.17182], [111.80952, 2.18289], [111.81515, 2.19151], [111.81765, 2.20656], [111.81563, 2.20779], [111.81802, 2.2104], [111.82177, 2.21134], [111.82305, 2.2148], [111.82999, 2.22138], [111.81676, 2.23563], [111.81972, 2.2417], [111.81849, 2.24235], [111.81804, 2.25319], [111.81609, 2.25114], [111.80926, 2.24993], [111.80234, 2.26147], [111.80107, 2.27012], [111.80451, 2.27863], [111.81444, 2.28347], [111.82006, 2.28324], [111.8242, 2.2812], [111.83635, 2.2884], [111.83427, 2.28583], [111.83657, 2.28339], [111.84031, 2.28533], [111.84538, 2.27791], [111.84883, 2.27763], [111.85185, 2.28102], [111.85424, 2.27946], [111.85872, 2.2833], [111.86266, 2.27915], [111.85793, 2.27437], [111.855, 2.27626], [111.85014, 2.27072], [111.85441, 2.26594], [111.86131, 2.27087], [111.86039, 2.2665], [111.86515, 2.26791], [111.86518, 2.26558], [111.8679, 2.26562], [111.87082, 2.26256], [111.86977, 2.25921], [111.87133, 2.25852], [111.86852, 2.2564], [111.87021, 2.25259], [111.86983, 2.24464], [111.86465, 2.24439], [111.86146, 2.24136], [111.84116, 2.24115], [111.84027, 2.23442], [111.85024, 2.23183], [111.86103, 2.23209], [111.86104, 2.22455], [111.85861, 2.22307], [111.85811, 2.20725], [111.87423, 2.20248], [111.87557, 2.20005], [111.87259, 2.19746], [111.87251, 2.19458], [111.87887, 2.1917], [111.88888, 2.18068], [111.89548, 2.18696], [111.89973, 2.18803], [111.90257, 2.19434], [111.90123, 2.19528], [111.90879, 2.20257], [111.88666, 2.22347], [111.89527, 2.23554], [111.90101, 2.23519], [111.90416, 2.2305], [111.90206, 2.22817], [111.90474, 2.22539], [111.90879, 2.22564], [111.9116, 2.22186], [111.91166, 2.22661], [111.91422, 2.22805], [111.91487, 2.23227], [111.91972, 2.23056], [111.92031, 2.23346], [111.92592, 2.24008], [111.93328, 2.24282], [111.92898, 2.24535], [111.93119, 2.25418], [111.93803, 2.25984], [111.9441, 2.27007], [111.94356, 2.27233], [111.94862, 2.2778], [111.9564, 2.28383], [111.96104, 2.27645], [111.96592, 2.2779], [111.97029, 2.27321], [111.97421, 2.27243], [111.97366, 2.28047], [111.96526, 2.28742], [111.96649, 2.28923], [111.9737, 2.29332], [111.97528, 2.29264], [111.97428, 2.28385], [111.97721, 2.28409], [111.97997, 2.28076], [111.98492, 2.27971], [111.99104, 2.28686], [111.99425, 2.28807], [111.9939, 2.29078], [111.99667, 2.29491], [111.99639, 2.29877], [111.99899, 2.30171], [112.00598, 2.2981]]]]}}, {"type": "Feature", "properties": {"state": "Sarawak", "seat": "N.53 Bawang Assan", "seat_name": "Bawang Assan"}, "geometry": {"type": "MultiPolygon", "coordinates": [[[[111.80154, 2.71288], [111.81388, 2.71295], [111.81681, 2.71153], [111.81861, 2.70809], [111.8287, 2.71306], [111.84183, 2.69496], [111.85246, 2.68379], [111.85494, 2.67561], [111.86471, 2.67588], [111.87806, 2.68405], [111.88328, 2.68279], [111.88287, 2.65742], [111.93302, 2.65672], [111.93302, 2.58244], [111.93696, 2.58262], [111.93688, 2.56425], [111.94044, 2.56434], [111.94052, 2.53715], [111.93403, 2.48847], [111.93913, 2.48406], [111.93954, 2.47562], [111.93679, 2.47026], [111.94124, 2.46107], [111.94393, 2.44736], [111.94197, 2.44376], [111.94309, 2.43237], [111.94103, 2.43081], [111.93923, 2.42568], [111.94667, 2.42214], [111.95414, 2.4144], [111.95438, 2.41113], [111.95707, 2.41122], [111.95949, 2.40922], [111.96532, 2.41122], [111.96881, 2.41052], [111.97237, 2.40731], [111.96667, 2.40016], [111.96293, 2.39872], [111.96312, 2.38829], [111.98654, 2.39182], [111.99256, 2.39403], [112.00184, 2.39141], [111.99686, 2.38051], [111.99907, 2.38063], [111.99971, 2.37702], [112.00372, 2.37545], [112.00701, 2.36996], [112.00764, 2.3653], [111.99957, 2.35982], [112.00446, 2.35425], [112.00341, 2.34803], [112.00784, 2.34316], [112.0079, 2.33978], [112.00452, 2.33757], [112.00386, 2.33386], [111.97057, 2.3342], [111.97057, 2.34426], [111.96223, 2.34426], [111.96234, 2.35726], [111.96036, 2.36024], [111.94528, 2.36107], [111.94208, 2.35932], [111.9366, 2.36086], [111.92869, 2.36686], [111.92459, 2.36516], [111.9221, 2.36849], [111.91832, 2.36849], [111.91577, 2.37194], [111.91089, 2.37086], [111.90795, 2.37985], [111.89953, 2.38077], [111.89499, 2.3913], [111.88648, 2.3921], [111.88527, 2.38815], [111.87074, 2.39185], [111.86764, 2.3906], [111.86752, 2.38323], [111.86489, 2.38312], [111.86408, 2.38137], [111.86092, 2.38653], [111.85716, 2.38756], [111.84691, 2.37847], [111.83397, 2.37187], [111.83417, 2.364], [111.8293, 2.36379], [111.82996, 2.36241], [111.82707, 2.35658], [111.82374, 2.35583], [111.82587, 2.35155], [111.82385, 2.3501], [111.82067, 2.3523], [111.82048, 2.3487], [111.81654, 2.34656], [111.81143, 2.33429], [111.80821, 2.3375], [111.80753, 2.34133], [111.80858, 2.34494], [111.81219, 2.34842], [111.80755, 2.35056], [111.80252, 2.34932], [111.80176, 2.34655], [111.80549, 2.33665], [111.8058, 2.32242], [111.80858, 2.32061], [111.81457, 2.3227], [111.81687, 2.32536], [111.81808, 2.32422], [111.81409, 2.32042], [111.81703, 2.3185], [111.81005, 2.3077], [111.80994, 2.29662], [111.81374, 2.29344], [111.82357, 2.28991], [111.82504, 2.28746], [111.81893, 2.28709], [111.81876, 2.28347], [111.81143, 2.28283], [111.80513, 2.27927], [111.80174, 2.2735], [111.80131, 2.26457], [111.80926, 2.24993], [111.81609, 2.25114], [111.81804, 2.25319], [111.81849, 2.24235], [111.81972, 2.2417], [111.81676, 2.23563], [111.82999, 2.22138], [111.82305, 2.2148], [111.82177, 2.21134], [111.81802, 2.2104], [111.81563, 2.20779], [111.81765, 2.20656], [111.81515, 2.19151], [111.80952, 2.18289], [111.79517, 2.17182], [111.78545, 2.17404], [111.78552, 2.16005], [111.7787, 2.16231], [111.76746, 2.16262], [111.76628, 2.15988], [111.76407, 2.16279], [111.7498, 2.16787], [111.74587, 2.17183], [111.75123, 2.18409], [111.7413, 2.1917], [111.73531, 2.19206], [111.72237, 2.19689], [111.72453, 2.20023], [111.71147, 2.20808], [111.71714, 2.22135], [111.71443, 2.22425], [111.70622, 2.2236], [111.70604, 2.22774], [111.69974, 2.24271], [111.69909, 2.25392], [111.69445, 2.26449], [111.68638, 2.27104], [111.68292, 2.27203], [111.67881, 2.27775], [111.67707, 2.26895], [111.67179, 2.2699], [111.66697, 2.26797], [111.66576, 2.28744], [111.64674, 2.28237], [111.64786, 2.28665], [111.64561, 2.28773], [111.6474, 2.29742], [111.64506, 2.29894], [111.64373, 2.30359], [111.64595, 2.32343], [111.64361, 2.32489], [111.64139, 2.32391], [111.63851, 2.32954], [111.64216, 2.33523], [111.63888, 2.33974], [111.6417, 2.34334], [111.63951, 2.35156], [111.64163, 2.35376], [111.62767, 2.36013], [111.6128, 2.35968], [111.61219, 2.38122], [111.62101, 2.38642], [111.62033, 2.39087], [111.66811, 2.38986], [111.67686, 2.38902], [111.67686, 2.385], [111.70737, 2.3848], [111.7225, 2.40516], [111.73744, 2.4396], [111.73454, 2.44098], [111.74484, 2.46781], [111.75543, 2.49037], [111.75301, 2.50788], [111.74549, 2.5199], [111.76647, 2.54423], [111.76087, 2.55163], [111.76473, 2.55888], [111.76385, 2.56044], [111.76096, 2.55987], [111.76, 2.5642], [111.75836, 2.56317], [111.75124, 2.57275], [111.75176, 2.5746], [111.7554, 2.57584], [111.75722, 2.63455], [111.76161, 2.63533], [111.7617, 2.68461], [111.77845, 2.68598], [111.77809, 2.70721], [111.80154, 2.71288]]]]}}, {"type": "Feature", "properties": {"state": "Sarawak", "seat": "N.54 Pelawan", "seat_name": "Pelawan"}, "geometry": {"type": "MultiPolygon", "coordinates": [[[[111.84006, 2.34725], [111.85275, 2.34754], [111.85336, 2.34482], [111.85024, 2.3414], [111.85104, 2.32908], [111.84645, 2.3265], [111.84221, 2.31696], [111.84888, 2.3144], [111.84464, 2.31358], [111.84582, 2.31277], [111.84438, 2.30663], [111.84586, 2.30489], [111.84831, 2.30487], [111.85175, 2.30826], [111.85513, 2.30695], [111.85445, 2.30517], [111.85195, 2.30507], [111.83809, 2.29722], [111.83697, 2.29904], [111.83435, 2.29696], [111.82728, 2.30376], [111.82155, 2.30598], [111.82, 2.30213], [111.81683, 2.30279], [111.81683, 2.30536], [111.81886, 2.30717], [111.81638, 2.30882], [111.8215, 2.31325], [111.81865, 2.32023], [111.82658, 2.3273], [111.826, 2.32936], [111.8219, 2.33147], [111.82328, 2.33766], [111.82731, 2.33908], [111.82742, 2.34275], [111.83505, 2.34171], [111.83638, 2.34798], [111.84006, 2.34725]]]]}}, {"type": "Feature", "properties": {"state": "Sarawak", "seat": "N.55 Nangka", "seat_name": "Nangka"}, "geometry": {"type": "MultiPolygon", "coordinates": [[[[111.89499, 2.3913], [111.89953, 2.38077], [111.90795, 2.37985], [111.91089, 2.37086], [111.91577, 2.37194], [111.91832, 2.36849], [111.9221, 2.36849], [111.92459, 2.36516], [111.92869, 2.36686], [111.9366, 2.36086], [111.94208, 2.35932], [111.94528, 2.36107], [111.96155, 2.35934], [111.96219, 2.33722], [111.95088, 2.33764], [111.95029, 2.32467], [111.95196, 2.32736], [111.95385, 2.32754], [111.95581, 2.32325], [111.95296, 2.32218], [111.95296, 2.32061], [111.95588, 2.31871], [111.95069, 2.30853], [111.9511, 2.30156], [111.95297, 2.30144], [111.95739, 2.29667], [111.96141, 2.301], [111.96394, 2.30918], [111.9614, 2.31335], [111.96138, 2.31719], [111.9674, 2.3122], [111.9676, 2.30967], [111.98049, 2.3151], [111.98516, 2.31371], [111.98854, 2.30914], [111.9932, 2.30815], [112.00466, 2.32055], [112.01269, 2.3214], [112.01788, 2.33372], [112.06208, 2.3334], [112.06056, 2.31093], [112.05182, 2.31349], [112.04318, 2.31244], [112.04281, 2.31468], [112.0325, 2.31498], [112.03281, 2.29949], [112.03874, 2.29193], [112.04596, 2.29264], [112.05381, 2.30168], [112.06307, 2.29771], [112.06922, 2.29989], [112.07197, 2.29822], [112.07298, 2.29438], [112.0789, 2.29228], [112.0801, 2.29561], [112.08779, 2.29993], [112.08688, 2.30267], [112.09082, 2.30964], [112.10194, 2.31341], [112.10263, 2.31788], [112.10919, 2.31709], [112.11524, 2.31143], [112.11942, 2.31371], [112.12094, 2.3176], [112.12869, 2.31395], [112.13789, 2.30729], [112.13204, 2.30375], [112.13222, 2.2995], [112.13458, 2.29629], [112.14151, 2.3017], [112.14748, 2.30379], [112.1502, 2.30274], [112.15644, 2.29644], [112.15681, 2.29468], [112.15267, 2.29183], [112.15416, 2.28659], [112.15202, 2.28705], [112.14553, 2.2766], [112.14283, 2.27657], [112.13748, 2.28138], [112.13135, 2.27738], [112.12984, 2.27319], [112.12803, 2.27556], [112.12673, 2.27513], [112.12686, 2.27028], [112.12328, 2.25842], [112.13642, 2.2539], [112.13359, 2.24857], [112.1332, 2.23577], [112.12836, 2.22591], [112.12122, 2.22248], [112.11099, 2.22064], [112.10817, 2.21431], [112.10544, 2.21741], [112.10608, 2.22167], [112.09994, 2.2212], [112.09507, 2.22568], [112.08819, 2.22503], [112.07891, 2.23046], [112.07111, 2.23231], [112.06629, 2.23792], [112.05744, 2.24151], [112.05668, 2.24843], [112.05044, 2.24957], [112.04573, 2.25562], [112.0338, 2.26315], [112.03962, 2.26883], [112.03732, 2.27584], [112.02971, 2.27588], [112.02614, 2.27275], [112.02303, 2.27384], [112.02096, 2.27709], [112.01994, 2.27643], [112.01281, 2.28168], [112.01183, 2.28567], [112.01326, 2.28786], [112.01173, 2.28984], [112.01396, 2.28992], [112.01315, 2.29149], [112.01499, 2.29479], [111.99899, 2.30171], [111.99639, 2.29877], [111.99667, 2.29491], [111.9939, 2.29078], [111.99425, 2.28807], [111.99104, 2.28686], [111.9852, 2.27979], [111.97997, 2.28076], [111.97721, 2.28409], [111.97428, 2.28385], [111.97443, 2.29307], [111.96642, 2.28917], [111.96526, 2.28742], [111.97366, 2.28047], [111.97421, 2.27243], [111.97029, 2.27321], [111.96592, 2.2779], [111.96104, 2.27645], [111.9564, 2.28383], [111.94862, 2.2778], [111.94356, 2.27233], [111.9441, 2.27007], [111.93803, 2.25984], [111.93119, 2.25418], [111.92898, 2.24535], [111.88618, 2.27218], [111.87381, 2.28254], [111.87749, 2.28597], [111.86502, 2.29351], [111.85716, 2.29575], [111.85727, 2.29848], [111.85491, 2.29822], [111.85497, 2.30208], [111.85136, 2.30451], [111.85445, 2.30517], [111.85513, 2.30696], [111.85175, 2.30826], [111.84831, 2.30487], [111.84458, 2.30623], [111.84582, 2.31277], [111.84464, 2.31358], [111.84888, 2.3144], [111.84221, 2.31696], [111.84645, 2.3265], [111.85104, 2.32908], [111.85024, 2.3414], [111.85336, 2.34482], [111.85275, 2.34754], [111.83653, 2.34806], [111.83505, 2.34171], [111.82742, 2.34275], [111.82731, 2.33908], [111.82328, 2.33766], [111.8219, 2.33147], [111.82664, 2.32766], [111.81865, 2.32023], [111.8215, 2.31327], [111.81638, 2.30882], [111.81886, 2.30717], [111.81683, 2.30536], [111.81683, 2.30279], [111.82, 2.30213], [111.81761, 2.29306], [111.81887, 2.29248], [111.81126, 2.29487], [111.80946, 2.2989], [111.80977, 2.3066], [111.81703, 2.3185], [111.81409, 2.32042], [111.81808, 2.32422], [111.81687, 2.32536], [111.81457, 2.3227], [111.80858, 2.32061], [111.8058, 2.32242], [111.80549, 2.33665], [111.80176, 2.34655], [111.80252, 2.34932], [111.80755, 2.35056], [111.81219, 2.34842], [111.80858, 2.34494], [111.80753, 2.34133], [111.80821, 2.3375], [111.81143, 2.33429], [111.81654, 2.34656], [111.82048, 2.3487], [111.82067, 2.3523], [111.82385, 2.3501], [111.82587, 2.35155], [111.82374, 2.35583], [111.82707, 2.35658], [111.82996, 2.36241], [111.8293, 2.36379], [111.83417, 2.364], [111.83397, 2.37187], [111.83675, 2.37386], [111.84691, 2.37847], [111.85716, 2.38756], [111.86092, 2.38653], [111.86408, 2.38137], [111.86489, 2.38312], [111.86752, 2.38323], [111.86764, 2.3906], [111.87074, 2.39185], [111.88527, 2.38815], [111.88648, 2.3921], [111.89499, 2.3913]]]]}}, {"type": "Feature", "properties": {"state": "Sarawak", "seat": "N.56 Dalat", "seat_name": "Dalat"}, "geometry": {"type": "MultiPolygon", "coordinates": [[[[111.86743, 2.87591], [111.87452, 2.87356], [111.89549, 2.87577], [111.88739, 2.86608], [111.87688, 2.86242], [111.89402, 2.84007], [111.89507, 2.83673], [111.8941, 2.82445], [111.90512, 2.80935], [111.9135, 2.8158], [111.92463, 2.82102], [111.93308, 2.82124], [111.93511, 2.8184], [111.94797, 2.82267], [111.95127, 2.81384], [111.957, 2.81602], [111.95984, 2.80977], [111.96535, 2.81175], [111.9653, 2.81453], [111.96734, 2.81566], [111.96916, 2.81384], [111.97146, 2.81507], [111.97599, 2.8131], [111.98899, 2.81346], [111.99544, 2.812], [112.00594, 2.81347], [112.01569, 2.78801], [112.031, 2.79106], [112.031, 2.73346], [112.04925, 2.7337], [112.04894, 2.72259], [112.07048, 2.72114], [112.09184, 2.6994], [112.10108, 2.69314], [112.1104, 2.68405], [112.11437, 2.68291], [112.11473, 2.68029], [112.11886, 2.67986], [112.11891, 2.67797], [112.10852, 2.67663], [112.10471, 2.67406], [112.09038, 2.67442], [112.0888, 2.67273], [112.08868, 2.66455], [112.08541, 2.65918], [112.08107, 2.65965], [112.07105, 2.64765], [112.06476, 2.64147], [112.06249, 2.64165], [112.06167, 2.63956], [112.05367, 2.63783], [112.04849, 2.63347], [112.03982, 2.63234], [112.03478, 2.62892], [112.03933, 2.62606], [112.03863, 2.62271], [112.02832, 2.6263], [112.02902, 2.62333], [112.03264, 2.62142], [112.0337, 2.61829], [112.02534, 2.61678], [112.02401, 2.61913], [112.01808, 2.61758], [112.0168, 2.60743], [112.01478, 2.60594], [112.00634, 2.60453], [111.99682, 2.59724], [111.98117, 2.59823], [111.98019, 2.5931], [111.97633, 2.58943], [111.95866, 2.59267], [111.95658, 2.59035], [111.95634, 2.58424], [111.95437, 2.58267], [111.93302, 2.58244], [111.93302, 2.65672], [111.88287, 2.65742], [111.88328, 2.68279], [111.87865, 2.68396], [111.86471, 2.67588], [111.85494, 2.67561], [111.85246, 2.68379], [111.83717, 2.70077], [111.82746, 2.71544], [111.83205, 2.71904], [111.84801, 2.71956], [111.84615, 2.73519], [111.84322, 2.74012], [111.84612, 2.74379], [111.81623, 2.76931], [111.81735, 2.79395], [111.81545, 2.79402], [111.81676, 2.81001], [111.79026, 2.81208], [111.79109, 2.84272], [111.78946, 2.86496], [111.83871, 2.87376], [111.85862, 2.87648], [111.86743, 2.87591]]]]}}, {"type": "Feature", "properties": {"state": "Sarawak", "seat": "N.57 Tellian", "seat_name": "Tellian"}, "geometry": {"type": "MultiPolygon", "coordinates": [[[[112.09207, 2.89562], [112.09594, 2.88693], [112.097, 2.87327], [112.10072, 2.87686], [112.11558, 2.87808], [112.12385, 2.86873], [112.12294, 2.8548], [112.1246, 2.85084], [112.12637, 2.85085], [112.12771, 2.84529], [112.12675, 2.84073], [112.13133, 2.83946], [112.13633, 2.83564], [112.13531, 2.80434], [112.14167, 2.80593], [112.14528, 2.8003], [112.1417, 2.79814], [112.14176, 2.77847], [112.15099, 2.7811], [112.1579, 2.78099], [112.16395, 2.77526], [112.16645, 2.77597], [112.16731, 2.77386], [112.17552, 2.77364], [112.17548, 2.77179], [112.17741, 2.77405], [112.18409, 2.77618], [112.18483, 2.78047], [112.19288, 2.78438], [112.19811, 2.78512], [112.19935, 2.78758], [112.20447, 2.78169], [112.21179, 2.77974], [112.21321, 2.77647], [112.21939, 2.77691], [112.22661, 2.77462], [112.22835, 2.77645], [112.23196, 2.76926], [112.2338, 2.76912], [112.23507, 2.77109], [112.23864, 2.76881], [112.24329, 2.76999], [112.2501, 2.76098], [112.25299, 2.76767], [112.25866, 2.76608], [112.26568, 2.7558], [112.27083, 2.76039], [112.27581, 2.7593], [112.27803, 2.75144], [112.2811, 2.74984], [112.28613, 2.75087], [112.29198, 2.74934], [112.29391, 2.74607], [112.29364, 2.74197], [112.29793, 2.73402], [112.31871, 2.72402], [112.3221, 2.72443], [112.3284, 2.71868], [112.32829, 2.71714], [112.3315, 2.7179], [112.33516, 2.7153], [112.34265, 2.71567], [112.34403, 2.69524], [112.34137, 2.69375], [112.33622, 2.68557], [112.33354, 2.67705], [112.33044, 2.67392], [112.32899, 2.66947], [112.33119, 2.66877], [112.33216, 2.67067], [112.33424, 2.66917], [112.33532, 2.67217], [112.33622, 2.66838], [112.34111, 2.66721], [112.34047, 2.65129], [112.33882, 2.64935], [112.33637, 2.64991], [112.32367, 2.64475], [112.3292, 2.62931], [112.32751, 2.61808], [112.33198, 2.61365], [112.33595, 2.60474], [112.33696, 2.59019], [112.33483, 2.56624], [112.33143, 2.56645], [112.33073, 2.56779], [112.32895, 2.5662], [112.32451, 2.56905], [112.31866, 2.56268], [112.3182, 2.56443], [112.31509, 2.56515], [112.31362, 2.564], [112.29931, 2.56861], [112.2969, 2.56524], [112.29129, 2.56558], [112.29079, 2.56336], [112.29362, 2.56118], [112.30584, 2.55938], [112.3069, 2.55662], [112.30481, 2.55234], [112.2947, 2.55283], [112.29227, 2.54944], [112.29627, 2.54638], [112.29504, 2.54494], [112.29158, 2.54632], [112.28566, 2.54458], [112.28253, 2.54687], [112.28305, 2.54852], [112.27268, 2.5482], [112.27255, 2.54138], [112.27481, 2.5365], [112.27044, 2.5308], [112.27244, 2.52885], [112.27168, 2.52276], [112.26686, 2.52084], [112.26187, 2.52357], [112.25866, 2.51249], [112.25171, 2.50734], [112.24886, 2.50955], [112.24465, 2.50713], [112.23937, 2.50934], [112.23807, 2.50525], [112.23582, 2.50608], [112.23392, 2.50463], [112.2314, 2.50747], [112.22863, 2.50542], [112.22353, 2.50763], [112.22522, 2.50013], [112.22464, 2.49665], [112.22167, 2.49506], [112.22444, 2.48878], [112.21701, 2.48789], [112.21413, 2.49136], [112.21027, 2.48868], [112.20809, 2.48587], [112.20862, 2.48141], [112.20667, 2.47778], [112.2085, 2.4764], [112.20684, 2.47175], [112.20142, 2.47119], [112.19414, 2.47616], [112.19319, 2.47855], [112.18933, 2.4788], [112.18267, 2.48268], [112.17796, 2.48826], [112.18478, 2.49663], [112.18951, 2.50817], [112.18516, 2.51153], [112.1779, 2.51211], [112.17515, 2.51072], [112.14694, 2.51301], [112.13541, 2.51557], [112.1318, 2.51875], [112.1256, 2.51958], [112.11541, 2.51943], [112.10378, 2.51533], [112.07249, 2.51714], [112.0648, 2.51429], [112.06095, 2.51619], [112.04904, 2.51588], [112.03341, 2.5186], [112.02506, 2.51596], [112.02071, 2.51703], [112.01341, 2.51533], [112.00052, 2.51548], [111.99884, 2.51627], [111.99916, 2.52991], [111.99397, 2.53776], [111.98427, 2.54289], [111.98155, 2.54229], [111.97989, 2.53932], [111.97037, 2.54051], [111.96882, 2.5392], [111.96644, 2.52944], [111.95799, 2.52052], [111.95764, 2.51647], [111.95978, 2.511], [111.95787, 2.50517], [111.95311, 2.50374], [111.95073, 2.49946], [111.93859, 2.49721], [111.9374, 2.499], [111.93457, 2.49875], [111.94052, 2.53715], [111.94044, 2.56434], [111.93688, 2.56425], [111.93696, 2.58262], [111.95437, 2.58267], [111.95634, 2.58424], [111.95658, 2.59035], [111.95866, 2.59267], [111.97633, 2.58943], [111.98019, 2.5931], [111.98117, 2.59823], [111.99682, 2.59724], [112.00634, 2.60453], [112.01478, 2.60594], [112.0168, 2.60743], [112.01808, 2.61758], [112.02401, 2.61913], [112.02534, 2.61678], [112.0337, 2.61829], [112.03264, 2.62142], [112.02902, 2.62333], [112.02832, 2.6263], [112.03863, 2.62271], [112.03933, 2.62606], [112.03478, 2.62892], [112.03982, 2.63234], [112.04849, 2.63347], [112.05367, 2.63783], [112.06167, 2.63956], [112.06249, 2.64165], [112.06476, 2.64147], [112.07105, 2.64765], [112.08107, 2.65965], [112.08541, 2.65918], [112.08868, 2.66455], [112.0888, 2.67273], [112.09038, 2.67442], [112.10471, 2.67406], [112.10852, 2.67663], [112.11906, 2.67873], [112.1185, 2.68007], [112.11473, 2.68029], [112.11437, 2.68291], [112.1104, 2.68405], [112.10108, 2.69314], [112.09184, 2.6994], [112.07048, 2.72114], [112.04894, 2.72259], [112.04925, 2.7337], [112.031, 2.73346], [112.031, 2.79106], [112.01569, 2.78801], [112.00594, 2.81347], [111.99544, 2.812], [111.98899, 2.81346], [111.97599, 2.8131], [111.97146, 2.81507], [111.96916, 2.81384], [111.96734, 2.81566], [111.9653, 2.81453], [111.96535, 2.81175], [111.95984, 2.80977], [111.957, 2.81602], [111.95127, 2.81384], [111.94797, 2.82267], [111.93511, 2.8184], [111.93308, 2.82124], [111.92463, 2.82102], [111.9135, 2.8158], [111.90512, 2.80935], [111.8941, 2.82445], [111.89507, 2.83673], [111.89402, 2.84007], [111.87688, 2.86244], [111.88739, 2.86608], [111.89549, 2.87577], [111.98991, 2.89021], [112.0816, 2.91168], [112.08572, 2.91144], [112.08889, 2.90785], [112.08947, 2.89836], [112.09207, 2.89562]]]]}}, {"type": "Feature", "properties": {"state": "Sarawak", "seat": "N.58 Balingian", "seat_name": "Balingian"}, "geometry": {"type": "MultiPolygon", "coordinates": [[[[112.70321, 3.04936], [112.70625, 3.04865], [112.70785, 3.044], [112.71045, 3.04384], [112.71165, 3.04092], [112.7156, 3.04199], [112.71923, 3.02762], [112.71991, 3.02241], [112.71869, 3.0204], [112.72367, 3.01067], [112.72619, 2.99578], [112.72438, 2.98955], [112.7244, 2.97729], [112.72247, 2.97541], [112.7235, 2.96782], [112.72179, 2.96623], [112.72585, 2.95953], [112.72309, 2.95384], [112.72371, 2.94921], [112.7216, 2.94135], [112.72401, 2.93899], [112.72269, 2.93642], [112.72429, 2.93364], [112.72371, 2.92869], [112.72085, 2.92432], [112.72163, 2.92026], [112.72036, 2.91591], [112.7191, 2.9171], [112.71763, 2.91485], [112.7157, 2.91758], [112.71369, 2.91621], [112.71289, 2.91132], [112.71474, 2.90474], [112.71031, 2.8984], [112.70863, 2.89149], [112.70164, 2.88848], [112.69697, 2.88888], [112.69182, 2.89218], [112.67372, 2.8917], [112.67396, 2.89379], [112.63203, 2.89452], [112.63018, 2.89324], [112.62649, 2.89476], [112.62609, 2.89757], [112.62295, 2.89838], [112.61501, 2.89637], [112.60496, 2.89702], [112.60246, 2.89565], [112.59788, 2.89822], [112.59539, 2.89766], [112.59307, 2.90055], [112.57687, 2.89921], [112.56776, 2.90317], [112.5647, 2.90227], [112.56291, 2.90344], [112.55738, 2.90355], [112.55601, 2.89963], [112.54647, 2.90292], [112.54458, 2.90071], [112.53826, 2.90415], [112.53543, 2.90024], [112.52669, 2.90232], [112.50619, 2.89972], [112.49995, 2.90167], [112.49712, 2.89991], [112.49505, 2.90173], [112.49196, 2.89867], [112.48788, 2.90036], [112.48788, 2.90419], [112.4821, 2.90532], [112.47551, 2.90582], [112.47343, 2.90318], [112.47098, 2.90281], [112.46492, 2.90685], [112.4488, 2.90758], [112.42609, 2.90606], [112.41862, 2.90239], [112.40589, 2.87314], [112.40981, 2.86931], [112.40899, 2.86181], [112.41651, 2.8569], [112.4072, 2.85147], [112.40502, 2.85168], [112.40544, 2.84993], [112.40198, 2.84646], [112.40304, 2.84361], [112.40212, 2.83803], [112.4002, 2.83676], [112.39617, 2.83763], [112.39298, 2.8317], [112.39079, 2.8315], [112.38881, 2.82898], [112.39274, 2.82445], [112.39094, 2.8231], [112.39181, 2.81871], [112.38666, 2.81398], [112.38201, 2.79551], [112.37913, 2.79537], [112.37352, 2.79172], [112.36969, 2.7865], [112.36738, 2.78617], [112.36676, 2.78339], [112.36427, 2.78335], [112.36215, 2.78064], [112.35019, 2.77975], [112.34871, 2.78156], [112.34629, 2.77443], [112.33696, 2.76894], [112.33292, 2.76194], [112.33435, 2.75543], [112.33912, 2.75007], [112.34348, 2.73421], [112.34106, 2.73454], [112.34265, 2.71567], [112.33516, 2.7153], [112.3315, 2.7179], [112.32829, 2.71714], [112.3284, 2.71868], [112.3221, 2.72443], [112.31871, 2.72402], [112.29793, 2.73402], [112.29364, 2.74197], [112.29391, 2.74607], [112.29198, 2.74934], [112.28613, 2.75087], [112.2811, 2.74984], [112.27803, 2.75144], [112.27581, 2.7593], [112.27083, 2.76039], [112.26568, 2.7558], [112.25866, 2.76608], [112.25299, 2.76767], [112.2501, 2.76098], [112.24329, 2.76999], [112.23864, 2.76881], [112.23507, 2.77109], [112.2338, 2.76912], [112.23196, 2.76926], [112.22835, 2.77645], [112.22661, 2.77462], [112.21939, 2.77691], [112.21321, 2.77647], [112.21179, 2.77974], [112.20447, 2.78169], [112.19935, 2.78758], [112.19811, 2.78512], [112.19288, 2.78438], [112.18483, 2.78047], [112.18409, 2.77618], [112.17741, 2.77405], [112.17548, 2.77179], [112.17552, 2.77364], [112.16731, 2.77386], [112.16645, 2.77597], [112.16395, 2.77526], [112.1579, 2.78099], [112.15099, 2.7811], [112.14176, 2.77847], [112.1417, 2.79814], [112.14528, 2.8003], [112.14167, 2.80593], [112.13531, 2.80434], [112.13633, 2.83564], [112.13133, 2.83946], [112.12675, 2.84073], [112.12771, 2.84529], [112.12637, 2.85085], [112.1246, 2.85084], [112.12294, 2.8548], [112.12385, 2.86873], [112.11558, 2.87808], [112.10072, 2.87686], [112.097, 2.87327], [112.09594, 2.88693], [112.09419, 2.8927], [112.08944, 2.89848], [112.08898, 2.90873], [112.09203, 2.9135], [112.15166, 2.92615], [112.21331, 2.94405], [112.21901, 2.94455], [112.2206, 2.94628], [112.2737, 2.96219], [112.31981, 2.97305], [112.34366, 2.97635], [112.39482, 2.98667], [112.42413, 2.99447], [112.54952, 3.01951], [112.56675, 3.02056], [112.57819, 3.0144], [112.58827, 3.02018], [112.59721, 3.0296], [112.61673, 3.03903], [112.6943, 3.06176], [112.69611, 3.05392], [112.70331, 3.05356], [112.70321, 3.04936]]]]}}, {"type": "Feature", "properties": {"state": "Sarawak", "seat": "N.59 Tamin", "seat_name": "Tamin"}, "geometry": {"type": "MultiPolygon", "coordinates": [[[[112.51916, 2.693], [112.52391, 2.69245], [112.5329, 2.68615], [112.53412, 2.68368], [112.54088, 2.68222], [112.54829, 2.67548], [112.55166, 2.6757], [112.55964, 2.66132], [112.55863, 2.6566], [112.5635, 2.65233], [112.56417, 2.64952], [112.57085, 2.6531], [112.56962, 2.64905], [112.57523, 2.65108], [112.57737, 2.64793], [112.57984, 2.64748], [112.58085, 2.64377], [112.58602, 2.64029], [112.58872, 2.64231], [112.58658, 2.64501], [112.58804, 2.64714], [112.59355, 2.644], [112.59733, 2.6501], [112.60243, 2.65085], [112.60614, 2.64939], [112.60827, 2.65445], [112.622, 2.66017], [112.62587, 2.6583], [112.62738, 2.6596], [112.62925, 2.65687], [112.63276, 2.65759], [112.63434, 2.65436], [112.64245, 2.65787], [112.64668, 2.65414], [112.65292, 2.64424], [112.65579, 2.64367], [112.66346, 2.63746], [112.66872, 2.63811], [112.67094, 2.63604], [112.68068, 2.64997], [112.67678, 2.65012], [112.67708, 2.65252], [112.68023, 2.65537], [112.67903, 2.65971], [112.68877, 2.66615], [112.69521, 2.66241], [112.69776, 2.66391], [112.70076, 2.66226], [112.70196, 2.66406], [112.7057, 2.66465], [112.7117, 2.66046], [112.7114, 2.65866], [112.71679, 2.65432], [112.71994, 2.65462], [112.72293, 2.65746], [112.72893, 2.65596], [112.72938, 2.64591], [112.73544, 2.64647], [112.73803, 2.64164], [112.74073, 2.64108], [112.73837, 2.63636], [112.73567, 2.63613], [112.73207, 2.63287], [112.73286, 2.62613], [112.72533, 2.62433], [112.72241, 2.61377], [112.72364, 2.60894], [112.7151, 2.61074], [112.71173, 2.60928], [112.71252, 2.60534], [112.71623, 2.60265], [112.7178, 2.59321], [112.72061, 2.59534], [112.72511, 2.59545], [112.72735, 2.59309], [112.72657, 2.59017], [112.72398, 2.58961], [112.72466, 2.58073], [112.72207, 2.57927], [112.7271, 2.57417], [112.72778, 2.56653], [112.73171, 2.55922], [112.72935, 2.55585], [112.7334, 2.55303], [112.73997, 2.55269], [112.74149, 2.55], [112.74157, 2.54629], [112.74452, 2.54292], [112.74503, 2.53938], [112.7414, 2.53988], [112.73997, 2.53786], [112.74503, 2.53002], [112.74756, 2.52884], [112.74798, 2.5205], [112.74351, 2.52109], [112.74124, 2.51915], [112.74149, 2.51603], [112.73576, 2.51654], [112.73293, 2.51271], [112.73459, 2.50917], [112.73134, 2.50719], [112.73006, 2.50404], [112.7252, 2.50453], [112.72201, 2.49814], [112.71545, 2.497], [112.71912, 2.49107], [112.71765, 2.48574], [112.71348, 2.47991], [112.71466, 2.4779], [112.71234, 2.47232], [112.71979, 2.4658], [112.71923, 2.45508], [112.70563, 2.45197], [112.70699, 2.44768], [112.70622, 2.44406], [112.69859, 2.42938], [112.69691, 2.42762], [112.69067, 2.42946], [112.68782, 2.42875], [112.67126, 2.40639], [112.67163, 2.40437], [112.67898, 2.40418], [112.68401, 2.40227], [112.68293, 2.3982], [112.68536, 2.39391], [112.68259, 2.37912], [112.67671, 2.37871], [112.67369, 2.37669], [112.66813, 2.37762], [112.64912, 2.37472], [112.64558, 2.37542], [112.64435, 2.37254], [112.64735, 2.36645], [112.64821, 2.35827], [112.64459, 2.35498], [112.64551, 2.35096], [112.64056, 2.34991], [112.64368, 2.3464], [112.64008, 2.34349], [112.64085, 2.34228], [112.64757, 2.34272], [112.66003, 2.33634], [112.65749, 2.33151], [112.66259, 2.32948], [112.6606, 2.32046], [112.66139, 2.31744], [112.66427, 2.31493], [112.66641, 2.31332], [112.67728, 2.31373], [112.68289, 2.30244], [112.6794, 2.2915], [112.68084, 2.28692], [112.69277, 2.289], [112.70695, 2.28421], [112.70676, 2.289], [112.71144, 2.28994], [112.71332, 2.29782], [112.72593, 2.29262], [112.72724, 2.29417], [112.74138, 2.28718], [112.74444, 2.28933], [112.74615, 2.28815], [112.75122, 2.28888], [112.75613, 2.28747], [112.75932, 2.2842], [112.76716, 2.28278], [112.76964, 2.28383], [112.77128, 2.28203], [112.78208, 2.28505], [112.78319, 2.28739], [112.78568, 2.28369], [112.79962, 2.28259], [112.8046, 2.28024], [112.80614, 2.27492], [112.80003, 2.27034], [112.80169, 2.26699], [112.80457, 2.26532], [112.80312, 2.26352], [112.80372, 2.26061], [112.80642, 2.25851], [112.8033, 2.25597], [112.80268, 2.2486], [112.79996, 2.24615], [112.78028, 2.24285], [112.78106, 2.24041], [112.78854, 2.23872], [112.79041, 2.23594], [112.78999, 2.23227], [112.78764, 2.23456], [112.77369, 2.23784], [112.77062, 2.2365], [112.76877, 2.2304], [112.7635, 2.2281], [112.7585, 2.2306], [112.75819, 2.2329], [112.75587, 2.23452], [112.75169, 2.23441], [112.74258, 2.24011], [112.7308, 2.2412], [112.72867, 2.23845], [112.72232, 2.23875], [112.71798, 2.24056], [112.71578, 2.24621], [112.69275, 2.24838], [112.68892, 2.24646], [112.69193, 2.2451], [112.69354, 2.24152], [112.68594, 2.24175], [112.68023, 2.23955], [112.68176, 2.23626], [112.68447, 2.23515], [112.69669, 2.23403], [112.69827, 2.23273], [112.69902, 2.22648], [112.70159, 2.22357], [112.70014, 2.21904], [112.69764, 2.2156], [112.688, 2.21577], [112.6923, 2.20676], [112.68609, 2.20833], [112.68376, 2.20699], [112.67904, 2.20756], [112.67623, 2.20567], [112.6716, 2.20599], [112.66717, 2.20095], [112.66861, 2.19832], [112.66383, 2.19338], [112.65846, 2.19575], [112.65328, 2.20199], [112.65105, 2.20126], [112.64979, 2.19793], [112.64682, 2.19825], [112.64435, 2.19555], [112.64162, 2.1997], [112.63017, 2.19772], [112.62772, 2.1955], [112.62649, 2.19114], [112.62687, 2.18338], [112.61479, 2.18252], [112.61195, 2.17829], [112.60417, 2.17527], [112.59775, 2.17873], [112.59495, 2.184], [112.57939, 2.18825], [112.57202, 2.18128], [112.56078, 2.18251], [112.55978, 2.17865], [112.55431, 2.17387], [112.54277, 2.17364], [112.52147, 2.16482], [112.51417, 2.17059], [112.50472, 2.17382], [112.50076, 2.17198], [112.49808, 2.17349], [112.49419, 2.17308], [112.48976, 2.17055], [112.48071, 2.17188], [112.47549, 2.17105], [112.46641, 2.17516], [112.46206, 2.17346], [112.46032, 2.16968], [112.45629, 2.1673], [112.44336, 2.1667], [112.44011, 2.16306], [112.43299, 2.16567], [112.42795, 2.16382], [112.42489, 2.16508], [112.41979, 2.16215], [112.41098, 2.16292], [112.40654, 2.15461], [112.38832, 2.15934], [112.37775, 2.164], [112.37237, 2.16324], [112.37279, 2.16723], [112.35881, 2.16997], [112.34817, 2.1753], [112.33502, 2.17834], [112.32716, 2.1744], [112.31269, 2.17647], [112.30373, 2.18115], [112.29328, 2.1823], [112.28751, 2.18902], [112.27259, 2.19124], [112.26949, 2.19043], [112.26606, 2.19272], [112.26343, 2.19291], [112.26006, 2.18689], [112.25348, 2.18747], [112.25109, 2.18461], [112.24665, 2.18426], [112.22969, 2.18846], [112.22678, 2.18575], [112.2252, 2.17901], [112.22271, 2.1804], [112.21073, 2.18017], [112.20887, 2.18174], [112.20705, 2.18072], [112.19225, 2.18677], [112.18698, 2.1869], [112.18407, 2.18476], [112.17759, 2.18552], [112.17277, 2.18887], [112.16272, 2.18714], [112.15697, 2.19009], [112.14719, 2.19137], [112.13823, 2.19513], [112.11651, 2.19871], [112.11274, 2.20166], [112.11323, 2.2037], [112.10725, 2.2125], [112.11099, 2.22064], [112.12122, 2.22248], [112.12836, 2.22591], [112.1332, 2.23577], [112.13359, 2.24857], [112.13642, 2.2539], [112.12328, 2.25842], [112.12686, 2.27028], [112.12673, 2.27513], [112.12803, 2.27556], [112.12984, 2.27319], [112.13135, 2.27738], [112.13748, 2.28138], [112.14283, 2.27657], [112.14553, 2.2766], [112.15202, 2.28705], [112.15416, 2.28659], [112.15267, 2.29183], [112.15681, 2.29468], [112.15518, 2.29833], [112.14838, 2.30378], [112.14151, 2.3017], [112.13903, 2.2988], [112.13367, 2.29674], [112.13204, 2.30375], [112.13789, 2.30729], [112.12094, 2.3176], [112.11942, 2.31371], [112.11524, 2.31143], [112.10919, 2.31709], [112.10263, 2.31788], [112.10194, 2.31341], [112.09082, 2.30964], [112.08688, 2.30267], [112.08779, 2.29993], [112.0801, 2.29561], [112.0789, 2.29228], [112.07298, 2.29438], [112.07197, 2.29822], [112.06922, 2.29989], [112.06307, 2.29771], [112.05381, 2.30168], [112.04596, 2.29264], [112.03925, 2.29183], [112.0334, 2.29733], [112.0316, 2.31096], [112.0325, 2.31498], [112.04281, 2.31468], [112.04318, 2.31244], [112.05182, 2.31349], [112.06056, 2.31093], [112.06208, 2.3334], [112.01788, 2.33372], [112.01269, 2.3214], [112.00466, 2.32055], [111.9932, 2.30815], [111.98854, 2.30914], [111.98516, 2.31371], [111.98049, 2.3151], [111.9676, 2.30967], [111.9674, 2.3122], [111.96138, 2.31719], [111.9614, 2.31335], [111.96394, 2.30918], [111.96131, 2.30083], [111.95739, 2.29667], [111.95297, 2.30144], [111.95127, 2.30121], [111.95069, 2.30853], [111.95588, 2.31871], [111.95296, 2.32061], [111.95296, 2.32218], [111.95581, 2.32325], [111.95385, 2.32754], [111.95196, 2.32736], [111.95029, 2.32467], [111.95088, 2.33764], [111.96219, 2.33722], [111.96223, 2.34426], [111.97057, 2.34426], [111.97057, 2.3342], [112.00386, 2.33386], [112.00452, 2.33757], [112.0079, 2.33978], [112.00784, 2.34316], [112.00341, 2.34803], [112.00446, 2.35425], [111.99957, 2.35982], [112.00764, 2.3653], [112.00701, 2.36996], [112.00372, 2.37545], [111.99971, 2.37702], [111.99907, 2.38063], [111.99686, 2.38051], [112.00184, 2.39141], [111.99256, 2.39403], [111.98654, 2.39182], [111.96312, 2.38829], [111.96293, 2.39872], [111.96667, 2.40016], [111.97237, 2.40731], [111.96881, 2.41052], [111.96532, 2.41122], [111.95949, 2.40922], [111.95707, 2.41122], [111.95438, 2.41113], [111.95414, 2.4144], [111.94667, 2.42214], [111.93923, 2.42568], [111.94103, 2.43081], [111.94309, 2.43237], [111.94197, 2.44376], [111.94393, 2.44736], [111.94124, 2.46107], [111.93679, 2.47026], [111.93954, 2.47562], [111.93913, 2.48406], [111.93403, 2.48847], [111.93457, 2.49875], [111.9374, 2.499], [111.93859, 2.49721], [111.95073, 2.49946], [111.95311, 2.50374], [111.95787, 2.50517], [111.95978, 2.511], [111.95764, 2.51647], [111.95799, 2.52052], [111.96644, 2.52944], [111.96882, 2.5392], [111.97037, 2.54051], [111.97786, 2.53896], [111.98427, 2.54289], [111.99397, 2.53776], [111.99916, 2.52991], [111.99884, 2.51627], [112.00065, 2.51546], [112.01341, 2.51533], [112.02071, 2.51703], [112.02506, 2.51596], [112.03341, 2.5186], [112.04904, 2.51588], [112.06095, 2.51619], [112.0648, 2.51429], [112.07249, 2.51714], [112.10378, 2.51533], [112.11541, 2.51943], [112.1256, 2.51958], [112.1318, 2.51875], [112.13541, 2.51557], [112.14694, 2.51301], [112.17515, 2.51072], [112.1779, 2.51211], [112.18516, 2.51153], [112.18951, 2.50817], [112.18478, 2.49663], [112.17796, 2.48826], [112.18267, 2.48268], [112.18933, 2.4788], [112.19319, 2.47855], [112.19414, 2.47616], [112.20142, 2.47119], [112.20684, 2.47175], [112.2085, 2.4764], [112.20667, 2.47778], [112.20862, 2.48141], [112.20809, 2.48587], [112.21027, 2.48868], [112.21413, 2.49136], [112.21701, 2.48789], [112.22444, 2.48878], [112.22167, 2.49506], [112.22464, 2.49665], [112.22522, 2.50013], [112.22353, 2.50763], [112.22863, 2.50542], [112.2314, 2.50747], [112.23392, 2.50463], [112.23582, 2.50608], [112.23807, 2.50525], [112.23937, 2.50934], [112.24465, 2.50713], [112.24886, 2.50955], [112.25171, 2.50734], [112.25866, 2.51249], [112.26187, 2.52357], [112.26686, 2.52084], [112.27168, 2.52276], [112.27244, 2.52885], [112.27044, 2.5308], [112.27481, 2.5365], [112.27255, 2.54138], [112.27268, 2.5482], [112.28305, 2.54852], [112.28253, 2.54687], [112.28566, 2.54458], [112.29158, 2.54632], [112.29504, 2.54494], [112.29627, 2.54638], [112.29227, 2.54944], [112.2947, 2.55283], [112.30481, 2.55234], [112.3069, 2.55662], [112.30584, 2.55938], [112.29362, 2.56118], [112.29079, 2.56336], [112.29129, 2.56558], [112.2969, 2.56524], [112.29931, 2.56861], [112.31362, 2.564], [112.31509, 2.56515], [112.3182, 2.56443], [112.31866, 2.56268], [112.32246, 2.56775], [112.32541, 2.56913], [112.32895, 2.5662], [112.33073, 2.56779], [112.33427, 2.56584], [112.33641, 2.58596], [112.34525, 2.59243], [112.34885, 2.59209], [112.3529, 2.59816], [112.35627, 2.59748], [112.35941, 2.59951], [112.36099, 2.59872], [112.37121, 2.60164], [112.37414, 2.60411], [112.37998, 2.60479], [112.3829, 2.60198], [112.38481, 2.59647], [112.38773, 2.59535], [112.39059, 2.59758], [112.3874, 2.60417], [112.38879, 2.61037], [112.383, 2.61656], [112.3866, 2.62335], [112.39998, 2.62455], [112.40258, 2.63174], [112.40637, 2.63394], [112.40777, 2.63853], [112.41305, 2.64065], [112.42099, 2.64115], [112.42802, 2.64847], [112.43533, 2.64978], [112.43881, 2.65405], [112.44061, 2.66157], [112.44702, 2.66607], [112.45727, 2.66995], [112.45623, 2.67403], [112.45751, 2.68291], [112.45393, 2.68769], [112.45737, 2.68663], [112.47748, 2.68803], [112.49725, 2.67638], [112.49983, 2.68245], [112.49987, 2.68773], [112.50649, 2.68841], [112.50727, 2.68582], [112.50997, 2.68436], [112.51143, 2.6875], [112.51053, 2.6902], [112.51916, 2.693]]]]}}, {"type": "Feature", "properties": {"state": "Sarawak", "seat": "N.60 Kakus", "seat_name": "Kakus"}, "geometry": {"type": "MultiPolygon", "coordinates": [[[[112.74858, 3.03877], [112.75076, 3.03492], [112.7544, 3.03492], [112.75526, 3.03123], [112.76024, 3.03035], [112.76075, 3.02113], [112.76605, 3.00462], [112.76601, 2.99832], [112.77284, 2.98544], [112.77468, 2.97654], [112.78807, 2.96532], [112.78925, 2.96138], [112.79569, 2.96115], [112.80556, 2.96479], [112.8163, 2.96573], [112.82268, 2.97126], [112.8283, 2.98225], [112.83133, 2.98336], [112.8354, 2.98174], [112.83736, 2.98311], [112.83908, 2.98157], [112.8418, 2.98227], [112.84281, 2.98092], [112.84431, 2.98334], [112.84593, 2.9818], [112.85056, 2.98409], [112.85923, 2.97984], [112.86336, 2.98165], [112.86798, 2.9882], [112.87231, 2.98756], [112.8736, 2.98967], [112.8787, 2.99035], [112.87997, 2.99222], [112.88561, 2.99162], [112.88632, 2.99324], [112.8919, 2.99082], [112.89401, 2.99802], [112.89574, 2.99801], [112.89723, 3.00029], [112.89624, 3.00183], [112.89746, 3.00385], [112.90237, 3.00535], [112.90143, 3.00806], [112.90424, 3.00999], [112.90851, 3.01077], [112.91127, 3.00681], [112.9136, 3.0068], [112.91591, 3.00452], [112.91927, 3.00523], [112.92165, 3.00194], [112.92713, 3.00216], [112.93097, 3.00441], [112.93404, 3.00384], [112.93549, 3.00564], [112.93928, 2.99906], [112.94006, 2.99346], [112.94382, 2.99847], [112.94719, 2.99914], [112.95258, 3.00784], [112.96332, 3.00738], [112.96295, 3.00345], [112.96624, 3.00283], [112.967, 3.00045], [112.96492, 2.992], [112.95589, 2.9888], [112.95507, 2.98625], [112.95825, 2.98186], [112.96177, 2.98393], [112.96338, 2.98267], [112.97016, 2.98405], [112.9692, 2.97715], [112.97069, 2.97356], [112.96717, 2.96841], [112.96938, 2.96598], [112.9636, 2.96255], [112.9636, 2.95978], [112.96772, 2.95945], [112.97055, 2.96152], [112.97465, 2.9597], [112.97361, 2.95574], [112.97922, 2.9485], [112.9705, 2.94127], [112.97298, 2.93867], [112.96975, 2.93018], [112.96523, 2.92575], [112.96284, 2.91672], [112.9639, 2.91444], [112.97166, 2.91472], [112.97376, 2.91234], [112.97828, 2.91596], [112.99047, 2.91877], [112.99197, 2.92711], [112.99442, 2.92887], [112.99686, 2.92868], [112.99709, 2.92687], [113.00056, 2.92917], [113.00721, 2.92842], [113.00789, 2.92699], [113.00567, 2.92478], [113.00624, 2.92167], [113.01002, 2.9207], [113.00938, 2.91647], [113.01157, 2.91382], [113.0196, 2.91856], [113.03189, 2.91859], [113.03243, 2.92171], [113.03721, 2.92602], [113.04058, 2.93269], [113.04134, 2.93139], [113.0471, 2.93173], [113.05041, 2.92479], [113.05277, 2.92681], [113.05504, 2.92552], [113.06566, 2.92552], [113.07025, 2.92997], [113.07816, 2.93408], [113.08187, 2.92832], [113.08012, 2.92642], [113.08053, 2.92404], [113.0758, 2.91867], [113.07754, 2.9149], [113.08605, 2.91531], [113.09037, 2.91382], [113.09563, 2.91557], [113.10011, 2.92016], [113.10518, 2.92022], [113.11377, 2.91005], [113.11202, 2.90591], [113.11409, 2.90192], [113.11375, 2.89662], [113.11848, 2.89707], [113.12094, 2.88857], [113.12497, 2.89226], [113.13102, 2.89025], [113.13154, 2.89261], [113.1381, 2.89069], [113.14721, 2.89484], [113.15088, 2.89126], [113.15151, 2.89345], [113.15575, 2.89401], [113.15746, 2.89163], [113.1632, 2.88951], [113.17023, 2.89418], [113.18322, 2.89149], [113.19118, 2.89495], [113.19635, 2.89397], [113.19785, 2.89122], [113.20551, 2.89403], [113.2114, 2.89366], [113.21284, 2.89021], [113.21762, 2.88969], [113.22537, 2.88176], [113.22141, 2.87949], [113.22292, 2.87433], [113.22859, 2.86745], [113.23296, 2.86573], [113.23236, 2.85463], [113.23559, 2.84601], [113.24212, 2.84015], [113.24342, 2.83494], [113.24382, 2.82288], [113.24191, 2.81634], [113.255, 2.81514], [113.25762, 2.81695], [113.26535, 2.81575], [113.26665, 2.81264], [113.26404, 2.81038], [113.26665, 2.80778], [113.26554, 2.80382], [113.2667, 2.80109], [113.27231, 2.79763], [113.27302, 2.79456], [113.27955, 2.79309], [113.28262, 2.79076], [113.28975, 2.78131], [113.29478, 2.76882], [113.29492, 2.76729], [113.29012, 2.76303], [113.29083, 2.76059], [113.28476, 2.76033], [113.27673, 2.76707], [113.27321, 2.76462], [113.26454, 2.76242], [113.26216, 2.76007], [113.25069, 2.76071], [113.24751, 2.75913], [113.24598, 2.75372], [113.23543, 2.74324], [113.22988, 2.7346], [113.2318, 2.72924], [113.23538, 2.72635], [113.23673, 2.71828], [113.23519, 2.71451], [113.24426, 2.71522], [113.25095, 2.72139], [113.2561, 2.71925], [113.26498, 2.7188], [113.27251, 2.71517], [113.28311, 2.71503], [113.28435, 2.71341], [113.28776, 2.7135], [113.29216, 2.70872], [113.2947, 2.708], [113.30027, 2.70914], [113.30144, 2.71204], [113.3055, 2.71513], [113.31646, 2.71312], [113.32268, 2.70557], [113.32697, 2.70472], [113.32623, 2.69935], [113.32441, 2.69786], [113.32638, 2.69508], [113.33376, 2.69128], [113.3371, 2.68141], [113.34553, 2.68293], [113.349, 2.68633], [113.36086, 2.69212], [113.36732, 2.68827], [113.40618, 2.70193], [113.41485, 2.69983], [113.42166, 2.7061], [113.42787, 2.7081], [113.43066, 2.712], [113.44434, 2.71269], [113.44599, 2.71158], [113.45941, 2.71657], [113.46524, 2.70818], [113.46508, 2.69705], [113.4698, 2.69396], [113.48168, 2.6775], [113.48409, 2.65609], [113.49457, 2.6583], [113.49619, 2.65214], [113.48969, 2.64515], [113.48692, 2.63704], [113.49094, 2.63176], [113.49158, 2.62179], [113.48903, 2.61928], [113.48781, 2.61293], [113.48158, 2.61072], [113.47697, 2.60597], [113.47546, 2.5997], [113.49016, 2.57414], [113.4964, 2.57111], [113.50849, 2.57257], [113.51655, 2.5655], [113.52307, 2.5621], [113.52325, 2.55795], [113.51749, 2.55342], [113.51537, 2.54851], [113.50416, 2.54805], [113.5003, 2.54365], [113.49924, 2.53946], [113.48737, 2.53636], [113.48131, 2.53121], [113.47337, 2.53073], [113.46177, 2.52216], [113.45511, 2.51926], [113.45218, 2.52219], [113.45225, 2.52522], [113.44679, 2.525], [113.43919, 2.5324], [113.42939, 2.53022], [113.4257, 2.53174], [113.4217, 2.52975], [113.42144, 2.53196], [113.42593, 2.54054], [113.42405, 2.54607], [113.42415, 2.55924], [113.42094, 2.56334], [113.41608, 2.56217], [113.41138, 2.56328], [113.40793, 2.56786], [113.40472, 2.56652], [113.40292, 2.56858], [113.39986, 2.56834], [113.39665, 2.57032], [113.39162, 2.56867], [113.38974, 2.56647], [113.38762, 2.56765], [113.3863, 2.57113], [113.38222, 2.57287], [113.3812, 2.57066], [113.37798, 2.57043], [113.3757, 2.56736], [113.3721, 2.56807], [113.37531, 2.56515], [113.37499, 2.56302], [113.37224, 2.55837], [113.36926, 2.55822], [113.36886, 2.55475], [113.3647, 2.55318], [113.36219, 2.55468], [113.35694, 2.55146], [113.35372, 2.55367], [113.34674, 2.55187], [113.33843, 2.55511], [113.33678, 2.55409], [113.33005, 2.55836], [113.32299, 2.55924], [113.31679, 2.55475], [113.3145, 2.55762], [113.31381, 2.55484], [113.31036, 2.55255], [113.31357, 2.55239], [113.31561, 2.55026], [113.3202, 2.53606], [113.31667, 2.53536], [113.3144, 2.53666], [113.30872, 2.53111], [113.30052, 2.53139], [113.29972, 2.53011], [113.29761, 2.53202], [113.28279, 2.53674], [113.28094, 2.53497], [113.27657, 2.53702], [113.273, 2.53543], [113.26718, 2.53836], [113.26405, 2.53815], [113.26038, 2.5354], [113.26006, 2.53209], [113.25482, 2.529], [113.25931, 2.52467], [113.26645, 2.52191], [113.26543, 2.51619], [113.26022, 2.51655], [113.25819, 2.51163], [113.25338, 2.51412], [113.25095, 2.51288], [113.25073, 2.50969], [113.24411, 2.50757], [113.23362, 2.51242], [113.23261, 2.51397], [113.23397, 2.51548], [113.23243, 2.51681], [113.23508, 2.51752], [113.235, 2.51987], [113.22786, 2.52378], [113.22615, 2.52316], [113.22746, 2.5201], [113.22559, 2.51951], [113.21698, 2.52087], [113.21502, 2.51898], [113.21601, 2.51362], [113.21365, 2.51105], [113.2082, 2.50964], [113.20247, 2.51157], [113.2007, 2.5101], [113.19811, 2.50364], [113.1996, 2.50142], [113.1961, 2.5019], [113.19286, 2.50549], [113.18903, 2.50525], [113.18801, 2.50288], [113.18987, 2.50283], [113.18965, 2.50123], [113.18471, 2.50084], [113.18664, 2.49847], [113.18485, 2.49682], [113.18609, 2.49293], [113.17904, 2.49453], [113.17399, 2.48261], [113.16987, 2.48195], [113.16659, 2.48352], [113.16151, 2.4824], [113.15961, 2.48474], [113.1578, 2.48327], [113.1578, 2.4805], [113.15315, 2.48146], [113.14693, 2.47782], [113.14665, 2.47631], [113.14026, 2.47447], [113.13521, 2.47489], [113.13395, 2.47317], [113.13021, 2.47447], [113.13003, 2.47065], [113.12728, 2.47248], [113.1277, 2.46736], [113.12503, 2.46494], [113.12606, 2.46104], [113.12364, 2.45723], [113.11667, 2.45779], [113.11269, 2.455], [113.10577, 2.45619], [113.09279, 2.44646], [113.08698, 2.44443], [113.07975, 2.44912], [113.07406, 2.45645], [113.06868, 2.45373], [113.07054, 2.44829], [113.07252, 2.44681], [113.0695, 2.44525], [113.06364, 2.44526], [113.06088, 2.44683], [113.05416, 2.44536], [113.0514, 2.44303], [113.0386, 2.44402], [113.04124, 2.4331], [113.0435, 2.43251], [113.0442, 2.42822], [113.03916, 2.42634], [113.03786, 2.42394], [113.03863, 2.41978], [113.03527, 2.41855], [113.03598, 2.41712], [113.03132, 2.4114], [113.03675, 2.41035], [113.04469, 2.40144], [113.04371, 2.39877], [113.0452, 2.3963], [113.04385, 2.39386], [113.0448, 2.39286], [113.04073, 2.38883], [113.04363, 2.38668], [113.0389, 2.37772], [113.04394, 2.3742], [113.04239, 2.37232], [113.04548, 2.36776], [113.05227, 2.37075], [113.05479, 2.36814], [113.05271, 2.36177], [113.04845, 2.36237], [113.04334, 2.35912], [113.04475, 2.35385], [113.04281, 2.34983], [113.04727, 2.34709], [113.04797, 2.34273], [113.036, 2.33901], [113.03358, 2.3367], [113.02255, 2.33741], [113.01945, 2.33568], [113.02185, 2.33322], [113.01777, 2.32584], [113.01424, 2.32689], [113.00674, 2.32577], [113.00045, 2.32864], [112.99761, 2.32795], [112.9988, 2.31832], [112.99285, 2.31668], [112.99707, 2.31287], [112.99629, 2.30905], [112.99836, 2.30853], [112.99706, 2.30732], [112.99827, 2.30428], [112.99637, 2.30351], [112.99594, 2.30013], [112.99705, 2.29744], [112.99515, 2.2964], [112.99377, 2.29198], [112.99411, 2.28929], [112.99618, 2.28834], [112.99592, 2.28475], [112.99988, 2.28287], [112.99849, 2.27975], [112.99548, 2.28002], [112.9947, 2.2754], [112.99063, 2.27665], [112.9886, 2.27977], [112.98358, 2.27956], [112.9774, 2.28519], [112.97593, 2.28164], [112.97277, 2.2792], [112.9658, 2.28001], [112.96319, 2.2765], [112.9594, 2.27957], [112.95788, 2.27883], [112.95464, 2.28056], [112.9499, 2.27936], [112.94485, 2.28265], [112.94046, 2.2883], [112.93045, 2.29053], [112.92539, 2.28161], [112.92213, 2.28079], [112.92078, 2.28287], [112.9144, 2.28539], [112.9068, 2.28172], [112.9108, 2.27222], [112.90341, 2.26436], [112.90015, 2.26393], [112.88994, 2.25794], [112.88863, 2.25117], [112.89699, 2.24854], [112.90111, 2.24427], [112.90251, 2.23969], [112.90725, 2.23748], [112.90115, 2.2347], [112.90452, 2.23373], [112.89957, 2.22992], [112.90207, 2.22678], [112.89719, 2.22495], [112.90005, 2.22199], [112.89895, 2.21954], [112.89988, 2.21633], [112.89833, 2.21475], [112.899, 2.21284], [112.89514, 2.21008], [112.89386, 2.20537], [112.89519, 2.20077], [112.88823, 2.19805], [112.88856, 2.19346], [112.88497, 2.18833], [112.88604, 2.18134], [112.88811, 2.18014], [112.88767, 2.1749], [112.87865, 2.1748], [112.87398, 2.17022], [112.87278, 2.16563], [112.8698, 2.1644], [112.86909, 2.16558], [112.86393, 2.16558], [112.85782, 2.16229], [112.85383, 2.16346], [112.85406, 2.16511], [112.85077, 2.16393], [112.83316, 2.16464], [112.8294, 2.15383], [112.81935, 2.14901], [112.78568, 2.15588], [112.78606, 2.15009], [112.78286, 2.14906], [112.77354, 2.15151], [112.7578, 2.15281], [112.75028, 2.14992], [112.74548, 2.15159], [112.74306, 2.15486], [112.73689, 2.15848], [112.7283, 2.15611], [112.72529, 2.15824], [112.7151, 2.16023], [112.70596, 2.15956], [112.69281, 2.16439], [112.68849, 2.16274], [112.68205, 2.17246], [112.66416, 2.17431], [112.65725, 2.17662], [112.64983, 2.17456], [112.63712, 2.17797], [112.63376, 2.181], [112.62852, 2.18217], [112.62687, 2.18338], [112.62634, 2.19035], [112.62772, 2.1955], [112.63017, 2.19772], [112.64162, 2.1997], [112.64435, 2.19555], [112.64682, 2.19825], [112.64979, 2.19793], [112.65105, 2.20126], [112.65328, 2.20199], [112.65846, 2.19575], [112.66303, 2.19313], [112.66861, 2.19832], [112.66717, 2.20095], [112.6716, 2.20599], [112.67623, 2.20567], [112.67904, 2.20756], [112.68376, 2.20699], [112.68609, 2.20833], [112.6923, 2.20676], [112.688, 2.21577], [112.69841, 2.21581], [112.70139, 2.22154], [112.70129, 2.22477], [112.69902, 2.22648], [112.69972, 2.22847], [112.69669, 2.23403], [112.68447, 2.23515], [112.68176, 2.23626], [112.68023, 2.23955], [112.68594, 2.24175], [112.69354, 2.24152], [112.69193, 2.2451], [112.68892, 2.24646], [112.69275, 2.24838], [112.71578, 2.24621], [112.71798, 2.24056], [112.72232, 2.23875], [112.72867, 2.23845], [112.7308, 2.2412], [112.74258, 2.24011], [112.75169, 2.23441], [112.75587, 2.23452], [112.75819, 2.2329], [112.7585, 2.2306], [112.7635, 2.2281], [112.76877, 2.2304], [112.77062, 2.2365], [112.77369, 2.23784], [112.78764, 2.23456], [112.78999, 2.23227], [112.79041, 2.23594], [112.78854, 2.23872], [112.78106, 2.24041], [112.78028, 2.24285], [112.79996, 2.24615], [112.80268, 2.2486], [112.8036, 2.25668], [112.80642, 2.25851], [112.80372, 2.26061], [112.80312, 2.26352], [112.80457, 2.26532], [112.80169, 2.26699], [112.80003, 2.27034], [112.80562, 2.27404], [112.80564, 2.27903], [112.79962, 2.28259], [112.78568, 2.28369], [112.78319, 2.28739], [112.78208, 2.28505], [112.77128, 2.28203], [112.76964, 2.28383], [112.76716, 2.28278], [112.75932, 2.2842], [112.75613, 2.28747], [112.75122, 2.28888], [112.74615, 2.28815], [112.74444, 2.28933], [112.74079, 2.28732], [112.72724, 2.29417], [112.72593, 2.29262], [112.71332, 2.29782], [112.71144, 2.28994], [112.70676, 2.289], [112.70695, 2.28421], [112.69277, 2.289], [112.68084, 2.28692], [112.6794, 2.2915], [112.68289, 2.30244], [112.67728, 2.31373], [112.66641, 2.31332], [112.66427, 2.31493], [112.66139, 2.31744], [112.6606, 2.32046], [112.66259, 2.32948], [112.65749, 2.33151], [112.66003, 2.33634], [112.64757, 2.34272], [112.64085, 2.34228], [112.64008, 2.34349], [112.64368, 2.3464], [112.64056, 2.34991], [112.64551, 2.35096], [112.64459, 2.35498], [112.64821, 2.35827], [112.64735, 2.36645], [112.64435, 2.37254], [112.64558, 2.37542], [112.64912, 2.37472], [112.66813, 2.37762], [112.67369, 2.37669], [112.67671, 2.37871], [112.68259, 2.37912], [112.68536, 2.39391], [112.68293, 2.3982], [112.68401, 2.40227], [112.67898, 2.40418], [112.67163, 2.40437], [112.67126, 2.40639], [112.68782, 2.42875], [112.69067, 2.42946], [112.69691, 2.42762], [112.69859, 2.42938], [112.70622, 2.44406], [112.70699, 2.44768], [112.70563, 2.45197], [112.71923, 2.45508], [112.71979, 2.4658], [112.71234, 2.47232], [112.71466, 2.4779], [112.71348, 2.47991], [112.71765, 2.48574], [112.71912, 2.49107], [112.71545, 2.497], [112.72201, 2.49814], [112.7252, 2.50453], [112.73006, 2.50404], [112.73134, 2.50719], [112.73459, 2.50917], [112.73293, 2.51271], [112.73576, 2.51654], [112.74149, 2.51603], [112.74124, 2.51915], [112.74351, 2.52109], [112.74798, 2.5205], [112.74756, 2.52884], [112.74503, 2.53002], [112.73997, 2.53786], [112.7414, 2.53988], [112.74503, 2.53938], [112.74452, 2.54292], [112.74157, 2.54629], [112.74149, 2.55], [112.73997, 2.55269], [112.7334, 2.55303], [112.72935, 2.55585], [112.73171, 2.55922], [112.72778, 2.56653], [112.7271, 2.57417], [112.72207, 2.57927], [112.72466, 2.58073], [112.72398, 2.58961], [112.72657, 2.59017], [112.72735, 2.59309], [112.72511, 2.59545], [112.72061, 2.59534], [112.7178, 2.59321], [112.71623, 2.60265], [112.71252, 2.60534], [112.71173, 2.60928], [112.7151, 2.61074], [112.72364, 2.60894], [112.72241, 2.61377], [112.72533, 2.62433], [112.73286, 2.62613], [112.73207, 2.63287], [112.73567, 2.63613], [112.73837, 2.63636], [112.74073, 2.64108], [112.73803, 2.64164], [112.73544, 2.64647], [112.72938, 2.64591], [112.72893, 2.65596], [112.72293, 2.65746], [112.71994, 2.65462], [112.71679, 2.65432], [112.7114, 2.65866], [112.7117, 2.66046], [112.7057, 2.66465], [112.70196, 2.66406], [112.70076, 2.66226], [112.69776, 2.66391], [112.69521, 2.66241], [112.68877, 2.66615], [112.67903, 2.65971], [112.68023, 2.65537], [112.67708, 2.65252], [112.67678, 2.65012], [112.68068, 2.64997], [112.67094, 2.63604], [112.66872, 2.63811], [112.66346, 2.63746], [112.65579, 2.64367], [112.65292, 2.64424], [112.64668, 2.65414], [112.64245, 2.65787], [112.63434, 2.65436], [112.63276, 2.65759], [112.62925, 2.65687], [112.62738, 2.6596], [112.62587, 2.6583], [112.622, 2.66017], [112.60827, 2.65445], [112.60614, 2.64939], [112.60243, 2.65085], [112.59733, 2.6501], [112.59355, 2.644], [112.58804, 2.64714], [112.58658, 2.64501], [112.58872, 2.64231], [112.58602, 2.64029], [112.58085, 2.64377], [112.57984, 2.64748], [112.57737, 2.64793], [112.57523, 2.65108], [112.56962, 2.64905], [112.57085, 2.6531], [112.56417, 2.64952], [112.5635, 2.65233], [112.55863, 2.6566], [112.55964, 2.66132], [112.55301, 2.67458], [112.54829, 2.67548], [112.54088, 2.68222], [112.53412, 2.68368], [112.5329, 2.68615], [112.52391, 2.69245], [112.51806, 2.69346], [112.51548, 2.6911], [112.51147, 2.69102], [112.50997, 2.68436], [112.50727, 2.68582], [112.50649, 2.68841], [112.49987, 2.68773], [112.49983, 2.68245], [112.49725, 2.67638], [112.47748, 2.68803], [112.45737, 2.68663], [112.45393, 2.68769], [112.45751, 2.68291], [112.45623, 2.67403], [112.45727, 2.66995], [112.44702, 2.66607], [112.44061, 2.66157], [112.43881, 2.65405], [112.43533, 2.64978], [112.42802, 2.64847], [112.42099, 2.64115], [112.41305, 2.64065], [112.40777, 2.63853], [112.40637, 2.63394], [112.40258, 2.63174], [112.39998, 2.62455], [112.3866, 2.62335], [112.383, 2.61656], [112.38879, 2.61037], [112.3874, 2.60417], [112.39059, 2.59758], [112.38773, 2.59535], [112.38481, 2.59647], [112.38099, 2.60456], [112.37582, 2.60456], [112.36548, 2.59984], [112.35941, 2.59951], [112.35627, 2.59748], [112.3529, 2.59816], [112.34885, 2.59209], [112.34525, 2.59243], [112.33641, 2.58596], [112.33595, 2.60474], [112.33198, 2.61365], [112.32751, 2.61808], [112.3292, 2.62931], [112.32367, 2.64475], [112.33637, 2.64991], [112.33882, 2.64935], [112.34047, 2.65129], [112.34111, 2.66721], [112.33622, 2.66838], [112.33532, 2.67217], [112.33424, 2.66917], [112.33216, 2.67067], [112.33119, 2.66877], [112.32899, 2.66947], [112.33044, 2.67392], [112.33354, 2.67705], [112.33622, 2.68557], [112.34137, 2.69375], [112.34403, 2.69524], [112.34106, 2.73454], [112.34348, 2.73421], [112.33912, 2.75007], [112.33435, 2.75543], [112.3328, 2.7615], [112.33696, 2.76894], [112.34661, 2.77483], [112.34871, 2.78156], [112.35019, 2.77975], [112.36215, 2.78064], [112.36427, 2.78335], [112.36676, 2.78339], [112.36738, 2.78617], [112.36969, 2.7865], [112.37352, 2.79172], [112.37913, 2.79537], [112.38201, 2.79551], [112.38666, 2.81398], [112.39181, 2.81871], [112.39094, 2.8231], [112.39274, 2.82445], [112.38881, 2.82898], [112.39079, 2.8315], [112.39298, 2.8317], [112.39617, 2.83763], [112.4002, 2.83676], [112.40212, 2.83803], [112.40304, 2.84361], [112.40198, 2.84646], [112.40544, 2.84993], [112.40502, 2.85168], [112.4072, 2.85147], [112.41651, 2.8569], [112.40899, 2.86181], [112.40981, 2.86931], [112.40589, 2.87314], [112.41862, 2.90239], [112.42609, 2.90606], [112.4488, 2.90758], [112.46492, 2.90685], [112.47098, 2.90281], [112.47343, 2.90318], [112.47551, 2.90582], [112.4821, 2.90532], [112.48788, 2.90419], [112.48788, 2.90036], [112.49196, 2.89867], [112.49505, 2.90173], [112.49712, 2.89991], [112.49995, 2.90167], [112.50619, 2.89972], [112.52669, 2.90232], [112.53543, 2.90024], [112.53826, 2.90415], [112.54458, 2.90071], [112.54647, 2.90292], [112.55601, 2.89963], [112.55738, 2.90355], [112.56291, 2.90344], [112.5647, 2.90227], [112.56776, 2.90317], [112.57687, 2.89921], [112.59307, 2.90055], [112.59539, 2.89766], [112.59788, 2.89822], [112.60246, 2.89565], [112.60496, 2.89702], [112.61501, 2.89637], [112.62295, 2.89838], [112.62609, 2.89757], [112.62649, 2.89476], [112.63018, 2.89324], [112.63203, 2.89452], [112.67396, 2.89379], [112.67372, 2.8917], [112.69182, 2.89218], [112.69697, 2.88888], [112.70164, 2.88848], [112.70863, 2.89149], [112.71031, 2.8984], [112.71474, 2.90474], [112.71289, 2.91132], [112.71369, 2.91621], [112.71626, 2.91742], [112.71804, 2.91477], [112.7191, 2.9171], [112.72058, 2.91625], [112.72085, 2.92432], [112.72342, 2.92774], [112.72429, 2.93364], [112.72269, 2.93642], [112.72401, 2.93899], [112.7216, 2.94135], [112.72371, 2.94921], [112.72309, 2.95384], [112.72585, 2.95953], [112.72179, 2.96623], [112.7235, 2.96782], [112.72247, 2.97541], [112.7244, 2.97729], [112.72438, 2.98955], [112.72619, 2.99578], [112.72367, 3.01067], [112.71869, 3.0204], [112.71991, 3.02241], [112.71904, 3.02866], [112.72161, 3.02886], [112.72039, 3.03454], [112.72768, 3.03675], [112.73055, 3.03452], [112.73466, 3.03891], [112.74044, 3.03869], [112.74218, 3.03642], [112.74497, 3.03861], [112.74858, 3.03877]]]]}}, {"type": "Feature", "properties": {"state": "Sarawak", "seat": "N.61 Pelagus", "seat_name": "Pelagus"}, "geometry": {"type": "MultiPolygon", "coordinates": [[[[113.26983, 2.31875], [113.26723, 2.31668], [113.26929, 2.3105], [113.26626, 2.3084], [113.26657, 2.30598], [113.26343, 2.30304], [113.26864, 2.29578], [113.26895, 2.29157], [113.26717, 2.28979], [113.26575, 2.28252], [113.27147, 2.28133], [113.271, 2.27778], [113.27327, 2.27825], [113.27797, 2.27406], [113.28119, 2.27516], [113.28126, 2.27303], [113.28063, 2.27004], [113.272, 2.26706], [113.26666, 2.26241], [113.26423, 2.25847], [113.26696, 2.25468], [113.26265, 2.25485], [113.25833, 2.25004], [113.25426, 2.25092], [113.25277, 2.24934], [113.25342, 2.24321], [113.25156, 2.24134], [113.2508, 2.23498], [113.25341, 2.23535], [113.25414, 2.23199], [113.25228, 2.22919], [113.2519, 2.22264], [113.27066, 2.2172], [113.27122, 2.21533], [113.26434, 2.21328], [113.26972, 2.20991], [113.26856, 2.20635], [113.27224, 2.20382], [113.28916, 2.20562], [113.28957, 2.20341], [113.29427, 2.19888], [113.30023, 2.20129], [113.302, 2.20003], [113.29739, 2.19299], [113.29093, 2.19144], [113.28935, 2.18903], [113.29672, 2.17873], [113.29559, 2.17458], [113.29778, 2.16899], [113.29704, 2.1633], [113.2835, 2.16135], [113.28159, 2.16278], [113.27679, 2.16223], [113.27609, 2.16041], [113.26383, 2.16505], [113.26327, 2.16225], [113.25741, 2.1603], [113.25657, 2.15511], [113.25225, 2.15512], [113.25015, 2.15344], [113.25015, 2.15007], [113.24778, 2.14867], [113.24988, 2.14477], [113.24299, 2.1416], [113.23869, 2.14413], [113.239, 2.14618], [113.23618, 2.14673], [113.23305, 2.15194], [113.2289, 2.15139], [113.22804, 2.15416], [113.22279, 2.15558], [113.22107, 2.15953], [113.22154, 2.16339], [113.22006, 2.16402], [113.21676, 2.16229], [113.21746, 2.1608], [113.21472, 2.16143], [113.21417, 2.15922], [113.21056, 2.15946], [113.20976, 2.14811], [113.20745, 2.14628], [113.20265, 2.14642], [113.20341, 2.1437], [113.19313, 2.14096], [113.18545, 2.13687], [113.18296, 2.13705], [113.18404, 2.1405], [113.18255, 2.1431], [113.16962, 2.14722], [113.16837, 2.15101], [113.16313, 2.15291], [113.14572, 2.15143], [113.14086, 2.15388], [113.1382, 2.15278], [113.13154, 2.15547], [113.12774, 2.15088], [113.12907, 2.14755], [113.13395, 2.14766], [113.13693, 2.14582], [113.1362, 2.14314], [113.1389, 2.13529], [113.13825, 2.12416], [113.14032, 2.11931], [113.13683, 2.10939], [113.13866, 2.10608], [113.14057, 2.09371], [113.14377, 2.09179], [113.14691, 2.08606], [113.1532, 2.08291], [113.15779, 2.07196], [113.17325, 2.05949], [113.17712, 2.05108], [113.1761, 2.0471], [113.17252, 2.04357], [113.1646, 2.03875], [113.17219, 2.02646], [113.16725, 2.02801], [113.16908, 2.02386], [113.16709, 2.02214], [113.15502, 2.02541], [113.14984, 2.01605], [113.1505, 1.99719], [113.14752, 1.99355], [113.14759, 1.99021], [113.14974, 1.98593], [113.16179, 1.98064], [113.16723, 1.97648], [113.16793, 1.96652], [113.16285, 1.95477], [113.16412, 1.94769], [113.18009, 1.94228], [113.18341, 1.93867], [113.1874, 1.92523], [113.18568, 1.91575], [113.18884, 1.91332], [113.194, 1.91397], [113.194, 1.91043], [113.19065, 1.90942], [113.19154, 1.90702], [113.1904, 1.9055], [113.19381, 1.90217], [113.19993, 1.90118], [113.20093, 1.89898], [113.20689, 1.8965], [113.20695, 1.89461], [113.21169, 1.89039], [113.21274, 1.88826], [113.21041, 1.88728], [113.21161, 1.88407], [113.21053, 1.87985], [113.21445, 1.86579], [113.21897, 1.85655], [113.22755, 1.84543], [113.22078, 1.8473], [113.20487, 1.84624], [113.19055, 1.84282], [113.17177, 1.84366], [113.13431, 1.8344], [113.12103, 1.83684], [113.10338, 1.83617], [113.09832, 1.83758], [113.09625, 1.83626], [113.09666, 1.83087], [113.09546, 1.82913], [113.08456, 1.8289], [113.08317, 1.82693], [113.08414, 1.82264], [113.08166, 1.82202], [113.0811, 1.82019], [113.07761, 1.82182], [113.06354, 1.82148], [113.06243, 1.81793], [113.05935, 1.82089], [113.05926, 1.81885], [113.05566, 1.8205], [113.04975, 1.81012], [113.0446, 1.81407], [113.0414, 1.80411], [113.04157, 1.79479], [113.0388, 1.7882], [113.0208, 1.78767], [112.99878, 1.7941], [112.99382, 1.79758], [112.98957, 1.79714], [112.98345, 1.78759], [112.97846, 1.78513], [112.97149, 1.77853], [112.96907, 1.774], [112.96023, 1.76939], [112.95716, 1.76517], [112.95365, 1.76587], [112.95108, 1.77224], [112.94276, 1.77806], [112.92713, 1.77931], [112.91356, 1.78759], [112.90813, 1.78906], [112.90073, 1.78771], [112.89578, 1.79574], [112.89515, 1.79943], [112.88997, 1.80145], [112.88752, 1.81127], [112.8859, 1.81127], [112.88487, 1.81473], [112.88275, 1.8159], [112.87954, 1.82354], [112.87036, 1.82412], [112.86006, 1.83008], [112.85864, 1.83182], [112.8585, 1.83754], [112.85191, 1.84273], [112.85538, 1.85634], [112.85526, 1.86396], [112.85396, 1.86589], [112.84457, 1.86715], [112.84932, 1.8732], [112.8491, 1.87878], [112.85275, 1.87971], [112.85554, 1.88524], [112.85376, 1.89157], [112.85605, 1.89552], [112.85527, 1.89954], [112.8632, 1.90255], [112.86377, 1.90427], [112.86548, 1.90348], [112.87091, 1.9052], [112.87212, 1.90261], [112.87449, 1.90735], [112.87081, 1.91217], [112.87575, 1.91485], [112.88396, 1.91623], [112.88985, 1.92239], [112.90382, 1.92299], [112.91707, 1.92555], [112.92222, 1.92802], [112.92651, 1.92718], [112.93784, 1.9322], [112.94817, 1.932], [112.97032, 1.94024], [112.96483, 1.94341], [112.96049, 1.94341], [112.94882, 1.95177], [112.94986, 1.95293], [112.94812, 1.95424], [112.94868, 1.96144], [112.94727, 1.96778], [112.95281, 1.96897], [112.95303, 1.97127], [112.94945, 1.9752], [112.94816, 1.98045], [112.94456, 1.98019], [112.94268, 1.99009], [112.93884, 1.99199], [112.93585, 1.99618], [112.93537, 1.9998], [112.93738, 2.00066], [112.93654, 2.00558], [112.94688, 2.0007], [112.9514, 2.00254], [112.95241, 2.00508], [112.97137, 2.00198], [112.97604, 2.00316], [112.97862, 2.00174], [112.98442, 2.00484], [112.99402, 2.00466], [112.99777, 2.0079], [113.00186, 2.00683], [113.01511, 2.01373], [113.01321, 2.0183], [113.01165, 2.01738], [113.01011, 2.021], [112.99888, 2.0334], [112.98231, 2.0434], [112.96285, 2.05962], [112.94585, 2.07652], [112.93445, 2.09129], [112.91975, 2.10298], [112.91891, 2.10459], [112.9219, 2.10682], [112.92099, 2.10918], [112.92256, 2.11482], [112.92048, 2.11679], [112.92074, 2.11915], [112.92661, 2.12661], [112.92336, 2.1316], [112.92728, 2.13736], [112.92441, 2.14051], [112.92533, 2.14549], [112.92065, 2.15507], [112.91413, 2.15534], [112.9081, 2.15303], [112.90135, 2.15363], [112.8967, 2.15214], [112.87614, 2.15222], [112.87152, 2.15361], [112.86893, 2.15206], [112.86915, 2.14969], [112.86217, 2.14986], [112.85887, 2.14728], [112.85371, 2.15058], [112.84381, 2.15042], [112.8294, 2.15383], [112.83316, 2.16464], [112.85077, 2.16393], [112.85406, 2.16511], [112.85383, 2.16346], [112.85571, 2.16229], [112.86393, 2.16558], [112.86909, 2.16558], [112.8698, 2.1644], [112.87278, 2.16563], [112.87398, 2.17022], [112.87865, 2.1748], [112.88767, 2.1749], [112.88811, 2.18014], [112.88604, 2.18134], [112.88497, 2.18833], [112.88856, 2.19346], [112.88823, 2.19805], [112.89519, 2.20077], [112.89386, 2.20537], [112.89514, 2.21008], [112.899, 2.21284], [112.89833, 2.21475], [112.89988, 2.21633], [112.89895, 2.21954], [112.90005, 2.22199], [112.89719, 2.22495], [112.90207, 2.22678], [112.89957, 2.22992], [112.90452, 2.23373], [112.90115, 2.2347], [112.90725, 2.23748], [112.90251, 2.23969], [112.90111, 2.24427], [112.89699, 2.24854], [112.88885, 2.25062], [112.88907, 2.25674], [112.90015, 2.26393], [112.90341, 2.26436], [112.9108, 2.27222], [112.9068, 2.28172], [112.9144, 2.28539], [112.92078, 2.28287], [112.92213, 2.28079], [112.92539, 2.28161], [112.93045, 2.29053], [112.94046, 2.2883], [112.94485, 2.28265], [112.9499, 2.27936], [112.95464, 2.28056], [112.95788, 2.27883], [112.9594, 2.27957], [112.96319, 2.2765], [112.9658, 2.28001], [112.97277, 2.2792], [112.97593, 2.28164], [112.9774, 2.28519], [112.98408, 2.27928], [112.9893, 2.27932], [112.99154, 2.27605], [112.99906, 2.27558], [113.00945, 2.2716], [113.01915, 2.27209], [113.02302, 2.26421], [113.02649, 2.26333], [113.02765, 2.25983], [113.0543, 2.25376], [113.05548, 2.24317], [113.05282, 2.2373], [113.05655, 2.23531], [113.07351, 2.23863], [113.10055, 2.23691], [113.11059, 2.23956], [113.11435, 2.23731], [113.11728, 2.24404], [113.11339, 2.24783], [113.11534, 2.25049], [113.1331, 2.25485], [113.15068, 2.26805], [113.15276, 2.26711], [113.15182, 2.26498], [113.15528, 2.26474], [113.15604, 2.26162], [113.16002, 2.26604], [113.16509, 2.2657], [113.16586, 2.26395], [113.17137, 2.26165], [113.17639, 2.26721], [113.17425, 2.26856], [113.1743, 2.27035], [113.18138, 2.27496], [113.18349, 2.27954], [113.18636, 2.28073], [113.18998, 2.27748], [113.19132, 2.27931], [113.19309, 2.279], [113.19218, 2.28723], [113.19343, 2.28847], [113.19759, 2.28814], [113.20516, 2.29301], [113.20456, 2.29622], [113.20798, 2.30363], [113.20597, 2.31643], [113.22251, 2.31988], [113.22729, 2.31535], [113.22505, 2.31448], [113.22601, 2.31225], [113.22468, 2.30865], [113.22604, 2.31033], [113.23052, 2.30951], [113.23171, 2.30802], [113.2307, 2.30587], [113.2333, 2.30437], [113.23489, 2.30912], [113.23707, 2.30402], [113.23814, 2.3073], [113.2412, 2.30628], [113.24277, 2.30936], [113.24629, 2.30805], [113.24931, 2.31173], [113.25907, 2.3171], [113.26846, 2.32004], [113.2701, 2.32005], [113.26983, 2.31875]]]]}}, {"type": "Feature", "properties": {"state": "Sarawak", "seat": "N.62 Katibas", "seat_name": "Katibas"}, "geometry": {"type": "MultiPolygon", "coordinates": [[[[112.58785, 2.18517], [112.59495, 2.184], [112.59775, 2.17873], [112.60256, 2.17521], [112.60769, 2.17581], [112.6043, 2.14896], [112.60553, 2.12588], [112.61181, 2.10684], [112.61177, 2.09689], [112.61746, 2.08379], [112.61548, 2.0791], [112.61318, 2.07873], [112.61108, 2.08043], [112.60338, 2.07388], [112.6042, 2.07137], [112.60693, 2.06971], [112.60731, 2.06066], [112.60638, 2.05598], [112.60183, 2.05267], [112.60588, 2.04945], [112.6055, 2.04601], [112.60771, 2.04183], [112.60512, 2.02949], [112.61378, 2.02842], [112.61442, 2.01974], [112.61794, 2.01795], [112.62149, 2.00969], [112.63047, 2.01106], [112.63804, 2.0097], [112.63585, 2.00019], [112.6434, 1.99477], [112.64613, 1.98925], [112.65474, 1.99285], [112.6559, 1.99697], [112.66276, 1.99799], [112.66769, 1.99614], [112.67235, 1.99652], [112.67565, 1.98543], [112.68093, 1.98345], [112.68309, 1.97913], [112.68802, 1.97972], [112.68738, 1.97545], [112.70989, 1.97443], [112.72826, 1.97986], [112.74691, 1.97666], [112.77506, 1.97926], [112.78638, 1.97791], [112.79887, 1.95596], [112.79789, 1.95313], [112.79076, 1.94942], [112.78897, 1.94371], [112.7973, 1.94521], [112.80078, 1.93957], [112.80512, 1.93977], [112.80856, 1.9361], [112.8066, 1.93028], [112.82346, 1.90071], [112.82578, 1.88963], [112.83043, 1.88401], [112.82843, 1.87863], [112.82329, 1.87464], [112.82625, 1.87169], [112.83164, 1.87055], [112.8337, 1.86707], [112.84872, 1.86696], [112.85474, 1.86526], [112.85547, 1.85692], [112.85248, 1.84161], [112.8585, 1.83754], [112.85864, 1.83182], [112.86006, 1.83008], [112.87036, 1.82412], [112.87954, 1.82354], [112.88275, 1.8159], [112.88487, 1.81473], [112.8859, 1.81127], [112.88752, 1.81127], [112.88997, 1.80145], [112.89515, 1.79943], [112.89578, 1.79574], [112.90073, 1.78771], [112.90813, 1.78906], [112.91356, 1.78759], [112.92713, 1.77931], [112.94446, 1.77729], [112.95108, 1.77224], [112.95358, 1.76598], [112.95932, 1.75844], [112.95909, 1.75621], [112.95292, 1.75277], [112.94304, 1.75234], [112.92715, 1.74687], [112.92694, 1.73651], [112.93608, 1.73143], [112.93604, 1.72936], [112.93234, 1.72631], [112.92902, 1.7204], [112.92608, 1.71993], [112.92201, 1.71522], [112.91282, 1.71693], [112.9111, 1.71603], [112.90457, 1.70838], [112.90341, 1.70358], [112.8948, 1.69761], [112.89167, 1.68265], [112.86586, 1.68069], [112.85155, 1.68224], [112.85163, 1.67535], [112.85281, 1.67463], [112.89664, 1.66899], [112.89504, 1.66596], [112.89985, 1.65312], [112.89722, 1.64874], [112.89862, 1.64381], [112.90221, 1.63936], [112.90915, 1.63881], [112.91271, 1.63685], [112.91218, 1.63398], [112.90968, 1.63178], [112.90682, 1.63263], [112.90025, 1.63121], [112.9032, 1.62597], [112.90263, 1.6215], [112.90473, 1.61521], [112.9033, 1.61283], [112.9073, 1.61026], [112.90901, 1.60208], [112.90254, 1.59456], [112.90235, 1.59113], [112.89959, 1.58656], [112.89626, 1.58527], [112.88817, 1.5886], [112.88425, 1.58512], [112.8787, 1.58694], [112.87457, 1.58551], [112.87101, 1.58162], [112.86871, 1.57434], [112.86531, 1.57044], [112.86007, 1.56782], [112.8598, 1.56155], [112.85467, 1.55933], [112.84788, 1.55948], [112.84348, 1.55448], [112.84449, 1.55021], [112.84083, 1.54924], [112.83977, 1.54012], [112.8344, 1.53837], [112.83119, 1.54017], [112.82944, 1.54424], [112.82307, 1.54763], [112.81906, 1.54512], [112.81665, 1.54052], [112.80605, 1.54023], [112.80425, 1.54328], [112.79286, 1.54777], [112.7901, 1.55516], [112.78818, 1.5564], [112.77399, 1.5598], [112.7715, 1.56307], [112.76811, 1.56397], [112.76201, 1.56315], [112.76019, 1.56487], [112.75665, 1.56211], [112.74308, 1.55786], [112.72837, 1.5677], [112.72069, 1.56817], [112.71789, 1.56397], [112.69914, 1.56106], [112.68829, 1.55465], [112.68216, 1.55562], [112.67896, 1.55451], [112.67615, 1.55666], [112.67043, 1.55476], [112.66697, 1.55789], [112.66194, 1.55918], [112.65743, 1.56505], [112.65646, 1.56884], [112.65124, 1.5716], [112.64561, 1.56932], [112.64245, 1.57059], [112.63402, 1.56597], [112.62606, 1.5658], [112.5949, 1.57389], [112.59104, 1.57253], [112.57829, 1.57349], [112.57089, 1.57231], [112.56218, 1.57463], [112.55378, 1.57253], [112.55125, 1.5757], [112.54199, 1.57447], [112.53936, 1.57541], [112.53773, 1.57417], [112.53378, 1.57625], [112.52096, 1.57808], [112.51901, 1.58051], [112.50878, 1.57614], [112.50102, 1.57776], [112.49755, 1.58198], [112.49756, 1.58408], [112.49453, 1.58393], [112.4859, 1.57886], [112.4795, 1.57986], [112.47506, 1.57164], [112.46946, 1.57288], [112.46845, 1.56964], [112.46315, 1.56788], [112.45764, 1.56003], [112.44871, 1.55934], [112.43985, 1.55338], [112.4368, 1.54941], [112.43577, 1.54495], [112.43786, 1.53804], [112.42745, 1.52737], [112.41949, 1.53019], [112.41747, 1.52771], [112.40888, 1.52618], [112.39704, 1.52016], [112.39431, 1.52381], [112.38707, 1.52287], [112.38454, 1.51783], [112.38262, 1.51797], [112.37978, 1.51387], [112.36772, 1.51682], [112.36681, 1.51473], [112.3623, 1.51349], [112.35756, 1.50852], [112.35368, 1.50634], [112.34811, 1.50659], [112.34552, 1.50394], [112.3387, 1.50816], [112.3331, 1.50558], [112.32276, 1.50859], [112.31275, 1.50781], [112.3116, 1.50059], [112.30715, 1.49782], [112.3057, 1.49495], [112.30011, 1.49374], [112.29646, 1.48699], [112.2914, 1.48677], [112.2871, 1.48429], [112.28203, 1.47425], [112.27559, 1.47223], [112.26968, 1.46768], [112.26183, 1.46881], [112.25623, 1.46232], [112.24554, 1.45811], [112.23859, 1.45984], [112.23343, 1.45636], [112.22896, 1.45904], [112.22048, 1.45678], [112.21779, 1.4523], [112.21354, 1.45271], [112.20568, 1.4497], [112.20314, 1.442], [112.19896, 1.4383], [112.19261, 1.4398], [112.18726, 1.44482], [112.17958, 1.44428], [112.17724, 1.44666], [112.17036, 1.44712], [112.15996, 1.45489], [112.15831, 1.45419], [112.15335, 1.45627], [112.14832, 1.46025], [112.14113, 1.45826], [112.1395, 1.46065], [112.13556, 1.46147], [112.13119, 1.45533], [112.12613, 1.45587], [112.12464, 1.45466], [112.1187, 1.45639], [112.119, 1.45923], [112.11683, 1.46174], [112.10002, 1.4661], [112.09786, 1.46212], [112.09247, 1.45956], [112.08979, 1.46036], [112.08748, 1.45808], [112.08171, 1.45662], [112.06952, 1.45743], [112.06683, 1.47231], [112.05597, 1.47466], [112.0545, 1.47721], [112.04944, 1.47245], [112.04512, 1.47762], [112.0446, 1.48086], [112.03454, 1.48205], [112.03041, 1.48717], [112.03115, 1.50005], [112.03001, 1.5025], [112.02594, 1.50401], [112.02209, 1.51656], [112.01779, 1.52249], [112.01501, 1.52388], [112.0134, 1.54629], [112.00588, 1.54953], [112.00322, 1.55419], [111.99796, 1.55739], [111.99883, 1.56166], [111.99649, 1.56683], [112.00817, 1.56774], [112.01241, 1.56653], [112.01999, 1.56926], [112.03515, 1.56987], [112.03575, 1.57335], [112.04151, 1.58032], [112.04121, 1.58275], [112.04303, 1.58472], [112.0497, 1.58169], [112.05228, 1.5832], [112.05804, 1.57744], [112.06304, 1.57699], [112.06334, 1.58411], [112.06516, 1.58715], [112.06471, 1.5926], [112.06092, 1.59503], [112.05925, 1.59851], [112.06304, 1.60943], [112.06184, 1.61685], [112.07728, 1.61666], [112.0982, 1.60832], [112.10608, 1.60953], [112.10987, 1.61196], [112.11093, 1.61348], [112.10821, 1.61711], [112.10866, 1.61984], [112.11427, 1.62287], [112.12352, 1.6253], [112.1367, 1.62318], [112.14474, 1.62393], [112.14731, 1.62742], [112.14853, 1.6353], [112.15156, 1.6397], [112.15126, 1.64364], [112.15914, 1.64773], [112.15899, 1.65258], [112.16187, 1.65455], [112.16156, 1.65713], [112.16396, 1.65973], [112.16908, 1.6603], [112.17749, 1.65757], [112.18181, 1.6578], [112.18409, 1.66133], [112.19216, 1.65883], [112.20762, 1.65939], [112.20773, 1.6611], [112.20216, 1.66576], [112.20216, 1.66974], [112.19598, 1.67784], [112.19707, 1.6833], [112.2058, 1.68433], [112.21972, 1.67378], [112.22112, 1.67178], [112.22154, 1.66407], [112.22483, 1.66236], [112.22751, 1.65735], [112.23569, 1.65762], [112.24403, 1.65345], [112.24788, 1.65398], [112.24769, 1.64935], [112.25552, 1.64842], [112.2602, 1.64488], [112.26103, 1.64058], [112.26338, 1.6398], [112.27178, 1.64476], [112.27236, 1.6484], [112.27709, 1.65282], [112.27785, 1.65686], [112.28312, 1.66321], [112.2797, 1.66728], [112.2814, 1.67493], [112.27384, 1.67314], [112.27265, 1.67539], [112.26211, 1.6724], [112.25971, 1.6731], [112.26241, 1.67798], [112.25667, 1.67889], [112.25512, 1.68118], [112.25678, 1.6844], [112.25719, 1.69626], [112.26062, 1.6964], [112.26501, 1.70367], [112.2735, 1.70435], [112.28265, 1.70195], [112.28424, 1.70693], [112.2877, 1.70686], [112.29368, 1.70992], [112.29461, 1.71269], [112.30063, 1.71662], [112.3054, 1.74005], [112.30842, 1.74379], [112.31233, 1.74447], [112.33359, 1.73346], [112.33969, 1.73517], [112.33947, 1.73855], [112.3419, 1.73911], [112.34348, 1.73756], [112.34749, 1.74204], [112.35312, 1.74077], [112.35404, 1.74213], [112.3658, 1.74136], [112.3706, 1.73854], [112.37447, 1.7387], [112.38002, 1.7432], [112.38321, 1.74935], [112.38904, 1.75084], [112.39094, 1.74767], [112.39588, 1.74911], [112.39681, 1.75142], [112.3931, 1.75618], [112.39229, 1.76191], [112.39561, 1.76995], [112.39878, 1.77164], [112.40135, 1.78137], [112.40872, 1.78258], [112.4127, 1.7855], [112.41635, 1.78346], [112.42196, 1.78298], [112.42466, 1.78495], [112.43072, 1.7815], [112.43188, 1.78697], [112.43463, 1.78666], [112.43827, 1.78997], [112.44268, 1.78795], [112.44756, 1.78836], [112.45598, 1.79437], [112.4555, 1.79719], [112.44275, 1.80157], [112.43341, 1.80933], [112.42935, 1.80842], [112.42516, 1.81327], [112.4227, 1.8119], [112.41548, 1.81406], [112.41226, 1.82037], [112.41532, 1.82211], [112.41688, 1.82711], [112.415, 1.83147], [112.40243, 1.83703], [112.39728, 1.83459], [112.39308, 1.83451], [112.38963, 1.8396], [112.39229, 1.84292], [112.38546, 1.84772], [112.38385, 1.85132], [112.37962, 1.85194], [112.3716, 1.85794], [112.37349, 1.86159], [112.37853, 1.86235], [112.38147, 1.86454], [112.39161, 1.85724], [112.39588, 1.85906], [112.40436, 1.85668], [112.41028, 1.86038], [112.41499, 1.85919], [112.41682, 1.86101], [112.42065, 1.85929], [112.42177, 1.8619], [112.42049, 1.8652], [112.42555, 1.86764], [112.42602, 1.87501], [112.43016, 1.88276], [112.43316, 1.88326], [112.43748, 1.88052], [112.44191, 1.88324], [112.44474, 1.88186], [112.44825, 1.88316], [112.44826, 1.88966], [112.45136, 1.89383], [112.45062, 1.89832], [112.46117, 1.89887], [112.46229, 1.90032], [112.46056, 1.90514], [112.46137, 1.90797], [112.46534, 1.90822], [112.46732, 1.91322], [112.46293, 1.91803], [112.46881, 1.92501], [112.46574, 1.92981], [112.46306, 1.93086], [112.46704, 1.93943], [112.46687, 1.94234], [112.46879, 1.9437], [112.47028, 1.95526], [112.47164, 1.95664], [112.47522, 1.95608], [112.4765, 1.9632], [112.48526, 1.96233], [112.4826, 1.96859], [112.48756, 1.96941], [112.48565, 1.97389], [112.48582, 1.97887], [112.48399, 1.98025], [112.47977, 1.98033], [112.47771, 1.9786], [112.46888, 1.97933], [112.46503, 1.98189], [112.4618, 1.98684], [112.45465, 1.98877], [112.44637, 1.98832], [112.43439, 1.99163], [112.43086, 1.9906], [112.42877, 1.99273], [112.42382, 1.99238], [112.41979, 2.00502], [112.42333, 2.00676], [112.42328, 2.00836], [112.41297, 2.01333], [112.40798, 2.01352], [112.40117, 2.01812], [112.39736, 2.02504], [112.4001, 2.02539], [112.39839, 2.03283], [112.40174, 2.03266], [112.4015, 2.03575], [112.39313, 2.03751], [112.38725, 2.04179], [112.38658, 2.04391], [112.38024, 2.04486], [112.3769, 2.04906], [112.3753, 2.05945], [112.37903, 2.06124], [112.37817, 2.06527], [112.38853, 2.06502], [112.39385, 2.06328], [112.39847, 2.06827], [112.39736, 2.07224], [112.39887, 2.07555], [112.4059, 2.07667], [112.40917, 2.08196], [112.4057, 2.08882], [112.39378, 2.09502], [112.39321, 2.09723], [112.40081, 2.10835], [112.40074, 2.1115], [112.39645, 2.11218], [112.39577, 2.11389], [112.40107, 2.11924], [112.40636, 2.11966], [112.40605, 2.12427], [112.40891, 2.13018], [112.41335, 2.13028], [112.41695, 2.13564], [112.41352, 2.14462], [112.40654, 2.15461], [112.41098, 2.16292], [112.41979, 2.16215], [112.42489, 2.16508], [112.42795, 2.16382], [112.43299, 2.16567], [112.44011, 2.16306], [112.44336, 2.1667], [112.45629, 2.1673], [112.46032, 2.16968], [112.46206, 2.17346], [112.46641, 2.17516], [112.47549, 2.17105], [112.48071, 2.17188], [112.48976, 2.17055], [112.49419, 2.17308], [112.49808, 2.17349], [112.50076, 2.17198], [112.50472, 2.17382], [112.51417, 2.17059], [112.52147, 2.16482], [112.54277, 2.17364], [112.55431, 2.17387], [112.55978, 2.17865], [112.56078, 2.18251], [112.57202, 2.18128], [112.57939, 2.18825], [112.58785, 2.18517]]]]}}, {"type": "Feature", "properties": {"state": "Sarawak", "seat": "N.63 Bukit Goram", "seat_name": "Bukit Goram"}, "geometry": {"type": "MultiPolygon", "coordinates": [[[[112.62517, 2.18279], [112.62687, 2.18338], [112.63437, 2.1807], [112.63712, 2.17797], [112.64983, 2.17456], [112.65725, 2.17662], [112.66416, 2.17431], [112.68205, 2.17246], [112.68849, 2.16274], [112.69281, 2.16439], [112.70596, 2.15956], [112.7151, 2.16023], [112.72529, 2.15824], [112.7283, 2.15611], [112.73689, 2.15848], [112.74306, 2.15486], [112.74548, 2.15159], [112.75028, 2.14992], [112.7578, 2.15281], [112.77354, 2.15151], [112.78286, 2.14906], [112.78606, 2.15009], [112.78568, 2.15588], [112.81935, 2.14901], [112.8294, 2.15383], [112.83421, 2.15354], [112.84138, 2.15077], [112.85371, 2.15058], [112.85887, 2.14728], [112.86217, 2.14986], [112.86915, 2.14969], [112.86893, 2.15206], [112.87152, 2.15361], [112.87614, 2.15222], [112.8967, 2.15214], [112.90135, 2.15363], [112.9081, 2.15303], [112.91413, 2.15534], [112.92065, 2.15507], [112.92533, 2.14549], [112.92441, 2.14051], [112.92728, 2.13736], [112.92336, 2.1316], [112.92661, 2.12661], [112.92074, 2.11915], [112.92048, 2.11679], [112.92256, 2.11482], [112.92099, 2.10918], [112.9219, 2.10682], [112.91891, 2.10459], [112.91975, 2.10298], [112.93445, 2.09129], [112.94585, 2.07652], [112.96285, 2.05962], [112.98231, 2.0434], [112.99888, 2.0334], [113.01011, 2.021], [113.01165, 2.01738], [113.01321, 2.0183], [113.01511, 2.01373], [113.00186, 2.00683], [112.99777, 2.0079], [112.99402, 2.00466], [112.98442, 2.00484], [112.97862, 2.00174], [112.97604, 2.00316], [112.97137, 2.00198], [112.95241, 2.00508], [112.9514, 2.00254], [112.94688, 2.0007], [112.93654, 2.00558], [112.93738, 2.00066], [112.93537, 1.9998], [112.93585, 1.99618], [112.93884, 1.99199], [112.94268, 1.99009], [112.94456, 1.98019], [112.94816, 1.98045], [112.94945, 1.9752], [112.95303, 1.97127], [112.95281, 1.96897], [112.94727, 1.96778], [112.94868, 1.96144], [112.94812, 1.95424], [112.94986, 1.95293], [112.94882, 1.95177], [112.96049, 1.94341], [112.96483, 1.94341], [112.97032, 1.94024], [112.94817, 1.932], [112.93784, 1.9322], [112.92651, 1.92718], [112.92222, 1.92802], [112.91707, 1.92555], [112.90382, 1.92299], [112.88985, 1.92239], [112.88396, 1.91623], [112.87575, 1.91485], [112.87071, 1.91202], [112.87449, 1.90735], [112.87212, 1.90261], [112.87091, 1.9052], [112.86548, 1.90348], [112.86377, 1.90427], [112.8632, 1.90255], [112.85527, 1.89954], [112.85605, 1.89552], [112.85376, 1.89157], [112.85554, 1.88524], [112.85275, 1.87971], [112.8491, 1.87878], [112.84932, 1.8732], [112.84457, 1.86715], [112.8337, 1.86707], [112.83164, 1.87055], [112.82625, 1.87169], [112.82329, 1.87464], [112.82843, 1.87863], [112.83043, 1.88401], [112.82578, 1.88963], [112.82346, 1.90071], [112.8066, 1.93028], [112.80856, 1.9361], [112.80512, 1.93977], [112.80078, 1.93957], [112.7973, 1.94521], [112.78897, 1.94371], [112.79076, 1.94942], [112.79789, 1.95313], [112.79887, 1.95596], [112.78638, 1.97791], [112.77506, 1.97926], [112.74691, 1.97666], [112.72826, 1.97986], [112.70989, 1.97443], [112.68738, 1.97545], [112.68802, 1.97972], [112.68309, 1.97913], [112.68093, 1.98345], [112.67565, 1.98543], [112.67235, 1.99652], [112.66769, 1.99614], [112.66276, 1.99799], [112.6559, 1.99697], [112.65474, 1.99285], [112.64613, 1.98925], [112.6434, 1.99477], [112.63585, 2.00019], [112.63804, 2.0097], [112.63047, 2.01106], [112.62149, 2.00969], [112.61794, 2.01795], [112.61442, 2.01974], [112.61378, 2.02842], [112.60512, 2.02949], [112.60771, 2.04183], [112.6055, 2.04601], [112.60588, 2.04945], [112.60183, 2.05267], [112.60638, 2.05598], [112.60731, 2.06066], [112.60693, 2.06971], [112.6042, 2.07137], [112.60338, 2.07388], [112.61108, 2.08043], [112.61318, 2.07873], [112.61548, 2.0791], [112.61746, 2.08379], [112.61177, 2.09689], [112.61181, 2.10684], [112.60553, 2.12588], [112.6043, 2.14896], [112.60546, 2.16238], [112.60779, 2.17669], [112.61195, 2.17829], [112.61479, 2.18252], [112.62349, 2.18402], [112.62517, 2.18279]]]]}}, {"type": "Feature", "properties": {"state": "Sarawak", "seat": "N.64 Baleh", "seat_name": "Baleh"}, "geometry": {"type": "MultiPolygon", "coordinates": [[[[113.65217, 2.31558], [113.65857, 2.31298], [113.67101, 2.31432], [113.6741, 2.31232], [113.6796, 2.31214], [113.68561, 2.30862], [113.69159, 2.3081], [113.69144, 2.30371], [113.69388, 2.29735], [113.69327, 2.29154], [113.69662, 2.28051], [113.69501, 2.27296], [113.69653, 2.27075], [113.70243, 2.26844], [113.70953, 2.25422], [113.71185, 2.25315], [113.71414, 2.24105], [113.71148, 2.23134], [113.71349, 2.22047], [113.71686, 2.21874], [113.72253, 2.21928], [113.73184, 2.20931], [113.72957, 2.20678], [113.72951, 2.2019], [113.73375, 2.19576], [113.73696, 2.19442], [113.73844, 2.18662], [113.74499, 2.18098], [113.74776, 2.16962], [113.75542, 2.16575], [113.75741, 2.162], [113.76331, 2.15873], [113.76143, 2.15097], [113.76767, 2.14286], [113.76846, 2.13864], [113.7813, 2.13913], [113.78259, 2.13876], [113.78155, 2.13586], [113.78288, 2.1344], [113.79111, 2.13351], [113.78958, 2.12716], [113.79461, 2.11836], [113.80042, 2.11726], [113.80287, 2.11519], [113.80287, 2.10763], [113.8076, 2.09595], [113.81989, 2.08792], [113.8273, 2.08876], [113.83178, 2.08626], [113.83161, 2.08186], [113.82344, 2.0786], [113.83202, 2.06886], [113.83453, 2.0602], [113.84242, 2.0549], [113.8512, 2.05372], [113.85391, 2.04148], [113.86826, 2.04475], [113.87808, 2.04173], [113.87761, 2.03422], [113.88526, 2.0271], [113.88103, 2.01924], [113.88201, 2.01433], [113.87998, 2.00858], [113.88108, 2.00309], [113.89022, 2.00337], [113.90107, 1.99344], [113.90161, 1.9909], [113.90757, 1.99211], [113.91716, 1.98215], [113.92412, 1.98203], [113.92798, 1.97694], [113.93985, 1.97804], [113.94835, 1.97464], [113.95776, 1.9634], [113.96396, 1.9596], [113.9679, 1.95974], [113.9704, 1.96169], [113.97067, 1.95941], [113.96839, 1.9584], [113.9688, 1.95127], [113.97729, 1.94703], [113.98934, 1.93215], [113.9883, 1.92162], [113.98002, 1.91645], [113.98337, 1.91402], [113.98845, 1.91494], [113.98954, 1.9133], [113.99663, 1.91219], [113.99936, 1.90364], [114.01171, 1.8998], [114.0164, 1.90058], [114.01968, 1.90444], [114.02885, 1.90492], [114.03771, 1.90022], [114.04086, 1.9012], [114.04711, 1.89793], [114.05532, 1.89666], [114.06152, 1.88668], [114.06621, 1.88383], [114.07706, 1.88413], [114.07996, 1.88705], [114.08458, 1.88521], [114.08539, 1.8796], [114.08367, 1.87577], [114.08632, 1.8709], [114.0971, 1.86485], [114.09953, 1.86538], [114.1004, 1.86828], [114.1068, 1.86696], [114.10645, 1.86241], [114.11025, 1.8611], [114.10805, 1.8588], [114.11006, 1.85738], [114.10958, 1.85543], [114.11296, 1.85432], [114.1091, 1.85118], [114.11228, 1.84384], [114.10915, 1.84009], [114.10872, 1.83191], [114.10669, 1.82873], [114.10448, 1.83003], [114.10283, 1.82803], [114.10496, 1.82667], [114.10542, 1.81715], [114.10158, 1.81657], [114.09819, 1.80873], [114.10288, 1.80269], [114.10343, 1.79814], [114.10847, 1.79532], [114.10948, 1.79197], [114.11614, 1.78922], [114.11966, 1.78168], [114.12036, 1.77513], [114.12675, 1.77638], [114.13067, 1.77445], [114.14458, 1.76622], [114.14772, 1.76127], [114.15351, 1.76266], [114.1558, 1.76896], [114.15941, 1.77032], [114.1662, 1.77076], [114.16886, 1.76764], [114.1717, 1.7672], [114.18506, 1.77011], [114.18857, 1.77249], [114.19277, 1.76657], [114.20038, 1.76157], [114.20253, 1.75541], [114.20507, 1.7531], [114.2112, 1.75578], [114.21324, 1.75978], [114.22256, 1.76018], [114.22467, 1.76199], [114.23029, 1.76257], [114.23377, 1.76726], [114.23689, 1.77625], [114.2445, 1.78059], [114.25093, 1.78784], [114.25548, 1.78866], [114.26381, 1.79806], [114.26978, 1.79881], [114.27841, 1.79661], [114.28617, 1.79893], [114.28872, 1.79717], [114.28942, 1.79218], [114.28723, 1.78471], [114.29431, 1.77884], [114.29931, 1.77747], [114.30293, 1.77426], [114.30402, 1.77034], [114.32041, 1.75877], [114.31086, 1.75081], [114.30902, 1.73581], [114.30735, 1.73273], [114.30783, 1.72666], [114.30103, 1.72248], [114.2971, 1.72254], [114.29694, 1.71009], [114.2799, 1.69333], [114.27692, 1.68823], [114.27832, 1.68049], [114.28288, 1.67284], [114.27995, 1.66471], [114.27537, 1.65944], [114.27511, 1.65471], [114.28142, 1.65049], [114.29083, 1.6474], [114.29907, 1.65188], [114.30074, 1.6548], [114.30634, 1.65512], [114.31424, 1.65864], [114.3177, 1.6571], [114.3224, 1.65163], [114.32544, 1.64377], [114.32898, 1.64092], [114.32963, 1.63659], [114.33454, 1.62922], [114.34422, 1.62795], [114.35334, 1.63094], [114.35375, 1.62871], [114.35796, 1.6264], [114.36589, 1.62669], [114.38125, 1.63182], [114.39198, 1.63283], [114.39606, 1.64006], [114.39911, 1.64083], [114.40286, 1.63843], [114.41312, 1.64664], [114.41923, 1.64507], [114.42723, 1.6401], [114.4379, 1.64533], [114.44525, 1.64693], [114.44955, 1.6438], [114.44961, 1.64044], [114.46174, 1.63409], [114.46628, 1.62295], [114.47011, 1.61971], [114.48932, 1.62592], [114.49642, 1.62508], [114.50102, 1.63093], [114.50695, 1.62905], [114.51406, 1.63061], [114.52534, 1.62839], [114.55297, 1.60876], [114.56315, 1.60529], [114.57709, 1.59779], [114.58316, 1.59693], [114.58751, 1.59301], [114.59561, 1.59073], [114.59925, 1.58331], [114.59972, 1.57737], [114.60518, 1.57596], [114.60244, 1.56588], [114.60509, 1.55892], [114.59973, 1.55401], [114.59779, 1.54259], [114.59336, 1.53171], [114.60636, 1.52232], [114.60975, 1.51573], [114.60564, 1.51067], [114.60611, 1.50691], [114.59913, 1.49999], [114.60048, 1.48848], [114.59505, 1.48586], [114.59342, 1.48283], [114.58861, 1.48258], [114.58766, 1.48074], [114.5879, 1.47716], [114.58529, 1.47368], [114.58331, 1.46449], [114.58367, 1.45908], [114.58158, 1.45661], [114.57925, 1.44565], [114.56932, 1.44267], [114.56582, 1.43903], [114.56303, 1.43005], [114.55908, 1.42626], [114.557, 1.43335], [114.5521, 1.43596], [114.54802, 1.43433], [114.5463, 1.43686], [114.53091, 1.43788], [114.52573, 1.44203], [114.51976, 1.44304], [114.51836, 1.44715], [114.51044, 1.45272], [114.50573, 1.46227], [114.49208, 1.46411], [114.48632, 1.46677], [114.48508, 1.46935], [114.47801, 1.47408], [114.47362, 1.47281], [114.4663, 1.47535], [114.4564, 1.48532], [114.45256, 1.48735], [114.44752, 1.48709], [114.43691, 1.49582], [114.41915, 1.50506], [114.41586, 1.51052], [114.40805, 1.51163], [114.40554, 1.5196], [114.39916, 1.52311], [114.39711, 1.5208], [114.38565, 1.52076], [114.37836, 1.51678], [114.38119, 1.51425], [114.38024, 1.50174], [114.37467, 1.49691], [114.37289, 1.49314], [114.36728, 1.49442], [114.36122, 1.49315], [114.35817, 1.48887], [114.35217, 1.48845], [114.34723, 1.4906], [114.34366, 1.4876], [114.32643, 1.48435], [114.32503, 1.48339], [114.32522, 1.48072], [114.32138, 1.47772], [114.31289, 1.47644], [114.30091, 1.47209], [114.29701, 1.46796], [114.29285, 1.45742], [114.28629, 1.45759], [114.27595, 1.45281], [114.2691, 1.45279], [114.26309, 1.45037], [114.26014, 1.45187], [114.25263, 1.45066], [114.24341, 1.45286], [114.23577, 1.44782], [114.23205, 1.44849], [114.23038, 1.44447], [114.23113, 1.43867], [114.22896, 1.43867], [114.22255, 1.42999], [114.21651, 1.42571], [114.21672, 1.41673], [114.20396, 1.41097], [114.19927, 1.41043], [114.19717, 1.41328], [114.19586, 1.42131], [114.18843, 1.423], [114.18554, 1.42578], [114.18481, 1.42895], [114.17771, 1.43039], [114.17157, 1.4366], [114.15887, 1.44229], [114.15322, 1.44156], [114.14991, 1.45169], [114.14627, 1.45241], [114.14207, 1.46252], [114.13626, 1.46662], [114.12931, 1.46634], [114.12697, 1.46371], [114.11401, 1.46357], [114.11226, 1.45947], [114.108, 1.45645], [114.10156, 1.45604], [114.09821, 1.45664], [114.09544, 1.46264], [114.08962, 1.46705], [114.07847, 1.46314], [114.07157, 1.46612], [114.0686, 1.46398], [114.06292, 1.46352], [114.0574, 1.45981], [114.05442, 1.4601], [114.05162, 1.45776], [114.04538, 1.45837], [114.0405, 1.45275], [114.03021, 1.45315], [114.02525, 1.45131], [114.02006, 1.45374], [114.00903, 1.44932], [114.00267, 1.45104], [113.98981, 1.4442], [113.97647, 1.44925], [113.9684, 1.44995], [113.96382, 1.44724], [113.96109, 1.44229], [113.9574, 1.44428], [113.94974, 1.44349], [113.94395, 1.44034], [113.93759, 1.43369], [113.93137, 1.41901], [113.9239, 1.41662], [113.9198, 1.41244], [113.9108, 1.41114], [113.90655, 1.41516], [113.89713, 1.40629], [113.87776, 1.40058], [113.87312, 1.39656], [113.86992, 1.39016], [113.86119, 1.38756], [113.84281, 1.38912], [113.84264, 1.38368], [113.83863, 1.38098], [113.82943, 1.38064], [113.82003, 1.37443], [113.8153, 1.37376], [113.81494, 1.37084], [113.80836, 1.36647], [113.81239, 1.36386], [113.81784, 1.35694], [113.82351, 1.35588], [113.82413, 1.35091], [113.82219, 1.34266], [113.82413, 1.33756], [113.82314, 1.33459], [113.81845, 1.33098], [113.81902, 1.32725], [113.81718, 1.32412], [113.81205, 1.32221], [113.80919, 1.31355], [113.79811, 1.30788], [113.79738, 1.30057], [113.77923, 1.29677], [113.76943, 1.28967], [113.75533, 1.28494], [113.75555, 1.28279], [113.74928, 1.2769], [113.74257, 1.27819], [113.73422, 1.27465], [113.73098, 1.27527], [113.72876, 1.27067], [113.71931, 1.2717], [113.71833, 1.27024], [113.71385, 1.26979], [113.70846, 1.2644], [113.70486, 1.26625], [113.69716, 1.26652], [113.69469, 1.25939], [113.68621, 1.2487], [113.68351, 1.24263], [113.67116, 1.23416], [113.66372, 1.2341], [113.66038, 1.23017], [113.65825, 1.22452], [113.66091, 1.21938], [113.65636, 1.21767], [113.65347, 1.21876], [113.65099, 1.22295], [113.64413, 1.22425], [113.63895, 1.22404], [113.62994, 1.21989], [113.62512, 1.21946], [113.62061, 1.2216], [113.61713, 1.22898], [113.61274, 1.22954], [113.61432, 1.23479], [113.62177, 1.24169], [113.61943, 1.2526], [113.61334, 1.25468], [113.61074, 1.25407], [113.60511, 1.25803], [113.59089, 1.26297], [113.58928, 1.27883], [113.58542, 1.28171], [113.58625, 1.28845], [113.5782, 1.29376], [113.57654, 1.30867], [113.57316, 1.30922], [113.5683, 1.30651], [113.56131, 1.3105], [113.55694, 1.3086], [113.55366, 1.3093], [113.55179, 1.31312], [113.54373, 1.32008], [113.53131, 1.32281], [113.52111, 1.3207], [113.50846, 1.31448], [113.5036, 1.31565], [113.5026, 1.31731], [113.49685, 1.31637], [113.49348, 1.31828], [113.48141, 1.30774], [113.47694, 1.30903], [113.47261, 1.3052], [113.46708, 1.30592], [113.45976, 1.30425], [113.45825, 1.30093], [113.45158, 1.29565], [113.44795, 1.28648], [113.43462, 1.28371], [113.42119, 1.28632], [113.41495, 1.28555], [113.41367, 1.291], [113.40496, 1.29891], [113.40371, 1.30514], [113.39757, 1.30994], [113.39208, 1.31818], [113.37474, 1.31978], [113.37036, 1.32311], [113.36338, 1.32383], [113.36146, 1.32711], [113.36329, 1.33382], [113.35938, 1.33785], [113.35867, 1.34679], [113.35529, 1.34894], [113.35055, 1.35801], [113.34504, 1.35748], [113.3406, 1.35913], [113.33711, 1.36321], [113.32876, 1.36456], [113.32365, 1.36884], [113.32159, 1.37554], [113.30988, 1.37525], [113.30659, 1.3723], [113.30066, 1.37098], [113.29625, 1.37451], [113.27926, 1.38149], [113.27585, 1.38156], [113.27378, 1.37946], [113.26842, 1.38049], [113.26143, 1.38789], [113.25435, 1.38815], [113.25144, 1.38291], [113.24356, 1.38232], [113.23853, 1.38617], [113.23467, 1.39278], [113.22596, 1.39456], [113.21835, 1.38945], [113.21618, 1.38973], [113.21555, 1.38339], [113.21319, 1.38161], [113.2055, 1.3826], [113.19412, 1.37897], [113.19042, 1.3816], [113.18462, 1.37964], [113.18235, 1.37691], [113.17462, 1.37823], [113.16886, 1.3833], [113.16581, 1.38394], [113.16458, 1.38673], [113.15338, 1.39208], [113.14889, 1.39115], [113.14582, 1.39233], [113.13774, 1.38781], [113.13513, 1.39516], [113.12695, 1.40185], [113.12677, 1.41282], [113.12513, 1.41463], [113.11935, 1.41502], [113.11581, 1.4212], [113.11725, 1.4289], [113.11439, 1.43288], [113.10767, 1.436], [113.10473, 1.43575], [113.09856, 1.44584], [113.08945, 1.4423], [113.08488, 1.43771], [113.0863, 1.43518], [113.08353, 1.43407], [113.08177, 1.42899], [113.07781, 1.42834], [113.06782, 1.43162], [113.0571, 1.4233], [113.05082, 1.42128], [113.03724, 1.42427], [113.03116, 1.41556], [113.02057, 1.41147], [113.01779, 1.4078], [113.01208, 1.40564], [113.00564, 1.40613], [112.9998, 1.40919], [112.9873, 1.40859], [112.98536, 1.40981], [112.97465, 1.4083], [112.96784, 1.41139], [112.97083, 1.41757], [112.97172, 1.42411], [112.96876, 1.43739], [112.97487, 1.44076], [112.97687, 1.44605], [112.97641, 1.45058], [112.97995, 1.45277], [113.00048, 1.45829], [113.0076, 1.46384], [113.0178, 1.46655], [113.02006, 1.47046], [113.0231, 1.47156], [113.029, 1.47034], [113.03488, 1.47506], [113.03269, 1.48269], [113.02517, 1.49296], [113.03303, 1.49615], [113.03397, 1.49839], [113.04046, 1.49829], [113.04336, 1.49979], [113.04025, 1.50298], [113.04049, 1.51054], [113.0384, 1.51489], [113.04565, 1.51957], [113.04883, 1.52666], [113.05298, 1.52617], [113.05469, 1.52987], [113.05826, 1.53099], [113.06425, 1.52967], [113.06181, 1.54073], [113.05774, 1.54284], [113.05515, 1.54751], [113.05748, 1.55281], [113.05225, 1.5588], [113.04655, 1.55711], [113.03967, 1.56167], [113.03049, 1.56372], [113.02785, 1.56663], [113.02356, 1.56557], [113.02029, 1.56845], [113.01517, 1.56769], [113.012, 1.56979], [113.0051, 1.57073], [112.99885, 1.56932], [112.99369, 1.57355], [112.99283, 1.57842], [112.98316, 1.57921], [112.97728, 1.56361], [112.9682, 1.56321], [112.96012, 1.56858], [112.95749, 1.56743], [112.95377, 1.56856], [112.95088, 1.57067], [112.9504, 1.57447], [112.9454, 1.57425], [112.943, 1.5683], [112.9361, 1.57041], [112.93601, 1.56716], [112.92694, 1.56756], [112.91713, 1.57109], [112.9135, 1.57572], [112.91427, 1.57802], [112.90905, 1.58321], [112.89626, 1.58527], [112.89959, 1.58656], [112.90235, 1.59113], [112.90254, 1.59456], [112.90901, 1.60208], [112.9073, 1.61026], [112.9033, 1.61283], [112.90473, 1.61521], [112.90263, 1.6215], [112.9032, 1.62597], [112.90025, 1.63121], [112.90682, 1.63263], [112.90968, 1.63178], [112.91218, 1.63398], [112.91271, 1.63685], [112.90915, 1.63881], [112.90221, 1.63936], [112.89862, 1.64381], [112.89722, 1.64874], [112.89985, 1.65312], [112.89504, 1.66596], [112.89664, 1.66899], [112.85281, 1.67463], [112.85163, 1.67535], [112.85155, 1.68224], [112.86586, 1.68069], [112.89167, 1.68265], [112.8948, 1.69761], [112.90341, 1.70358], [112.90457, 1.70838], [112.9111, 1.71603], [112.91282, 1.71693], [112.92201, 1.71522], [112.92608, 1.71993], [112.92902, 1.7204], [112.93234, 1.72631], [112.93604, 1.72936], [112.93608, 1.73143], [112.92694, 1.73651], [112.92715, 1.74687], [112.94304, 1.75234], [112.95042, 1.75206], [112.95672, 1.75428], [112.95932, 1.75844], [112.95365, 1.76587], [112.95754, 1.76537], [112.96023, 1.76939], [112.96907, 1.774], [112.97149, 1.77853], [112.97846, 1.78513], [112.98345, 1.78759], [112.98957, 1.79714], [112.99382, 1.79758], [112.99878, 1.7941], [113.0208, 1.78767], [113.0388, 1.7882], [113.04157, 1.79479], [113.0414, 1.80411], [113.0446, 1.81407], [113.04975, 1.81012], [113.05566, 1.8205], [113.05926, 1.81885], [113.05935, 1.82089], [113.06243, 1.81793], [113.06354, 1.82148], [113.07761, 1.82182], [113.0811, 1.82019], [113.08166, 1.82202], [113.08414, 1.82264], [113.08317, 1.82693], [113.08456, 1.8289], [113.09546, 1.82913], [113.09666, 1.83087], [113.09625, 1.83626], [113.09832, 1.83758], [113.10338, 1.83617], [113.12103, 1.83684], [113.13431, 1.8344], [113.17177, 1.84366], [113.19055, 1.84282], [113.20487, 1.84624], [113.22078, 1.8473], [113.22755, 1.84543], [113.21897, 1.85655], [113.21445, 1.86579], [113.21053, 1.87985], [113.21161, 1.88407], [113.21041, 1.88728], [113.21274, 1.88826], [113.21169, 1.89039], [113.20695, 1.89461], [113.20689, 1.8965], [113.20093, 1.89898], [113.19993, 1.90118], [113.19381, 1.90217], [113.1904, 1.9055], [113.19154, 1.90702], [113.19065, 1.90942], [113.194, 1.91043], [113.194, 1.91397], [113.18884, 1.91332], [113.18568, 1.91575], [113.1874, 1.92523], [113.18341, 1.93867], [113.18009, 1.94228], [113.16412, 1.94769], [113.16285, 1.95477], [113.16793, 1.96652], [113.16723, 1.97648], [113.16179, 1.98064], [113.14974, 1.98593], [113.14759, 1.99021], [113.14752, 1.99355], [113.1505, 1.99719], [113.14984, 2.01605], [113.15502, 2.02541], [113.16709, 2.02214], [113.16908, 2.02386], [113.16725, 2.02801], [113.17219, 2.02646], [113.1646, 2.03875], [113.17252, 2.04357], [113.1761, 2.0471], [113.17712, 2.05108], [113.17325, 2.05949], [113.15779, 2.07196], [113.1532, 2.08291], [113.14691, 2.08606], [113.14377, 2.09179], [113.14057, 2.09371], [113.13866, 2.10608], [113.13683, 2.10939], [113.14032, 2.11931], [113.13825, 2.12416], [113.1389, 2.13529], [113.1362, 2.14314], [113.13693, 2.14582], [113.12791, 2.14853], [113.12941, 2.15311], [113.13154, 2.15547], [113.1382, 2.15278], [113.14086, 2.15388], [113.14572, 2.15143], [113.15607, 2.15166], [113.15826, 2.15299], [113.16697, 2.15196], [113.16962, 2.14722], [113.18255, 2.1431], [113.18404, 2.1405], [113.18296, 2.13705], [113.18545, 2.13687], [113.19313, 2.14096], [113.20341, 2.1437], [113.20265, 2.14642], [113.20745, 2.14628], [113.20976, 2.14811], [113.21056, 2.15946], [113.21417, 2.15922], [113.21472, 2.16143], [113.21746, 2.1608], [113.21676, 2.16229], [113.22053, 2.1641], [113.22279, 2.15558], [113.22804, 2.15416], [113.2289, 2.15139], [113.23305, 2.15194], [113.23618, 2.14673], [113.239, 2.14618], [113.23869, 2.14413], [113.24174, 2.14199], [113.2459, 2.14199], [113.24988, 2.14477], [113.24778, 2.14867], [113.25015, 2.15007], [113.25015, 2.15344], [113.25225, 2.15512], [113.25657, 2.15511], [113.25741, 2.1603], [113.26327, 2.16225], [113.26383, 2.16505], [113.27609, 2.16041], [113.27679, 2.16223], [113.28159, 2.16278], [113.2835, 2.16135], [113.29704, 2.1633], [113.29778, 2.16899], [113.29559, 2.17458], [113.29672, 2.17873], [113.28935, 2.18903], [113.29093, 2.19144], [113.29739, 2.19299], [113.302, 2.20003], [113.30023, 2.20129], [113.29427, 2.19888], [113.2903, 2.20299], [113.30182, 2.21124], [113.30764, 2.21235], [113.31323, 2.21654], [113.31341, 2.22139], [113.31195, 2.22364], [113.3136, 2.22707], [113.32548, 2.22912], [113.3326, 2.23361], [113.34119, 2.23401], [113.3416, 2.23519], [113.35124, 2.23269], [113.36073, 2.235], [113.36448, 2.23005], [113.36929, 2.22826], [113.37022, 2.22594], [113.37284, 2.22583], [113.37847, 2.21783], [113.39695, 2.22494], [113.40435, 2.22005], [113.41264, 2.22469], [113.41939, 2.22611], [113.42155, 2.22839], [113.42495, 2.22698], [113.42707, 2.22848], [113.43474, 2.2278], [113.43703, 2.23049], [113.43465, 2.23349], [113.43624, 2.23528], [113.43619, 2.24041], [113.43744, 2.24127], [113.44012, 2.23987], [113.44151, 2.24133], [113.44102, 2.24402], [113.44327, 2.24731], [113.44236, 2.25144], [113.4496, 2.25206], [113.45827, 2.25757], [113.46, 2.2599], [113.45812, 2.26382], [113.46007, 2.26612], [113.47479, 2.26669], [113.47605, 2.26862], [113.48022, 2.26934], [113.48529, 2.27348], [113.48835, 2.27355], [113.49902, 2.27889], [113.50272, 2.28315], [113.50648, 2.28417], [113.50594, 2.28669], [113.51049, 2.2907], [113.5177, 2.29219], [113.51857, 2.29558], [113.52092, 2.29376], [113.52563, 2.29833], [113.5374, 2.30209], [113.53739, 2.29847], [113.54077, 2.29862], [113.54327, 2.29617], [113.5494, 2.2985], [113.55164, 2.30261], [113.56502, 2.30483], [113.57096, 2.3022], [113.57673, 2.30257], [113.58396, 2.2962], [113.59103, 2.29937], [113.59196, 2.30235], [113.60126, 2.30271], [113.60665, 2.30476], [113.62073, 2.30038], [113.62379, 2.30249], [113.62685, 2.30774], [113.63333, 2.30789], [113.64675, 2.31481], [113.65002, 2.31329], [113.65217, 2.31558]]]]}}, {"type": "Feature", "properties": {"state": "Sarawak", "seat": "N.65 Belaga", "seat_name": "Belaga"}, "geometry": {"type": "MultiPolygon", "coordinates": [[[[114.00601, 3.04966], [114.00839, 3.04821], [114.0089, 3.04383], [114.01266, 3.04626], [114.01621, 3.04265], [114.01817, 3.04402], [114.02811, 3.04444], [114.03194, 3.04954], [114.03362, 3.0413], [114.03532, 3.03989], [114.03969, 3.0478], [114.04037, 3.04138], [114.04586, 3.04107], [114.04447, 3.03534], [114.04978, 3.03544], [114.05378, 3.03284], [114.05394, 3.03599], [114.06418, 3.03552], [114.06841, 3.04083], [114.07378, 3.03876], [114.0756, 3.04169], [114.08181, 3.03845], [114.08897, 3.04061], [114.09649, 3.03954], [114.09806, 3.03712], [114.11306, 3.03561], [114.11522, 3.03284], [114.11865, 3.03368], [114.12033, 3.03256], [114.12202, 3.03347], [114.12279, 3.03163], [114.1241, 3.03301], [114.1308, 3.03187], [114.13519, 3.02437], [114.14239, 3.02394], [114.14344, 3.01666], [114.14698, 3.01467], [114.14976, 3.01608], [114.14717, 3.01221], [114.14726, 3.00918], [114.15402, 2.99627], [114.15437, 2.98949], [114.16698, 2.9816], [114.16508, 2.97925], [114.1656, 2.97592], [114.15881, 2.96881], [114.14963, 2.97028], [114.14814, 2.96888], [114.14634, 2.96384], [114.15045, 2.95633], [114.16012, 2.9505], [114.16373, 2.94487], [114.16627, 2.94637], [114.17419, 2.94242], [114.18342, 2.94145], [114.18545, 2.94233], [114.18705, 2.94623], [114.19353, 2.94559], [114.19807, 2.93639], [114.1965, 2.92843], [114.20669, 2.91235], [114.20426, 2.90995], [114.20459, 2.90689], [114.19979, 2.90422], [114.21067, 2.89613], [114.21954, 2.89258], [114.2178, 2.88985], [114.20539, 2.8847], [114.19872, 2.88422], [114.18292, 2.88775], [114.16981, 2.88248], [114.16166, 2.88286], [114.16135, 2.88088], [114.16596, 2.87916], [114.16473, 2.87352], [114.16106, 2.87176], [114.16136, 2.87006], [114.1561, 2.86881], [114.15477, 2.86531], [114.15163, 2.86488], [114.15264, 2.85719], [114.14937, 2.85454], [114.14102, 2.85685], [114.13602, 2.85567], [114.11026, 2.8672], [114.08522, 2.86238], [114.07262, 2.85362], [114.06871, 2.84888], [114.06556, 2.84026], [114.06965, 2.8337], [114.07056, 2.82726], [114.06652, 2.82418], [114.06379, 2.82454], [114.0594, 2.82243], [114.04983, 2.82051], [114.04714, 2.82168], [114.0474, 2.81622], [114.0435, 2.80834], [114.04354, 2.80592], [114.04909, 2.80593], [114.04815, 2.80327], [114.05048, 2.80318], [114.05205, 2.80089], [114.05129, 2.79861], [114.04696, 2.7961], [114.04825, 2.78965], [114.05434, 2.78607], [114.05772, 2.78839], [114.06176, 2.7882], [114.06362, 2.78449], [114.0671, 2.78446], [114.06681, 2.77956], [114.06002, 2.76906], [114.0633, 2.76538], [114.06064, 2.7594], [114.06158, 2.75653], [114.06368, 2.75738], [114.0647, 2.75565], [114.06314, 2.75039], [114.06647, 2.75074], [114.06978, 2.74581], [114.06025, 2.73556], [114.05422, 2.72162], [114.04891, 2.71725], [114.04883, 2.71133], [114.05255, 2.70113], [114.04907, 2.69476], [114.05145, 2.68714], [114.04841, 2.6823], [114.04892, 2.68014], [114.04369, 2.67662], [114.03685, 2.67457], [114.03562, 2.67224], [114.03208, 2.6707], [114.03253, 2.66551], [114.03725, 2.66219], [114.03797, 2.65844], [114.04295, 2.65683], [114.0509, 2.66172], [114.05458, 2.65435], [114.05545, 2.63247], [114.0465, 2.62784], [114.04113, 2.6209], [114.04032, 2.6181], [114.04327, 2.60904], [114.0371, 2.60592], [114.0369, 2.59646], [114.04027, 2.59465], [114.04287, 2.58858], [114.05033, 2.59133], [114.05298, 2.5898], [114.0566, 2.59103], [114.05335, 2.58515], [114.0537, 2.58226], [114.05652, 2.581], [114.06585, 2.58712], [114.06262, 2.59104], [114.06326, 2.59247], [114.06624, 2.59204], [114.07088, 2.58649], [114.0761, 2.58585], [114.08116, 2.59056], [114.08087, 2.59402], [114.08455, 2.59587], [114.08465, 2.59854], [114.08985, 2.60061], [114.09206, 2.59716], [114.09749, 2.59596], [114.10237, 2.59088], [114.11209, 2.59025], [114.11486, 2.58774], [114.12045, 2.58769], [114.12207, 2.5852], [114.12535, 2.58466], [114.1271, 2.58265], [114.13031, 2.58281], [114.13174, 2.58611], [114.13361, 2.58646], [114.13576, 2.58159], [114.14121, 2.58071], [114.14291, 2.57722], [114.15029, 2.57167], [114.1509, 2.56752], [114.1545, 2.5659], [114.1627, 2.56565], [114.17706, 2.55734], [114.18359, 2.55682], [114.18586, 2.55201], [114.18592, 2.54371], [114.19554, 2.5377], [114.19383, 2.5339], [114.19517, 2.53128], [114.21244, 2.52581], [114.21703, 2.52864], [114.22931, 2.52588], [114.23213, 2.52686], [114.23472, 2.5218], [114.24123, 2.51726], [114.24307, 2.51054], [114.23807, 2.50504], [114.239, 2.50246], [114.23706, 2.5004], [114.24032, 2.49838], [114.24157, 2.4946], [114.2391, 2.48951], [114.24304, 2.48846], [114.24413, 2.48253], [114.2397, 2.47604], [114.23451, 2.47234], [114.23692, 2.46956], [114.23998, 2.46961], [114.24478, 2.46605], [114.24316, 2.46331], [114.23482, 2.45556], [114.23089, 2.44858], [114.21933, 2.44114], [114.22024, 2.43872], [114.21785, 2.43433], [114.21861, 2.4301], [114.21551, 2.42825], [114.21632, 2.42422], [114.21496, 2.41949], [114.2123, 2.41935], [114.21105, 2.41716], [114.20801, 2.41792], [114.20162, 2.41606], [114.20264, 2.41266], [114.19596, 2.40941], [114.19469, 2.41061], [114.18883, 2.4089], [114.18467, 2.40997], [114.18058, 2.40351], [114.17458, 2.4007], [114.17731, 2.39609], [114.17486, 2.39455], [114.17695, 2.39193], [114.17336, 2.3877], [114.17915, 2.38572], [114.17431, 2.38219], [114.1768, 2.37186], [114.16984, 2.36998], [114.17313, 2.36525], [114.17362, 2.36129], [114.17658, 2.3581], [114.1749, 2.35543], [114.17937, 2.35015], [114.1766, 2.34719], [114.17034, 2.34864], [114.16754, 2.34602], [114.1657, 2.33413], [114.16763, 2.33049], [114.16443, 2.33021], [114.16251, 2.32517], [114.15916, 2.32664], [114.15638, 2.32562], [114.15805, 2.31967], [114.15568, 2.31496], [114.15705, 2.30863], [114.15138, 2.3078], [114.15073, 2.30353], [114.14591, 2.29549], [114.14753, 2.28922], [114.15655, 2.28017], [114.15923, 2.27469], [114.15923, 2.26824], [114.15535, 2.26775], [114.15422, 2.26545], [114.15751, 2.25649], [114.1508, 2.25858], [114.145, 2.25635], [114.14203, 2.26127], [114.13104, 2.262], [114.12282, 2.26452], [114.11881, 2.26367], [114.11281, 2.25864], [114.11512, 2.25115], [114.11259, 2.24588], [114.11329, 2.23952], [114.11187, 2.23424], [114.11352, 2.23055], [114.12204, 2.22616], [114.12497, 2.22186], [114.1344, 2.21675], [114.1442, 2.21712], [114.14583, 2.22054], [114.16566, 2.22029], [114.16877, 2.2221], [114.17507, 2.22236], [114.17519, 2.22539], [114.1812, 2.22008], [114.18705, 2.22086], [114.19261, 2.21922], [114.19567, 2.21551], [114.20015, 2.21506], [114.2035, 2.21048], [114.20311, 2.20658], [114.20703, 2.20293], [114.22056, 2.20237], [114.23207, 2.18769], [114.23088, 2.1779], [114.22756, 2.17138], [114.22669, 2.16554], [114.22929, 2.15995], [114.21835, 2.15313], [114.22094, 2.15254], [114.2224, 2.14683], [114.22542, 2.14316], [114.22918, 2.1432], [114.23414, 2.1487], [114.23724, 2.14786], [114.24587, 2.15163], [114.24821, 2.15061], [114.24725, 2.14893], [114.25143, 2.1481], [114.25544, 2.15201], [114.25924, 2.14913], [114.26154, 2.15221], [114.27196, 2.15059], [114.28548, 2.15088], [114.28674, 2.14963], [114.28904, 2.15169], [114.29175, 2.14826], [114.30004, 2.14895], [114.30509, 2.14715], [114.30677, 2.14766], [114.30686, 2.1498], [114.32154, 2.15297], [114.32376, 2.15751], [114.33233, 2.15859], [114.33542, 2.15681], [114.33686, 2.15944], [114.34122, 2.15457], [114.34675, 2.15371], [114.34861, 2.15626], [114.35373, 2.15805], [114.35593, 2.1613], [114.3606, 2.16152], [114.3627, 2.16328], [114.36658, 2.16061], [114.36809, 2.16358], [114.3747, 2.15791], [114.3768, 2.15345], [114.3792, 2.15732], [114.38152, 2.15783], [114.38629, 2.15685], [114.38875, 2.15294], [114.39649, 2.15458], [114.40454, 2.15046], [114.40348, 2.14781], [114.40522, 2.14876], [114.40552, 2.147], [114.40914, 2.147], [114.41113, 2.14942], [114.41209, 2.14653], [114.41644, 2.14636], [114.41919, 2.1425], [114.41857, 2.14031], [114.42278, 2.13977], [114.42379, 2.13724], [114.42576, 2.13894], [114.42615, 2.13626], [114.42928, 2.13703], [114.43071, 2.13462], [114.4352, 2.13415], [114.43808, 2.13566], [114.43952, 2.1308], [114.4438, 2.13135], [114.44501, 2.12958], [114.45044, 2.13101], [114.45509, 2.12714], [114.45939, 2.1284], [114.46374, 2.1271], [114.46699, 2.12968], [114.47065, 2.12876], [114.47448, 2.13067], [114.48502, 2.13103], [114.48814, 2.13255], [114.49077, 2.13045], [114.49944, 2.12923], [114.49975, 2.12739], [114.50546, 2.12953], [114.51213, 2.1264], [114.51535, 2.12842], [114.52242, 2.12759], [114.52571, 2.12889], [114.52782, 2.12528], [114.53389, 2.12553], [114.53172, 2.11651], [114.53327, 2.115], [114.54417, 2.11171], [114.54892, 2.11237], [114.55181, 2.11033], [114.55899, 2.11007], [114.56518, 2.10509], [114.57102, 2.1045], [114.58338, 2.09756], [114.58552, 2.09475], [114.59253, 2.09435], [114.60005, 2.08551], [114.62082, 2.08371], [114.63022, 2.07967], [114.63541, 2.07562], [114.6509, 2.07069], [114.65581, 2.07138], [114.65687, 2.07506], [114.66243, 2.07712], [114.66324, 2.07896], [114.66734, 2.08049], [114.67746, 2.07869], [114.67757, 2.08209], [114.68472, 2.08354], [114.69242, 2.08079], [114.6933, 2.07734], [114.69901, 2.08017], [114.70698, 2.07641], [114.7141, 2.07539], [114.71886, 2.0704], [114.71963, 2.06677], [114.72123, 2.06674], [114.72909, 2.07445], [114.72478, 2.07958], [114.72489, 2.08211], [114.7333, 2.08313], [114.73911, 2.07749], [114.74441, 2.08203], [114.7455, 2.08619], [114.81577, 2.11762], [114.81324, 2.11206], [114.81328, 2.10775], [114.80878, 2.10483], [114.80755, 2.10209], [114.80857, 2.10027], [114.80688, 2.09789], [114.80135, 2.09596], [114.79791, 2.08961], [114.79385, 2.08948], [114.79383, 2.08549], [114.79598, 2.08516], [114.79588, 2.08069], [114.80371, 2.07497], [114.8056, 2.0626], [114.78707, 2.05847], [114.79023, 2.0575], [114.79091, 2.05575], [114.79254, 2.04288], [114.79735, 2.04034], [114.79827, 2.03555], [114.80235, 2.03281], [114.80279, 2.02476], [114.80742, 2.02244], [114.80967, 2.02623], [114.82121, 2.02851], [114.8225, 2.0276], [114.83132, 2.03235], [114.83293, 2.03517], [114.84504, 2.04089], [114.84779, 2.0406], [114.85279, 2.04424], [114.85739, 2.03971], [114.86132, 2.03935], [114.8612, 2.03428], [114.86406, 2.03244], [114.8752, 2.03107], [114.87549, 2.02919], [114.88061, 2.02631], [114.88225, 2.02357], [114.88028, 2.01898], [114.8677, 2.01384], [114.86888, 2.00269], [114.8678, 1.99584], [114.86466, 1.99185], [114.86518, 1.98916], [114.86288, 1.9873], [114.86329, 1.98577], [114.85313, 1.98025], [114.85324, 1.97671], [114.85075, 1.97456], [114.84563, 1.97242], [114.84435, 1.96228], [114.84611, 1.95183], [114.84802, 1.95075], [114.84807, 1.94801], [114.846, 1.94586], [114.84701, 1.94365], [114.85258, 1.93653], [114.85744, 1.93835], [114.8604, 1.93661], [114.86141, 1.92992], [114.86928, 1.92831], [114.87019, 1.924], [114.87511, 1.92064], [114.87629, 1.9146], [114.86333, 1.90955], [114.86335, 1.90324], [114.8579, 1.89983], [114.85445, 1.90064], [114.84978, 1.8955], [114.83897, 1.89492], [114.83582, 1.89318], [114.82629, 1.89633], [114.8193, 1.89402], [114.8183, 1.89227], [114.81342, 1.89289], [114.81103, 1.89004], [114.81364, 1.88415], [114.81227, 1.88005], [114.80188, 1.87391], [114.79839, 1.86916], [114.79754, 1.86449], [114.79197, 1.86148], [114.79357, 1.85243], [114.78823, 1.84891], [114.78625, 1.84974], [114.78438, 1.84773], [114.78087, 1.84766], [114.77667, 1.85045], [114.77542, 1.84872], [114.77196, 1.85072], [114.77064, 1.84909], [114.76898, 1.85072], [114.76491, 1.85035], [114.76199, 1.85765], [114.75665, 1.85852], [114.75592, 1.86115], [114.75352, 1.86067], [114.74606, 1.86712], [114.74255, 1.86699], [114.74114, 1.86961], [114.72918, 1.86521], [114.72859, 1.86114], [114.72566, 1.85851], [114.71161, 1.85669], [114.71526, 1.84944], [114.7206, 1.846], [114.72127, 1.83154], [114.71869, 1.83198], [114.71779, 1.82993], [114.71485, 1.82962], [114.71223, 1.82513], [114.70948, 1.82564], [114.70592, 1.81946], [114.69884, 1.82082], [114.69641, 1.81172], [114.69396, 1.80963], [114.68889, 1.80997], [114.68778, 1.80858], [114.69075, 1.80637], [114.69147, 1.80353], [114.69448, 1.80312], [114.69648, 1.80018], [114.70261, 1.79773], [114.70221, 1.79204], [114.7088, 1.78551], [114.70754, 1.78031], [114.70816, 1.77155], [114.69907, 1.76072], [114.70515, 1.75258], [114.70323, 1.74798], [114.70408, 1.73892], [114.70573, 1.73897], [114.70741, 1.73169], [114.70921, 1.73204], [114.7121, 1.72825], [114.71053, 1.72112], [114.71306, 1.71906], [114.71088, 1.71162], [114.70747, 1.71055], [114.70432, 1.70669], [114.70745, 1.68444], [114.70518, 1.6596], [114.70119, 1.64104], [114.7028, 1.6381], [114.68766, 1.63355], [114.68264, 1.62796], [114.68345, 1.62063], [114.67816, 1.61838], [114.67841, 1.61649], [114.67483, 1.61286], [114.67465, 1.61058], [114.66815, 1.60757], [114.66198, 1.60121], [114.65164, 1.60109], [114.64871, 1.59918], [114.64547, 1.58954], [114.64082, 1.59117], [114.63663, 1.58916], [114.63319, 1.58977], [114.61611, 1.5784], [114.60518, 1.57596], [114.60062, 1.57662], [114.59561, 1.59073], [114.58751, 1.59301], [114.58316, 1.59693], [114.57709, 1.59779], [114.56315, 1.60529], [114.55297, 1.60876], [114.52534, 1.62839], [114.51406, 1.63061], [114.50695, 1.62905], [114.50102, 1.63093], [114.49642, 1.62508], [114.48932, 1.62592], [114.47011, 1.61971], [114.46628, 1.62295], [114.46174, 1.63409], [114.44961, 1.64044], [114.44955, 1.6438], [114.44525, 1.64693], [114.4379, 1.64533], [114.42723, 1.6401], [114.41923, 1.64507], [114.41312, 1.64664], [114.40286, 1.63843], [114.39911, 1.64083], [114.39606, 1.64006], [114.39198, 1.63283], [114.38125, 1.63182], [114.36589, 1.62669], [114.35796, 1.6264], [114.35375, 1.62871], [114.35334, 1.63094], [114.34422, 1.62795], [114.33454, 1.62922], [114.32963, 1.63659], [114.32898, 1.64092], [114.32544, 1.64377], [114.3224, 1.65163], [114.3177, 1.6571], [114.31424, 1.65864], [114.30634, 1.65512], [114.30074, 1.6548], [114.29907, 1.65188], [114.29083, 1.6474], [114.28142, 1.65049], [114.27511, 1.65471], [114.27537, 1.65944], [114.27995, 1.66471], [114.28288, 1.67284], [114.27832, 1.68049], [114.27692, 1.68823], [114.2799, 1.69333], [114.29694, 1.71009], [114.2971, 1.72254], [114.30103, 1.72248], [114.30783, 1.72666], [114.30735, 1.73273], [114.30902, 1.73581], [114.31086, 1.75081], [114.32041, 1.75877], [114.30402, 1.77034], [114.30293, 1.77426], [114.29931, 1.77747], [114.29431, 1.77884], [114.28723, 1.78471], [114.28942, 1.79218], [114.28872, 1.79717], [114.28617, 1.79893], [114.27841, 1.79661], [114.26978, 1.79881], [114.26381, 1.79806], [114.25548, 1.78866], [114.25093, 1.78784], [114.2445, 1.78059], [114.23689, 1.77625], [114.23377, 1.76726], [114.23029, 1.76257], [114.22467, 1.76199], [114.22256, 1.76018], [114.21324, 1.75978], [114.2112, 1.75578], [114.20507, 1.7531], [114.20253, 1.75541], [114.20038, 1.76157], [114.19277, 1.76657], [114.18857, 1.77249], [114.18506, 1.77011], [114.1717, 1.7672], [114.16886, 1.76764], [114.1662, 1.77076], [114.15941, 1.77032], [114.1558, 1.76896], [114.15351, 1.76266], [114.14772, 1.76127], [114.14458, 1.76622], [114.13067, 1.77445], [114.12675, 1.77638], [114.12036, 1.77513], [114.11966, 1.78168], [114.11614, 1.78922], [114.10948, 1.79197], [114.10847, 1.79532], [114.10343, 1.79814], [114.10288, 1.80269], [114.09819, 1.80873], [114.10158, 1.81657], [114.10542, 1.81715], [114.10496, 1.82667], [114.10283, 1.82803], [114.10448, 1.83003], [114.10669, 1.82873], [114.10872, 1.83191], [114.10915, 1.84009], [114.11228, 1.84384], [114.1091, 1.85118], [114.11296, 1.85432], [114.10958, 1.85543], [114.11006, 1.85738], [114.10805, 1.8588], [114.11025, 1.8611], [114.10645, 1.86241], [114.1068, 1.86696], [114.1004, 1.86828], [114.09953, 1.86538], [114.0971, 1.86485], [114.08632, 1.8709], [114.08367, 1.87577], [114.08539, 1.8796], [114.08458, 1.88521], [114.07996, 1.88705], [114.07706, 1.88413], [114.06621, 1.88383], [114.06152, 1.88668], [114.05532, 1.89666], [114.04711, 1.89793], [114.04086, 1.9012], [114.03771, 1.90022], [114.02885, 1.90492], [114.01968, 1.90444], [114.0164, 1.90058], [114.01171, 1.8998], [113.99936, 1.90364], [113.99663, 1.91219], [113.98954, 1.9133], [113.98845, 1.91494], [113.98337, 1.91402], [113.98002, 1.91645], [113.9883, 1.92162], [113.98934, 1.93215], [113.97729, 1.94703], [113.9688, 1.95127], [113.96839, 1.9584], [113.97067, 1.95941], [113.9704, 1.96169], [113.9679, 1.95974], [113.96396, 1.9596], [113.95776, 1.9634], [113.94835, 1.97464], [113.93985, 1.97804], [113.92798, 1.97694], [113.92412, 1.98203], [113.91716, 1.98215], [113.90757, 1.99211], [113.90161, 1.9909], [113.90107, 1.99344], [113.89022, 2.00337], [113.88108, 2.00309], [113.87998, 2.00858], [113.88201, 2.01433], [113.88103, 2.01924], [113.88526, 2.0271], [113.87761, 2.03422], [113.87808, 2.04173], [113.86826, 2.04475], [113.85391, 2.04148], [113.8512, 2.05372], [113.84242, 2.0549], [113.83453, 2.0602], [113.83202, 2.06886], [113.82344, 2.0786], [113.83161, 2.08186], [113.83178, 2.08626], [113.8273, 2.08876], [113.81989, 2.08792], [113.8076, 2.09595], [113.80287, 2.10763], [113.80287, 2.11519], [113.80042, 2.11726], [113.79461, 2.11836], [113.78958, 2.12716], [113.79111, 2.13351], [113.78288, 2.1344], [113.78155, 2.13586], [113.78259, 2.13876], [113.7813, 2.13913], [113.76846, 2.13864], [113.76767, 2.14286], [113.76143, 2.15097], [113.76331, 2.15873], [113.75741, 2.162], [113.75542, 2.16575], [113.74776, 2.16962], [113.74499, 2.18098], [113.73844, 2.18662], [113.73696, 2.19442], [113.73375, 2.19576], [113.72951, 2.2019], [113.72957, 2.20678], [113.73184, 2.20931], [113.72253, 2.21928], [113.71686, 2.21874], [113.71349, 2.22047], [113.71148, 2.23134], [113.71414, 2.24105], [113.71185, 2.25315], [113.70953, 2.25422], [113.70243, 2.26844], [113.69653, 2.27075], [113.69501, 2.27296], [113.69662, 2.28051], [113.69327, 2.29154], [113.69388, 2.29735], [113.69144, 2.30371], [113.69159, 2.3081], [113.68561, 2.30862], [113.6796, 2.31214], [113.6741, 2.31232], [113.67101, 2.31432], [113.65857, 2.31298], [113.65217, 2.31558], [113.65002, 2.31329], [113.64675, 2.31481], [113.63333, 2.30789], [113.62685, 2.30774], [113.62379, 2.30249], [113.62073, 2.30038], [113.60665, 2.30476], [113.60126, 2.30271], [113.59196, 2.30235], [113.59103, 2.29937], [113.58396, 2.2962], [113.57673, 2.30257], [113.57096, 2.3022], [113.56502, 2.30483], [113.55164, 2.30261], [113.5494, 2.2985], [113.54327, 2.29617], [113.54077, 2.29862], [113.53739, 2.29847], [113.5374, 2.30209], [113.53638, 2.30202], [113.52563, 2.29833], [113.52092, 2.29376], [113.51857, 2.29558], [113.5177, 2.29219], [113.51049, 2.2907], [113.50594, 2.28669], [113.50648, 2.28417], [113.50272, 2.28315], [113.49902, 2.27889], [113.48835, 2.27355], [113.48529, 2.27348], [113.47479, 2.26669], [113.46047, 2.26642], [113.45812, 2.26382], [113.46, 2.2599], [113.45827, 2.25757], [113.4496, 2.25206], [113.44236, 2.25144], [113.44327, 2.24731], [113.44102, 2.24402], [113.44151, 2.24133], [113.44012, 2.23987], [113.43744, 2.24127], [113.43619, 2.24041], [113.43624, 2.23528], [113.43465, 2.23349], [113.43703, 2.23049], [113.43474, 2.2278], [113.42707, 2.22848], [113.42495, 2.22698], [113.42155, 2.22839], [113.41939, 2.22611], [113.41264, 2.22469], [113.40435, 2.22005], [113.39695, 2.22494], [113.37847, 2.21783], [113.37284, 2.22583], [113.37022, 2.22594], [113.36929, 2.22826], [113.36448, 2.23005], [113.36073, 2.235], [113.35124, 2.23269], [113.3416, 2.23519], [113.34119, 2.23401], [113.3326, 2.23361], [113.32548, 2.22912], [113.3136, 2.22707], [113.31195, 2.22364], [113.31341, 2.22139], [113.31323, 2.21654], [113.30764, 2.21235], [113.30182, 2.21124], [113.2903, 2.20299], [113.28916, 2.20562], [113.27224, 2.20382], [113.26856, 2.20635], [113.26972, 2.20991], [113.26434, 2.21328], [113.27122, 2.21533], [113.27066, 2.2172], [113.2519, 2.22264], [113.25228, 2.22919], [113.25414, 2.23199], [113.25341, 2.23535], [113.2508, 2.23498], [113.25156, 2.24134], [113.25342, 2.24321], [113.25277, 2.24934], [113.25426, 2.25092], [113.25833, 2.25004], [113.26265, 2.25485], [113.26696, 2.25468], [113.26423, 2.25847], [113.26666, 2.26241], [113.272, 2.26706], [113.28063, 2.27004], [113.28126, 2.27303], [113.28119, 2.27516], [113.27797, 2.27406], [113.27327, 2.27825], [113.271, 2.27778], [113.27147, 2.28133], [113.26567, 2.28284], [113.26717, 2.28979], [113.26895, 2.29157], [113.26864, 2.29578], [113.26343, 2.30304], [113.26657, 2.30598], [113.26626, 2.3084], [113.26929, 2.3105], [113.26723, 2.31668], [113.26991, 2.32011], [113.25907, 2.3171], [113.24931, 2.31173], [113.2456, 2.30775], [113.24277, 2.30936], [113.2412, 2.30628], [113.23818, 2.30732], [113.23707, 2.30402], [113.23489, 2.30912], [113.2333, 2.30437], [113.2307, 2.30587], [113.23171, 2.30802], [113.23052, 2.30951], [113.22604, 2.31033], [113.22468, 2.30865], [113.22601, 2.31225], [113.22505, 2.31448], [113.22729, 2.31535], [113.22251, 2.31988], [113.20597, 2.31643], [113.20798, 2.30363], [113.20456, 2.29622], [113.20516, 2.29301], [113.19759, 2.28814], [113.19343, 2.28847], [113.19218, 2.28723], [113.19309, 2.279], [113.19132, 2.27931], [113.18998, 2.27748], [113.18636, 2.28073], [113.18349, 2.27954], [113.18138, 2.27496], [113.1743, 2.27035], [113.17425, 2.26856], [113.17639, 2.26721], [113.17137, 2.26165], [113.16586, 2.26395], [113.16509, 2.2657], [113.16002, 2.26604], [113.15604, 2.26162], [113.15528, 2.26474], [113.15182, 2.26498], [113.15276, 2.26711], [113.15068, 2.26805], [113.1331, 2.25485], [113.11534, 2.25049], [113.11339, 2.24783], [113.11728, 2.24404], [113.11435, 2.23731], [113.11059, 2.23956], [113.10055, 2.23691], [113.07351, 2.23863], [113.05655, 2.23531], [113.05282, 2.2373], [113.05548, 2.24317], [113.0543, 2.25376], [113.02765, 2.25983], [113.02649, 2.26333], [113.02302, 2.26421], [113.01915, 2.27209], [113.00945, 2.2716], [112.99906, 2.27558], [112.9947, 2.2754], [112.99548, 2.28002], [112.99849, 2.27975], [112.99988, 2.28287], [112.99592, 2.28475], [112.99618, 2.28834], [112.99411, 2.28929], [112.99377, 2.29198], [112.99515, 2.2964], [112.99705, 2.29744], [112.99594, 2.30013], [112.99637, 2.30351], [112.99827, 2.30428], [112.99706, 2.30732], [112.99836, 2.30853], [112.99629, 2.30905], [112.99707, 2.31287], [112.99285, 2.31668], [112.9988, 2.31832], [112.99761, 2.32795], [113.00045, 2.32864], [113.00674, 2.32577], [113.01424, 2.32689], [113.01777, 2.32584], [113.02185, 2.33322], [113.01945, 2.33568], [113.02255, 2.33741], [113.03358, 2.3367], [113.036, 2.33901], [113.04797, 2.34273], [113.04727, 2.34709], [113.04281, 2.34983], [113.04475, 2.35385], [113.04334, 2.35912], [113.04845, 2.36237], [113.05271, 2.36177], [113.05485, 2.36736], [113.05227, 2.37075], [113.04548, 2.36776], [113.04239, 2.37232], [113.04394, 2.3742], [113.0389, 2.37772], [113.04363, 2.38668], [113.04073, 2.38883], [113.0448, 2.39286], [113.04385, 2.39386], [113.0452, 2.3963], [113.04371, 2.39877], [113.04469, 2.40144], [113.03675, 2.41035], [113.03132, 2.4114], [113.03598, 2.41712], [113.03527, 2.41855], [113.03863, 2.41978], [113.03786, 2.42394], [113.03916, 2.42634], [113.0442, 2.42822], [113.0435, 2.43251], [113.04124, 2.4331], [113.0386, 2.44402], [113.0514, 2.44303], [113.05416, 2.44536], [113.06088, 2.44683], [113.06364, 2.44526], [113.0695, 2.44525], [113.07252, 2.44681], [113.07054, 2.44829], [113.06868, 2.45373], [113.07406, 2.45645], [113.07975, 2.44912], [113.08698, 2.44443], [113.09279, 2.44646], [113.10577, 2.45619], [113.11269, 2.455], [113.11667, 2.45779], [113.12364, 2.45723], [113.12606, 2.46104], [113.12503, 2.46494], [113.1277, 2.46736], [113.12728, 2.47248], [113.13003, 2.47065], [113.13021, 2.47447], [113.13363, 2.47317], [113.13521, 2.47489], [113.14026, 2.47447], [113.14665, 2.47631], [113.14693, 2.47782], [113.15315, 2.48146], [113.1578, 2.4805], [113.1578, 2.48327], [113.15961, 2.48474], [113.16151, 2.4824], [113.16659, 2.48352], [113.16987, 2.48195], [113.17399, 2.48261], [113.17904, 2.49453], [113.18609, 2.49293], [113.18485, 2.49682], [113.18664, 2.49847], [113.18471, 2.50084], [113.18965, 2.50123], [113.18987, 2.50283], [113.18801, 2.50288], [113.18903, 2.50525], [113.19286, 2.50549], [113.1961, 2.5019], [113.1996, 2.50142], [113.19811, 2.50364], [113.2007, 2.5101], [113.20247, 2.51157], [113.2082, 2.50964], [113.21365, 2.51105], [113.21601, 2.51362], [113.21502, 2.51898], [113.21698, 2.52087], [113.22559, 2.51951], [113.22746, 2.5201], [113.22615, 2.52316], [113.22786, 2.52378], [113.235, 2.51987], [113.23508, 2.51752], [113.23243, 2.51681], [113.23397, 2.51548], [113.23261, 2.51397], [113.23362, 2.51242], [113.24411, 2.50757], [113.25073, 2.50969], [113.25095, 2.51288], [113.25338, 2.51412], [113.25819, 2.51163], [113.26022, 2.51655], [113.26543, 2.51619], [113.26645, 2.52191], [113.25931, 2.52467], [113.25482, 2.529], [113.26006, 2.53209], [113.26038, 2.5354], [113.26405, 2.53815], [113.26718, 2.53836], [113.273, 2.53543], [113.27657, 2.53702], [113.28094, 2.53497], [113.28279, 2.53674], [113.29761, 2.53202], [113.29972, 2.53011], [113.30052, 2.53139], [113.30872, 2.53111], [113.3144, 2.53666], [113.31667, 2.53536], [113.3202, 2.53606], [113.31561, 2.55026], [113.31357, 2.55239], [113.31036, 2.55255], [113.31381, 2.55484], [113.3141, 2.5575], [113.31679, 2.55475], [113.32299, 2.55924], [113.33005, 2.55836], [113.33678, 2.55409], [113.33843, 2.55511], [113.34674, 2.55187], [113.35372, 2.55367], [113.35694, 2.55146], [113.36219, 2.55468], [113.36337, 2.55318], [113.3669, 2.55357], [113.36917, 2.55522], [113.36926, 2.55822], [113.37224, 2.55837], [113.37499, 2.56302], [113.37531, 2.56515], [113.3721, 2.56807], [113.3757, 2.56736], [113.37798, 2.57043], [113.3812, 2.57066], [113.38222, 2.57287], [113.3863, 2.57113], [113.38762, 2.56765], [113.38974, 2.56647], [113.39162, 2.56867], [113.39665, 2.57032], [113.39986, 2.56834], [113.40292, 2.56858], [113.40472, 2.56652], [113.40793, 2.56786], [113.41138, 2.56328], [113.41389, 2.56241], [113.42094, 2.56334], [113.42415, 2.55924], [113.42405, 2.54607], [113.42593, 2.54054], [113.42144, 2.53196], [113.4217, 2.52975], [113.4257, 2.53174], [113.42939, 2.53022], [113.43919, 2.5324], [113.44679, 2.525], [113.45225, 2.52522], [113.45218, 2.52219], [113.45502, 2.51926], [113.46177, 2.52216], [113.47337, 2.53073], [113.48131, 2.53121], [113.48737, 2.53636], [113.49924, 2.53946], [113.5003, 2.54365], [113.50416, 2.54805], [113.51537, 2.54851], [113.51749, 2.55342], [113.52325, 2.55795], [113.52307, 2.5621], [113.51655, 2.5655], [113.50849, 2.57257], [113.4964, 2.57111], [113.49016, 2.57414], [113.47546, 2.5997], [113.47697, 2.60597], [113.48158, 2.61072], [113.48781, 2.61293], [113.48903, 2.61928], [113.49158, 2.62179], [113.49094, 2.63176], [113.48692, 2.63704], [113.48969, 2.64515], [113.49619, 2.65214], [113.49457, 2.6583], [113.48409, 2.65609], [113.48168, 2.6775], [113.4698, 2.69396], [113.46508, 2.69705], [113.46524, 2.70818], [113.45911, 2.71673], [113.46994, 2.7191], [113.47246, 2.72108], [113.47153, 2.72493], [113.47835, 2.72713], [113.47943, 2.73233], [113.4856, 2.7318], [113.49161, 2.73381], [113.49691, 2.73295], [113.50233, 2.72642], [113.5044, 2.72757], [113.50643, 2.72566], [113.50824, 2.72665], [113.51279, 2.72301], [113.51718, 2.72316], [113.5236, 2.71879], [113.52988, 2.71786], [113.53067, 2.71386], [113.54214, 2.71103], [113.54089, 2.70871], [113.53707, 2.70852], [113.53638, 2.70646], [113.52992, 2.70629], [113.52214, 2.69994], [113.52, 2.69396], [113.52463, 2.69296], [113.54272, 2.69691], [113.55405, 2.70353], [113.56072, 2.70273], [113.56928, 2.70812], [113.57475, 2.70719], [113.57677, 2.70977], [113.57964, 2.70912], [113.58195, 2.71265], [113.59065, 2.71781], [113.59341, 2.71762], [113.59686, 2.72106], [113.60149, 2.71998], [113.60513, 2.72411], [113.60809, 2.72362], [113.61212, 2.72725], [113.61568, 2.72804], [113.6196, 2.73069], [113.62651, 2.74134], [113.63295, 2.74079], [113.63453, 2.74355], [113.64017, 2.74569], [113.64199, 2.74863], [113.64224, 2.75551], [113.64943, 2.76345], [113.65018, 2.77071], [113.66278, 2.77577], [113.66365, 2.78102], [113.67194, 2.79485], [113.67279, 2.80356], [113.67567, 2.80426], [113.67753, 2.80741], [113.67831, 2.8161], [113.68005, 2.82136], [113.6819, 2.82225], [113.68074, 2.8239], [113.68193, 2.82614], [113.68126, 2.83072], [113.6838, 2.83287], [113.68628, 2.84366], [113.69227, 2.84727], [113.69768, 2.85602], [113.69862, 2.85323], [113.70578, 2.85001], [113.70614, 2.84855], [113.71319, 2.84978], [113.72025, 2.84472], [113.72307, 2.83844], [113.72616, 2.83678], [113.72855, 2.8414], [113.72918, 2.84494], [113.72753, 2.84835], [113.73007, 2.85502], [113.73293, 2.85911], [113.736, 2.85948], [113.73575, 2.86286], [113.73942, 2.86647], [113.74047, 2.87482], [113.74611, 2.88026], [113.74506, 2.88361], [113.74715, 2.89054], [113.74492, 2.89585], [113.74497, 2.9029], [113.74856, 2.90254], [113.75296, 2.9055], [113.76089, 2.90729], [113.76105, 2.91259], [113.76988, 2.92526], [113.76994, 2.92805], [113.77344, 2.92874], [113.78118, 2.9355], [113.78098, 2.94275], [113.78416, 2.94814], [113.78621, 2.95955], [113.79184, 2.96091], [113.79377, 2.95999], [113.79955, 2.9622], [113.80819, 2.96098], [113.80956, 2.96338], [113.80509, 2.96934], [113.81333, 2.97472], [113.81276, 2.98337], [113.81622, 2.98804], [113.81648, 2.99655], [113.82522, 2.99761], [113.8263, 3.00224], [113.82973, 3.00574], [113.83357, 3.00689], [113.8369, 3.00404], [113.84209, 3.00416], [113.84624, 3.00066], [113.85216, 3.00068], [113.85544, 2.99795], [113.8626, 2.9969], [113.86754, 2.98902], [113.87081, 2.98806], [113.87364, 2.98198], [113.89033, 2.97388], [113.90301, 2.96952], [113.92114, 2.97433], [113.92595, 2.97868], [113.92721, 2.98488], [113.92639, 2.98705], [113.92144, 2.98912], [113.92158, 2.99053], [113.92753, 2.99443], [113.93793, 2.99312], [113.93567, 3.00103], [113.94003, 3.00356], [113.94356, 3.00233], [113.95003, 3.00481], [113.94719, 3.01204], [113.9406, 3.01209], [113.94089, 3.01412], [113.94787, 3.01437], [113.96408, 3.00606], [113.96767, 3.0159], [113.97131, 3.01334], [113.97923, 3.01179], [113.97975, 3.024], [113.97697, 3.02091], [113.97341, 3.02164], [113.97245, 3.0332], [113.97386, 3.04017], [113.98347, 3.04445], [113.98599, 3.0443], [113.986, 3.0421], [113.98972, 3.04035], [113.99573, 3.04206], [113.99377, 3.04882], [113.99986, 3.05363], [114.00601, 3.04966]]]]}}, {"type": "Feature", "properties": {"state": "Sarawak", "seat": "N.66 Murum", "seat_name": "Murum"}, "geometry": {"type": "MultiPolygon", "coordinates": [[[[113.97776, 3.50952], [113.98368, 3.5122], [113.98737, 3.5099], [113.9952, 3.50886], [114.00105, 3.50359], [114.00254, 3.49913], [114.00035, 3.49547], [114.00624, 3.48849], [114.00636, 3.48535], [114.00445, 3.48321], [114.00922, 3.46837], [114.00404, 3.46617], [114.00342, 3.46255], [113.99542, 3.45876], [113.99384, 3.45484], [114.00019, 3.44807], [114.00501, 3.4482], [114.00699, 3.43976], [114.003, 3.43427], [113.99737, 3.43502], [113.9924, 3.43238], [113.98069, 3.42157], [113.97028, 3.41477], [113.96254, 3.40569], [113.9725, 3.39562], [113.9745, 3.38953], [113.98313, 3.38066], [113.99105, 3.38344], [113.99232, 3.38003], [113.99408, 3.37996], [113.99415, 3.37575], [113.98883, 3.36899], [113.99042, 3.36638], [113.99469, 3.36725], [113.99616, 3.37009], [114.00711, 3.37339], [114.0111, 3.37154], [114.01378, 3.36538], [114.01653, 3.3653], [114.02284, 3.37183], [114.02811, 3.37447], [114.02878, 3.38389], [114.03282, 3.38612], [114.03464, 3.39005], [114.03649, 3.38723], [114.04313, 3.38694], [114.04487, 3.38949], [114.05005, 3.38408], [114.05712, 3.38177], [114.05996, 3.38259], [114.06721, 3.3811], [114.06995, 3.36822], [114.07211, 3.36596], [114.07199, 3.36286], [114.06812, 3.3624], [114.06599, 3.3594], [114.05998, 3.35736], [114.05172, 3.35151], [114.04854, 3.34691], [114.05822, 3.33228], [114.05502, 3.32743], [114.05552, 3.32049], [114.05121, 3.31377], [114.04957, 3.30737], [114.04345, 3.30422], [114.04321, 3.30054], [114.03976, 3.29588], [114.04147, 3.29232], [114.043, 3.29318], [114.04419, 3.2918], [114.04447, 3.2868], [114.0468, 3.28892], [114.05104, 3.28503], [114.05428, 3.28603], [114.05655, 3.28721], [114.06104, 3.29585], [114.06546, 3.29745], [114.06824, 3.3013], [114.07486, 3.30214], [114.08093, 3.29192], [114.0938, 3.30018], [114.09815, 3.29725], [114.10449, 3.29681], [114.10617, 3.29798], [114.10982, 3.29591], [114.11787, 3.29763], [114.11934, 3.29557], [114.12768, 3.29434], [114.13327, 3.29553], [114.13685, 3.29721], [114.13758, 3.3013], [114.13543, 3.30389], [114.13677, 3.30662], [114.14023, 3.30928], [114.14748, 3.3104], [114.15003, 3.31525], [114.15385, 3.31534], [114.15602, 3.31729], [114.15915, 3.31631], [114.15967, 3.32115], [114.16718, 3.32271], [114.17019, 3.32789], [114.17224, 3.34122], [114.17511, 3.34552], [114.18573, 3.34821], [114.195, 3.34699], [114.19761, 3.34259], [114.20714, 3.33378], [114.21014, 3.32763], [114.22517, 3.31723], [114.2245, 3.30789], [114.22595, 3.30509], [114.23462, 3.30084], [114.23978, 3.3005], [114.24182, 3.29291], [114.24758, 3.2904], [114.24989, 3.28359], [114.25898, 3.28304], [114.26316, 3.27526], [114.26513, 3.267], [114.26922, 3.2651], [114.27182, 3.25834], [114.27504, 3.25729], [114.27593, 3.25267], [114.28216, 3.24955], [114.27923, 3.24479], [114.28292, 3.23651], [114.29044, 3.23457], [114.29064, 3.2303], [114.29779, 3.22284], [114.29882, 3.21861], [114.30225, 3.21455], [114.30838, 3.21176], [114.31034, 3.20577], [114.31698, 3.1981], [114.31813, 3.18515], [114.32218, 3.18221], [114.32451, 3.17761], [114.32547, 3.17007], [114.32036, 3.16487], [114.32337, 3.16016], [114.31526, 3.15588], [114.31554, 3.14684], [114.31389, 3.14383], [114.30777, 3.14732], [114.30086, 3.15856], [114.30005, 3.15518], [114.29688, 3.1561], [114.29188, 3.16316], [114.28876, 3.16367], [114.28637, 3.162], [114.27351, 3.17191], [114.26869, 3.17145], [114.26821, 3.1689], [114.26502, 3.17163], [114.26056, 3.17138], [114.2569, 3.16967], [114.25608, 3.16701], [114.25408, 3.16769], [114.25445, 3.16072], [114.26215, 3.1537], [114.26419, 3.14699], [114.269, 3.14267], [114.27128, 3.13562], [114.28014, 3.12611], [114.283, 3.12777], [114.28305, 3.13199], [114.28431, 3.13152], [114.29666, 3.11974], [114.29901, 3.11335], [114.30437, 3.11623], [114.30634, 3.11573], [114.30673, 3.11028], [114.31162, 3.10749], [114.31281, 3.10212], [114.31772, 3.10025], [114.32015, 3.08271], [114.329, 3.07046], [114.33478, 3.06739], [114.33491, 3.06574], [114.34088, 3.06639], [114.34206, 3.06218], [114.34767, 3.06413], [114.35516, 3.06347], [114.35588, 3.06433], [114.3522, 3.06686], [114.35775, 3.06867], [114.36788, 3.06637], [114.37126, 3.06288], [114.37324, 3.06473], [114.37825, 3.06465], [114.38048, 3.06116], [114.37771, 3.0594], [114.37865, 3.05648], [114.39798, 3.04173], [114.39932, 3.0371], [114.40324, 3.03422], [114.40339, 3.03155], [114.409, 3.02588], [114.40736, 3.02157], [114.40935, 3.02087], [114.41053, 3.01743], [114.40896, 3.0131], [114.41073, 3.01151], [114.40965, 3.0085], [114.41319, 2.99897], [114.42428, 2.99285], [114.42621, 2.98865], [114.43316, 2.98348], [114.42982, 2.97638], [114.43, 2.97245], [114.42327, 2.97086], [114.43048, 2.96348], [114.42667, 2.95593], [114.4303, 2.95315], [114.43335, 2.95329], [114.43612, 2.94664], [114.43818, 2.9463], [114.44257, 2.93997], [114.45176, 2.94038], [114.45875, 2.94577], [114.46334, 2.94337], [114.48755, 2.94017], [114.49517, 2.93593], [114.49915, 2.93537], [114.49954, 2.92447], [114.49715, 2.91232], [114.49342, 2.9046], [114.49655, 2.89994], [114.50218, 2.89775], [114.50242, 2.89106], [114.50975, 2.88508], [114.50961, 2.88063], [114.51942, 2.87449], [114.52391, 2.87359], [114.53712, 2.86115], [114.53875, 2.85626], [114.54454, 2.85456], [114.55729, 2.85801], [114.56735, 2.84919], [114.57089, 2.85046], [114.57224, 2.84686], [114.57375, 2.85321], [114.5771, 2.85678], [114.58623, 2.85348], [114.58837, 2.85458], [114.58823, 2.85814], [114.59909, 2.85548], [114.60604, 2.85626], [114.60791, 2.85348], [114.61382, 2.85666], [114.62384, 2.84013], [114.62525, 2.82187], [114.62919, 2.82259], [114.64106, 2.82], [114.64821, 2.81248], [114.65813, 2.8089], [114.6602, 2.81538], [114.66231, 2.81546], [114.67055, 2.80776], [114.673, 2.79314], [114.67074, 2.78637], [114.66767, 2.78288], [114.66743, 2.77876], [114.67291, 2.77093], [114.6674, 2.76588], [114.66413, 2.75989], [114.66682, 2.75452], [114.66277, 2.74564], [114.66378, 2.74091], [114.66097, 2.73861], [114.65532, 2.73859], [114.65239, 2.72873], [114.64538, 2.72209], [114.64848, 2.71639], [114.65775, 2.71676], [114.66078, 2.71542], [114.68182, 2.69945], [114.68675, 2.6981], [114.68978, 2.69046], [114.69643, 2.6908], [114.70232, 2.6941], [114.70751, 2.68846], [114.72791, 2.67892], [114.73862, 2.67672], [114.74435, 2.67279], [114.75444, 2.67248], [114.76345, 2.66941], [114.76662, 2.66987], [114.786, 2.65949], [114.79881, 2.66549], [114.80877, 2.66811], [114.82002, 2.66686], [114.82868, 2.67134], [114.84056, 2.67349], [114.85385, 2.67319], [114.85894, 2.67831], [114.86187, 2.67878], [114.8554, 2.68493], [114.85542, 2.68957], [114.85809, 2.69], [114.86755, 2.68554], [114.87713, 2.68621], [114.88271, 2.67963], [114.89247, 2.67724], [114.89882, 2.67168], [114.90421, 2.67026], [114.90579, 2.66567], [114.92856, 2.66049], [114.94146, 2.66132], [114.94881, 2.65824], [114.97091, 2.66919], [115.00024, 2.69318], [115.00767, 2.70538], [115.02493, 2.71847], [115.03772, 2.73423], [115.05319, 2.74553], [115.06421, 2.76224], [115.06403, 2.77716], [115.05984, 2.78599], [115.06101, 2.79068], [115.06737, 2.79551], [115.07982, 2.80024], [115.10021, 2.8144], [115.10567, 2.80991], [115.11058, 2.80868], [115.1132, 2.80522], [115.12031, 2.8025], [115.12533, 2.80324], [115.12875, 2.80708], [115.13588, 2.80535], [115.14782, 2.79312], [115.1482, 2.78954], [115.14485, 2.78832], [115.13368, 2.77534], [115.13296, 2.76306], [115.13729, 2.75599], [115.13181, 2.74402], [115.12798, 2.74363], [115.12518, 2.73808], [115.11991, 2.73592], [115.11783, 2.73219], [115.11362, 2.73075], [115.1135, 2.72909], [115.10874, 2.72935], [115.10781, 2.72657], [115.10441, 2.7264], [115.0995, 2.7217], [115.09538, 2.72104], [115.09388, 2.71726], [115.09606, 2.71269], [115.09184, 2.70305], [115.08873, 2.701], [115.08857, 2.69799], [115.09673, 2.69522], [115.10075, 2.69037], [115.10513, 2.69216], [115.109, 2.68961], [115.10904, 2.68652], [115.10512, 2.68444], [115.10297, 2.68072], [115.11546, 2.65141], [115.11113, 2.65138], [115.10968, 2.64832], [115.10626, 2.64804], [115.10688, 2.63689], [115.10263, 2.63495], [115.09399, 2.62428], [115.08976, 2.62315], [115.08596, 2.62431], [115.08191, 2.61614], [115.08623, 2.60564], [115.08892, 2.6063], [115.095, 2.60161], [115.10103, 2.60063], [115.10346, 2.594], [115.10209, 2.58846], [115.10748, 2.5836], [115.11146, 2.58393], [115.11266, 2.5862], [115.11794, 2.58816], [115.12884, 2.58533], [115.13377, 2.59291], [115.13322, 2.59746], [115.13795, 2.60345], [115.14136, 2.60399], [115.14538, 2.60842], [115.15387, 2.60599], [115.16357, 2.61382], [115.16577, 2.61029], [115.17168, 2.61078], [115.17588, 2.59795], [115.18637, 2.59357], [115.18826, 2.58222], [115.19474, 2.57937], [115.19659, 2.57521], [115.1983, 2.57536], [115.19962, 2.57328], [115.20614, 2.57401], [115.20467, 2.56903], [115.21044, 2.56701], [115.213, 2.56086], [115.20982, 2.55322], [115.21284, 2.54744], [115.21567, 2.54775], [115.21732, 2.54254], [115.22437, 2.5405], [115.22455, 2.53882], [115.23152, 2.53547], [115.23854, 2.54134], [115.24507, 2.54147], [115.24538, 2.53609], [115.2474, 2.53293], [115.24535, 2.52965], [115.24372, 2.52973], [115.24461, 2.52375], [115.23644, 2.51931], [115.24312, 2.50971], [115.24169, 2.50649], [115.23761, 2.50333], [115.23639, 2.49908], [115.23092, 2.49569], [115.22952, 2.49316], [115.22562, 2.49271], [115.22263, 2.48985], [115.22267, 2.48797], [115.21315, 2.48417], [115.21203, 2.48217], [115.20452, 2.48028], [115.19825, 2.47144], [115.1893, 2.47785], [115.18789, 2.4805], [115.18298, 2.4829], [115.18009, 2.48005], [115.17554, 2.47929], [115.1714, 2.48149], [115.15649, 2.47698], [115.14211, 2.47754], [115.13765, 2.47599], [115.13679, 2.47358], [115.12984, 2.46895], [115.12493, 2.45743], [115.11879, 2.45439], [115.11381, 2.45733], [115.11193, 2.45652], [115.10996, 2.4543], [115.11051, 2.44792], [115.10733, 2.44263], [115.10176, 2.44159], [115.10067, 2.43713], [115.09671, 2.43316], [115.09702, 2.42986], [115.0923, 2.42576], [115.09453, 2.41619], [115.09288, 2.41329], [115.09554, 2.40848], [115.09368, 2.40537], [115.09046, 2.40283], [115.08234, 2.40246], [115.07761, 2.40588], [115.06851, 2.40584], [115.06511, 2.40778], [115.06231, 2.40496], [115.05709, 2.40793], [115.04659, 2.40589], [115.04341, 2.40222], [115.04251, 2.39383], [115.04685, 2.38679], [115.04196, 2.38537], [115.03895, 2.39047], [115.03562, 2.39037], [115.03275, 2.39237], [115.02918, 2.38166], [115.02618, 2.38076], [115.02285, 2.37697], [115.02006, 2.36507], [115.01432, 2.36348], [115.00618, 2.36466], [115.00304, 2.3633], [114.99891, 2.36051], [114.99875, 2.35616], [114.99599, 2.35573], [114.99195, 2.34933], [114.98702, 2.348], [114.98103, 2.35173], [114.9761, 2.35836], [114.96973, 2.36098], [114.97024, 2.36418], [114.96821, 2.36705], [114.96277, 2.36817], [114.95913, 2.36553], [114.95554, 2.36551], [114.9554, 2.35972], [114.95071, 2.35663], [114.95071, 2.35177], [114.94637, 2.34934], [114.94811, 2.3427], [114.94166, 2.32453], [114.94313, 2.31941], [114.94181, 2.31636], [114.94468, 2.30871], [114.96021, 2.29663], [114.96154, 2.29465], [114.96048, 2.28908], [114.95749, 2.28496], [114.94724, 2.27956], [114.93854, 2.28216], [114.9361, 2.28007], [114.93045, 2.27996], [114.92825, 2.27315], [114.92224, 2.26629], [114.91362, 2.2602], [114.91088, 2.25519], [114.90104, 2.2537], [114.89693, 2.25979], [114.89131, 2.25849], [114.88678, 2.26062], [114.87848, 2.25985], [114.86447, 2.26403], [114.86077, 2.26013], [114.85816, 2.26193], [114.85524, 2.2605], [114.85002, 2.25427], [114.84158, 2.25327], [114.83444, 2.24991], [114.82916, 2.25013], [114.82418, 2.2456], [114.82065, 2.2455], [114.81427, 2.25625], [114.8151, 2.25965], [114.81358, 2.26424], [114.80638, 2.26242], [114.80215, 2.25608], [114.79786, 2.25445], [114.79287, 2.24879], [114.79569, 2.23638], [114.78342, 2.22342], [114.78371, 2.2182], [114.78126, 2.21691], [114.78282, 2.2136], [114.7808, 2.20031], [114.77386, 2.19978], [114.76995, 2.19457], [114.76553, 2.19728], [114.76117, 2.19716], [114.75379, 2.19422], [114.74708, 2.19505], [114.73488, 2.19149], [114.73462, 2.18617], [114.73795, 2.18106], [114.73505, 2.17532], [114.73598, 2.16766], [114.73125, 2.1662], [114.73074, 2.15738], [114.73277, 2.15404], [114.72842, 2.15043], [114.72813, 2.14743], [114.73288, 2.14235], [114.73151, 2.13957], [114.73414, 2.1326], [114.74236, 2.13753], [114.74854, 2.13845], [114.75411, 2.14261], [114.75692, 2.14171], [114.76963, 2.14483], [114.77755, 2.14439], [114.78488, 2.14613], [114.79356, 2.14489], [114.7946, 2.14017], [114.79809, 2.13525], [114.80643, 2.13498], [114.80994, 2.13007], [114.8142, 2.13016], [114.81578, 2.12605], [114.81374, 2.12298], [114.81577, 2.11762], [114.7455, 2.08619], [114.74441, 2.08203], [114.73911, 2.07749], [114.7333, 2.08313], [114.72489, 2.08211], [114.72478, 2.07958], [114.72909, 2.07445], [114.72123, 2.06674], [114.71963, 2.06677], [114.71886, 2.0704], [114.7141, 2.07539], [114.70698, 2.07641], [114.69901, 2.08017], [114.6933, 2.07734], [114.69242, 2.08079], [114.68472, 2.08354], [114.67757, 2.08209], [114.67746, 2.07869], [114.66734, 2.08049], [114.65687, 2.07506], [114.65659, 2.07219], [114.65426, 2.07038], [114.64876, 2.07115], [114.63541, 2.07562], [114.63022, 2.07967], [114.62082, 2.08371], [114.60005, 2.08551], [114.59253, 2.09435], [114.58552, 2.09475], [114.58338, 2.09756], [114.57102, 2.1045], [114.56518, 2.10509], [114.55899, 2.11007], [114.55181, 2.11033], [114.54892, 2.11237], [114.54417, 2.11171], [114.53327, 2.115], [114.53172, 2.11651], [114.53389, 2.12553], [114.52782, 2.12528], [114.52571, 2.12889], [114.52242, 2.12759], [114.51535, 2.12842], [114.51213, 2.1264], [114.50546, 2.12953], [114.49975, 2.12739], [114.49944, 2.12923], [114.49077, 2.13045], [114.48814, 2.13255], [114.48502, 2.13103], [114.47448, 2.13067], [114.47065, 2.12876], [114.46699, 2.12968], [114.46374, 2.1271], [114.45939, 2.1284], [114.45509, 2.12714], [114.45044, 2.13101], [114.44501, 2.12958], [114.4438, 2.13135], [114.43952, 2.1308], [114.43808, 2.13566], [114.4352, 2.13415], [114.43071, 2.13462], [114.42928, 2.13703], [114.42615, 2.13626], [114.42576, 2.13894], [114.42379, 2.13724], [114.42278, 2.13977], [114.41857, 2.14031], [114.41919, 2.1425], [114.41644, 2.14636], [114.41209, 2.14653], [114.41113, 2.14942], [114.40914, 2.147], [114.40552, 2.147], [114.40522, 2.14876], [114.40348, 2.14781], [114.40454, 2.15046], [114.39649, 2.15458], [114.38875, 2.15294], [114.38629, 2.15685], [114.38152, 2.15783], [114.3792, 2.15732], [114.3768, 2.15345], [114.3747, 2.15791], [114.36809, 2.16358], [114.36658, 2.16061], [114.3627, 2.16328], [114.3606, 2.16152], [114.35593, 2.1613], [114.35373, 2.15805], [114.34861, 2.15626], [114.34675, 2.15371], [114.34122, 2.15457], [114.33686, 2.15944], [114.33542, 2.15681], [114.33233, 2.15859], [114.32376, 2.15751], [114.32154, 2.15297], [114.30686, 2.1498], [114.30677, 2.14766], [114.30509, 2.14715], [114.30004, 2.14895], [114.29175, 2.14826], [114.28904, 2.15169], [114.28674, 2.14963], [114.28548, 2.15088], [114.27196, 2.15059], [114.26154, 2.15221], [114.25924, 2.14913], [114.25544, 2.15201], [114.25143, 2.1481], [114.24725, 2.14893], [114.24821, 2.15061], [114.24587, 2.15163], [114.23724, 2.14786], [114.23404, 2.14865], [114.22918, 2.1432], [114.22463, 2.1436], [114.22094, 2.15254], [114.21835, 2.15313], [114.22929, 2.15995], [114.22669, 2.16554], [114.22756, 2.17138], [114.23088, 2.1779], [114.23207, 2.18769], [114.22059, 2.20234], [114.20703, 2.20293], [114.20311, 2.20658], [114.2035, 2.21048], [114.20015, 2.21506], [114.19567, 2.21551], [114.19261, 2.21922], [114.18705, 2.22086], [114.1812, 2.22008], [114.17519, 2.22539], [114.17507, 2.22236], [114.16877, 2.2221], [114.16566, 2.22029], [114.14583, 2.22054], [114.1442, 2.21712], [114.13422, 2.21681], [114.12497, 2.22186], [114.12204, 2.22616], [114.11344, 2.23065], [114.11187, 2.23424], [114.11329, 2.23952], [114.11259, 2.24588], [114.11512, 2.25115], [114.11281, 2.25864], [114.11881, 2.26367], [114.12282, 2.26452], [114.13104, 2.262], [114.14203, 2.26127], [114.145, 2.25635], [114.1508, 2.25858], [114.15751, 2.25649], [114.15422, 2.26545], [114.15535, 2.26775], [114.15923, 2.26824], [114.15923, 2.27469], [114.15655, 2.28017], [114.14753, 2.28922], [114.14591, 2.29549], [114.15073, 2.30353], [114.15138, 2.3078], [114.15705, 2.30863], [114.15568, 2.31496], [114.15805, 2.31967], [114.15638, 2.32562], [114.15916, 2.32664], [114.16251, 2.32517], [114.16443, 2.33021], [114.16763, 2.33049], [114.1657, 2.33413], [114.16754, 2.34602], [114.17034, 2.34864], [114.1766, 2.34719], [114.17937, 2.35015], [114.1749, 2.35543], [114.17658, 2.3581], [114.17362, 2.36129], [114.17313, 2.36525], [114.16984, 2.36998], [114.1768, 2.37186], [114.17431, 2.38219], [114.17915, 2.38572], [114.17336, 2.3877], [114.17695, 2.39193], [114.17486, 2.39455], [114.17731, 2.39609], [114.17458, 2.4007], [114.18058, 2.40351], [114.18467, 2.40997], [114.18883, 2.4089], [114.19469, 2.41061], [114.19596, 2.40941], [114.20264, 2.41266], [114.20162, 2.41606], [114.20801, 2.41792], [114.21105, 2.41716], [114.2123, 2.41935], [114.21496, 2.41949], [114.21632, 2.42422], [114.21551, 2.42825], [114.21861, 2.4301], [114.21785, 2.43433], [114.22024, 2.43872], [114.21933, 2.44114], [114.23089, 2.44858], [114.23482, 2.45556], [114.24478, 2.46604], [114.23998, 2.46961], [114.23692, 2.46956], [114.23451, 2.47234], [114.2397, 2.47604], [114.24414, 2.48259], [114.24304, 2.48846], [114.2391, 2.48951], [114.24157, 2.4946], [114.24032, 2.49838], [114.23706, 2.5004], [114.239, 2.50246], [114.23807, 2.50504], [114.24307, 2.5105], [114.24172, 2.51612], [114.23288, 2.52376], [114.2321, 2.52687], [114.22931, 2.52588], [114.21703, 2.52864], [114.21244, 2.52581], [114.19517, 2.53128], [114.19383, 2.5339], [114.19554, 2.5377], [114.18592, 2.54371], [114.18586, 2.55201], [114.18359, 2.55682], [114.17706, 2.55734], [114.1627, 2.56565], [114.1545, 2.5659], [114.1509, 2.56752], [114.15029, 2.57167], [114.14291, 2.57722], [114.14121, 2.58071], [114.13576, 2.58159], [114.13361, 2.58646], [114.13174, 2.58611], [114.13031, 2.58281], [114.1271, 2.58265], [114.12535, 2.58466], [114.12207, 2.5852], [114.12045, 2.58769], [114.11486, 2.58774], [114.11209, 2.59025], [114.10237, 2.59088], [114.09749, 2.59596], [114.09206, 2.59716], [114.08985, 2.60061], [114.08465, 2.59854], [114.08455, 2.59587], [114.08087, 2.59402], [114.08116, 2.59056], [114.0761, 2.58585], [114.07088, 2.58649], [114.06624, 2.59204], [114.06326, 2.59247], [114.06262, 2.59104], [114.06585, 2.58712], [114.05652, 2.581], [114.0537, 2.58226], [114.05335, 2.58515], [114.0566, 2.59103], [114.05298, 2.5898], [114.05033, 2.59133], [114.04287, 2.58858], [114.04027, 2.59465], [114.03655, 2.59753], [114.03784, 2.60112], [114.0371, 2.60592], [114.04327, 2.60904], [114.04032, 2.6181], [114.04113, 2.6209], [114.0465, 2.62784], [114.05545, 2.63247], [114.05458, 2.65435], [114.0509, 2.66172], [114.04295, 2.65683], [114.03797, 2.65844], [114.03725, 2.66219], [114.03253, 2.66551], [114.03208, 2.6707], [114.03562, 2.67224], [114.03685, 2.67457], [114.04369, 2.67662], [114.04892, 2.68014], [114.04841, 2.6823], [114.05145, 2.68714], [114.04907, 2.69476], [114.05255, 2.70113], [114.04883, 2.71133], [114.04891, 2.71725], [114.05422, 2.72162], [114.06025, 2.73556], [114.06978, 2.74581], [114.06647, 2.75074], [114.06314, 2.75039], [114.0647, 2.75565], [114.06368, 2.75738], [114.06158, 2.75653], [114.06064, 2.7594], [114.0633, 2.76538], [114.06002, 2.76906], [114.06681, 2.77956], [114.0671, 2.78446], [114.06362, 2.78449], [114.06259, 2.78785], [114.05901, 2.78875], [114.05312, 2.78645], [114.04722, 2.79157], [114.04696, 2.7961], [114.05129, 2.79861], [114.05205, 2.80089], [114.05048, 2.80318], [114.04815, 2.80327], [114.04909, 2.80593], [114.04335, 2.8063], [114.04494, 2.80956], [114.04417, 2.81157], [114.0474, 2.81622], [114.04714, 2.82168], [114.04983, 2.82051], [114.0594, 2.82243], [114.06379, 2.82454], [114.06652, 2.82418], [114.07056, 2.82726], [114.06965, 2.8337], [114.06556, 2.84026], [114.06871, 2.84888], [114.07262, 2.85362], [114.08926, 2.86405], [114.10011, 2.86465], [114.11026, 2.8672], [114.13602, 2.85567], [114.14102, 2.85685], [114.14937, 2.85454], [114.15264, 2.85719], [114.15163, 2.86488], [114.15477, 2.86531], [114.1561, 2.86881], [114.16136, 2.87006], [114.16106, 2.87176], [114.16473, 2.87352], [114.16596, 2.87916], [114.16135, 2.88088], [114.16166, 2.88286], [114.16981, 2.88248], [114.18292, 2.88775], [114.19872, 2.88422], [114.20539, 2.8847], [114.21931, 2.8915], [114.21954, 2.89258], [114.21067, 2.89613], [114.19979, 2.90422], [114.20459, 2.90689], [114.20426, 2.90995], [114.20669, 2.91235], [114.1965, 2.92843], [114.19807, 2.93639], [114.19353, 2.94559], [114.18705, 2.94623], [114.18545, 2.94233], [114.18342, 2.94145], [114.17419, 2.94242], [114.16627, 2.94637], [114.16373, 2.94487], [114.16012, 2.9505], [114.15169, 2.95476], [114.14701, 2.96229], [114.14634, 2.96384], [114.14887, 2.96965], [114.15881, 2.96881], [114.1656, 2.97592], [114.16508, 2.97925], [114.16698, 2.9816], [114.15413, 2.98992], [114.15402, 2.99627], [114.14726, 3.00918], [114.14717, 3.01221], [114.14975, 3.0161], [114.14698, 3.01467], [114.14354, 3.01656], [114.14242, 3.02391], [114.13519, 3.02437], [114.13036, 3.032], [114.1241, 3.03301], [114.12279, 3.03163], [114.12202, 3.03347], [114.12033, 3.03256], [114.11865, 3.03368], [114.11522, 3.03284], [114.11306, 3.03561], [114.09806, 3.03712], [114.09649, 3.03954], [114.08906, 3.0406], [114.08037, 3.03862], [114.0756, 3.04169], [114.07378, 3.03876], [114.06833, 3.0408], [114.06418, 3.03552], [114.05394, 3.03599], [114.05378, 3.03284], [114.04978, 3.03544], [114.04447, 3.03534], [114.04586, 3.04107], [114.04037, 3.04138], [114.03969, 3.0478], [114.03542, 3.0399], [114.03362, 3.0413], [114.03188, 3.04955], [114.02788, 3.04435], [114.01817, 3.04402], [114.01621, 3.04265], [114.01256, 3.04626], [114.01143, 3.04432], [114.0099, 3.04546], [114.00928, 3.0437], [114.00837, 3.04825], [114.00071, 3.05381], [113.99377, 3.04882], [113.99573, 3.04206], [113.98972, 3.04035], [113.986, 3.0421], [113.98599, 3.0443], [113.98347, 3.04445], [113.98111, 3.04261], [113.97615, 3.04223], [113.97374, 3.03995], [113.97245, 3.0332], [113.97341, 3.02164], [113.97697, 3.02091], [113.97975, 3.024], [113.97923, 3.01179], [113.97131, 3.01334], [113.96767, 3.0159], [113.96408, 3.00606], [113.94787, 3.01437], [113.94098, 3.01419], [113.9406, 3.01209], [113.94719, 3.01204], [113.95003, 3.00481], [113.94356, 3.00233], [113.94003, 3.00356], [113.93567, 3.00103], [113.93793, 2.99312], [113.92753, 2.99443], [113.92158, 2.99053], [113.92144, 2.98912], [113.92639, 2.98705], [113.92721, 2.98488], [113.92595, 2.97868], [113.92114, 2.97433], [113.90301, 2.96952], [113.89033, 2.97388], [113.87364, 2.98198], [113.87081, 2.98806], [113.86754, 2.98902], [113.8626, 2.9969], [113.85544, 2.99795], [113.85216, 3.00068], [113.84658, 3.00055], [113.8418, 3.00429], [113.8369, 3.00404], [113.83396, 3.00677], [113.83177, 3.00663], [113.8263, 3.00224], [113.82522, 2.99761], [113.81637, 2.99644], [113.81622, 2.98804], [113.81276, 2.98337], [113.81333, 2.97472], [113.80509, 2.96934], [113.80956, 2.96338], [113.80819, 2.96098], [113.79955, 2.9622], [113.79377, 2.95999], [113.79184, 2.96091], [113.78621, 2.95955], [113.78416, 2.94814], [113.78098, 2.94275], [113.78118, 2.9355], [113.77344, 2.92874], [113.76994, 2.92805], [113.76988, 2.92526], [113.76105, 2.91259], [113.76089, 2.90729], [113.75296, 2.9055], [113.74856, 2.90254], [113.74497, 2.9029], [113.74492, 2.89585], [113.74715, 2.89054], [113.74506, 2.88361], [113.74611, 2.88026], [113.74047, 2.87482], [113.73942, 2.86647], [113.73575, 2.86286], [113.736, 2.85948], [113.73293, 2.85911], [113.73007, 2.85502], [113.72753, 2.84835], [113.72918, 2.84494], [113.72855, 2.8414], [113.72616, 2.83678], [113.72307, 2.83844], [113.72025, 2.84472], [113.71319, 2.84978], [113.70614, 2.84855], [113.70578, 2.85001], [113.69862, 2.85323], [113.69544, 2.86004], [113.69476, 2.86392], [113.69695, 2.86828], [113.69643, 2.87049], [113.70389, 2.88764], [113.69966, 2.90478], [113.70242, 2.91224], [113.70064, 2.9151], [113.69822, 2.91415], [113.695, 2.91885], [113.69678, 2.92154], [113.69699, 2.93482], [113.69896, 2.93999], [113.69709, 2.94354], [113.70471, 2.95427], [113.70414, 2.95862], [113.70628, 2.96147], [113.70327, 2.96559], [113.69899, 2.96692], [113.69807, 2.97337], [113.69598, 2.97684], [113.69308, 2.97824], [113.69287, 2.98398], [113.68879, 2.98812], [113.68939, 3.02062], [113.68854, 3.02307], [113.6843, 3.02491], [113.68407, 3.02959], [113.68708, 3.03447], [113.68212, 3.03515], [113.68425, 3.03736], [113.6836, 3.03871], [113.68667, 3.04518], [113.68707, 3.07107], [113.68008, 3.08258], [113.66931, 3.09278], [113.66507, 3.11065], [113.6612, 3.11157], [113.66166, 3.1165], [113.66375, 3.11948], [113.6625, 3.13251], [113.66542, 3.13616], [113.66112, 3.14611], [113.65652, 3.14841], [113.65334, 3.14247], [113.65146, 3.1422], [113.64849, 3.14411], [113.64, 3.14362], [113.63534, 3.1489], [113.63381, 3.14885], [113.63115, 3.14814], [113.62559, 3.14266], [113.62307, 3.14252], [113.61496, 3.14698], [113.61183, 3.14689], [113.60671, 3.1441], [113.60759, 3.13879], [113.60394, 3.1354], [113.59805, 3.13392], [113.59593, 3.13691], [113.58969, 3.13648], [113.58631, 3.13401], [113.57948, 3.13271], [113.5684, 3.12498], [113.56729, 3.1311], [113.56478, 3.13374], [113.55904, 3.13012], [113.55502, 3.1314], [113.5543, 3.12934], [113.54959, 3.12683], [113.54703, 3.12815], [113.54417, 3.12697], [113.54504, 3.1167], [113.53778, 3.11728], [113.5356, 3.11563], [113.53575, 3.11391], [113.53001, 3.11799], [113.53059, 3.11045], [113.52677, 3.10831], [113.52282, 3.10924], [113.51771, 3.10354], [113.51433, 3.10609], [113.51406, 3.10847], [113.5103, 3.11006], [113.51022, 3.11208], [113.50759, 3.11369], [113.50485, 3.11863], [113.50595, 3.12472], [113.50447, 3.12526], [113.50402, 3.12821], [113.50546, 3.13204], [113.49928, 3.13384], [113.49808, 3.13783], [113.49453, 3.14186], [113.48934, 3.1381], [113.48497, 3.13761], [113.47877, 3.14221], [113.47739, 3.14552], [113.46459, 3.15471], [113.45536, 3.15203], [113.45387, 3.14963], [113.44847, 3.14885], [113.44699, 3.14889], [113.44604, 3.15225], [113.44284, 3.15489], [113.43738, 3.15462], [113.439, 3.15814], [113.43499, 3.16638], [113.435, 3.17512], [113.45148, 3.17533], [113.46922, 3.17165], [113.46961, 3.1757], [113.47285, 3.17705], [113.47558, 3.18296], [113.48701, 3.1856], [113.4915, 3.18827], [113.50095, 3.18631], [113.51109, 3.18675], [113.51608, 3.1839], [113.52793, 3.18205], [113.53134, 3.18001], [113.53263, 3.17583], [113.53468, 3.17479], [113.54023, 3.17782], [113.53882, 3.18148], [113.53563, 3.18237], [113.53417, 3.18498], [113.52682, 3.18984], [113.52671, 3.19451], [113.52873, 3.19506], [113.52911, 3.1974], [113.53447, 3.20231], [113.53499, 3.20543], [113.53738, 3.20655], [113.53603, 3.21549], [113.55304, 3.21604], [113.5586, 3.21968], [113.56256, 3.22648], [113.57338, 3.22945], [113.57656, 3.23523], [113.57467, 3.23826], [113.5754, 3.24259], [113.57384, 3.24546], [113.57474, 3.2523], [113.57628, 3.25301], [113.57798, 3.25939], [113.58665, 3.25243], [113.58063, 3.24459], [113.59245, 3.24107], [113.59151, 3.24889], [113.5999, 3.25023], [113.59016, 3.2589], [113.58668, 3.26898], [113.57732, 3.2754], [113.58994, 3.28139], [113.59352, 3.28789], [113.59151, 3.29116], [113.59411, 3.29715], [113.59908, 3.30119], [113.60572, 3.29989], [113.61331, 3.30317], [113.6165, 3.30215], [113.61671, 3.31056], [113.62115, 3.31642], [113.63234, 3.31529], [113.64827, 3.30141], [113.64924, 3.29885], [113.65331, 3.29759], [113.65805, 3.29726], [113.6619, 3.30079], [113.66575, 3.29936], [113.66649, 3.30203], [113.67058, 3.30369], [113.67539, 3.30194], [113.6779, 3.30442], [113.68366, 3.29742], [113.68434, 3.30102], [113.69348, 3.30468], [113.69338, 3.32605], [113.70343, 3.32539], [113.71329, 3.33068], [113.72173, 3.3404], [113.72454, 3.34126], [113.72817, 3.33554], [113.73412, 3.33222], [113.72722, 3.32055], [113.72517, 3.30752], [113.73119, 3.29663], [113.73562, 3.2932], [113.73492, 3.28973], [113.74741, 3.29106], [113.75996, 3.28959], [113.77139, 3.29569], [113.77381, 3.29437], [113.77605, 3.29532], [113.77526, 3.29766], [113.77749, 3.30075], [113.78175, 3.3007], [113.79073, 3.30838], [113.79158, 3.31224], [113.78894, 3.327], [113.79455, 3.33117], [113.79299, 3.33587], [113.79858, 3.33997], [113.79987, 3.34504], [113.80423, 3.34327], [113.80777, 3.34474], [113.81308, 3.35061], [113.81544, 3.35023], [113.82037, 3.35623], [113.82287, 3.36224], [113.82691, 3.3651], [113.82519, 3.36927], [113.82809, 3.3708], [113.83179, 3.37005], [113.83488, 3.37879], [113.84171, 3.38158], [113.84255, 3.38792], [113.85023, 3.39227], [113.85107, 3.38824], [113.85542, 3.38368], [113.86142, 3.38162], [113.86433, 3.38412], [113.86609, 3.38115], [113.86848, 3.38183], [113.87026, 3.38847], [113.86934, 3.39053], [113.87169, 3.39235], [113.87215, 3.39639], [113.8746, 3.39915], [113.8704, 3.40768], [113.87108, 3.41199], [113.8718, 3.41335], [113.87484, 3.41335], [113.87765, 3.42101], [113.87191, 3.42536], [113.87758, 3.42982], [113.87662, 3.43406], [113.87884, 3.43755], [113.87809, 3.44255], [113.87606, 3.44423], [113.87727, 3.4476], [113.88052, 3.44927], [113.88102, 3.45532], [113.88975, 3.45632], [113.89555, 3.46925], [113.90158, 3.46922], [113.90419, 3.46704], [113.90462, 3.46852], [113.90185, 3.47139], [113.90212, 3.47531], [113.89631, 3.47899], [113.89725, 3.48402], [113.89961, 3.48533], [113.89811, 3.487], [113.8997, 3.49022], [113.91137, 3.49317], [113.9225, 3.49358], [113.92229, 3.49748], [113.92437, 3.49927], [113.92213, 3.506], [113.92313, 3.50903], [113.92606, 3.51105], [113.9274, 3.5173], [113.9369, 3.52515], [113.9448, 3.53805], [113.95461, 3.54506], [113.96458, 3.54175], [113.9652, 3.53828], [113.96857, 3.5353], [113.96733, 3.53384], [113.97725, 3.52203], [113.97776, 3.50952]]]]}}, {"type": "Feature", "properties": {"state": "Sarawak", "seat": "N.67 Jepak", "seat_name": "Jepak"}, "geometry": {"type": "MultiPolygon", "coordinates": [[[[113.02694, 3.17531], [113.03092, 3.17584], [113.0339, 3.17143], [113.03288, 3.16934], [113.03674, 3.16693], [113.03813, 3.17001], [113.04331, 3.16706], [113.04836, 3.17306], [113.0475, 3.17844], [113.05309, 3.17397], [113.05296, 3.17194], [113.05522, 3.17428], [113.05839, 3.17459], [113.05808, 3.17776], [113.06736, 3.17937], [113.06674, 3.17058], [113.06243, 3.16671], [113.06149, 3.15835], [113.05334, 3.15823], [113.05251, 3.14937], [113.04806, 3.14675], [113.05092, 3.13948], [113.06574, 3.14699], [113.07241, 3.14586], [113.07973, 3.14701], [113.08479, 3.14387], [113.08667, 3.14768], [113.09605, 3.14644], [113.10533, 3.13416], [113.12247, 3.12462], [113.13071, 3.12171], [113.14055, 3.11529], [113.13315, 3.10095], [113.147, 3.10214], [113.14953, 3.0952], [113.16403, 3.08533], [113.15768, 3.08172], [113.15699, 3.07694], [113.15306, 3.07368], [113.15362, 3.07162], [113.1476, 3.06678], [113.15126, 3.05818], [113.15579, 3.05449], [113.14961, 3.05037], [113.14857, 3.04777], [113.14556, 3.04688], [113.12921, 3.03384], [113.1224, 3.03416], [113.11727, 3.03189], [113.11704, 3.0269], [113.11395, 3.02131], [113.1079, 3.01938], [113.10094, 3.02241], [113.09856, 3.01922], [113.09245, 3.01598], [113.0907, 3.01141], [113.0747, 3.00438], [113.06738, 2.9971], [113.06528, 2.98933], [113.05003, 2.97672], [113.04629, 2.97583], [113.04674, 2.96973], [113.04227, 2.96854], [113.03788, 2.95598], [113.03829, 2.94852], [113.03604, 2.94309], [113.04072, 2.93298], [113.03721, 2.92602], [113.03243, 2.92171], [113.03189, 2.91859], [113.0196, 2.91856], [113.01134, 2.91382], [113.00938, 2.91647], [113.01002, 2.9207], [113.00624, 2.92167], [113.00567, 2.92478], [113.00789, 2.92699], [113.00721, 2.92842], [113.00056, 2.92917], [112.99709, 2.92687], [112.99686, 2.92868], [112.99442, 2.92887], [112.99197, 2.92711], [112.99047, 2.91877], [112.97828, 2.91596], [112.97376, 2.91234], [112.97166, 2.91472], [112.96352, 2.91486], [112.96523, 2.92575], [112.96975, 2.93018], [112.97247, 2.93664], [112.97298, 2.93867], [112.9705, 2.94127], [112.97922, 2.9485], [112.97361, 2.95574], [112.97465, 2.9597], [112.97055, 2.96152], [112.96772, 2.95945], [112.9636, 2.95978], [112.9636, 2.96255], [112.96938, 2.96598], [112.96717, 2.96841], [112.97069, 2.97356], [112.9692, 2.97715], [112.97016, 2.98405], [112.96338, 2.98267], [112.96177, 2.98393], [112.95825, 2.98186], [112.95507, 2.98625], [112.95589, 2.9888], [112.96492, 2.992], [112.967, 3.00045], [112.96624, 3.00283], [112.96295, 3.00345], [112.96332, 3.00738], [112.95258, 3.00784], [112.94719, 2.99914], [112.94382, 2.99847], [112.94006, 2.99346], [112.93928, 2.99906], [112.93549, 3.00564], [112.93404, 3.00384], [112.93097, 3.00441], [112.92713, 3.00216], [112.92165, 3.00194], [112.91927, 3.00523], [112.91591, 3.00452], [112.9136, 3.0068], [112.91127, 3.00681], [112.90851, 3.01077], [112.90424, 3.00999], [112.90143, 3.00806], [112.90237, 3.00535], [112.89746, 3.00385], [112.89624, 3.00183], [112.89723, 3.00029], [112.89574, 2.99801], [112.89401, 2.99802], [112.8919, 2.99082], [112.88632, 2.99324], [112.88561, 2.99162], [112.87997, 2.99222], [112.8787, 2.99035], [112.8736, 2.98967], [112.87231, 2.98756], [112.86798, 2.9882], [112.86336, 2.98165], [112.85923, 2.97984], [112.85056, 2.98409], [112.84593, 2.9818], [112.84431, 2.98334], [112.84281, 2.98092], [112.8418, 2.98227], [112.83908, 2.98157], [112.83736, 2.98311], [112.8354, 2.98174], [112.83133, 2.98336], [112.8283, 2.98225], [112.82268, 2.97126], [112.8163, 2.96573], [112.80556, 2.96479], [112.79569, 2.96115], [112.78925, 2.96138], [112.78807, 2.96532], [112.77468, 2.97654], [112.77284, 2.98544], [112.76601, 2.99832], [112.76605, 3.00462], [112.76263, 3.01305], [112.75995, 3.03073], [112.75526, 3.03123], [112.7544, 3.03492], [112.75076, 3.03492], [112.74823, 3.03913], [112.74218, 3.03642], [112.74044, 3.03869], [112.73708, 3.03906], [112.73362, 3.03847], [112.73055, 3.03452], [112.72768, 3.03675], [112.72084, 3.03507], [112.72158, 3.02865], [112.71926, 3.02851], [112.7156, 3.04199], [112.71165, 3.04092], [112.71045, 3.04384], [112.70785, 3.044], [112.70625, 3.04865], [112.70321, 3.04936], [112.70331, 3.05356], [112.69611, 3.05392], [112.6943, 3.06176], [112.74409, 3.07367], [112.77931, 3.0855], [112.81605, 3.08807], [112.84554, 3.09353], [112.89723, 3.10714], [112.9149, 3.11361], [112.93555, 3.1225], [112.97119, 3.14141], [112.99109, 3.15387], [113.0246, 3.17948], [113.02571, 3.1799], [113.02694, 3.17531]]]]}}, {"type": "Feature", "properties": {"state": "Sarawak", "seat": "N.68 Tanjong Batu", "seat_name": "Tanjong Batu"}, "geometry": {"type": "MultiPolygon", "coordinates": [[[[113.08799, 3.2209], [113.09485, 3.21906], [113.09535, 3.21314], [113.09199, 3.19672], [113.10175, 3.1957], [113.10307, 3.19134], [113.10565, 3.19151], [113.10465, 3.18767], [113.0937, 3.18657], [113.08944, 3.18296], [113.07496, 3.1796], [113.06552, 3.1798], [113.05876, 3.17798], [113.05839, 3.17459], [113.05522, 3.17428], [113.05296, 3.17194], [113.05309, 3.17397], [113.0475, 3.17844], [113.04836, 3.17306], [113.04331, 3.16706], [113.03813, 3.17001], [113.03674, 3.16693], [113.03288, 3.16934], [113.0339, 3.17143], [113.03072, 3.17601], [113.02707, 3.17504], [113.02311, 3.18796], [113.02569, 3.19162], [113.03993, 3.20172], [113.03691, 3.2084], [113.0377, 3.2105], [113.04064, 3.2098], [113.03895, 3.20683], [113.04227, 3.20078], [113.05471, 3.2016], [113.0551, 3.20573], [113.0625, 3.20226], [113.06535, 3.20257], [113.07214, 3.20463], [113.07057, 3.20833], [113.06594, 3.20638], [113.06552, 3.21433], [113.07404, 3.21899], [113.07951, 3.22014], [113.08151, 3.21818], [113.08799, 3.2209]]]]}}, {"type": "Feature", "properties": {"state": "Sarawak", "seat": "N.69 Kemena", "seat_name": "Kemena"}, "geometry": {"type": "MultiPolygon", "coordinates": [[[[113.84519, 3.79539], [113.83724, 3.79017], [113.84049, 3.78876], [113.84571, 3.7904], [113.84794, 3.78936], [113.85913, 3.79274], [113.87237, 3.79192], [113.87875, 3.78762], [113.88823, 3.78818], [113.88785, 3.78515], [113.89617, 3.77574], [113.9092, 3.76922], [113.91016, 3.76693], [113.90968, 3.76367], [113.90751, 3.76186], [113.90811, 3.75921], [113.94455, 3.75873], [113.95275, 3.75595], [113.95142, 3.74835], [113.95625, 3.74847], [113.96023, 3.7451], [113.96361, 3.74606], [113.96391, 3.73632], [113.99181, 3.73588], [113.99565, 3.72717], [113.99594, 3.72053], [113.99997, 3.72534], [114.00248, 3.72618], [114.00547, 3.73276], [114.00906, 3.73419], [114.00954, 3.73802], [114.01611, 3.74137], [114.01822, 3.74458], [114.02217, 3.74575], [114.03508, 3.74288], [114.03667, 3.74018], [114.03407, 3.73869], [114.03442, 3.73692], [114.03209, 3.73633], [114.03089, 3.73769], [114.02674, 3.73086], [114.02286, 3.73071], [114.0227, 3.71343], [114.02072, 3.71233], [114.02296, 3.7088], [114.02041, 3.70709], [114.0266, 3.70018], [114.0244, 3.69662], [114.03189, 3.68922], [114.03791, 3.68671], [114.04062, 3.68267], [114.03959, 3.67729], [114.0364, 3.6741], [114.03129, 3.67235], [114.02779, 3.67283], [114.02571, 3.67649], [114.01884, 3.67584], [114.01226, 3.66567], [114.00377, 3.65838], [113.99516, 3.664], [113.98272, 3.65981], [113.98471, 3.65494], [113.99068, 3.65738], [113.99475, 3.65512], [114.00543, 3.65322], [114.00471, 3.65051], [114.00688, 3.65069], [114.0086, 3.65331], [114.01158, 3.65295], [114.01267, 3.64942], [114.01909, 3.64345], [114.02208, 3.63603], [114.02045, 3.63178], [114.02335, 3.63033], [114.02386, 3.62975], [114.02063, 3.62979], [114.02096, 3.62544], [114.00486, 3.62675], [113.99875, 3.62466], [113.99071, 3.62594], [113.99312, 3.62031], [113.99714, 3.61774], [113.99843, 3.60101], [113.99634, 3.59908], [113.99296, 3.59892], [113.99248, 3.59715], [113.99634, 3.59377], [113.99811, 3.58686], [113.99216, 3.59088], [113.98299, 3.59329], [113.97054, 3.58938], [113.96877, 3.5876], [113.9701, 3.57977], [113.96759, 3.57888], [113.9664, 3.57592], [113.96995, 3.5703], [113.96699, 3.5669], [113.96803, 3.55374], [113.95901, 3.55241], [113.95461, 3.54506], [113.94277, 3.53594], [113.9369, 3.52515], [113.9274, 3.5173], [113.92606, 3.51105], [113.92313, 3.50903], [113.92213, 3.506], [113.92437, 3.49927], [113.92229, 3.49748], [113.9225, 3.49358], [113.91137, 3.49317], [113.8997, 3.49022], [113.89811, 3.487], [113.89961, 3.48533], [113.89725, 3.48402], [113.89631, 3.47899], [113.90212, 3.47531], [113.90185, 3.47139], [113.90462, 3.46852], [113.90419, 3.46704], [113.90158, 3.46922], [113.89555, 3.46925], [113.88975, 3.45632], [113.88102, 3.45532], [113.88052, 3.44927], [113.87727, 3.4476], [113.87606, 3.44423], [113.87809, 3.44255], [113.87884, 3.43755], [113.87662, 3.43406], [113.87758, 3.42982], [113.87191, 3.42536], [113.87765, 3.42101], [113.87484, 3.41335], [113.8718, 3.41335], [113.87108, 3.41199], [113.8704, 3.40768], [113.8746, 3.39915], [113.87215, 3.39639], [113.87169, 3.39235], [113.86934, 3.39053], [113.87026, 3.38847], [113.86848, 3.38183], [113.86609, 3.38115], [113.86433, 3.38412], [113.86142, 3.38162], [113.85542, 3.38368], [113.85107, 3.38824], [113.85023, 3.39227], [113.84255, 3.38792], [113.84171, 3.38158], [113.83488, 3.37879], [113.83179, 3.37005], [113.82809, 3.3708], [113.82519, 3.36927], [113.82691, 3.3651], [113.82287, 3.36224], [113.82037, 3.35623], [113.81544, 3.35023], [113.81308, 3.35061], [113.80777, 3.34474], [113.80423, 3.34327], [113.79987, 3.34504], [113.79858, 3.33997], [113.79299, 3.33587], [113.79455, 3.33117], [113.78894, 3.327], [113.79158, 3.31224], [113.79006, 3.30744], [113.78175, 3.3007], [113.77791, 3.30112], [113.77526, 3.29766], [113.77605, 3.29532], [113.77381, 3.29437], [113.77139, 3.29569], [113.76103, 3.28981], [113.74741, 3.29106], [113.73492, 3.28973], [113.73562, 3.2932], [113.73119, 3.29663], [113.72517, 3.30752], [113.72722, 3.32055], [113.73412, 3.33222], [113.72817, 3.33554], [113.72454, 3.34126], [113.72173, 3.3404], [113.71329, 3.33068], [113.70343, 3.32539], [113.69338, 3.32605], [113.69348, 3.30468], [113.68434, 3.30102], [113.68366, 3.29742], [113.6779, 3.30442], [113.67539, 3.30194], [113.67058, 3.30369], [113.66649, 3.30203], [113.66575, 3.29936], [113.6619, 3.30079], [113.65805, 3.29726], [113.65331, 3.29759], [113.64924, 3.29885], [113.64827, 3.30141], [113.63234, 3.31529], [113.62115, 3.31642], [113.61671, 3.31056], [113.6165, 3.30215], [113.61331, 3.30317], [113.60572, 3.29989], [113.59908, 3.30119], [113.59411, 3.29715], [113.59151, 3.29116], [113.59352, 3.28789], [113.58994, 3.28139], [113.57732, 3.2754], [113.58668, 3.26898], [113.59016, 3.2589], [113.5999, 3.25023], [113.59151, 3.24889], [113.59245, 3.24107], [113.58063, 3.24459], [113.58665, 3.25243], [113.57798, 3.25939], [113.57628, 3.25301], [113.57474, 3.2523], [113.57384, 3.24546], [113.5754, 3.24259], [113.57467, 3.23826], [113.57656, 3.23523], [113.57338, 3.22945], [113.56256, 3.22648], [113.5586, 3.21968], [113.55304, 3.21604], [113.53603, 3.21549], [113.53738, 3.20655], [113.53499, 3.20543], [113.53447, 3.20231], [113.52911, 3.1974], [113.52873, 3.19506], [113.52671, 3.19451], [113.52682, 3.18984], [113.53417, 3.18498], [113.53563, 3.18237], [113.53882, 3.18148], [113.54023, 3.17782], [113.53468, 3.17479], [113.53263, 3.17583], [113.53134, 3.18001], [113.52793, 3.18205], [113.51608, 3.1839], [113.51109, 3.18675], [113.50095, 3.18631], [113.4915, 3.18827], [113.48701, 3.1856], [113.47558, 3.18296], [113.47285, 3.17705], [113.46961, 3.1757], [113.46922, 3.17165], [113.45148, 3.17533], [113.435, 3.17512], [113.43448, 3.17311], [113.43577, 3.16349], [113.439, 3.15814], [113.43738, 3.15462], [113.44284, 3.15489], [113.44604, 3.15225], [113.44699, 3.14889], [113.45387, 3.14963], [113.45536, 3.15203], [113.46459, 3.15471], [113.47739, 3.14552], [113.47877, 3.14221], [113.48497, 3.13761], [113.48934, 3.1381], [113.49453, 3.14186], [113.49808, 3.13783], [113.49928, 3.13384], [113.50546, 3.13204], [113.50402, 3.12821], [113.50447, 3.12526], [113.50595, 3.12472], [113.50485, 3.11863], [113.50759, 3.11369], [113.51022, 3.11208], [113.5103, 3.11006], [113.51406, 3.10847], [113.51433, 3.10609], [113.51771, 3.10354], [113.52282, 3.10924], [113.52677, 3.10831], [113.53059, 3.11045], [113.53001, 3.11799], [113.53575, 3.11391], [113.5356, 3.11563], [113.53778, 3.11728], [113.54504, 3.1167], [113.54417, 3.12697], [113.54703, 3.12815], [113.54959, 3.12683], [113.5543, 3.12934], [113.55502, 3.1314], [113.55904, 3.13012], [113.56478, 3.13374], [113.56729, 3.1311], [113.5684, 3.12498], [113.57948, 3.13271], [113.58631, 3.13401], [113.58969, 3.13648], [113.59593, 3.13691], [113.59805, 3.13392], [113.60394, 3.1354], [113.60759, 3.13879], [113.60671, 3.1441], [113.61183, 3.14689], [113.61496, 3.14698], [113.62307, 3.14252], [113.62559, 3.14266], [113.63115, 3.14814], [113.63381, 3.14885], [113.63534, 3.1489], [113.64, 3.14362], [113.64849, 3.14411], [113.65146, 3.1422], [113.65334, 3.14247], [113.65652, 3.14841], [113.66112, 3.14611], [113.66542, 3.13616], [113.6625, 3.13251], [113.66375, 3.11948], [113.66166, 3.1165], [113.6612, 3.11157], [113.66507, 3.11065], [113.66931, 3.09278], [113.68008, 3.08258], [113.68707, 3.07107], [113.68667, 3.04518], [113.6836, 3.03871], [113.68425, 3.03736], [113.68212, 3.03515], [113.68708, 3.03447], [113.68407, 3.02959], [113.6843, 3.02491], [113.68854, 3.02307], [113.68939, 3.02062], [113.68879, 2.98812], [113.69287, 2.98398], [113.69308, 2.97824], [113.69598, 2.97684], [113.69807, 2.97337], [113.69899, 2.96692], [113.70327, 2.96559], [113.70628, 2.96147], [113.70414, 2.95862], [113.70471, 2.95427], [113.69709, 2.94354], [113.69896, 2.93999], [113.69699, 2.93482], [113.69678, 2.92154], [113.695, 2.91885], [113.69822, 2.91415], [113.70064, 2.9151], [113.70242, 2.91224], [113.69966, 2.90478], [113.70389, 2.88764], [113.70033, 2.88118], [113.69476, 2.86392], [113.69768, 2.85602], [113.69227, 2.84727], [113.68628, 2.84366], [113.6838, 2.83287], [113.68126, 2.83072], [113.68193, 2.82614], [113.68074, 2.8239], [113.6819, 2.82225], [113.68005, 2.82136], [113.67831, 2.8161], [113.67753, 2.80741], [113.67567, 2.80426], [113.67279, 2.80356], [113.67194, 2.79485], [113.66365, 2.78102], [113.66278, 2.77577], [113.65018, 2.77071], [113.64943, 2.76345], [113.64224, 2.75551], [113.64199, 2.74863], [113.64017, 2.74569], [113.63453, 2.74355], [113.63295, 2.74079], [113.62651, 2.74134], [113.6196, 2.73069], [113.61568, 2.72804], [113.61212, 2.72725], [113.60809, 2.72362], [113.60513, 2.72411], [113.60149, 2.71998], [113.59686, 2.72106], [113.59341, 2.71762], [113.59065, 2.71781], [113.58195, 2.71265], [113.57964, 2.70912], [113.57677, 2.70977], [113.57475, 2.70719], [113.56928, 2.70812], [113.56072, 2.70273], [113.55405, 2.70353], [113.54272, 2.69691], [113.52463, 2.69296], [113.52, 2.69396], [113.52214, 2.69994], [113.52992, 2.70629], [113.53638, 2.70646], [113.53707, 2.70852], [113.54089, 2.70871], [113.54214, 2.71103], [113.53067, 2.71386], [113.52988, 2.71786], [113.5236, 2.71879], [113.51718, 2.72316], [113.51279, 2.72301], [113.50824, 2.72665], [113.50643, 2.72566], [113.5044, 2.72757], [113.50233, 2.72642], [113.49691, 2.73295], [113.49161, 2.73381], [113.4856, 2.7318], [113.47943, 2.73233], [113.47835, 2.72713], [113.47153, 2.72493], [113.47246, 2.72108], [113.46867, 2.71851], [113.46174, 2.71771], [113.44599, 2.71158], [113.44434, 2.71269], [113.43066, 2.712], [113.42787, 2.7081], [113.42166, 2.7061], [113.41485, 2.69983], [113.40618, 2.70193], [113.36732, 2.68827], [113.36086, 2.69212], [113.349, 2.68633], [113.34553, 2.68293], [113.3371, 2.68141], [113.33376, 2.69128], [113.32638, 2.69508], [113.32441, 2.69786], [113.32623, 2.69935], [113.32697, 2.70472], [113.32268, 2.70557], [113.31646, 2.71312], [113.3055, 2.71513], [113.30144, 2.71204], [113.30027, 2.70914], [113.2947, 2.708], [113.29216, 2.70872], [113.28776, 2.7135], [113.28435, 2.71341], [113.28311, 2.71503], [113.27251, 2.71517], [113.26498, 2.7188], [113.2561, 2.71925], [113.25095, 2.72139], [113.24426, 2.71522], [113.23525, 2.71447], [113.23673, 2.71828], [113.23538, 2.72635], [113.2318, 2.72924], [113.22988, 2.7346], [113.23543, 2.74324], [113.24598, 2.75372], [113.24751, 2.75913], [113.25069, 2.76071], [113.26216, 2.76007], [113.26454, 2.76242], [113.27321, 2.76462], [113.27673, 2.76707], [113.28476, 2.76033], [113.29083, 2.76059], [113.29012, 2.76303], [113.29492, 2.76729], [113.28975, 2.78131], [113.28262, 2.79076], [113.27955, 2.79309], [113.27302, 2.79456], [113.27231, 2.79763], [113.2667, 2.80109], [113.26554, 2.80382], [113.26665, 2.80778], [113.26404, 2.81038], [113.26665, 2.81264], [113.26535, 2.81575], [113.25741, 2.81695], [113.2556, 2.81524], [113.24826, 2.81524], [113.24131, 2.81724], [113.24372, 2.82177], [113.24322, 2.83604], [113.24212, 2.84015], [113.23559, 2.84601], [113.23236, 2.85463], [113.23296, 2.86573], [113.22645, 2.86946], [113.22171, 2.8771], [113.22141, 2.87949], [113.22537, 2.88176], [113.21762, 2.88969], [113.21284, 2.89021], [113.21029, 2.89392], [113.20551, 2.89403], [113.19785, 2.89122], [113.19635, 2.89397], [113.19118, 2.89495], [113.18322, 2.89149], [113.17023, 2.89418], [113.1632, 2.88951], [113.15746, 2.89163], [113.15575, 2.89401], [113.15151, 2.89345], [113.15088, 2.89126], [113.14721, 2.89484], [113.1381, 2.89069], [113.13154, 2.89261], [113.13102, 2.89025], [113.12497, 2.89226], [113.12094, 2.88857], [113.11848, 2.89707], [113.11375, 2.89662], [113.11409, 2.90192], [113.11202, 2.90591], [113.11377, 2.91005], [113.10518, 2.92022], [113.10011, 2.92016], [113.09563, 2.91557], [113.09037, 2.91382], [113.08605, 2.91531], [113.07754, 2.9149], [113.0758, 2.91867], [113.08053, 2.92404], [113.08012, 2.92642], [113.08187, 2.92832], [113.07816, 2.93408], [113.07025, 2.92997], [113.06566, 2.92552], [113.05504, 2.92552], [113.05277, 2.92681], [113.05041, 2.92479], [113.0471, 2.93173], [113.04106, 2.93166], [113.04049, 2.93532], [113.03648, 2.94123], [113.03829, 2.94852], [113.03788, 2.95598], [113.04227, 2.96854], [113.04674, 2.96973], [113.04629, 2.97583], [113.05003, 2.97672], [113.06528, 2.98933], [113.06738, 2.9971], [113.07167, 3.0018], [113.0907, 3.01141], [113.09245, 3.01598], [113.09856, 3.01922], [113.10094, 3.02241], [113.1079, 3.01938], [113.11395, 3.02131], [113.11704, 3.0269], [113.11727, 3.03189], [113.1224, 3.03416], [113.12921, 3.03384], [113.15579, 3.05449], [113.15126, 3.05818], [113.1476, 3.06678], [113.15362, 3.07162], [113.15306, 3.07368], [113.15699, 3.07694], [113.15768, 3.08172], [113.16403, 3.08533], [113.14953, 3.0952], [113.147, 3.10214], [113.13315, 3.10095], [113.14055, 3.11529], [113.11264, 3.13075], [113.11397, 3.13641], [113.11601, 3.13741], [113.11574, 3.13983], [113.11826, 3.1437], [113.11985, 3.14196], [113.12336, 3.14535], [113.12577, 3.14466], [113.12691, 3.14742], [113.13473, 3.14729], [113.13599, 3.14565], [113.13692, 3.14744], [113.14642, 3.14987], [113.15829, 3.14822], [113.16186, 3.14538], [113.16469, 3.14616], [113.16584, 3.14973], [113.17083, 3.15071], [113.17752, 3.14943], [113.18637, 3.15061], [113.18652, 3.15211], [113.19284, 3.1521], [113.19312, 3.1477], [113.20054, 3.14763], [113.20353, 3.1386], [113.21101, 3.13357], [113.2151, 3.13377], [113.21783, 3.13777], [113.21987, 3.13662], [113.22361, 3.13751], [113.22763, 3.1409], [113.23253, 3.14579], [113.23121, 3.15272], [113.2269, 3.15862], [113.22925, 3.16409], [113.23176, 3.16594], [113.23355, 3.17559], [113.22806, 3.175], [113.22603, 3.17615], [113.22356, 3.18182], [113.22171, 3.18199], [113.216, 3.18112], [113.21234, 3.17623], [113.2089, 3.17604], [113.20476, 3.18258], [113.20556, 3.18595], [113.19536, 3.1872], [113.19394, 3.18982], [113.18493, 3.19502], [113.1823, 3.192], [113.18126, 3.19251], [113.17827, 3.19475], [113.17981, 3.19839], [113.17714, 3.1986], [113.17696, 3.20494], [113.17357, 3.20918], [113.17421, 3.21434], [113.17847, 3.21691], [113.17981, 3.21494], [113.18454, 3.21461], [113.18986, 3.21703], [113.1996, 3.2145], [113.20412, 3.21133], [113.21418, 3.20926], [113.21818, 3.206], [113.22034, 3.20909], [113.22491, 3.2093], [113.22627, 3.21442], [113.22154, 3.21507], [113.21866, 3.2174], [113.21784, 3.22029], [113.21484, 3.22085], [113.21536, 3.22635], [113.22109, 3.22702], [113.22178, 3.23391], [113.22698, 3.23469], [113.23014, 3.2308], [113.23462, 3.23237], [113.23894, 3.23101], [113.24027, 3.20844], [113.24204, 3.20933], [113.24562, 3.20678], [113.25783, 3.21012], [113.26025, 3.2121], [113.2597, 3.21369], [113.26695, 3.21572], [113.28044, 3.22295], [113.29178, 3.22531], [113.2958, 3.23359], [113.29353, 3.23789], [113.29449, 3.24032], [113.30242, 3.24255], [113.2986, 3.24519], [113.30197, 3.2502], [113.29985, 3.25583], [113.31162, 3.26239], [113.31164, 3.26586], [113.30839, 3.27335], [113.31665, 3.27661], [113.33123, 3.28642], [113.35131, 3.29465], [113.35927, 3.30052], [113.34737, 3.30985], [113.33794, 3.31021], [113.33322, 3.30857], [113.33323, 3.31721], [113.33612, 3.31911], [113.34091, 3.31875], [113.34121, 3.3245], [113.34816, 3.33143], [113.3415, 3.34105], [113.3418, 3.3482], [113.34066, 3.34953], [113.34285, 3.36327], [113.35593, 3.36846], [113.36431, 3.36167], [113.37459, 3.34954], [113.38294, 3.35022], [113.38921, 3.345], [113.39221, 3.34456], [113.40123, 3.34925], [113.40845, 3.36228], [113.41407, 3.36627], [113.4283, 3.35082], [113.44447, 3.34389], [113.45013, 3.34899], [113.45308, 3.35413], [113.45409, 3.36371], [113.453, 3.366], [113.45527, 3.37294], [113.46439, 3.38456], [113.46621, 3.39628], [113.47171, 3.39762], [113.48318, 3.39335], [113.49224, 3.38484], [113.49354, 3.38991], [113.50066, 3.40186], [113.50371, 3.4028], [113.50632, 3.40772], [113.50633, 3.41049], [113.5089, 3.4138], [113.5084, 3.41748], [113.52069, 3.41711], [113.5265, 3.419], [113.5336, 3.42725], [113.54825, 3.43721], [113.55037, 3.43587], [113.56011, 3.43642], [113.56232, 3.43432], [113.56686, 3.43609], [113.57273, 3.43388], [113.57485, 3.43091], [113.57732, 3.433], [113.5781, 3.43772], [113.57082, 3.4447], [113.56889, 3.45003], [113.56666, 3.44936], [113.56405, 3.45152], [113.55451, 3.44808], [113.55343, 3.45007], [113.55617, 3.45627], [113.55604, 3.46188], [113.56421, 3.47144], [113.56955, 3.48136], [113.56952, 3.49095], [113.59754, 3.51629], [113.60407, 3.51909], [113.61128, 3.51816], [113.61696, 3.52672], [113.61662, 3.53274], [113.61484, 3.53841], [113.60399, 3.5296], [113.58993, 3.53637], [113.56601, 3.53371], [113.56557, 3.54212], [113.57679, 3.55467], [113.56985, 3.55511], [113.56513, 3.56028], [113.56173, 3.56102], [113.54859, 3.55806], [113.54901, 3.56534], [113.55186, 3.56791], [113.5531, 3.57343], [113.563, 3.58257], [113.56747, 3.59085], [113.57233, 3.59332], [113.57763, 3.59937], [113.5822, 3.60879], [113.59637, 3.60846], [113.60136, 3.61322], [113.60147, 3.61964], [113.60501, 3.61886], [113.61077, 3.62539], [113.61542, 3.62805], [113.61985, 3.62705], [113.62881, 3.62816], [113.63114, 3.63115], [113.63878, 3.62739], [113.64202, 3.62897], [113.64822, 3.62133], [113.64922, 3.61768], [113.65033, 3.61835], [113.65194, 3.61627], [113.65628, 3.615], [113.66008, 3.61916], [113.66271, 3.61952], [113.66949, 3.61491], [113.6713, 3.61174], [113.67546, 3.60993], [113.67329, 3.6074], [113.67517, 3.60422], [113.68006, 3.60184], [113.68535, 3.60205], [113.68617, 3.60341], [113.69051, 3.60218], [113.69377, 3.59832], [113.69971, 3.60556], [113.70133, 3.61461], [113.70423, 3.6194], [113.70966, 3.62456], [113.71997, 3.62691], [113.72423, 3.62411], [113.7254, 3.6213], [113.72984, 3.62103], [113.72987, 3.62961], [113.7252, 3.63702], [113.72022, 3.642], [113.71558, 3.6434], [113.71683, 3.64577], [113.71544, 3.64814], [113.71313, 3.64565], [113.69384, 3.66916], [113.68521, 3.67359], [113.68322, 3.67757], [113.67945, 3.67536], [113.67823, 3.67613], [113.67602, 3.6799], [113.67757, 3.68731], [113.6717, 3.69108], [113.66971, 3.69617], [113.67388, 3.69939], [113.67784, 3.69643], [113.69141, 3.70467], [113.69953, 3.71801], [113.70422, 3.72237], [113.70998, 3.71894], [113.71405, 3.7186], [113.71204, 3.73456], [113.70687, 3.74312], [113.71056, 3.75212], [113.71573, 3.75478], [113.71779, 3.75921], [113.70965, 3.76543], [113.70732, 3.76942], [113.71214, 3.7817], [113.71715, 3.78852], [113.72772, 3.79291], [113.729, 3.78744], [113.73652, 3.78439], [113.7389, 3.78838], [113.74125, 3.78887], [113.74002, 3.78555], [113.74472, 3.77742], [113.74953, 3.77836], [113.75075, 3.78127], [113.75767, 3.76852], [113.76032, 3.76865], [113.76317, 3.76621], [113.78845, 3.77241], [113.7879, 3.77879], [113.7955, 3.78219], [113.80097, 3.788], [113.81329, 3.79372], [113.82536, 3.79625], [113.82825, 3.79456], [113.83163, 3.79517], [113.84092, 3.80048], [113.84519, 3.79539]]]]}}, {"type": "Feature", "properties": {"state": "Sarawak", "seat": "N.70 Samalaju", "seat_name": "Samalaju"}, "geometry": {"type": "MultiPolygon", "coordinates": [[[[113.65565, 3.90779], [113.65718, 3.906], [113.66077, 3.90681], [113.66715, 3.89766], [113.66221, 3.89363], [113.66939, 3.88503], [113.66804, 3.88386], [113.66879, 3.88275], [113.67372, 3.88097], [113.67549, 3.87604], [113.67672, 3.87092], [113.67089, 3.86141], [113.67244, 3.85019], [113.67003, 3.84657], [113.66224, 3.84251], [113.64646, 3.84111], [113.64056, 3.8423], [113.63602, 3.83856], [113.63678, 3.83623], [113.64341, 3.82879], [113.64884, 3.82933], [113.6576, 3.82448], [113.66078, 3.81837], [113.65941, 3.81654], [113.66031, 3.81422], [113.66173, 3.81422], [113.6662, 3.80798], [113.67059, 3.80796], [113.67217, 3.80647], [113.67036, 3.80047], [113.66688, 3.80073], [113.66782, 3.79752], [113.6734, 3.7953], [113.68192, 3.79797], [113.68652, 3.80039], [113.68904, 3.80561], [113.69343, 3.80094], [113.70684, 3.80581], [113.7081, 3.80509], [113.71068, 3.79665], [113.70684, 3.79508], [113.70642, 3.79339], [113.7097, 3.78953], [113.71217, 3.7817], [113.70732, 3.76942], [113.71452, 3.76089], [113.71718, 3.76056], [113.71794, 3.75773], [113.71573, 3.75478], [113.71056, 3.75212], [113.70687, 3.74312], [113.71204, 3.73456], [113.71405, 3.7186], [113.70998, 3.71894], [113.70422, 3.72237], [113.69953, 3.71801], [113.69141, 3.70467], [113.67784, 3.69643], [113.67388, 3.69939], [113.66971, 3.69617], [113.6717, 3.69108], [113.67757, 3.68731], [113.67602, 3.6799], [113.67823, 3.67613], [113.67945, 3.67536], [113.68322, 3.67757], [113.68521, 3.67359], [113.69384, 3.66916], [113.71313, 3.64565], [113.71544, 3.64814], [113.71683, 3.64577], [113.71558, 3.6434], [113.72022, 3.642], [113.7252, 3.63702], [113.72987, 3.62961], [113.72984, 3.62103], [113.7254, 3.6213], [113.72423, 3.62411], [113.71997, 3.62691], [113.70966, 3.62456], [113.70423, 3.6194], [113.70133, 3.61461], [113.69971, 3.60556], [113.69377, 3.59832], [113.69051, 3.60218], [113.68617, 3.60341], [113.68535, 3.60205], [113.68006, 3.60184], [113.67517, 3.60422], [113.67329, 3.6074], [113.67546, 3.60993], [113.6713, 3.61174], [113.66949, 3.61491], [113.66271, 3.61952], [113.66008, 3.61916], [113.65882, 3.61636], [113.65529, 3.61491], [113.65033, 3.61835], [113.64922, 3.61768], [113.64822, 3.62133], [113.64202, 3.62897], [113.63878, 3.62739], [113.63169, 3.63115], [113.62881, 3.62816], [113.61985, 3.62705], [113.61542, 3.62805], [113.61077, 3.62539], [113.60501, 3.61886], [113.60246, 3.62041], [113.60047, 3.61776], [113.60136, 3.61322], [113.59637, 3.60846], [113.5822, 3.60879], [113.57763, 3.59937], [113.57233, 3.59332], [113.56747, 3.59085], [113.563, 3.58257], [113.5531, 3.57343], [113.55186, 3.56791], [113.54901, 3.56534], [113.54859, 3.55806], [113.56173, 3.56102], [113.56513, 3.56028], [113.56985, 3.55511], [113.57679, 3.55467], [113.56557, 3.54212], [113.56601, 3.53371], [113.58993, 3.53637], [113.60399, 3.5296], [113.61484, 3.53841], [113.61696, 3.52672], [113.61128, 3.51816], [113.60407, 3.51909], [113.59754, 3.51629], [113.5702, 3.49174], [113.56895, 3.48993], [113.56955, 3.48136], [113.56421, 3.47144], [113.55636, 3.46266], [113.55617, 3.45627], [113.55343, 3.45007], [113.55451, 3.44808], [113.56405, 3.45152], [113.56666, 3.44936], [113.56889, 3.45003], [113.57082, 3.4447], [113.5781, 3.43772], [113.57732, 3.433], [113.57485, 3.43091], [113.57273, 3.43388], [113.56686, 3.43609], [113.56232, 3.43432], [113.56011, 3.43642], [113.55037, 3.43587], [113.54825, 3.43721], [113.5336, 3.42725], [113.5265, 3.419], [113.52069, 3.41711], [113.5084, 3.41748], [113.5089, 3.4138], [113.50633, 3.41049], [113.50632, 3.40772], [113.50371, 3.4028], [113.50066, 3.40186], [113.49354, 3.38991], [113.49224, 3.38484], [113.48318, 3.39335], [113.47171, 3.39762], [113.46621, 3.39628], [113.46439, 3.38456], [113.45527, 3.37294], [113.453, 3.366], [113.45409, 3.36371], [113.45308, 3.35413], [113.45013, 3.34899], [113.44447, 3.34389], [113.4283, 3.35082], [113.41407, 3.36627], [113.40845, 3.36228], [113.40123, 3.34925], [113.39221, 3.34456], [113.38921, 3.345], [113.38294, 3.35022], [113.37459, 3.34954], [113.36431, 3.36167], [113.35593, 3.36846], [113.34285, 3.36327], [113.34066, 3.34953], [113.3418, 3.3482], [113.3415, 3.34105], [113.34816, 3.33143], [113.34121, 3.3245], [113.34091, 3.31875], [113.33612, 3.31911], [113.33323, 3.31721], [113.33322, 3.30857], [113.33794, 3.31021], [113.34737, 3.30985], [113.35927, 3.30052], [113.35131, 3.29465], [113.33123, 3.28642], [113.31665, 3.27661], [113.30839, 3.27335], [113.31164, 3.26586], [113.31162, 3.26239], [113.29985, 3.25583], [113.30197, 3.2502], [113.2986, 3.24519], [113.30242, 3.24255], [113.29449, 3.24032], [113.29353, 3.23789], [113.2958, 3.23359], [113.29178, 3.22531], [113.28044, 3.22295], [113.26695, 3.21572], [113.2597, 3.21369], [113.26025, 3.2121], [113.25783, 3.21012], [113.24562, 3.20678], [113.24204, 3.20933], [113.24027, 3.20844], [113.23894, 3.23101], [113.23462, 3.23237], [113.23014, 3.2308], [113.22698, 3.23469], [113.22178, 3.23391], [113.22109, 3.22702], [113.21536, 3.22635], [113.21484, 3.22085], [113.21784, 3.22029], [113.21866, 3.2174], [113.22154, 3.21507], [113.22627, 3.21442], [113.22491, 3.2093], [113.22034, 3.20909], [113.21818, 3.206], [113.21418, 3.20926], [113.20412, 3.21133], [113.1996, 3.2145], [113.18986, 3.21703], [113.18454, 3.21461], [113.17981, 3.21494], [113.17847, 3.21691], [113.17421, 3.21434], [113.17357, 3.20918], [113.17696, 3.20494], [113.17714, 3.1986], [113.17981, 3.19839], [113.17827, 3.19475], [113.18126, 3.19251], [113.1823, 3.192], [113.18493, 3.19502], [113.19394, 3.18982], [113.19536, 3.1872], [113.20556, 3.18595], [113.20476, 3.18258], [113.2089, 3.17604], [113.21234, 3.17623], [113.216, 3.18112], [113.22171, 3.18199], [113.22356, 3.18182], [113.22603, 3.17615], [113.22806, 3.175], [113.23355, 3.17559], [113.23176, 3.16594], [113.22925, 3.16409], [113.2269, 3.15862], [113.23121, 3.15272], [113.23253, 3.14579], [113.22361, 3.13751], [113.21987, 3.13662], [113.21783, 3.13777], [113.21381, 3.1333], [113.20843, 3.13446], [113.20353, 3.1386], [113.20054, 3.14763], [113.19312, 3.1477], [113.19284, 3.1521], [113.18652, 3.15211], [113.18637, 3.15061], [113.17752, 3.14943], [113.17083, 3.15071], [113.16584, 3.14973], [113.16469, 3.14616], [113.16186, 3.14538], [113.15829, 3.14822], [113.14642, 3.14987], [113.13692, 3.14744], [113.13599, 3.14565], [113.13473, 3.14729], [113.12691, 3.14742], [113.12577, 3.14466], [113.12336, 3.14535], [113.11985, 3.14196], [113.11826, 3.1437], [113.11574, 3.13983], [113.11601, 3.13741], [113.11397, 3.13641], [113.11264, 3.13075], [113.10494, 3.13448], [113.09936, 3.14334], [113.09471, 3.14678], [113.08667, 3.14768], [113.08479, 3.14387], [113.07973, 3.14701], [113.07241, 3.14586], [113.06574, 3.14699], [113.05092, 3.13948], [113.04806, 3.14675], [113.05251, 3.14937], [113.05334, 3.15823], [113.06149, 3.15835], [113.06243, 3.16671], [113.06674, 3.17058], [113.06736, 3.17937], [113.08687, 3.18217], [113.0937, 3.18657], [113.10442, 3.18752], [113.10565, 3.19151], [113.10307, 3.19134], [113.10175, 3.1957], [113.09199, 3.19672], [113.09548, 3.21517], [113.09485, 3.21906], [113.08837, 3.22087], [113.08151, 3.21818], [113.07951, 3.22014], [113.07404, 3.21899], [113.06552, 3.21433], [113.06594, 3.20638], [113.07057, 3.20833], [113.07214, 3.20463], [113.07107, 3.20407], [113.0625, 3.20226], [113.0551, 3.20573], [113.05471, 3.2016], [113.04227, 3.20078], [113.03895, 3.20683], [113.04064, 3.2098], [113.03846, 3.21107], [113.04474, 3.21756], [113.04775, 3.23079], [113.04837, 3.24387], [113.05892, 3.24299], [113.061, 3.25833], [113.06009, 3.26207], [113.04823, 3.26626], [113.04677, 3.26744], [113.04759, 3.26944], [113.05544, 3.27728], [113.05581, 3.2811], [113.05773, 3.28274], [113.06465, 3.2852], [113.10837, 3.3162], [113.117, 3.31963], [113.12685, 3.32725], [113.14507, 3.34508], [113.14828, 3.34998], [113.14642, 3.35218], [113.14659, 3.35522], [113.15031, 3.36469], [113.1575, 3.36887], [113.16176, 3.38424], [113.16206, 3.39091], [113.16979, 3.40286], [113.19654, 3.42747], [113.22399, 3.44444], [113.27219, 3.48698], [113.2962, 3.52085], [113.29384, 3.52951], [113.28734, 3.53561], [113.29029, 3.54211], [113.29029, 3.54664], [113.29718, 3.55215], [113.30368, 3.5614], [113.31332, 3.56691], [113.32001, 3.57281], [113.33143, 3.58678], [113.33635, 3.58895], [113.3517, 3.6045], [113.35269, 3.61001], [113.36095, 3.61591], [113.36784, 3.62516], [113.36587, 3.63244], [113.36666, 3.63461], [113.37667, 3.64271], [113.3901, 3.66149], [113.40796, 3.69396], [113.41829, 3.71625], [113.41932, 3.72718], [113.41489, 3.73293], [113.41489, 3.73588], [113.42818, 3.75817], [113.44649, 3.7722], [113.484, 3.79664], [113.51721, 3.81539], [113.53419, 3.8269], [113.57664, 3.8593], [113.63597, 3.90913], [113.64199, 3.8999], [113.65296, 3.9094], [113.65565, 3.90779]]]]}}, {"type": "Feature", "properties": {"state": "Sarawak", "seat": "N.71 Bekenu", "seat_name": "Bekenu"}, "geometry": {"type": "MultiPolygon", "coordinates": [[[[113.82881, 4.12815], [113.83124, 4.12659], [113.82822, 4.12296], [113.82937, 4.12111], [113.83254, 4.12101], [113.83194, 4.1192], [113.83495, 4.12214], [113.83742, 4.12177], [113.83991, 4.12366], [113.83893, 4.11988], [113.8435, 4.12202], [113.84559, 4.12075], [113.85059, 4.12189], [113.85421, 4.11871], [113.85355, 4.11618], [113.85675, 4.11632], [113.86003, 4.11039], [113.86168, 4.1029], [113.85778, 4.09658], [113.84948, 4.10262], [113.84463, 4.10188], [113.84083, 4.10617], [113.83836, 4.10441], [113.83382, 4.10428], [113.83308, 4.0984], [113.83058, 4.09961], [113.82935, 4.09841], [113.83011, 4.09407], [113.83363, 4.09607], [113.8354, 4.09325], [113.83976, 4.09572], [113.84091, 4.09171], [113.84378, 4.09278], [113.84623, 4.09132], [113.8478, 4.08788], [113.83746, 4.07637], [113.84399, 4.06878], [113.84638, 4.07036], [113.8477, 4.06817], [113.84953, 4.06902], [113.85245, 4.06683], [113.85598, 4.06062], [113.86089, 4.06187], [113.86702, 4.05501], [113.87947, 4.05554], [113.8806, 4.05825], [113.88463, 4.05406], [113.88914, 4.0537], [113.89243, 4.05738], [113.90063, 4.06145], [113.90835, 4.06143], [113.90954, 4.06566], [113.90753, 4.07061], [113.91557, 4.07424], [113.91786, 4.07309], [113.91943, 4.06712], [113.92235, 4.06701], [113.92565, 4.06259], [113.91668, 4.06087], [113.91669, 4.0594], [113.91108, 4.05531], [113.91154, 4.05073], [113.9083, 4.04981], [113.90829, 4.04706], [113.8986, 4.04258], [113.89675, 4.03932], [113.89093, 4.03731], [113.88406, 4.03741], [113.88202, 4.03077], [113.88524, 4.026], [113.88661, 4.0181], [113.89196, 4.01144], [113.89068, 4.00306], [113.89432, 4.00157], [113.89779, 4.00266], [113.89899, 4.00111], [113.89716, 3.99859], [113.89906, 3.99755], [113.89933, 3.9942], [113.90211, 3.99619], [113.90623, 3.99506], [113.908, 3.99707], [113.91304, 3.99542], [113.91343, 3.99381], [113.91585, 3.99468], [113.91825, 3.99267], [113.92009, 3.987], [113.9284, 3.9806], [113.93168, 3.98151], [113.93826, 3.99206], [113.94588, 3.98651], [113.95099, 3.98727], [113.95458, 3.9908], [113.96146, 3.99013], [113.96204, 3.98594], [113.9603, 3.98376], [113.96294, 3.97711], [113.95986, 3.97008], [113.96201, 3.96908], [113.96271, 3.96286], [113.95941, 3.96191], [113.95883, 3.96013], [113.95485, 3.95957], [113.95397, 3.95791], [113.956, 3.95296], [113.95468, 3.95182], [113.95493, 3.93925], [113.95259, 3.93716], [113.95271, 3.93489], [113.94976, 3.9345], [113.94547, 3.92798], [113.94614, 3.9262], [113.94372, 3.91957], [113.94681, 3.91716], [113.94301, 3.9134], [113.94493, 3.9072], [113.94977, 3.9051], [113.95403, 3.90991], [113.96033, 3.913], [113.97417, 3.90827], [113.98, 3.90312], [113.97801, 3.89409], [113.9857, 3.89096], [113.98293, 3.88606], [113.98167, 3.88661], [113.98267, 3.88501], [113.98126, 3.88492], [113.98167, 3.8832], [113.98527, 3.88322], [113.99328, 3.87565], [114.00069, 3.88049], [114.00019, 3.87825], [114.00568, 3.87851], [114.00637, 3.8798], [114.01281, 3.87837], [114.01156, 3.87595], [114.01399, 3.86652], [114.02814, 3.86012], [114.03257, 3.8592], [114.03531, 3.86478], [114.03742, 3.86241], [114.03703, 3.85935], [114.03914, 3.85847], [114.04548, 3.86412], [114.04989, 3.86503], [114.05241, 3.86845], [114.05464, 3.8633], [114.04776, 3.85333], [114.05097, 3.85247], [114.05136, 3.84765], [114.04812, 3.84448], [114.04587, 3.8365], [114.04937, 3.83488], [114.04687, 3.8244], [114.05066, 3.82035], [114.04753, 3.81976], [114.04616, 3.81718], [114.04718, 3.81472], [114.04488, 3.81217], [114.04478, 3.802], [114.04145, 3.80136], [114.03778, 3.79719], [114.04541, 3.78606], [114.03683, 3.774], [114.04004, 3.77099], [114.04141, 3.76701], [114.03647, 3.75559], [114.04016, 3.75063], [114.03992, 3.74018], [114.03667, 3.74018], [114.03508, 3.74288], [114.0289, 3.74458], [114.02217, 3.74575], [114.01822, 3.74458], [114.01611, 3.74137], [114.00954, 3.73802], [114.00906, 3.73419], [114.00547, 3.73276], [114.00248, 3.72618], [113.99997, 3.72534], [113.99594, 3.72053], [113.99565, 3.72717], [113.99107, 3.73647], [113.9676, 3.73529], [113.96391, 3.73632], [113.96361, 3.74606], [113.96023, 3.7451], [113.95625, 3.74847], [113.95215, 3.74763], [113.95275, 3.75595], [113.94455, 3.75873], [113.90811, 3.75921], [113.90751, 3.76186], [113.90968, 3.76367], [113.91016, 3.76693], [113.9092, 3.76922], [113.89617, 3.77574], [113.88785, 3.78515], [113.88823, 3.78818], [113.87875, 3.78762], [113.87237, 3.79192], [113.85913, 3.79274], [113.84049, 3.78876], [113.83724, 3.79017], [113.84519, 3.79539], [113.84092, 3.80048], [113.83163, 3.79517], [113.82825, 3.79456], [113.82536, 3.79625], [113.81329, 3.79372], [113.80097, 3.788], [113.7955, 3.78219], [113.7879, 3.77879], [113.78845, 3.77241], [113.76317, 3.76621], [113.76032, 3.76865], [113.75767, 3.76852], [113.75075, 3.78127], [113.74953, 3.77836], [113.74472, 3.77742], [113.74002, 3.78555], [113.74125, 3.78887], [113.7389, 3.78838], [113.73729, 3.78472], [113.73498, 3.78439], [113.729, 3.78744], [113.72687, 3.79291], [113.71715, 3.78852], [113.71138, 3.78196], [113.7097, 3.78953], [113.70642, 3.79339], [113.70684, 3.79508], [113.71068, 3.79665], [113.70684, 3.80581], [113.69343, 3.80094], [113.68904, 3.80561], [113.68652, 3.80039], [113.68192, 3.79797], [113.6734, 3.7953], [113.66782, 3.79752], [113.66688, 3.80073], [113.67036, 3.80047], [113.67217, 3.80647], [113.67059, 3.80796], [113.6662, 3.80798], [113.66173, 3.81422], [113.66031, 3.81422], [113.65941, 3.81654], [113.66078, 3.81837], [113.6576, 3.82448], [113.64884, 3.82933], [113.64341, 3.82879], [113.63678, 3.83623], [113.63602, 3.83856], [113.64126, 3.84257], [113.64602, 3.84111], [113.65944, 3.84203], [113.67003, 3.84657], [113.67244, 3.85019], [113.67111, 3.86222], [113.67672, 3.87114], [113.67372, 3.88097], [113.66879, 3.88275], [113.66804, 3.88386], [113.66939, 3.88503], [113.66221, 3.89363], [113.66715, 3.89766], [113.66077, 3.90681], [113.65718, 3.906], [113.65296, 3.9094], [113.64199, 3.8999], [113.63597, 3.90913], [113.67512, 3.94291], [113.699, 3.96921], [113.70524, 3.97738], [113.70438, 3.97824], [113.71623, 3.99064], [113.71932, 3.99174], [113.76299, 4.03783], [113.77419, 4.05318], [113.77726, 4.05854], [113.77745, 4.06292], [113.79476, 4.08873], [113.79668, 4.09753], [113.81127, 4.12128], [113.8152, 4.12628], [113.81869, 4.11384], [113.82004, 4.11761], [113.82881, 4.12815]]]]}}, {"type": "Feature", "properties": {"state": "Sarawak", "seat": "N.72 Lambir", "seat_name": "Lambir"}, "geometry": {"type": "MultiPolygon", "coordinates": [[[[113.98962, 4.33811], [113.99332, 4.33772], [113.99032, 4.33071], [113.99218, 4.32961], [113.99264, 4.32453], [114.00158, 4.3224], [114.00169, 4.32075], [114.00757, 4.3188], [114.00963, 4.31921], [114.0135, 4.32414], [114.01241, 4.32937], [114.01439, 4.33403], [114.01705, 4.33335], [114.0222, 4.32686], [114.02944, 4.3242], [114.03002, 4.32559], [114.03673, 4.3237], [114.03736, 4.31693], [114.04216, 4.31651], [114.04468, 4.31347], [114.05614, 4.3135], [114.05831, 4.30873], [114.05672, 4.30132], [114.05771, 4.29491], [114.05527, 4.29581], [114.05395, 4.29466], [114.05065, 4.2986], [114.03471, 4.2984], [114.03291, 4.29631], [114.02826, 4.29916], [114.02269, 4.29976], [114.02437, 4.28538], [114.02322, 4.27821], [114.02478, 4.27209], [114.02829, 4.2682], [114.03089, 4.25753], [114.04525, 4.24279], [114.04908, 4.24136], [114.05406, 4.24192], [114.05556, 4.24042], [114.05572, 4.23481], [114.05059, 4.23144], [114.05018, 4.21734], [114.04531, 4.21496], [114.04868, 4.20342], [114.03683, 4.19762], [114.0333, 4.19196], [114.02558, 4.18788], [114.02255, 4.18298], [114.01501, 4.17888], [114.00566, 4.15397], [113.99386, 4.14129], [113.98515, 4.13512], [113.96252, 4.10806], [113.95932, 4.09802], [113.97517, 4.08852], [113.9807, 4.08731], [113.98307, 4.07894], [113.98308, 4.06975], [113.99333, 4.06804], [113.99024, 4.06425], [113.99365, 4.06154], [113.99402, 4.04864], [113.99643, 4.04594], [113.99342, 4.04195], [113.98861, 4.04066], [113.99142, 4.0371], [113.99107, 4.02581], [113.99277, 4.01661], [113.99093, 3.99897], [113.99263, 3.99214], [114.00259, 3.98954], [114.00779, 3.98548], [114.01168, 3.97863], [114.01174, 3.97134], [114.01472, 3.96743], [114.01411, 3.96476], [114.01617, 3.9612], [114.01511, 3.95685], [114.01929, 3.9492], [114.02549, 3.94373], [114.01964, 3.93022], [114.01994, 3.92634], [114.0141, 3.91037], [114.01717, 3.9107], [114.02016, 3.90786], [114.02433, 3.90895], [114.02587, 3.90737], [114.03985, 3.90776], [114.03533, 3.8959], [114.03925, 3.88994], [114.044, 3.88689], [114.04343, 3.88486], [114.04898, 3.87907], [114.05677, 3.88664], [114.05927, 3.88594], [114.067, 3.89191], [114.07161, 3.89154], [114.076, 3.89411], [114.07666, 3.88961], [114.0796, 3.88681], [114.08166, 3.87758], [114.08498, 3.87245], [114.05954, 3.86746], [114.05265, 3.86708], [114.05241, 3.86845], [114.04989, 3.86503], [114.04548, 3.86412], [114.04322, 3.86081], [114.03835, 3.85837], [114.03531, 3.86478], [114.03257, 3.8592], [114.01399, 3.86652], [114.01156, 3.87595], [114.01281, 3.87837], [114.00637, 3.8798], [114.00568, 3.87851], [114.00019, 3.87825], [114.00069, 3.88049], [113.99328, 3.87565], [113.98527, 3.88322], [113.98167, 3.8832], [113.98126, 3.88492], [113.98267, 3.88485], [113.98167, 3.88661], [113.98293, 3.88606], [113.9857, 3.89096], [113.97801, 3.89409], [113.98, 3.90312], [113.97417, 3.90827], [113.96033, 3.913], [113.95403, 3.90991], [113.94977, 3.9051], [113.94472, 3.90748], [113.94301, 3.9134], [113.94681, 3.91716], [113.94372, 3.91957], [113.94614, 3.9262], [113.94547, 3.92798], [113.94976, 3.9345], [113.95271, 3.93489], [113.95259, 3.93716], [113.95493, 3.93925], [113.95468, 3.95182], [113.956, 3.95296], [113.95397, 3.95791], [113.95485, 3.95957], [113.95883, 3.96013], [113.95941, 3.96191], [113.96271, 3.96286], [113.96201, 3.96908], [113.95986, 3.97008], [113.96294, 3.97711], [113.9603, 3.98376], [113.96204, 3.98594], [113.96146, 3.99013], [113.95458, 3.9908], [113.95099, 3.98727], [113.94588, 3.98651], [113.93826, 3.99206], [113.93168, 3.98151], [113.9284, 3.9806], [113.92009, 3.987], [113.91825, 3.99267], [113.91585, 3.99468], [113.91343, 3.99381], [113.91304, 3.99542], [113.908, 3.99707], [113.90623, 3.99506], [113.90211, 3.99619], [113.89942, 3.99417], [113.89906, 3.99755], [113.89716, 3.99859], [113.89899, 4.00111], [113.89779, 4.00266], [113.89432, 4.00157], [113.89068, 4.00306], [113.89196, 4.01144], [113.88661, 4.0181], [113.8822, 4.03349], [113.88406, 4.03741], [113.89093, 4.03731], [113.89675, 4.03932], [113.8986, 4.04258], [113.90829, 4.04706], [113.9083, 4.04981], [113.91154, 4.05073], [113.91108, 4.05531], [113.91669, 4.0594], [113.91668, 4.06087], [113.92565, 4.06259], [113.92235, 4.06701], [113.91943, 4.06712], [113.91786, 4.07309], [113.91327, 4.07383], [113.90753, 4.07061], [113.90954, 4.06566], [113.90835, 4.06143], [113.90063, 4.06145], [113.89243, 4.05738], [113.88914, 4.0537], [113.88463, 4.05406], [113.8806, 4.05825], [113.87947, 4.05554], [113.86702, 4.05501], [113.86089, 4.06187], [113.85598, 4.06062], [113.85245, 4.06683], [113.84953, 4.06902], [113.8477, 4.06817], [113.84638, 4.07036], [113.84399, 4.06878], [113.83746, 4.07637], [113.8478, 4.08788], [113.84623, 4.09132], [113.84378, 4.09278], [113.84091, 4.09171], [113.83976, 4.09572], [113.8354, 4.09325], [113.83363, 4.09607], [113.83011, 4.09407], [113.82925, 4.09569], [113.82978, 4.09946], [113.83208, 4.09835], [113.83366, 4.09935], [113.83266, 4.10141], [113.83382, 4.10428], [113.83836, 4.10441], [113.84083, 4.10617], [113.84463, 4.10188], [113.84948, 4.10262], [113.85778, 4.09658], [113.86168, 4.1029], [113.86003, 4.11039], [113.85675, 4.11632], [113.85369, 4.11604], [113.85421, 4.11871], [113.85059, 4.12189], [113.84559, 4.12075], [113.8435, 4.12202], [113.83893, 4.11988], [113.84, 4.12366], [113.83742, 4.12177], [113.83495, 4.12214], [113.83194, 4.1192], [113.83254, 4.12101], [113.82937, 4.12111], [113.82822, 4.12296], [113.83124, 4.12659], [113.82844, 4.1286], [113.81869, 4.11384], [113.8152, 4.12628], [113.85233, 4.16585], [113.90125, 4.22739], [113.92656, 4.26287], [113.93429, 4.27674], [113.93686, 4.27474], [113.95104, 4.29781], [113.95328, 4.30057], [113.95628, 4.30057], [113.95787, 4.30391], [113.95598, 4.30497], [113.96182, 4.31464], [113.96038, 4.3176], [113.96618, 4.31545], [113.96589, 4.31327], [113.96857, 4.31296], [113.96877, 4.31605], [113.97111, 4.31574], [113.98276, 4.3383], [113.97891, 4.34096], [113.97692, 4.34962], [113.98169, 4.35279], [113.984, 4.351], [113.98543, 4.34807], [113.98495, 4.34215], [113.98962, 4.33811]]]]}}, {"type": "Feature", "properties": {"state": "Sarawak", "seat": "N.73 Piasau", "seat_name": "Piasau"}, "geometry": {"type": "MultiPolygon", "coordinates": [[[[113.99751, 4.48429], [114.00506, 4.48232], [114.0046, 4.47479], [114.00617, 4.4737], [114.00592, 4.47078], [114.00272, 4.46651], [114.00516, 4.45818], [113.99753, 4.44626], [113.99609, 4.43617], [113.99095, 4.42613], [113.98936, 4.41674], [113.98513, 4.40687], [113.98865, 4.40674], [113.99542, 4.41125], [113.99943, 4.40773], [114.00242, 4.41121], [114.00614, 4.40838], [113.99537, 4.39319], [113.99327, 4.3946], [113.98612, 4.39479], [113.97887, 4.38511], [113.97786, 4.37891], [113.9747, 4.38144], [113.96966, 4.37461], [113.97498, 4.37298], [113.9726, 4.36958], [113.97387, 4.36167], [113.98169, 4.35279], [113.97681, 4.34949], [113.97891, 4.34096], [113.98276, 4.3383], [113.97111, 4.31574], [113.96877, 4.31605], [113.96857, 4.31296], [113.96589, 4.31327], [113.96618, 4.31545], [113.96038, 4.3176], [113.96182, 4.31464], [113.95598, 4.30497], [113.95787, 4.30391], [113.95628, 4.30057], [113.95328, 4.30057], [113.95104, 4.29781], [113.93686, 4.27474], [113.93429, 4.27674], [113.95639, 4.32033], [113.96388, 4.3464], [113.9635, 4.35357], [113.96, 4.35632], [113.95738, 4.35578], [113.95401, 4.36133], [113.96045, 4.37119], [113.96311, 4.37837], [113.96863, 4.38186], [113.96438, 4.38423], [113.96211, 4.38366], [113.96433, 4.38815], [113.96882, 4.38908], [113.97248, 4.39397], [113.97301, 4.3964], [113.97029, 4.40058], [113.97607, 4.40162], [113.98125, 4.41298], [113.98655, 4.44009], [113.99173, 4.45601], [113.99127, 4.48411], [113.99751, 4.48429]]]]}}, {"type": "Feature", "properties": {"state": "Sarawak", "seat": "N.74 Pujut", "seat_name": "Pujut"}, "geometry": {"type": "MultiPolygon", "coordinates": [[[[114.01212, 4.45611], [114.01564, 4.4552], [114.01472, 4.44701], [114.01757, 4.44159], [114.01883, 4.43417], [114.01887, 4.42615], [114.01362, 4.4148], [114.00992, 4.4134], [114.00614, 4.40838], [114.00242, 4.41121], [113.99943, 4.40773], [113.99542, 4.41125], [113.98641, 4.40588], [113.98513, 4.40687], [113.98936, 4.41674], [113.99095, 4.42613], [113.99609, 4.43617], [113.99753, 4.44626], [114.00501, 4.45755], [114.00274, 4.46616], [114.0038, 4.46883], [114.00665, 4.46754], [114.01212, 4.45611]]]]}}, {"type": "Feature", "properties": {"state": "Sarawak", "seat": "N.75 Senadin", "seat_name": "Senadin"}, "geometry": {"type": "MultiPolygon", "coordinates": [[[[114.03185, 4.58997], [114.06962, 4.58797], [114.07068, 4.584], [114.1556, 4.57398], [114.17647, 4.55506], [114.15343, 4.53711], [114.15049, 4.51462], [114.15014, 4.49084], [114.15614, 4.47587], [114.1644, 4.47572], [114.17402, 4.46411], [114.17726, 4.46236], [114.18029, 4.45578], [114.17786, 4.45467], [114.17988, 4.44633], [114.18635, 4.43733], [114.19175, 4.4345], [114.19312, 4.43209], [114.19991, 4.43321], [114.20198, 4.43221], [114.19921, 4.4227], [114.20246, 4.4165], [114.20107, 4.40812], [114.20233, 4.40447], [114.19831, 4.39902], [114.20101, 4.39583], [114.21212, 4.3892], [114.21644, 4.38494], [114.21957, 4.37891], [114.21699, 4.37419], [114.21087, 4.3729], [114.19925, 4.37874], [114.19943, 4.37501], [114.20497, 4.37239], [114.20394, 4.3672], [114.20881, 4.35826], [114.20606, 4.35585], [114.20687, 4.35278], [114.19817, 4.34767], [114.1933, 4.34239], [114.17422, 4.34178], [114.17393, 4.33069], [114.14812, 4.33102], [114.14779, 4.31912], [114.09505, 4.32618], [114.09482, 4.30894], [114.09274, 4.30722], [114.09075, 4.2953], [114.0926, 4.29075], [114.08913, 4.28761], [114.08772, 4.28186], [114.08411, 4.27883], [114.08294, 4.27508], [114.07684, 4.27638], [114.0707, 4.27222], [114.06603, 4.26537], [114.06701, 4.2606], [114.06543, 4.25577], [114.0618, 4.25268], [114.05894, 4.25444], [114.05816, 4.24974], [114.05669, 4.2492], [114.05806, 4.2459], [114.05325, 4.24434], [114.05337, 4.24198], [114.04936, 4.24136], [114.04239, 4.24527], [114.03089, 4.25753], [114.02829, 4.2682], [114.02478, 4.27209], [114.02322, 4.27821], [114.02437, 4.28538], [114.02269, 4.29976], [114.02826, 4.29916], [114.03291, 4.29631], [114.03471, 4.2984], [114.05065, 4.2986], [114.05395, 4.29466], [114.05527, 4.29581], [114.05771, 4.29491], [114.05669, 4.29986], [114.05802, 4.31133], [114.05527, 4.31377], [114.04468, 4.31347], [114.04216, 4.31651], [114.03736, 4.31693], [114.03673, 4.3237], [114.03002, 4.32559], [114.02944, 4.3242], [114.0222, 4.32686], [114.01705, 4.33335], [114.01439, 4.33403], [114.01241, 4.32937], [114.0135, 4.32414], [114.00963, 4.31921], [114.00757, 4.3188], [114.00169, 4.32075], [114.00158, 4.3224], [113.99264, 4.32453], [113.99218, 4.32961], [113.99032, 4.33071], [113.99319, 4.33815], [113.98867, 4.33832], [113.98495, 4.34215], [113.98487, 4.34962], [113.9739, 4.36154], [113.9726, 4.36958], [113.97498, 4.37298], [113.96966, 4.37461], [113.9747, 4.38144], [113.97786, 4.37891], [113.97887, 4.38511], [113.98612, 4.39479], [113.99327, 4.3946], [113.99537, 4.39319], [114.00902, 4.41243], [114.01362, 4.4148], [114.01887, 4.42615], [114.01875, 4.43509], [114.01472, 4.44701], [114.0156, 4.4553], [114.01092, 4.45672], [114.01039, 4.46047], [114.00507, 4.46902], [114.00617, 4.4737], [114.0046, 4.47479], [114.00506, 4.48232], [113.99487, 4.48481], [113.99127, 4.48411], [113.98583, 4.51275], [113.97396, 4.54281], [113.96914, 4.5592], [113.96119, 4.57467], [113.95184, 4.57848], [113.94297, 4.58861], [113.94216, 4.59534], [113.94671, 4.59688], [113.95143, 4.59607], [113.96368, 4.59006], [113.96655, 4.59489], [113.96703, 4.59973], [113.98845, 4.59281], [114.03185, 4.58997]]]]}}, {"type": "Feature", "properties": {"state": "Sarawak", "seat": "N.76 Marudi", "seat_name": "Marudi"}, "geometry": {"type": "MultiPolygon", "coordinates": [[[[114.18659, 4.54252], [114.19422, 4.52933], [114.20949, 4.53437], [114.24773, 4.5108], [114.25706, 4.50312], [114.27569, 4.46968], [114.27791, 4.46451], [114.27825, 4.45553], [114.29468, 4.43212], [114.31021, 4.3942], [114.30088, 4.36687], [114.32797, 4.34806], [114.31751, 4.3163], [114.31145, 4.26503], [114.312, 4.26214], [114.31943, 4.25678], [114.34239, 4.25899], [114.3403, 4.25024], [114.33147, 4.2395], [114.33346, 4.2371], [114.33191, 4.22459], [114.3294, 4.21846], [114.33215, 4.21428], [114.33112, 4.21237], [114.33282, 4.21058], [114.33206, 4.20799], [114.3337, 4.2027], [114.33857, 4.20189], [114.33959, 4.19896], [114.33633, 4.19708], [114.33054, 4.18622], [114.33192, 4.17894], [114.33744, 4.17727], [114.33537, 4.17721], [114.33498, 4.17563], [114.33679, 4.1704], [114.33611, 4.16402], [114.32952, 4.15767], [114.31806, 4.15526], [114.30899, 4.15778], [114.2986, 4.16598], [114.29169, 4.16642], [114.28941, 4.16344], [114.29708, 4.15934], [114.29817, 4.15661], [114.29723, 4.15311], [114.28753, 4.14628], [114.27826, 4.14306], [114.27543, 4.14465], [114.27511, 4.14749], [114.28448, 4.14976], [114.28577, 4.15214], [114.28479, 4.15467], [114.26617, 4.16644], [114.25825, 4.16669], [114.25657, 4.16404], [114.26134, 4.1552], [114.26386, 4.14456], [114.2773, 4.13183], [114.27411, 4.12072], [114.28024, 4.11393], [114.28149, 4.11044], [114.27529, 4.10213], [114.27555, 4.09931], [114.2912, 4.09163], [114.29396, 4.09387], [114.29801, 4.09447], [114.29949, 4.09258], [114.29984, 4.08392], [114.30303, 4.07991], [114.31652, 4.08262], [114.32401, 4.07779], [114.30978, 4.06814], [114.3143, 4.0622], [114.31101, 4.0552], [114.31824, 4.05006], [114.31106, 4.04022], [114.31125, 4.0379], [114.32002, 4.03435], [114.32424, 4.03025], [114.32619, 4.03115], [114.3278, 4.03699], [114.32989, 4.03837], [114.34907, 4.03237], [114.34975, 4.02899], [114.34368, 4.01645], [114.34475, 4.01373], [114.34718, 4.01269], [114.3468, 3.99119], [114.35099, 3.99116], [114.36726, 3.97804], [114.37253, 3.9804], [114.39434, 3.98302], [114.39782, 3.97316], [114.40342, 3.96689], [114.40372, 3.96014], [114.40925, 3.95889], [114.41616, 3.95184], [114.41509, 3.94854], [114.41709, 3.94762], [114.40319, 3.91925], [114.39277, 3.91093], [114.38606, 3.90962], [114.3776, 3.90278], [114.3714, 3.90111], [114.36481, 3.90481], [114.36052, 3.89912], [114.36271, 3.89461], [114.36803, 3.88973], [114.36848, 3.88675], [114.36372, 3.88304], [114.36745, 3.87875], [114.37204, 3.87824], [114.38875, 3.88755], [114.39374, 3.88808], [114.39251, 3.88171], [114.3966, 3.87484], [114.3943, 3.86961], [114.39421, 3.86371], [114.39929, 3.85681], [114.39822, 3.84718], [114.40304, 3.84031], [114.40062, 3.82884], [114.40308, 3.82777], [114.4027, 3.82245], [114.40491, 3.81874], [114.40335, 3.81758], [114.40304, 3.81375], [114.39773, 3.81117], [114.39853, 3.80697], [114.39279, 3.79712], [114.39341, 3.79376], [114.38843, 3.78995], [114.37744, 3.78619], [114.37354, 3.79126], [114.36588, 3.79243], [114.36476, 3.78964], [114.36148, 3.79366], [114.35852, 3.79346], [114.35699, 3.79207], [114.35738, 3.78725], [114.35273, 3.78356], [114.34705, 3.78515], [114.33929, 3.78406], [114.33782, 3.77591], [114.33376, 3.76915], [114.34225, 3.76442], [114.3436, 3.76171], [114.34807, 3.76098], [114.34826, 3.75711], [114.35104, 3.75198], [114.34911, 3.74862], [114.35059, 3.74724], [114.356, 3.74735], [114.36123, 3.73534], [114.36418, 3.73193], [114.37107, 3.72833], [114.37184, 3.7203], [114.37001, 3.71792], [114.3731, 3.71483], [114.3698, 3.71052], [114.36913, 3.70556], [114.36964, 3.70165], [114.37374, 3.69555], [114.37317, 3.69152], [114.37734, 3.67399], [114.37694, 3.67009], [114.37471, 3.66702], [114.37705, 3.66225], [114.37403, 3.66028], [114.37084, 3.66238], [114.3702, 3.65791], [114.36709, 3.65606], [114.36531, 3.65138], [114.36291, 3.64872], [114.35808, 3.64757], [114.35742, 3.64391], [114.35388, 3.64257], [114.35273, 3.63933], [114.35052, 3.63849], [114.35307, 3.63596], [114.3584, 3.63659], [114.36012, 3.63525], [114.35869, 3.6239], [114.35574, 3.6212], [114.35862, 3.61352], [114.35735, 3.61019], [114.36029, 3.60859], [114.35996, 3.60576], [114.35366, 3.59868], [114.34993, 3.59797], [114.34028, 3.59168], [114.33229, 3.59299], [114.32929, 3.59064], [114.32845, 3.58538], [114.32346, 3.58292], [114.32324, 3.57697], [114.32626, 3.57414], [114.32445, 3.5653], [114.32117, 3.56633], [114.31321, 3.56196], [114.3099, 3.56211], [114.30946, 3.56023], [114.31155, 3.55942], [114.31201, 3.55727], [114.30943, 3.5556], [114.30863, 3.5487], [114.30412, 3.54238], [114.30225, 3.54188], [114.3031, 3.5385], [114.30059, 3.53302], [114.30043, 3.52318], [114.29756, 3.52123], [114.29059, 3.52287], [114.28709, 3.52856], [114.28177, 3.53043], [114.27894, 3.52826], [114.27312, 3.52812], [114.26814, 3.53257], [114.26623, 3.54185], [114.26731, 3.55379], [114.26277, 3.57098], [114.26038, 3.57786], [114.25611, 3.58105], [114.25658, 3.5855], [114.25442, 3.59404], [114.25062, 3.59885], [114.24822, 3.59948], [114.24693, 3.60293], [114.24831, 3.60532], [114.24232, 3.61049], [114.23906, 3.62432], [114.23203, 3.62296], [114.23039, 3.62403], [114.22554, 3.62053], [114.2231, 3.62291], [114.21349, 3.61652], [114.2069, 3.6189], [114.19917, 3.61493], [114.1935, 3.617], [114.19219, 3.61557], [114.19441, 3.60848], [114.19846, 3.60357], [114.19561, 3.59805], [114.19677, 3.59624], [114.19339, 3.59372], [114.19247, 3.59087], [114.1972, 3.5833], [114.19752, 3.57899], [114.19565, 3.57545], [114.19797, 3.56559], [114.19744, 3.56043], [114.20371, 3.5518], [114.18655, 3.54129], [114.18029, 3.53986], [114.17603, 3.53173], [114.16573, 3.52747], [114.16547, 3.52463], [114.15962, 3.52243], [114.15922, 3.51613], [114.15415, 3.51686], [114.15094, 3.51283], [114.14946, 3.51382], [114.15048, 3.5117], [114.14652, 3.51139], [114.14834, 3.50978], [114.14311, 3.50737], [114.14244, 3.50297], [114.1401, 3.50005], [114.14066, 3.49624], [114.14437, 3.49578], [114.14362, 3.4926], [114.1469, 3.49209], [114.14419, 3.48964], [114.14646, 3.48686], [114.14363, 3.48587], [114.14405, 3.48252], [114.14131, 3.4831], [114.14006, 3.48145], [114.13886, 3.48338], [114.13692, 3.48133], [114.13607, 3.48503], [114.1348, 3.48473], [114.13315, 3.47675], [114.1352, 3.47419], [114.13423, 3.47163], [114.13161, 3.47038], [114.12671, 3.47624], [114.11373, 3.4668], [114.11058, 3.47022], [114.10989, 3.46647], [114.11692, 3.46032], [114.11446, 3.45811], [114.11105, 3.45947], [114.10906, 3.4585], [114.10395, 3.46538], [114.09773, 3.46304], [114.09041, 3.46342], [114.08178, 3.45925], [114.07986, 3.46045], [114.07554, 3.47421], [114.06726, 3.47261], [114.0656, 3.46833], [114.06166, 3.47789], [114.05518, 3.47878], [114.05424, 3.47738], [114.05644, 3.46919], [114.05421, 3.46728], [114.04672, 3.47094], [114.05123, 3.47544], [114.05137, 3.47741], [114.04439, 3.48129], [114.03755, 3.47953], [114.02917, 3.46607], [114.02637, 3.45806], [114.02369, 3.45606], [114.02518, 3.45117], [114.02127, 3.4429], [114.00747, 3.4348], [114.00516, 3.43613], [114.00704, 3.44113], [114.00501, 3.4482], [114.00019, 3.44807], [113.99384, 3.45484], [113.99542, 3.45876], [114.00342, 3.46255], [114.00404, 3.46617], [114.00922, 3.46837], [114.00445, 3.48321], [114.00636, 3.48535], [114.00624, 3.48849], [114.00035, 3.49547], [114.00254, 3.49913], [114.00105, 3.50359], [113.9952, 3.50886], [113.98737, 3.5099], [113.98368, 3.5122], [113.98082, 3.51189], [113.97806, 3.50912], [113.97725, 3.52203], [113.96733, 3.53384], [113.96857, 3.5353], [113.9652, 3.53828], [113.96458, 3.54175], [113.95461, 3.54506], [113.95901, 3.55241], [113.96803, 3.55374], [113.96699, 3.5669], [113.96995, 3.5703], [113.9664, 3.57592], [113.96759, 3.57888], [113.9701, 3.57977], [113.96877, 3.5876], [113.97054, 3.58938], [113.98299, 3.59329], [113.99216, 3.59088], [113.99811, 3.58686], [113.99634, 3.59377], [113.99248, 3.59715], [113.99296, 3.59892], [113.99634, 3.59908], [113.99843, 3.60101], [113.99714, 3.61774], [113.99312, 3.62031], [113.99071, 3.62594], [113.99875, 3.62466], [114.00486, 3.62675], [114.02096, 3.62544], [114.02063, 3.62979], [114.02386, 3.62975], [114.02045, 3.63178], [114.02208, 3.63603], [114.01909, 3.64345], [114.01267, 3.64942], [114.01158, 3.65295], [114.0086, 3.65331], [114.00688, 3.65069], [114.00471, 3.65051], [114.00543, 3.65322], [113.99475, 3.65512], [113.99068, 3.65738], [113.98471, 3.65494], [113.98272, 3.65981], [113.99516, 3.664], [114.00377, 3.65838], [114.01226, 3.66567], [114.01884, 3.67584], [114.02571, 3.67649], [114.02779, 3.67283], [114.03129, 3.67235], [114.0364, 3.6741], [114.0407, 3.67904], [114.04062, 3.68267], [114.03808, 3.68654], [114.03189, 3.68922], [114.0244, 3.69662], [114.0266, 3.70018], [114.02041, 3.70709], [114.02296, 3.7088], [114.02072, 3.71261], [114.0227, 3.71343], [114.02315, 3.73124], [114.02674, 3.73086], [114.03089, 3.73769], [114.03338, 3.73641], [114.03546, 3.73977], [114.03992, 3.74018], [114.04016, 3.75063], [114.03647, 3.75559], [114.04141, 3.76701], [114.04004, 3.77099], [114.03683, 3.774], [114.04541, 3.78606], [114.03778, 3.79719], [114.04145, 3.80136], [114.04478, 3.802], [114.04488, 3.81217], [114.04718, 3.81472], [114.04616, 3.81718], [114.04753, 3.81976], [114.05066, 3.82035], [114.04687, 3.8244], [114.04937, 3.83488], [114.04587, 3.8365], [114.04609, 3.8397], [114.05136, 3.84765], [114.05097, 3.85247], [114.04776, 3.85333], [114.05464, 3.8633], [114.05265, 3.86708], [114.08498, 3.87245], [114.08166, 3.87758], [114.0796, 3.88681], [114.07666, 3.88961], [114.076, 3.89411], [114.07161, 3.89154], [114.067, 3.89191], [114.05927, 3.88594], [114.05677, 3.88664], [114.04898, 3.87907], [114.04343, 3.88486], [114.044, 3.88689], [114.03925, 3.88994], [114.03533, 3.8959], [114.03985, 3.90776], [114.02587, 3.90737], [114.02433, 3.90895], [114.02016, 3.90786], [114.01717, 3.9107], [114.0141, 3.91037], [114.01994, 3.92634], [114.01964, 3.93022], [114.02549, 3.94373], [114.01929, 3.9492], [114.01511, 3.95685], [114.01617, 3.9612], [114.01411, 3.96476], [114.01472, 3.96743], [114.01174, 3.97134], [114.01168, 3.97863], [114.00779, 3.98548], [114.00259, 3.98954], [113.99263, 3.99214], [113.99093, 3.99897], [113.99277, 4.01661], [113.99107, 4.02581], [113.99142, 4.0371], [113.98861, 4.04066], [113.99342, 4.04195], [113.99643, 4.04594], [113.99402, 4.04864], [113.99365, 4.06154], [113.99024, 4.06425], [113.99333, 4.06804], [113.98308, 4.06975], [113.98307, 4.07894], [113.9807, 4.08731], [113.97517, 4.08852], [113.95932, 4.09802], [113.96252, 4.10806], [113.98515, 4.13512], [113.99386, 4.14129], [114.00566, 4.15397], [114.01501, 4.17888], [114.02255, 4.18298], [114.02558, 4.18788], [114.0333, 4.19196], [114.03683, 4.19762], [114.04832, 4.20274], [114.04531, 4.21496], [114.05018, 4.21734], [114.05065, 4.23167], [114.05586, 4.23518], [114.05556, 4.24042], [114.05337, 4.24198], [114.05325, 4.24434], [114.05806, 4.2459], [114.05669, 4.2492], [114.05816, 4.24974], [114.05894, 4.25444], [114.0618, 4.25268], [114.06543, 4.25577], [114.06701, 4.2606], [114.06603, 4.26537], [114.0707, 4.27222], [114.07684, 4.27638], [114.08294, 4.27508], [114.08411, 4.27883], [114.08772, 4.28186], [114.08913, 4.28761], [114.09266, 4.29089], [114.09075, 4.2953], [114.09274, 4.30722], [114.09482, 4.30894], [114.09505, 4.32618], [114.14779, 4.31912], [114.14812, 4.33102], [114.17393, 4.33069], [114.17422, 4.34178], [114.1933, 4.34239], [114.19817, 4.34767], [114.20687, 4.35278], [114.20606, 4.35585], [114.20881, 4.35826], [114.20394, 4.3672], [114.20497, 4.37239], [114.19943, 4.37501], [114.19925, 4.37874], [114.2107, 4.3729], [114.21699, 4.37419], [114.2194, 4.37719], [114.21644, 4.38494], [114.19831, 4.39902], [114.20233, 4.40447], [114.20107, 4.40812], [114.20246, 4.4165], [114.19921, 4.4227], [114.20198, 4.43221], [114.19991, 4.43321], [114.19312, 4.43209], [114.19175, 4.4345], [114.18635, 4.43733], [114.17988, 4.44633], [114.17786, 4.45467], [114.18029, 4.45578], [114.17726, 4.46236], [114.17402, 4.46411], [114.1644, 4.47572], [114.15614, 4.47587], [114.15014, 4.49084], [114.15049, 4.51462], [114.15343, 4.53711], [114.17647, 4.55506], [114.18409, 4.54755], [114.18659, 4.54252]]]]}}, {"type": "Feature", "properties": {"state": "Sarawak", "seat": "N.77 Telang Usan", "seat_name": "Telang Usan"}, "geometry": {"type": "MultiPolygon", "coordinates": [[[[114.41856, 3.9918], [114.42437, 3.99414], [114.43106, 3.99374], [114.44177, 3.99015], [114.44562, 3.98637], [114.45605, 3.98705], [114.46069, 3.98933], [114.46714, 3.97452], [114.47011, 3.97446], [114.47505, 3.9678], [114.47708, 3.9691], [114.47953, 3.96786], [114.47834, 3.96366], [114.48459, 3.9545], [114.48751, 3.96192], [114.49361, 3.96208], [114.4968, 3.96454], [114.50061, 3.96311], [114.50317, 3.96783], [114.50543, 3.96797], [114.50946, 3.962], [114.50739, 3.95258], [114.50962, 3.95173], [114.51348, 3.95424], [114.51644, 3.9541], [114.51327, 3.94789], [114.51844, 3.94694], [114.51766, 3.93906], [114.52432, 3.94151], [114.53206, 3.93347], [114.5359, 3.93503], [114.53655, 3.93929], [114.53932, 3.94076], [114.53927, 3.94254], [114.54691, 3.94301], [114.54804, 3.93925], [114.55409, 3.93603], [114.55176, 3.93396], [114.55255, 3.92661], [114.56719, 3.92747], [114.57531, 3.91785], [114.57919, 3.90833], [114.59126, 3.91254], [114.59724, 3.91825], [114.59969, 3.91772], [114.60169, 3.91434], [114.60405, 3.91415], [114.60363, 3.91982], [114.61425, 3.92422], [114.61241, 3.9164], [114.6153, 3.91238], [114.61278, 3.91017], [114.61288, 3.9068], [114.6144, 3.90548], [114.61405, 3.90175], [114.61617, 3.89948], [114.62425, 3.90216], [114.62809, 3.90127], [114.63249, 3.90414], [114.63572, 3.90208], [114.64068, 3.90293], [114.64126, 3.90517], [114.64751, 3.91001], [114.65093, 3.90663], [114.65367, 3.90636], [114.6552, 3.90768], [114.65472, 3.91077], [114.66092, 3.9073], [114.67074, 3.9076], [114.67683, 3.90576], [114.6916, 3.89656], [114.70082, 3.89883], [114.70656, 3.89486], [114.70754, 3.89067], [114.71062, 3.89004], [114.71195, 3.89213], [114.72134, 3.88942], [114.7261, 3.8902], [114.73001, 3.8844], [114.73372, 3.8839], [114.73888, 3.8867], [114.74016, 3.89054], [114.74799, 3.89336], [114.75363, 3.89095], [114.75885, 3.88505], [114.76031, 3.88841], [114.76657, 3.88531], [114.77096, 3.88753], [114.7864, 3.88959], [114.78837, 3.89125], [114.78908, 3.89516], [114.79854, 3.8998], [114.80357, 3.90531], [114.81345, 3.90797], [114.82402, 3.90621], [114.82546, 3.9034], [114.82867, 3.9063], [114.83106, 3.90452], [114.83682, 3.90401], [114.83939, 3.90593], [114.84129, 3.90157], [114.84889, 3.89593], [114.85631, 3.88716], [114.85601, 3.88498], [114.85023, 3.87944], [114.84528, 3.8826], [114.83978, 3.87775], [114.84121, 3.87276], [114.83934, 3.86943], [114.83885, 3.86331], [114.84042, 3.8561], [114.84666, 3.85333], [114.8398, 3.85046], [114.839, 3.84833], [114.84949, 3.84745], [114.85745, 3.84948], [114.8585, 3.85339], [114.86347, 3.85471], [114.86442, 3.85198], [114.86819, 3.85045], [114.87019, 3.85277], [114.87704, 3.85196], [114.87631, 3.84693], [114.87832, 3.84389], [114.87914, 3.8377], [114.88635, 3.84036], [114.89707, 3.83821], [114.89965, 3.841], [114.90392, 3.83986], [114.90627, 3.84128], [114.91867, 3.83891], [114.91866, 3.83509], [114.91622, 3.83553], [114.91729, 3.83006], [114.91477, 3.82927], [114.91669, 3.82619], [114.91498, 3.8256], [114.9146, 3.82319], [114.91123, 3.82603], [114.9141, 3.81719], [114.91216, 3.81834], [114.91115, 3.81454], [114.90863, 3.81489], [114.91245, 3.8113], [114.91144, 3.81051], [114.90935, 3.81223], [114.90943, 3.80945], [114.90633, 3.80901], [114.90712, 3.80706], [114.90949, 3.80742], [114.91086, 3.8066], [114.90747, 3.80554], [114.91043, 3.80394], [114.90682, 3.80346], [114.90986, 3.80178], [114.91015, 3.79991], [114.90552, 3.80195], [114.90213, 3.80107], [114.90228, 3.79928], [114.90494, 3.80079], [114.9077, 3.79768], [114.90699, 3.79356], [114.91429, 3.7943], [114.914, 3.80059], [114.91982, 3.80282], [114.922, 3.80535], [114.92946, 3.8013], [114.93255, 3.80445], [114.94008, 3.80383], [114.94976, 3.80835], [114.95195, 3.81138], [114.95711, 3.81116], [114.95985, 3.80912], [114.95977, 3.80472], [114.96454, 3.80302], [114.967, 3.7982], [114.9742, 3.80325], [114.98381, 3.80202], [114.98957, 3.80506], [114.99214, 3.80406], [114.99626, 3.80714], [114.99983, 3.80631], [115.00307, 3.803], [115.00399, 3.80581], [115.00747, 3.8079], [115.00747, 3.8126], [115.01047, 3.8124], [115.01011, 3.81428], [115.01226, 3.81351], [115.01221, 3.81549], [115.01451, 3.81565], [115.01249, 3.80632], [115.01503, 3.80386], [115.01429, 3.80101], [115.01701, 3.79609], [115.02349, 3.79304], [115.02296, 3.79059], [115.02622, 3.78699], [115.02538, 3.78203], [115.03006, 3.77412], [115.02853, 3.77098], [115.03122, 3.76972], [115.03285, 3.76581], [115.03969, 3.7646], [115.046, 3.75771], [115.04746, 3.75244], [115.05312, 3.74843], [115.05849, 3.74104], [115.06506, 3.73727], [115.07054, 3.72795], [115.07623, 3.72292], [115.07173, 3.71858], [115.07448, 3.71449], [115.07303, 3.71044], [115.07357, 3.70564], [115.07483, 3.70476], [115.07703, 3.70615], [115.07742, 3.70371], [115.07919, 3.70486], [115.07911, 3.69977], [115.08044, 3.69879], [115.07892, 3.69604], [115.08236, 3.6952], [115.07905, 3.69366], [115.07919, 3.69015], [115.0815, 3.68913], [115.07902, 3.68359], [115.08384, 3.68227], [115.08632, 3.676], [115.0824, 3.67108], [115.08404, 3.66927], [115.08161, 3.66701], [115.08065, 3.66249], [115.0753, 3.66374], [115.0648, 3.65935], [115.06583, 3.65744], [115.07068, 3.65628], [115.0686, 3.6532], [115.07296, 3.64872], [115.0716, 3.64433], [115.06918, 3.64247], [115.06611, 3.64287], [115.06381, 3.63802], [115.05781, 3.63156], [115.05464, 3.62453], [115.0497, 3.62378], [115.04872, 3.61909], [115.0447, 3.62071], [115.04292, 3.61605], [115.04028, 3.61741], [115.03732, 3.61617], [115.03254, 3.6129], [115.03051, 3.6092], [115.03283, 3.60522], [115.03071, 3.60196], [115.03748, 3.59002], [115.04517, 3.58767], [115.05197, 3.58795], [115.05754, 3.58421], [115.05419, 3.56745], [115.058, 3.56533], [115.06033, 3.566], [115.05976, 3.55929], [115.05397, 3.55374], [115.05319, 3.55042], [115.05879, 3.54452], [115.05908, 3.53877], [115.04962, 3.53017], [115.04776, 3.5233], [115.04878, 3.51804], [115.05344, 3.51459], [115.05225, 3.50913], [115.05413, 3.50518], [115.05321, 3.49728], [115.04985, 3.49379], [115.04936, 3.48955], [115.05339, 3.4898], [115.05581, 3.48751], [115.05495, 3.48112], [115.0605, 3.47409], [115.06109, 3.4665], [115.0647, 3.46216], [115.06713, 3.46149], [115.06384, 3.45404], [115.05945, 3.45185], [115.05908, 3.44657], [115.06558, 3.44157], [115.07266, 3.44411], [115.0765, 3.43818], [115.08002, 3.44214], [115.08519, 3.44295], [115.08638, 3.44082], [115.08418, 3.4408], [115.08443, 3.43536], [115.08621, 3.43528], [115.08724, 3.43851], [115.09201, 3.43864], [115.08894, 3.43578], [115.08945, 3.43382], [115.08293, 3.43356], [115.08315, 3.43205], [115.08665, 3.43127], [115.08085, 3.42823], [115.08282, 3.42135], [115.08443, 3.42143], [115.08536, 3.4244], [115.08775, 3.42457], [115.0903, 3.42101], [115.09191, 3.42406], [115.09447, 3.42491], [115.09957, 3.42338], [115.09804, 3.417], [115.10578, 3.41981], [115.10554, 3.41512], [115.10296, 3.41268], [115.10309, 3.41049], [115.09721, 3.40472], [115.09966, 3.39967], [115.09647, 3.39605], [115.09962, 3.39095], [115.09845, 3.38562], [115.09433, 3.38578], [115.0892, 3.37953], [115.08888, 3.3759], [115.08595, 3.37748], [115.08786, 3.37055], [115.08534, 3.35645], [115.08767, 3.34951], [115.08084, 3.34562], [115.07997, 3.34371], [115.08115, 3.33615], [115.08367, 3.33276], [115.08139, 3.3255], [115.07657, 3.32277], [115.07432, 3.31931], [115.07642, 3.30723], [115.0695, 3.29724], [115.06984, 3.28897], [115.0762, 3.28492], [115.0786, 3.27923], [115.0776, 3.26858], [115.07849, 3.26354], [115.08019, 3.26244], [115.08085, 3.25441], [115.07912, 3.2521], [115.08005, 3.24896], [115.07898, 3.24695], [115.07111, 3.23638], [115.07119, 3.22833], [115.06857, 3.22457], [115.06667, 3.21744], [115.06767, 3.21594], [115.06155, 3.20844], [115.06108, 3.20379], [115.058, 3.20597], [115.05283, 3.20566], [115.04628, 3.21129], [115.04153, 3.21901], [115.03489, 3.22198], [115.01496, 3.21853], [115.01182, 3.21444], [115.01145, 3.20932], [115.00513, 3.2107], [115.00008, 3.21359], [114.99871, 3.21812], [114.99264, 3.21896], [114.98991, 3.22203], [114.98909, 3.2263], [114.98559, 3.22508], [114.9767, 3.23054], [114.97306, 3.23583], [114.97431, 3.23894], [114.97221, 3.23939], [114.97079, 3.2437], [114.96865, 3.24492], [114.96249, 3.23631], [114.95736, 3.23374], [114.95575, 3.23015], [114.94969, 3.22675], [114.94603, 3.22742], [114.94202, 3.23234], [114.93826, 3.22816], [114.93635, 3.22929], [114.92843, 3.22814], [114.91675, 3.23411], [114.91248, 3.23295], [114.90866, 3.23459], [114.90414, 3.23224], [114.90037, 3.23305], [114.89629, 3.23161], [114.89319, 3.23437], [114.89462, 3.2314], [114.89253, 3.22661], [114.8929, 3.22072], [114.88349, 3.2068], [114.88406, 3.20295], [114.88828, 3.19826], [114.88473, 3.19166], [114.88733, 3.18766], [114.8856, 3.18504], [114.88571, 3.1811], [114.89053, 3.17952], [114.88753, 3.17607], [114.8876, 3.1687], [114.89103, 3.17012], [114.89444, 3.16909], [114.90381, 3.17241], [114.90881, 3.16889], [114.9187, 3.16675], [114.92368, 3.15314], [114.92008, 3.14711], [114.92154, 3.14268], [114.9234, 3.14311], [114.92137, 3.13849], [114.92522, 3.13545], [114.92863, 3.13636], [114.92484, 3.13283], [114.92478, 3.13006], [114.91983, 3.12835], [114.91772, 3.12377], [114.91304, 3.12091], [114.91313, 3.11875], [114.91547, 3.11705], [114.91385, 3.11548], [114.91504, 3.1113], [114.9113, 3.10451], [114.91468, 3.10349], [114.91533, 3.10013], [114.91824, 3.0981], [114.91735, 3.09604], [114.92167, 3.08678], [114.92091, 3.08021], [114.92361, 3.0743], [114.92319, 3.07001], [114.92572, 3.06564], [114.92821, 3.0662], [114.92958, 3.06437], [114.92685, 3.0604], [114.92868, 3.05865], [114.92788, 3.05697], [114.92434, 3.05911], [114.92339, 3.05323], [114.9186, 3.04681], [114.91895, 3.04353], [114.91356, 3.04186], [114.9173, 3.03827], [114.9124, 3.03449], [114.91746, 3.03227], [114.9178, 3.02687], [114.91959, 3.0267], [114.9209, 3.0241], [114.91968, 3.0189], [114.92341, 3.01953], [114.92336, 3.0169], [114.92666, 3.01689], [114.92498, 3.01376], [114.93061, 3.00964], [114.92452, 3.00296], [114.92388, 2.99961], [114.9305, 2.98923], [114.93403, 2.99105], [114.94586, 2.99166], [114.95291, 2.9873], [114.95396, 2.98504], [114.95675, 2.98635], [114.95833, 2.99325], [114.96364, 2.99577], [114.96338, 3.00125], [114.97048, 2.99976], [114.97701, 3.00222], [114.9831, 2.9991], [114.97783, 2.99475], [114.97914, 2.99261], [114.98162, 2.99445], [114.98105, 2.98997], [114.97655, 2.98965], [114.97433, 2.98791], [114.97143, 2.98233], [114.96488, 2.97598], [114.9657, 2.97283], [114.96145, 2.96844], [114.95038, 2.94051], [114.94768, 2.9419], [114.93984, 2.93857], [114.9229, 2.94263], [114.9169, 2.93794], [114.89268, 2.9268], [114.89269, 2.92335], [114.8843, 2.90752], [114.87997, 2.90744], [114.87238, 2.90388], [114.87006, 2.8952], [114.86426, 2.89219], [114.85945, 2.88521], [114.86096, 2.88226], [114.85956, 2.88065], [114.86158, 2.87705], [114.85986, 2.87548], [114.85859, 2.86963], [114.85594, 2.86947], [114.85512, 2.86774], [114.85155, 2.86946], [114.84812, 2.87698], [114.84544, 2.87636], [114.84582, 2.87927], [114.83999, 2.88108], [114.84121, 2.88445], [114.83833, 2.88304], [114.83675, 2.89133], [114.83386, 2.89375], [114.83019, 2.8939], [114.82831, 2.89545], [114.82816, 2.89832], [114.8224, 2.90133], [114.81725, 2.89832], [114.81541, 2.89263], [114.80938, 2.89123], [114.80456, 2.88687], [114.79941, 2.88769], [114.79611, 2.88545], [114.79295, 2.88586], [114.78996, 2.88293], [114.79184, 2.88133], [114.79138, 2.87976], [114.78817, 2.87838], [114.78186, 2.8797], [114.77016, 2.88981], [114.76002, 2.89338], [114.75553, 2.8874], [114.75264, 2.88593], [114.73554, 2.88303], [114.73087, 2.88576], [114.72763, 2.88576], [114.72417, 2.88369], [114.72217, 2.87666], [114.71683, 2.87026], [114.7149, 2.87094], [114.71389, 2.87364], [114.71105, 2.86248], [114.70056, 2.85504], [114.69695, 2.85451], [114.68943, 2.84356], [114.6731, 2.82723], [114.67132, 2.81925], [114.66387, 2.81857], [114.66231, 2.81546], [114.6602, 2.81538], [114.65813, 2.8089], [114.64821, 2.81248], [114.64106, 2.82], [114.62919, 2.82259], [114.62525, 2.82187], [114.62384, 2.84013], [114.61382, 2.85666], [114.60791, 2.85348], [114.60604, 2.85626], [114.59909, 2.85548], [114.58823, 2.85814], [114.58837, 2.85458], [114.58623, 2.85348], [114.5771, 2.85678], [114.57375, 2.85321], [114.57224, 2.84686], [114.57089, 2.85046], [114.56735, 2.84919], [114.55729, 2.85801], [114.54454, 2.85456], [114.53985, 2.85536], [114.53712, 2.86115], [114.52391, 2.87359], [114.51942, 2.87449], [114.50961, 2.88063], [114.50975, 2.88508], [114.50242, 2.89106], [114.50218, 2.89775], [114.49655, 2.89994], [114.49293, 2.90583], [114.49715, 2.91232], [114.49954, 2.92447], [114.49915, 2.93537], [114.49517, 2.93593], [114.48755, 2.94017], [114.46334, 2.94337], [114.45875, 2.94577], [114.45176, 2.94038], [114.44257, 2.93997], [114.43818, 2.9463], [114.43612, 2.94664], [114.43335, 2.95329], [114.4303, 2.95315], [114.42667, 2.95593], [114.43048, 2.96348], [114.42327, 2.97086], [114.43, 2.97245], [114.42982, 2.97638], [114.43316, 2.98348], [114.42621, 2.98865], [114.42428, 2.99285], [114.41319, 2.99897], [114.40965, 3.0085], [114.41073, 3.01151], [114.40896, 3.0131], [114.41053, 3.01743], [114.40935, 3.02087], [114.40736, 3.02157], [114.409, 3.02588], [114.40339, 3.03155], [114.40324, 3.03422], [114.39932, 3.0371], [114.39798, 3.04173], [114.37865, 3.05648], [114.37771, 3.0594], [114.38048, 3.06116], [114.37825, 3.06465], [114.37324, 3.06473], [114.37126, 3.06288], [114.36788, 3.06637], [114.35775, 3.06867], [114.3522, 3.06686], [114.35588, 3.06433], [114.35516, 3.06347], [114.34767, 3.06413], [114.34206, 3.06218], [114.34088, 3.06639], [114.33491, 3.06574], [114.33478, 3.06739], [114.329, 3.07046], [114.32015, 3.08271], [114.31772, 3.10025], [114.31281, 3.10212], [114.31162, 3.10749], [114.30673, 3.11028], [114.30634, 3.11573], [114.30437, 3.11623], [114.29901, 3.11335], [114.29666, 3.11974], [114.28431, 3.13152], [114.28305, 3.13199], [114.283, 3.12777], [114.28061, 3.12611], [114.2756, 3.13016], [114.27128, 3.13562], [114.269, 3.14267], [114.26419, 3.14699], [114.26215, 3.1537], [114.25445, 3.16072], [114.25521, 3.16291], [114.25338, 3.16713], [114.25608, 3.16701], [114.2569, 3.16967], [114.26056, 3.17138], [114.26502, 3.17163], [114.26821, 3.1689], [114.26869, 3.17145], [114.27351, 3.17191], [114.28637, 3.162], [114.28876, 3.16367], [114.29188, 3.16316], [114.29688, 3.1561], [114.30005, 3.15518], [114.30086, 3.15856], [114.30777, 3.14732], [114.31389, 3.14383], [114.31554, 3.14684], [114.31499, 3.15531], [114.3232, 3.15987], [114.32036, 3.16487], [114.32481, 3.16844], [114.32606, 3.17257], [114.32218, 3.18221], [114.31813, 3.18515], [114.31698, 3.1981], [114.31034, 3.20577], [114.30838, 3.21176], [114.30225, 3.21455], [114.29882, 3.21861], [114.29779, 3.22284], [114.29064, 3.2303], [114.29044, 3.23457], [114.28292, 3.23651], [114.27923, 3.24479], [114.28216, 3.24955], [114.27593, 3.25267], [114.27504, 3.25729], [114.27182, 3.25834], [114.26922, 3.2651], [114.26513, 3.267], [114.26316, 3.27526], [114.25898, 3.28304], [114.24989, 3.28359], [114.24758, 3.2904], [114.24182, 3.29291], [114.23978, 3.3005], [114.23462, 3.30084], [114.22595, 3.30509], [114.2245, 3.30789], [114.22517, 3.31723], [114.21014, 3.32763], [114.20714, 3.33378], [114.19761, 3.34259], [114.195, 3.34699], [114.18573, 3.34821], [114.17511, 3.34552], [114.17224, 3.34122], [114.17019, 3.32789], [114.16718, 3.32271], [114.15967, 3.32115], [114.15915, 3.31631], [114.15602, 3.31729], [114.15385, 3.31534], [114.15003, 3.31525], [114.14748, 3.3104], [114.14023, 3.30928], [114.13677, 3.30662], [114.13543, 3.30389], [114.13758, 3.3013], [114.13685, 3.29721], [114.13327, 3.29553], [114.12768, 3.29434], [114.11934, 3.29557], [114.11787, 3.29763], [114.10982, 3.29591], [114.10617, 3.29798], [114.10449, 3.29681], [114.09815, 3.29725], [114.0938, 3.30018], [114.08093, 3.29192], [114.0757, 3.29918], [114.07547, 3.30206], [114.06856, 3.30136], [114.06546, 3.29745], [114.05938, 3.29426], [114.05655, 3.28721], [114.05104, 3.28503], [114.04712, 3.28886], [114.04447, 3.2868], [114.04419, 3.2918], [114.043, 3.29318], [114.04147, 3.29232], [114.0397, 3.29562], [114.04321, 3.30054], [114.04345, 3.30422], [114.04957, 3.30737], [114.05121, 3.31377], [114.05552, 3.32049], [114.05502, 3.32743], [114.05822, 3.33228], [114.04854, 3.34691], [114.05172, 3.35151], [114.05998, 3.35736], [114.06599, 3.3594], [114.06812, 3.3624], [114.07199, 3.36286], [114.06721, 3.3811], [114.05996, 3.38259], [114.05712, 3.38177], [114.05005, 3.38408], [114.04487, 3.38949], [114.04313, 3.38694], [114.03649, 3.38723], [114.03456, 3.39005], [114.03282, 3.38612], [114.02878, 3.38389], [114.02811, 3.37447], [114.02284, 3.37183], [114.01653, 3.3653], [114.01378, 3.36538], [114.0111, 3.37154], [114.00711, 3.37339], [113.99616, 3.37009], [113.99469, 3.36725], [113.99042, 3.36638], [113.98883, 3.36899], [113.99415, 3.37575], [113.99408, 3.37996], [113.99232, 3.38003], [113.99105, 3.38344], [113.98313, 3.38066], [113.9745, 3.38953], [113.9725, 3.39562], [113.96227, 3.40632], [113.97028, 3.41477], [113.98069, 3.42157], [113.99559, 3.43465], [114.003, 3.43427], [114.00516, 3.43613], [114.00953, 3.43491], [114.01275, 3.43837], [114.01579, 3.43885], [114.02127, 3.4429], [114.02518, 3.45117], [114.02369, 3.45606], [114.02637, 3.45806], [114.02917, 3.46607], [114.03755, 3.47953], [114.04439, 3.48129], [114.05137, 3.47741], [114.05123, 3.47544], [114.04672, 3.47094], [114.05421, 3.46728], [114.05644, 3.46919], [114.05424, 3.47738], [114.05518, 3.47878], [114.06166, 3.47789], [114.0656, 3.46833], [114.06726, 3.47261], [114.07554, 3.47421], [114.07986, 3.46045], [114.08178, 3.45925], [114.09041, 3.46342], [114.09773, 3.46304], [114.10395, 3.46538], [114.10906, 3.4585], [114.11105, 3.45947], [114.11446, 3.45811], [114.11692, 3.46032], [114.10989, 3.46647], [114.11058, 3.47022], [114.11373, 3.4668], [114.12671, 3.47624], [114.13161, 3.47038], [114.13423, 3.47163], [114.1352, 3.47419], [114.13315, 3.47675], [114.1348, 3.48473], [114.13607, 3.48503], [114.13692, 3.48133], [114.13886, 3.48338], [114.14006, 3.48145], [114.14131, 3.4831], [114.14405, 3.48252], [114.14363, 3.48587], [114.14646, 3.48686], [114.14419, 3.48964], [114.1469, 3.49209], [114.14362, 3.4926], [114.14437, 3.49578], [114.14066, 3.49624], [114.1401, 3.50005], [114.14244, 3.50297], [114.14311, 3.50737], [114.14834, 3.50978], [114.14652, 3.51139], [114.15048, 3.5117], [114.14946, 3.51382], [114.15094, 3.51283], [114.15415, 3.51686], [114.15922, 3.51613], [114.15962, 3.52243], [114.16547, 3.52463], [114.16573, 3.52747], [114.17603, 3.53173], [114.18029, 3.53986], [114.18655, 3.54129], [114.20371, 3.5518], [114.19744, 3.56043], [114.19797, 3.56559], [114.19565, 3.57545], [114.19752, 3.57899], [114.1972, 3.5833], [114.19247, 3.59087], [114.19339, 3.59372], [114.19677, 3.59624], [114.19561, 3.59805], [114.19846, 3.60357], [114.19441, 3.60848], [114.19219, 3.61557], [114.1935, 3.617], [114.19917, 3.61493], [114.2069, 3.6189], [114.21349, 3.61652], [114.2231, 3.62291], [114.22554, 3.62053], [114.23039, 3.62403], [114.23203, 3.62296], [114.23906, 3.62432], [114.24232, 3.61049], [114.24831, 3.60532], [114.24693, 3.60293], [114.24822, 3.59948], [114.25062, 3.59885], [114.25442, 3.59404], [114.25658, 3.5855], [114.25611, 3.58105], [114.26038, 3.57786], [114.26277, 3.57098], [114.26731, 3.55379], [114.26623, 3.54185], [114.26814, 3.53257], [114.27312, 3.52812], [114.27894, 3.52826], [114.28177, 3.53043], [114.28709, 3.52856], [114.29059, 3.52287], [114.29756, 3.52123], [114.30068, 3.52343], [114.30059, 3.53302], [114.3031, 3.5385], [114.30225, 3.54188], [114.30412, 3.54238], [114.30863, 3.5487], [114.30943, 3.5556], [114.31201, 3.55727], [114.31155, 3.55942], [114.30946, 3.56023], [114.3099, 3.56211], [114.31321, 3.56196], [114.32117, 3.56633], [114.32445, 3.5653], [114.32626, 3.57414], [114.32324, 3.57697], [114.32346, 3.58292], [114.32845, 3.58538], [114.32929, 3.59064], [114.33229, 3.59299], [114.34028, 3.59168], [114.34993, 3.59797], [114.35366, 3.59868], [114.35996, 3.60576], [114.36029, 3.60859], [114.35735, 3.61019], [114.35862, 3.61352], [114.35574, 3.6212], [114.35869, 3.6239], [114.36012, 3.63525], [114.3584, 3.63659], [114.35307, 3.63596], [114.35052, 3.63849], [114.35273, 3.63933], [114.35388, 3.64257], [114.35742, 3.64391], [114.35808, 3.64757], [114.36291, 3.64872], [114.36531, 3.65138], [114.36709, 3.65606], [114.3702, 3.65791], [114.37084, 3.66238], [114.37403, 3.66028], [114.37705, 3.66225], [114.37471, 3.66702], [114.37694, 3.67009], [114.37734, 3.67399], [114.37317, 3.69152], [114.37374, 3.69555], [114.36964, 3.70165], [114.36913, 3.70556], [114.3698, 3.71052], [114.3731, 3.71483], [114.37001, 3.71792], [114.37184, 3.7203], [114.37107, 3.72833], [114.36418, 3.73193], [114.36123, 3.73534], [114.356, 3.74735], [114.35059, 3.74724], [114.34911, 3.74862], [114.35104, 3.75198], [114.34826, 3.75711], [114.34807, 3.76098], [114.3436, 3.76171], [114.34225, 3.76442], [114.33376, 3.76915], [114.33782, 3.77591], [114.33929, 3.78406], [114.34705, 3.78515], [114.35273, 3.78356], [114.35738, 3.78725], [114.35699, 3.79207], [114.35852, 3.79346], [114.36148, 3.79366], [114.36476, 3.78964], [114.36588, 3.79243], [114.37354, 3.79126], [114.37744, 3.78619], [114.38843, 3.78995], [114.39341, 3.79376], [114.39279, 3.79712], [114.39853, 3.80697], [114.39773, 3.81117], [114.40304, 3.81375], [114.40498, 3.81919], [114.40277, 3.82212], [114.40308, 3.82777], [114.40062, 3.82884], [114.40304, 3.84031], [114.39822, 3.84718], [114.39929, 3.85681], [114.39421, 3.86371], [114.3943, 3.86961], [114.3966, 3.87484], [114.39251, 3.88171], [114.39374, 3.88808], [114.38875, 3.88755], [114.37204, 3.87824], [114.36745, 3.87875], [114.36372, 3.88304], [114.36848, 3.88675], [114.36803, 3.88973], [114.36271, 3.89461], [114.36052, 3.89912], [114.36481, 3.90481], [114.3714, 3.90111], [114.3776, 3.90278], [114.38606, 3.90962], [114.39277, 3.91093], [114.40319, 3.91925], [114.41709, 3.94762], [114.41509, 3.94854], [114.41616, 3.95184], [114.41186, 3.95659], [114.40925, 3.95889], [114.40372, 3.96014], [114.40342, 3.96689], [114.39782, 3.97316], [114.39434, 3.98302], [114.40884, 3.99422], [114.41174, 4.00414], [114.41624, 3.9938], [114.41856, 3.9918]]]]}}, {"type": "Feature", "properties": {"state": "Sarawak", "seat": "N.78 Mulu", "seat_name": "Mulu"}, "geometry": {"type": "MultiPolygon", "coordinates": [[[[114.44039, 4.27325], [114.44418, 4.26295], [114.44174, 4.24503], [114.44918, 4.22954], [114.44783, 4.22148], [114.45177, 4.21543], [114.45194, 4.21152], [114.46172, 4.19868], [114.47171, 4.17055], [114.47782, 4.16261], [114.48392, 4.15077], [114.48348, 4.14826], [114.4913, 4.14401], [114.50542, 4.14828], [114.51904, 4.13466], [114.52429, 4.13086], [114.53286, 4.12777], [114.53475, 4.1223], [114.53513, 4.11243], [114.53215, 4.1067], [114.53859, 4.10524], [114.54081, 4.09839], [114.5439, 4.09561], [114.54165, 4.08469], [114.55741, 4.07804], [114.56807, 4.06257], [114.57104, 4.05313], [114.57361, 4.05057], [114.5796, 4.04865], [114.59147, 4.04956], [114.60113, 4.04655], [114.61569, 4.03209], [114.61633, 4.02993], [114.61188, 4.01902], [114.59902, 4.0068], [114.5985, 4.00519], [114.60029, 4.00424], [114.61834, 4.00515], [114.62513, 4.00738], [114.63296, 4.00667], [114.65886, 4.01588], [114.68224, 4.0288], [114.68568, 4.02627], [114.70936, 4.04162], [114.74936, 4.09361], [114.7692, 4.1126], [114.7723, 4.12049], [114.78648, 4.1256], [114.78671, 4.13328], [114.79173, 4.13645], [114.80817, 4.13967], [114.81409, 4.13781], [114.82206, 4.14461], [114.82635, 4.14376], [114.82997, 4.13759], [114.83731, 4.13391], [114.85691, 4.12829], [114.88028, 4.12502], [114.89117, 4.12845], [114.89719, 4.12788], [114.90173, 4.12491], [114.90684, 4.12534], [114.9143, 4.12162], [114.9208, 4.12698], [114.93238, 4.12111], [114.93857, 4.10964], [114.9458, 4.1091], [114.95048, 4.10505], [114.95804, 4.1055], [114.96446, 4.10394], [114.97862, 4.09077], [114.98228, 4.08981], [114.98876, 4.09612], [114.98991, 4.10483], [114.99978, 4.10418], [115.00832, 4.11237], [115.01491, 4.11422], [115.03631, 4.10354], [115.04517, 4.10564], [115.04748, 4.10852], [115.05741, 4.10954], [115.07082, 4.1026], [115.0803, 4.09992], [115.08827, 4.08785], [115.10148, 4.07905], [115.1052, 4.07224], [115.11544, 4.069], [115.1169, 4.06169], [115.115, 4.05481], [115.11973, 4.0504], [115.12087, 4.04285], [115.11948, 4.04022], [115.12466, 4.03969], [115.12569, 4.04225], [115.12904, 4.04275], [115.13094, 4.03864], [115.13601, 4.03967], [115.13782, 4.03851], [115.14229, 4.03424], [115.14333, 4.03064], [115.149, 4.03021], [115.15047, 4.0278], [115.15124, 4.02347], [115.1494, 4.02156], [115.1528, 4.01831], [115.15398, 4.01424], [115.15218, 4.01229], [115.16356, 4.01214], [115.16842, 4.00713], [115.17302, 4.00512], [115.17267, 4.00216], [115.16998, 4.00342], [115.16589, 4.00138], [115.16486, 3.99934], [115.16653, 3.99764], [115.16578, 3.99237], [115.16146, 3.98785], [115.15979, 3.98837], [115.15752, 3.98647], [115.15596, 3.97974], [115.16449, 3.97809], [115.1623, 3.97708], [115.16141, 3.97364], [115.1633, 3.96924], [115.16607, 3.96857], [115.16759, 3.966], [115.16799, 3.95662], [115.17193, 3.95587], [115.17126, 3.95134], [115.17341, 3.95222], [115.17293, 3.94868], [115.17555, 3.94456], [115.1732, 3.94342], [115.17703, 3.943], [115.18524, 3.93745], [115.18513, 3.93466], [115.18922, 3.93748], [115.19579, 3.9239], [115.20209, 3.92127], [115.21112, 3.91271], [115.22172, 3.91111], [115.22242, 3.8992], [115.23456, 3.89835], [115.23913, 3.89506], [115.24104, 3.89158], [115.24767, 3.88857], [115.24955, 3.87547], [115.24684, 3.87277], [115.25177, 3.86528], [115.25073, 3.85847], [115.2532, 3.85714], [115.25408, 3.85809], [115.25648, 3.85479], [115.25113, 3.84726], [115.25491, 3.8438], [115.25512, 3.84117], [115.25321, 3.83912], [115.25452, 3.83604], [115.25729, 3.83706], [115.26132, 3.84232], [115.26573, 3.83139], [115.27266, 3.83187], [115.27406, 3.83597], [115.27755, 3.83274], [115.28178, 3.83199], [115.28257, 3.8292], [115.28804, 3.82874], [115.28922, 3.83218], [115.29184, 3.83063], [115.29789, 3.83054], [115.30298, 3.82598], [115.31134, 3.83084], [115.31988, 3.82193], [115.31919, 3.81273], [115.3165, 3.80811], [115.31052, 3.80487], [115.31142, 3.80305], [115.30752, 3.79929], [115.30359, 3.78927], [115.30579, 3.78705], [115.30735, 3.78822], [115.30959, 3.79746], [115.3141, 3.79028], [115.31501, 3.7921], [115.3198, 3.79], [115.32681, 3.79127], [115.33392, 3.78656], [115.34417, 3.78769], [115.34638, 3.78951], [115.34844, 3.78742], [115.35842, 3.78439], [115.36231, 3.78684], [115.36362, 3.79023], [115.37066, 3.78891], [115.386, 3.80063], [115.39285, 3.80388], [115.39801, 3.80236], [115.40136, 3.80525], [115.40605, 3.80636], [115.42182, 3.80611], [115.42884, 3.80878], [115.43398, 3.80608], [115.43827, 3.79051], [115.44832, 3.7879], [115.48528, 3.82296], [115.48729, 3.83245], [115.48456, 3.83531], [115.48504, 3.83788], [115.49583, 3.84919], [115.49806, 3.85439], [115.50261, 3.8581], [115.50388, 3.86226], [115.50762, 3.8643], [115.50478, 3.86776], [115.50491, 3.87214], [115.49468, 3.88119], [115.4889, 3.88277], [115.48904, 3.88558], [115.49455, 3.89075], [115.50167, 3.89268], [115.50421, 3.89989], [115.51962, 3.9114], [115.54146, 3.91513], [115.55016, 3.91059], [115.55467, 3.90234], [115.55913, 3.89803], [115.56873, 3.89802], [115.56977, 3.89402], [115.57573, 3.88663], [115.5811, 3.8855], [115.58598, 3.89049], [115.58936, 3.89102], [115.58864, 3.88554], [115.59071, 3.87971], [115.59788, 3.87543], [115.60242, 3.87855], [115.60405, 3.87663], [115.61074, 3.87472], [115.61145, 3.85699], [115.60982, 3.85562], [115.60812, 3.84679], [115.61047, 3.84011], [115.60735, 3.83229], [115.60655, 3.82454], [115.60008, 3.8151], [115.59588, 3.79914], [115.58781, 3.79122], [115.58713, 3.78657], [115.58273, 3.78161], [115.58134, 3.77768], [115.58524, 3.77277], [115.58584, 3.76952], [115.57874, 3.76189], [115.57976, 3.7565], [115.57099, 3.74732], [115.57071, 3.74218], [115.57443, 3.72872], [115.56763, 3.72197], [115.56759, 3.71892], [115.57122, 3.71609], [115.57483, 3.70735], [115.57654, 3.70675], [115.57518, 3.70122], [115.57661, 3.69817], [115.57512, 3.69437], [115.56711, 3.68626], [115.56495, 3.68136], [115.56889, 3.6698], [115.56656, 3.66755], [115.5648, 3.64935], [115.56562, 3.6461], [115.57102, 3.64248], [115.57487, 3.63451], [115.57209, 3.62928], [115.56963, 3.6292], [115.56921, 3.62779], [115.57265, 3.62033], [115.56999, 3.61226], [115.57332, 3.59659], [115.58252, 3.58679], [115.58127, 3.58331], [115.58275, 3.5786], [115.58973, 3.57635], [115.59504, 3.57804], [115.59732, 3.57729], [115.59813, 3.56843], [115.60068, 3.5654], [115.6023, 3.55691], [115.60554, 3.55371], [115.60528, 3.5444], [115.60656, 3.54355], [115.60682, 3.53789], [115.60232, 3.52368], [115.6043, 3.51826], [115.60291, 3.51112], [115.60703, 3.50484], [115.6105, 3.50367], [115.61729, 3.4914], [115.61983, 3.49056], [115.61882, 3.48493], [115.62115, 3.48345], [115.62191, 3.47795], [115.6277, 3.47682], [115.62871, 3.47486], [115.62761, 3.47], [115.62529, 3.46764], [115.63226, 3.46219], [115.6313, 3.45635], [115.63643, 3.45073], [115.64058, 3.45105], [115.64352, 3.44929], [115.65093, 3.43934], [115.64932, 3.43733], [115.64321, 3.43595], [115.64322, 3.42829], [115.64202, 3.42873], [115.63883, 3.42524], [115.63495, 3.42552], [115.63505, 3.41915], [115.63018, 3.41726], [115.62581, 3.41193], [115.61761, 3.40815], [115.61416, 3.41401], [115.61459, 3.41912], [115.61, 3.42169], [115.61009, 3.42635], [115.608, 3.42794], [115.60922, 3.43181], [115.6084, 3.43775], [115.60352, 3.44705], [115.60072, 3.44799], [115.59885, 3.44629], [115.59572, 3.44643], [115.59421, 3.44353], [115.59065, 3.44346], [115.5889, 3.44718], [115.57966, 3.4501], [115.572, 3.43297], [115.57357, 3.42902], [115.57284, 3.41931], [115.56987, 3.4167], [115.56578, 3.41605], [115.56592, 3.41264], [115.5634, 3.40819], [115.55746, 3.4053], [115.556, 3.40115], [115.55768, 3.39726], [115.54995, 3.39337], [115.55275, 3.38834], [115.55228, 3.38603], [115.54981, 3.38096], [115.54269, 3.3751], [115.53789, 3.36378], [115.53696, 3.35817], [115.53877, 3.35462], [115.5393, 3.34671], [115.53805, 3.34309], [115.53862, 3.3398], [115.5412, 3.33851], [115.5422, 3.32926], [115.54054, 3.32772], [115.5375, 3.32872], [115.53386, 3.31989], [115.52785, 3.32053], [115.52614, 3.31849], [115.52449, 3.30836], [115.52672, 3.30635], [115.52431, 3.29737], [115.52665, 3.29611], [115.53122, 3.28547], [115.5287, 3.28216], [115.52335, 3.2804], [115.51692, 3.25029], [115.51795, 3.24181], [115.52469, 3.24119], [115.52377, 3.23758], [115.52524, 3.23757], [115.52606, 3.23503], [115.52477, 3.23172], [115.52813, 3.22964], [115.52746, 3.22665], [115.51724, 3.22521], [115.51186, 3.2265], [115.5101, 3.22512], [115.51089, 3.216], [115.5135, 3.21204], [115.51158, 3.20905], [115.51118, 3.20338], [115.51298, 3.19978], [115.5119, 3.19737], [115.51615, 3.18819], [115.52455, 3.18255], [115.52792, 3.18414], [115.53286, 3.18124], [115.53637, 3.18219], [115.54761, 3.17207], [115.5531, 3.17213], [115.55553, 3.17058], [115.5582, 3.1619], [115.55447, 3.1576], [115.5568, 3.15045], [115.54908, 3.14894], [115.54617, 3.14269], [115.53731, 3.1414], [115.5332, 3.14435], [115.52885, 3.14263], [115.5231, 3.13283], [115.52412, 3.13073], [115.52314, 3.12332], [115.52049, 3.11738], [115.51055, 3.11363], [115.50968, 3.11033], [115.50773, 3.10912], [115.50932, 3.10186], [115.5044, 3.09375], [115.50486, 3.08969], [115.50686, 3.08898], [115.50475, 3.08416], [115.50709, 3.08112], [115.50653, 3.07495], [115.51059, 3.06939], [115.50932, 3.05622], [115.50283, 3.04962], [115.49981, 3.04026], [115.49541, 3.03921], [115.49273, 3.03607], [115.49138, 3.02813], [115.48753, 3.03011], [115.48659, 3.02741], [115.48147, 3.02401], [115.47939, 3.0185], [115.46218, 3.02259], [115.46074, 3.02607], [115.45507, 3.02717], [115.45082, 3.02581], [115.44703, 3.02845], [115.4442, 3.02525], [115.44052, 3.02535], [115.43855, 3.02352], [115.43446, 3.02412], [115.43187, 3.0145], [115.4285, 3.01312], [115.42388, 3.0164], [115.42068, 3.0162], [115.41807, 3.01381], [115.41728, 3.00905], [115.41187, 3.0046], [115.41162, 2.99957], [115.40571, 2.99439], [115.40125, 2.99356], [115.40036, 2.98873], [115.39718, 2.98765], [115.3963, 2.98426], [115.38752, 2.98001], [115.37578, 2.982], [115.37199, 2.98653], [115.3657, 2.98082], [115.36029, 2.98299], [115.35123, 2.98254], [115.34962, 2.98124], [115.34675, 2.98212], [115.34394, 2.98169], [115.34063, 2.97697], [115.33375, 2.97869], [115.32505, 2.97538], [115.31956, 2.97827], [115.31788, 2.98205], [115.31921, 2.98901], [115.31799, 2.98981], [115.32032, 2.99388], [115.31726, 2.99768], [115.31702, 3.00065], [115.31468, 3.00171], [115.31616, 3.01102], [115.31508, 3.01278], [115.30887, 3.0205], [115.3015, 3.01931], [115.30191, 3.02122], [115.2992, 3.02516], [115.29882, 3.03315], [115.29452, 3.03507], [115.29313, 3.04122], [115.28898, 3.0401], [115.27839, 3.0478], [115.27591, 3.04572], [115.27696, 3.04019], [115.27217, 3.03433], [115.27095, 3.02617], [115.26667, 3.02303], [115.26468, 3.01843], [115.25875, 3.01529], [115.25876, 3.00982], [115.25491, 3.00439], [115.24976, 3.00187], [115.24557, 2.99508], [115.24728, 2.98556], [115.24389, 2.98132], [115.23967, 2.98149], [115.24407, 2.97273], [115.24345, 2.96596], [115.23148, 2.96327], [115.23033, 2.96021], [115.21999, 2.95956], [115.21552, 2.96209], [115.20445, 2.95852], [115.20008, 2.9519], [115.19399, 2.94795], [115.18389, 2.93397], [115.17909, 2.93182], [115.16557, 2.93098], [115.16026, 2.9273], [115.15765, 2.9279], [115.15189, 2.92015], [115.14852, 2.91823], [115.14409, 2.90952], [115.1419, 2.90844], [115.14322, 2.90305], [115.14718, 2.8985], [115.14623, 2.89164], [115.14373, 2.8893], [115.14409, 2.88467], [115.14697, 2.88154], [115.14536, 2.87799], [115.14593, 2.87091], [115.14127, 2.86865], [115.13556, 2.86886], [115.13267, 2.85648], [115.12988, 2.85325], [115.12035, 2.84931], [115.11839, 2.84705], [115.11856, 2.84283], [115.11162, 2.83624], [115.09757, 2.83239], [115.09591, 2.83037], [115.09451, 2.83112], [115.09008, 2.82488], [115.08481, 2.82384], [115.08432, 2.8212], [115.08827, 2.82039], [115.09036, 2.81795], [115.09591, 2.81773], [115.10021, 2.8144], [115.07982, 2.80024], [115.06737, 2.79551], [115.06101, 2.79068], [115.05984, 2.78599], [115.06403, 2.77716], [115.06421, 2.76224], [115.05319, 2.74553], [115.03772, 2.73423], [115.02493, 2.71847], [115.00767, 2.70538], [115.00024, 2.69318], [114.97091, 2.66919], [114.94881, 2.65824], [114.94146, 2.66132], [114.92856, 2.66049], [114.90579, 2.66567], [114.90421, 2.67026], [114.89882, 2.67168], [114.89247, 2.67724], [114.88271, 2.67963], [114.87713, 2.68621], [114.86755, 2.68554], [114.85809, 2.69], [114.85542, 2.68957], [114.8554, 2.68493], [114.86187, 2.67878], [114.85894, 2.67831], [114.85385, 2.67319], [114.84056, 2.67349], [114.82868, 2.67134], [114.82002, 2.66686], [114.80877, 2.66811], [114.79881, 2.66549], [114.78834, 2.65965], [114.78439, 2.65966], [114.76662, 2.66987], [114.76345, 2.66941], [114.75444, 2.67248], [114.74435, 2.67279], [114.73862, 2.67672], [114.72791, 2.67892], [114.70751, 2.68846], [114.70232, 2.6941], [114.69643, 2.6908], [114.68978, 2.69046], [114.68675, 2.6981], [114.68182, 2.69945], [114.66078, 2.71542], [114.65775, 2.71676], [114.64848, 2.71639], [114.64537, 2.72266], [114.65239, 2.72873], [114.65532, 2.73859], [114.66097, 2.73861], [114.66378, 2.74091], [114.66277, 2.74564], [114.66682, 2.75452], [114.66413, 2.75989], [114.6674, 2.76588], [114.67291, 2.77093], [114.66758, 2.7774], [114.66736, 2.78047], [114.673, 2.79314], [114.67161, 2.80535], [114.66231, 2.81546], [114.66387, 2.81857], [114.67132, 2.81925], [114.6731, 2.82723], [114.68943, 2.84356], [114.69695, 2.85451], [114.70056, 2.85504], [114.71105, 2.86248], [114.71389, 2.87364], [114.7149, 2.87094], [114.71683, 2.87026], [114.72217, 2.87666], [114.72514, 2.88457], [114.73016, 2.88591], [114.73408, 2.88329], [114.7405, 2.88327], [114.75264, 2.88593], [114.75553, 2.8874], [114.76002, 2.89338], [114.77016, 2.88981], [114.78186, 2.8797], [114.78817, 2.87838], [114.79138, 2.87976], [114.79184, 2.88133], [114.78996, 2.88293], [114.79295, 2.88586], [114.79611, 2.88545], [114.79941, 2.88769], [114.80456, 2.88687], [114.80938, 2.89123], [114.81541, 2.89263], [114.81725, 2.89832], [114.8224, 2.90133], [114.82816, 2.89832], [114.82831, 2.89545], [114.83019, 2.8939], [114.83386, 2.89375], [114.83675, 2.89133], [114.83833, 2.88304], [114.84121, 2.88445], [114.83999, 2.88108], [114.84582, 2.87927], [114.84544, 2.87636], [114.84764, 2.87745], [114.85001, 2.87101], [114.85512, 2.86774], [114.85594, 2.86947], [114.85859, 2.86963], [114.85986, 2.87548], [114.86158, 2.87705], [114.85956, 2.88065], [114.86096, 2.88226], [114.85945, 2.88521], [114.86426, 2.89219], [114.87006, 2.8952], [114.87238, 2.90388], [114.87997, 2.90744], [114.8843, 2.90752], [114.89269, 2.92335], [114.89268, 2.9268], [114.9169, 2.93794], [114.9229, 2.94263], [114.93984, 2.93857], [114.94768, 2.9419], [114.95038, 2.94051], [114.96145, 2.96844], [114.9657, 2.97283], [114.96488, 2.97598], [114.97143, 2.98233], [114.97433, 2.98791], [114.98156, 2.99109], [114.98162, 2.99445], [114.97914, 2.99261], [114.97783, 2.99475], [114.9831, 2.9991], [114.97701, 3.00222], [114.97048, 2.99976], [114.96338, 3.00125], [114.96364, 2.99577], [114.95833, 2.99325], [114.95675, 2.98635], [114.95396, 2.98504], [114.95291, 2.9873], [114.94586, 2.99166], [114.93403, 2.99105], [114.9305, 2.98923], [114.92388, 2.99961], [114.92452, 3.00296], [114.93061, 3.00964], [114.92498, 3.01376], [114.92666, 3.01689], [114.92336, 3.0169], [114.92341, 3.01953], [114.91968, 3.0189], [114.9209, 3.0241], [114.91959, 3.0267], [114.9178, 3.02687], [114.91746, 3.03227], [114.9124, 3.03449], [114.9173, 3.03827], [114.91356, 3.04186], [114.91895, 3.04353], [114.9186, 3.04681], [114.92339, 3.05323], [114.92434, 3.05911], [114.92788, 3.05697], [114.92868, 3.05865], [114.92685, 3.0604], [114.92958, 3.06437], [114.92821, 3.0662], [114.92572, 3.06564], [114.92319, 3.07001], [114.92361, 3.0743], [114.92091, 3.08021], [114.92167, 3.08678], [114.91735, 3.09604], [114.91824, 3.0981], [114.91533, 3.10013], [114.91468, 3.10349], [114.9113, 3.10451], [114.91504, 3.1113], [114.91385, 3.11548], [114.91547, 3.11705], [114.91313, 3.11875], [114.91304, 3.12091], [114.91772, 3.12377], [114.91983, 3.12835], [114.92478, 3.13006], [114.92484, 3.13283], [114.92863, 3.13636], [114.92522, 3.13545], [114.92137, 3.13849], [114.9234, 3.14311], [114.92154, 3.14268], [114.92008, 3.14711], [114.92368, 3.15314], [114.9187, 3.16675], [114.90881, 3.16889], [114.90381, 3.17241], [114.89444, 3.16909], [114.89103, 3.17012], [114.8876, 3.1687], [114.88753, 3.17607], [114.89053, 3.17952], [114.88571, 3.1811], [114.8856, 3.18504], [114.88733, 3.18766], [114.88473, 3.19166], [114.88828, 3.19826], [114.88406, 3.20295], [114.88349, 3.2068], [114.8929, 3.22072], [114.89253, 3.22661], [114.89462, 3.2314], [114.89319, 3.23437], [114.89629, 3.23161], [114.90037, 3.23305], [114.90414, 3.23224], [114.90866, 3.23459], [114.91248, 3.23295], [114.91675, 3.23411], [114.92843, 3.22814], [114.93635, 3.22929], [114.93826, 3.22816], [114.94202, 3.23234], [114.94603, 3.22742], [114.94969, 3.22675], [114.95575, 3.23015], [114.95736, 3.23374], [114.96249, 3.23631], [114.96865, 3.24492], [114.97079, 3.2437], [114.97221, 3.23939], [114.97431, 3.23894], [114.97306, 3.23583], [114.9767, 3.23054], [114.98559, 3.22508], [114.98909, 3.2263], [114.98991, 3.22203], [114.99264, 3.21896], [114.99871, 3.21812], [115.00008, 3.21359], [115.00513, 3.2107], [115.01145, 3.20932], [115.01182, 3.21444], [115.01496, 3.21853], [115.03489, 3.22198], [115.04153, 3.21901], [115.04628, 3.21129], [115.05283, 3.20566], [115.058, 3.20597], [115.06108, 3.20379], [115.06155, 3.20844], [115.06767, 3.21594], [115.06667, 3.21744], [115.06857, 3.22457], [115.07119, 3.22833], [115.07111, 3.23638], [115.08005, 3.24896], [115.08024, 3.26221], [115.07849, 3.26354], [115.07721, 3.2737], [115.0786, 3.27923], [115.0762, 3.28492], [115.06984, 3.28897], [115.0695, 3.29724], [115.07642, 3.30723], [115.07432, 3.31931], [115.07657, 3.32277], [115.08139, 3.3255], [115.08367, 3.33276], [115.08115, 3.33615], [115.07997, 3.34371], [115.08084, 3.34562], [115.08767, 3.34951], [115.08534, 3.35645], [115.08786, 3.37055], [115.08595, 3.37748], [115.08888, 3.3759], [115.0892, 3.37953], [115.09433, 3.38578], [115.09845, 3.38562], [115.09962, 3.39095], [115.09647, 3.39605], [115.09966, 3.39967], [115.09721, 3.40472], [115.10309, 3.41049], [115.10296, 3.41268], [115.10554, 3.41512], [115.10578, 3.41981], [115.09804, 3.417], [115.09957, 3.42338], [115.09447, 3.42491], [115.09191, 3.42406], [115.0903, 3.42101], [115.08775, 3.42457], [115.08536, 3.4244], [115.08443, 3.42143], [115.08282, 3.42135], [115.08085, 3.42823], [115.08665, 3.43127], [115.08315, 3.43205], [115.08293, 3.43356], [115.08945, 3.43382], [115.08894, 3.43578], [115.09201, 3.43864], [115.08724, 3.43851], [115.08621, 3.43528], [115.08443, 3.43536], [115.08418, 3.4408], [115.08638, 3.44082], [115.08519, 3.44295], [115.08002, 3.44214], [115.0765, 3.43818], [115.07266, 3.44411], [115.06558, 3.44157], [115.05908, 3.44657], [115.05945, 3.45185], [115.06384, 3.45404], [115.06713, 3.46149], [115.0647, 3.46216], [115.06109, 3.4665], [115.0605, 3.47409], [115.05495, 3.48112], [115.05581, 3.48751], [115.05339, 3.4898], [115.04936, 3.48955], [115.04985, 3.49379], [115.05321, 3.49728], [115.05413, 3.50518], [115.05225, 3.50913], [115.05344, 3.51459], [115.04878, 3.51804], [115.04776, 3.5233], [115.04962, 3.53017], [115.05908, 3.53877], [115.05879, 3.54452], [115.05319, 3.55042], [115.05397, 3.55374], [115.05976, 3.55929], [115.06033, 3.566], [115.058, 3.56533], [115.05419, 3.56745], [115.05754, 3.58421], [115.05197, 3.58795], [115.04517, 3.58767], [115.03748, 3.59002], [115.03071, 3.60196], [115.03283, 3.60522], [115.03051, 3.6092], [115.03254, 3.6129], [115.03732, 3.61617], [115.04028, 3.61741], [115.04292, 3.61605], [115.0447, 3.62071], [115.04872, 3.61909], [115.0497, 3.62378], [115.05464, 3.62453], [115.05781, 3.63156], [115.06381, 3.63802], [115.06611, 3.64287], [115.06918, 3.64247], [115.0716, 3.64433], [115.07296, 3.64872], [115.0686, 3.6532], [115.07068, 3.65628], [115.06583, 3.65744], [115.0648, 3.65935], [115.0753, 3.66374], [115.08065, 3.66249], [115.08161, 3.66701], [115.08397, 3.66895], [115.0824, 3.67108], [115.08632, 3.676], [115.08467, 3.67772], [115.08448, 3.68155], [115.07902, 3.68359], [115.0815, 3.68913], [115.07919, 3.69015], [115.07905, 3.69366], [115.08236, 3.6952], [115.07892, 3.69604], [115.08044, 3.69879], [115.07911, 3.69977], [115.07908, 3.70508], [115.07742, 3.70371], [115.07703, 3.70615], [115.07483, 3.70476], [115.07357, 3.70564], [115.07303, 3.71044], [115.07448, 3.71449], [115.07174, 3.7183], [115.07623, 3.72292], [115.07054, 3.72795], [115.06506, 3.73727], [115.05849, 3.74104], [115.05312, 3.74843], [115.04746, 3.75244], [115.046, 3.75771], [115.03969, 3.7646], [115.03285, 3.76581], [115.03122, 3.76972], [115.02853, 3.77098], [115.03006, 3.77412], [115.02538, 3.78203], [115.02622, 3.78699], [115.02296, 3.79059], [115.02349, 3.79304], [115.01701, 3.79609], [115.01429, 3.80101], [115.01503, 3.80386], [115.01249, 3.80632], [115.01451, 3.81565], [115.01221, 3.81549], [115.01226, 3.81351], [115.01011, 3.81428], [115.01047, 3.8124], [115.00747, 3.8126], [115.00747, 3.8079], [115.00399, 3.80581], [115.00307, 3.803], [114.99983, 3.80631], [114.99626, 3.80714], [114.99214, 3.80406], [114.98957, 3.80506], [114.98381, 3.80202], [114.9742, 3.80325], [114.967, 3.7982], [114.96454, 3.80302], [114.95977, 3.80472], [114.95985, 3.80912], [114.95711, 3.81116], [114.95195, 3.81138], [114.94976, 3.80835], [114.94008, 3.80383], [114.93255, 3.80445], [114.92946, 3.8013], [114.922, 3.80535], [114.91982, 3.80282], [114.914, 3.80059], [114.91429, 3.7943], [114.90663, 3.79381], [114.9077, 3.79768], [114.90494, 3.80079], [114.90228, 3.79928], [114.90213, 3.80107], [114.90552, 3.80195], [114.91015, 3.79991], [114.90986, 3.80178], [114.90682, 3.80346], [114.91043, 3.80394], [114.90747, 3.80554], [114.91086, 3.8066], [114.90712, 3.80706], [114.90633, 3.80901], [114.90943, 3.80945], [114.90935, 3.81223], [114.91144, 3.81051], [114.91245, 3.8113], [114.90863, 3.81489], [114.91115, 3.81454], [114.91216, 3.81834], [114.9141, 3.81719], [114.91123, 3.82603], [114.9146, 3.82319], [114.91498, 3.8256], [114.91669, 3.82619], [114.91477, 3.82927], [114.91729, 3.83006], [114.91622, 3.83553], [114.91866, 3.83509], [114.91867, 3.83891], [114.90627, 3.84128], [114.90392, 3.83986], [114.89965, 3.841], [114.89707, 3.83821], [114.88635, 3.84036], [114.87914, 3.8377], [114.87832, 3.84389], [114.87631, 3.84693], [114.87704, 3.85196], [114.87019, 3.85277], [114.86819, 3.85045], [114.86442, 3.85198], [114.86347, 3.85471], [114.8585, 3.85339], [114.85745, 3.84948], [114.84949, 3.84745], [114.839, 3.84833], [114.8398, 3.85046], [114.84666, 3.85333], [114.84042, 3.8561], [114.83885, 3.86331], [114.83934, 3.86943], [114.84121, 3.87276], [114.83978, 3.87775], [114.84528, 3.8826], [114.85023, 3.87944], [114.85601, 3.88498], [114.85631, 3.88716], [114.84889, 3.89593], [114.84129, 3.90157], [114.83939, 3.90593], [114.83682, 3.90401], [114.83106, 3.90452], [114.82867, 3.9063], [114.82546, 3.9034], [114.82402, 3.90621], [114.81345, 3.90797], [114.80357, 3.90531], [114.79854, 3.8998], [114.78908, 3.89516], [114.78837, 3.89125], [114.7864, 3.88959], [114.77096, 3.88753], [114.76657, 3.88531], [114.76031, 3.88841], [114.75885, 3.88505], [114.75363, 3.89095], [114.74799, 3.89336], [114.74016, 3.89054], [114.73888, 3.8867], [114.73372, 3.8839], [114.73001, 3.8844], [114.7261, 3.8902], [114.72134, 3.88942], [114.71195, 3.89213], [114.71062, 3.89004], [114.70754, 3.89067], [114.70656, 3.89486], [114.70082, 3.89883], [114.6916, 3.89656], [114.67683, 3.90576], [114.67074, 3.9076], [114.66092, 3.9073], [114.65472, 3.91077], [114.6552, 3.90768], [114.65367, 3.90636], [114.65093, 3.90663], [114.64751, 3.91001], [114.64126, 3.90517], [114.64068, 3.90293], [114.63572, 3.90208], [114.63249, 3.90414], [114.62809, 3.90127], [114.62425, 3.90216], [114.61617, 3.89948], [114.61405, 3.90175], [114.6144, 3.90548], [114.61288, 3.9068], [114.61278, 3.91017], [114.6153, 3.91238], [114.61241, 3.9164], [114.61425, 3.92422], [114.60363, 3.91982], [114.60405, 3.91415], [114.60169, 3.91434], [114.59969, 3.91772], [114.59724, 3.91825], [114.59126, 3.91254], [114.57919, 3.90833], [114.57531, 3.91785], [114.56719, 3.92747], [114.55255, 3.92661], [114.55176, 3.93396], [114.55409, 3.93603], [114.54804, 3.93925], [114.54691, 3.94301], [114.53927, 3.94254], [114.53932, 3.94076], [114.53655, 3.93929], [114.5359, 3.93503], [114.53206, 3.93347], [114.52432, 3.94151], [114.51766, 3.93906], [114.51844, 3.94694], [114.51327, 3.94789], [114.51644, 3.9541], [114.51348, 3.95424], [114.50962, 3.95173], [114.50739, 3.95258], [114.50946, 3.962], [114.50531, 3.96803], [114.50317, 3.96783], [114.50061, 3.96311], [114.4968, 3.96454], [114.49361, 3.96208], [114.48751, 3.96192], [114.48456, 3.95451], [114.47834, 3.96366], [114.47953, 3.96786], [114.47708, 3.9691], [114.47505, 3.9678], [114.47011, 3.97446], [114.46714, 3.97452], [114.46069, 3.98933], [114.45605, 3.98705], [114.44562, 3.98637], [114.44177, 3.99015], [114.43106, 3.99374], [114.42463, 3.99418], [114.41821, 3.99185], [114.41174, 4.00414], [114.40884, 3.99422], [114.39434, 3.98302], [114.37253, 3.9804], [114.36726, 3.97804], [114.35099, 3.99116], [114.3468, 3.99119], [114.34718, 4.01269], [114.34475, 4.01373], [114.34368, 4.01645], [114.34974, 4.03147], [114.32989, 4.03837], [114.3278, 4.03699], [114.32612, 4.03105], [114.32412, 4.03027], [114.32002, 4.03435], [114.31125, 4.0379], [114.31106, 4.04022], [114.31824, 4.05006], [114.31101, 4.0552], [114.3143, 4.0622], [114.30978, 4.06814], [114.32401, 4.07779], [114.31652, 4.08262], [114.30303, 4.07991], [114.29984, 4.08392], [114.29949, 4.09258], [114.29801, 4.09447], [114.29396, 4.09387], [114.2912, 4.09163], [114.27555, 4.09931], [114.27529, 4.10213], [114.28149, 4.11044], [114.28024, 4.11393], [114.27411, 4.12072], [114.2773, 4.13183], [114.26386, 4.14456], [114.26134, 4.1552], [114.25666, 4.16508], [114.26006, 4.16702], [114.26707, 4.16613], [114.28502, 4.15444], [114.28577, 4.15214], [114.28448, 4.14976], [114.27511, 4.14749], [114.27543, 4.14465], [114.27797, 4.14308], [114.28753, 4.14628], [114.29699, 4.15271], [114.2973, 4.15904], [114.28941, 4.16344], [114.2923, 4.16661], [114.29909, 4.16575], [114.30753, 4.15867], [114.31409, 4.15583], [114.32312, 4.15567], [114.33086, 4.15839], [114.33611, 4.16402], [114.33679, 4.1704], [114.33498, 4.17563], [114.33537, 4.17721], [114.33744, 4.17727], [114.33192, 4.17894], [114.33077, 4.18824], [114.33575, 4.194], [114.33633, 4.19708], [114.33959, 4.19896], [114.33857, 4.20189], [114.3337, 4.2027], [114.33206, 4.20799], [114.33282, 4.21058], [114.33112, 4.21237], [114.33177, 4.21566], [114.32951, 4.21768], [114.33346, 4.2371], [114.33147, 4.2395], [114.3403, 4.25024], [114.34235, 4.25882], [114.35181, 4.25672], [114.35972, 4.26494], [114.36951, 4.26554], [114.38512, 4.26219], [114.3887, 4.26373], [114.39249, 4.26324], [114.39564, 4.25885], [114.40977, 4.25327], [114.4156, 4.26398], [114.41396, 4.26659], [114.41773, 4.26785], [114.4205, 4.27342], [114.42278, 4.27438], [114.42549, 4.27288], [114.42852, 4.27819], [114.43456, 4.28018], [114.43932, 4.27771], [114.44039, 4.27325]]]]}}, {"type": "Feature", "properties": {"state": "Sarawak", "seat": "N.79 Bukit Kota", "seat_name": "Bukit Kota"}, "geometry": {"type": "MultiPolygon", "coordinates": [[[[115.01367, 4.89301], [115.01913, 4.89223], [115.02135, 4.88999], [115.0168, 4.87859], [115.02431, 4.8772], [115.0268, 4.87484], [115.02365, 4.86837], [115.01548, 4.85804], [115.02122, 4.85687], [115.02287, 4.8531], [115.019, 4.84756], [115.02238, 4.82966], [115.01872, 4.82747], [115.01617, 4.81355], [115.01898, 4.81054], [115.02157, 4.81241], [115.02573, 4.81128], [115.02543, 4.80822], [115.01996, 4.8042], [115.02324, 4.80303], [115.02637, 4.80417], [115.02801, 4.79776], [115.03563, 4.79361], [115.04549, 4.79541], [115.04911, 4.79051], [115.04387, 4.7834], [115.02664, 4.77198], [115.02498, 4.76863], [115.02684, 4.76174], [115.0259, 4.7536], [115.0158, 4.74926], [115.0171, 4.74602], [115.02254, 4.74884], [115.0253, 4.74731], [115.02431, 4.74544], [115.01983, 4.7453], [115.01887, 4.74393], [115.02019, 4.73884], [115.01919, 4.73519], [115.02696, 4.73101], [115.02678, 4.73777], [115.03154, 4.73293], [115.037, 4.7314], [115.0336, 4.72694], [115.02709, 4.72312], [115.03633, 4.7171], [115.03463, 4.71425], [115.03054, 4.71614], [115.02647, 4.71327], [115.0275, 4.71177], [115.03178, 4.71256], [115.03177, 4.71086], [115.02866, 4.70978], [115.03265, 4.70631], [115.02962, 4.70524], [115.02669, 4.70784], [115.02274, 4.70044], [115.023, 4.69907], [115.02606, 4.69967], [115.03368, 4.69487], [115.03314, 4.69281], [115.02836, 4.69478], [115.02722, 4.69351], [115.02955, 4.69143], [115.03119, 4.68512], [115.03475, 4.68403], [115.03509, 4.67983], [115.03758, 4.67652], [115.03534, 4.67215], [115.04102, 4.66721], [115.0331, 4.66769], [115.03318, 4.66572], [115.03522, 4.66446], [115.0328, 4.66], [115.03458, 4.65848], [115.03752, 4.65883], [115.03519, 4.65535], [115.03599, 4.65329], [115.04152, 4.65569], [115.0425, 4.65524], [115.04106, 4.65113], [115.04489, 4.65121], [115.04524, 4.64987], [115.04371, 4.64666], [115.03819, 4.64587], [115.03783, 4.64426], [115.04139, 4.64363], [115.0412, 4.64059], [115.03693, 4.6415], [115.03692, 4.63908], [115.03468, 4.63672], [115.03548, 4.63477], [115.03293, 4.63331], [115.03593, 4.62894], [115.03893, 4.62799], [115.03692, 4.62646], [115.03764, 4.62337], [115.03448, 4.62316], [115.03419, 4.6197], [115.03068, 4.61704], [115.02751, 4.60959], [115.02116, 4.58989], [115.01756, 4.57151], [115.01573, 4.57462], [115.0117, 4.5765], [115.01024, 4.58963], [115.00871, 4.58949], [115.00682, 4.59206], [115.00229, 4.592], [115.00009, 4.58915], [114.99141, 4.59086], [114.98828, 4.593], [114.9863, 4.59168], [114.98157, 4.595], [114.98034, 4.59925], [114.97486, 4.59575], [114.97108, 4.6014], [114.96903, 4.6006], [114.96641, 4.6023], [114.95968, 4.59815], [114.94758, 4.60528], [114.94781, 4.60843], [114.95228, 4.61229], [114.95178, 4.61515], [114.94923, 4.6164], [114.95063, 4.62109], [114.94786, 4.62359], [114.94603, 4.62315], [114.94416, 4.62788], [114.94468, 4.63279], [114.93879, 4.64087], [114.94012, 4.64342], [114.94685, 4.64745], [114.9521, 4.65572], [114.94715, 4.65992], [114.93356, 4.66443], [114.92625, 4.66197], [114.92303, 4.67055], [114.92816, 4.67056], [114.92708, 4.67789], [114.93285, 4.68522], [114.92226, 4.68567], [114.92304, 4.6801], [114.91818, 4.66589], [114.91278, 4.66266], [114.91005, 4.66355], [114.90499, 4.6621], [114.90517, 4.65819], [114.89873, 4.65509], [114.89601, 4.65686], [114.89138, 4.66927], [114.88661, 4.67027], [114.88332, 4.67496], [114.87815, 4.67371], [114.87427, 4.67655], [114.87566, 4.679], [114.87546, 4.69548], [114.8696, 4.70264], [114.86122, 4.7064], [114.85845, 4.71111], [114.86183, 4.72426], [114.86027, 4.73618], [114.85299, 4.73973], [114.84924, 4.73892], [114.84514, 4.73479], [114.83999, 4.73485], [114.84035, 4.73305], [114.83575, 4.72835], [114.83792, 4.71242], [114.83671, 4.7114], [114.83323, 4.71296], [114.83275, 4.7195], [114.82787, 4.7211], [114.82203, 4.72024], [114.81675, 4.71618], [114.80531, 4.71932], [114.80108, 4.71433], [114.79248, 4.71529], [114.78949, 4.71233], [114.78082, 4.71255], [114.78358, 4.72152], [114.77648, 4.72565], [114.77132, 4.72361], [114.77055, 4.72723], [114.76754, 4.72939], [114.76859, 4.73105], [114.77349, 4.73076], [114.77323, 4.73336], [114.77787, 4.7371], [114.78133, 4.73324], [114.78257, 4.73253], [114.78401, 4.7346], [114.78843, 4.73045], [114.79242, 4.73434], [114.79832, 4.73254], [114.805, 4.73714], [114.80314, 4.73952], [114.8086, 4.74484], [114.81536, 4.75928], [114.8173, 4.77022], [114.82538, 4.77493], [114.82473, 4.78654], [114.83194, 4.79082], [114.83179, 4.79456], [114.83744, 4.8017], [114.8382, 4.8046], [114.83627, 4.80818], [114.84065, 4.81259], [114.8407, 4.81424], [114.83801, 4.8161], [114.84016, 4.81931], [114.84302, 4.81897], [114.84469, 4.81605], [114.84811, 4.8148], [114.85576, 4.81987], [114.85728, 4.81748], [114.85588, 4.81247], [114.85812, 4.8117], [114.87969, 4.81534], [114.88219, 4.81871], [114.88795, 4.819], [114.89094, 4.81589], [114.90758, 4.81048], [114.91315, 4.81301], [114.91969, 4.81279], [114.92424, 4.81525], [114.93313, 4.81402], [114.93647, 4.81535], [114.94434, 4.81224], [114.94942, 4.81236], [114.9515, 4.81396], [114.965, 4.8086], [114.969, 4.81456], [114.97102, 4.82173], [114.97424, 4.82487], [114.98144, 4.8386], [114.98168, 4.84033], [114.97724, 4.84591], [114.97773, 4.85133], [114.98501, 4.85436], [114.98662, 4.85667], [114.9826, 4.8664], [114.98196, 4.87218], [114.99134, 4.88189], [115.0071, 4.8927], [115.01367, 4.89301]]]]}}, {"type": "Feature", "properties": {"state": "Sarawak", "seat": "N.80 Batu Danau", "seat_name": "Batu Danau"}, "geometry": {"type": "MultiPolygon", "coordinates": [[[[114.86077, 4.73564], [114.86183, 4.72426], [114.85845, 4.71111], [114.86122, 4.7064], [114.8696, 4.70264], [114.87546, 4.69548], [114.87566, 4.679], [114.87427, 4.67655], [114.87815, 4.67371], [114.88332, 4.67496], [114.88661, 4.67027], [114.89138, 4.66927], [114.89786, 4.65499], [114.90517, 4.65819], [114.90499, 4.6621], [114.91005, 4.66355], [114.91278, 4.66266], [114.91818, 4.66589], [114.92304, 4.6801], [114.92226, 4.68567], [114.93288, 4.68519], [114.92708, 4.67789], [114.92816, 4.67056], [114.92303, 4.67055], [114.92625, 4.66197], [114.93356, 4.66443], [114.94715, 4.65992], [114.9521, 4.65572], [114.94685, 4.64745], [114.94012, 4.64342], [114.93879, 4.64087], [114.94468, 4.63279], [114.94416, 4.62788], [114.94603, 4.62315], [114.94786, 4.62359], [114.95063, 4.62109], [114.94923, 4.6164], [114.95178, 4.61515], [114.95228, 4.61229], [114.94708, 4.60616], [114.94926, 4.60373], [114.95568, 4.60152], [114.95968, 4.59815], [114.96641, 4.6023], [114.96903, 4.6006], [114.97064, 4.6017], [114.97486, 4.59575], [114.98034, 4.59925], [114.98157, 4.595], [114.9863, 4.59168], [114.98828, 4.593], [114.99141, 4.59086], [115.00009, 4.58915], [115.00229, 4.592], [115.00682, 4.59206], [115.00871, 4.58949], [115.01024, 4.58963], [115.0117, 4.5765], [115.01573, 4.57462], [115.01756, 4.57151], [115.02116, 4.58989], [115.02751, 4.60959], [115.03068, 4.61704], [115.03419, 4.6197], [115.04043, 4.61822], [115.04101, 4.61514], [115.03881, 4.61412], [115.04202, 4.6114], [115.0434, 4.61191], [115.04303, 4.61001], [115.04529, 4.60766], [115.04426, 4.60532], [115.04826, 4.60091], [115.04674, 4.59951], [115.05009, 4.59867], [115.04942, 4.59493], [115.05512, 4.59629], [115.05676, 4.5948], [115.05779, 4.59084], [115.05581, 4.5903], [115.05771, 4.58606], [115.0577, 4.58077], [115.06361, 4.57939], [115.06548, 4.57624], [115.06519, 4.5742], [115.05998, 4.5731], [115.06164, 4.57161], [115.06315, 4.5726], [115.06438, 4.57102], [115.06342, 4.56951], [115.06686, 4.5671], [115.06634, 4.56527], [115.06911, 4.56431], [115.06573, 4.55927], [115.0674, 4.55648], [115.06426, 4.55517], [115.0636, 4.55312], [115.06775, 4.55106], [115.06606, 4.54762], [115.06773, 4.54527], [115.07142, 4.54203], [115.07547, 4.54125], [115.07524, 4.53867], [115.07832, 4.5338], [115.07768, 4.5282], [115.0792, 4.52651], [115.07791, 4.52182], [115.07475, 4.52335], [115.07388, 4.51907], [115.07677, 4.51136], [115.07385, 4.51029], [115.07298, 4.5075], [115.07465, 4.50514], [115.07647, 4.50744], [115.07827, 4.50735], [115.07863, 4.50443], [115.08409, 4.50284], [115.08219, 4.50054], [115.08628, 4.49497], [115.08295, 4.4937], [115.08303, 4.49242], [115.08742, 4.49323], [115.08926, 4.49088], [115.08789, 4.48474], [115.08624, 4.48413], [115.08586, 4.47894], [115.0879, 4.47675], [115.08793, 4.47378], [115.09196, 4.47373], [115.09083, 4.46965], [115.09309, 4.47047], [115.09021, 4.46714], [115.09205, 4.46586], [115.09036, 4.46294], [115.09191, 4.45857], [115.08972, 4.45503], [115.08668, 4.45438], [115.08843, 4.45083], [115.08617, 4.44853], [115.08586, 4.44396], [115.08848, 4.43967], [115.08473, 4.43733], [115.08592, 4.43523], [115.08435, 4.43354], [115.08673, 4.43407], [115.08676, 4.43036], [115.09052, 4.42654], [115.0952, 4.41577], [115.08935, 4.40207], [115.08543, 4.40083], [115.08552, 4.39432], [115.08191, 4.39251], [115.08288, 4.38813], [115.09392, 4.38449], [115.09645, 4.38018], [115.09854, 4.37947], [115.10104, 4.37313], [115.11158, 4.37326], [115.13577, 4.37832], [115.13729, 4.38411], [115.13898, 4.38469], [115.14747, 4.38251], [115.14944, 4.37739], [115.15182, 4.37561], [115.16573, 4.37041], [115.17625, 4.37213], [115.18158, 4.36715], [115.18995, 4.36256], [115.19984, 4.36236], [115.20724, 4.35987], [115.21305, 4.36517], [115.21523, 4.3646], [115.22779, 4.36844], [115.23547, 4.36549], [115.23713, 4.36356], [115.23444, 4.3477], [115.23633, 4.3431], [115.24698, 4.33649], [115.25631, 4.33978], [115.27257, 4.33343], [115.27498, 4.33046], [115.27844, 4.33011], [115.27808, 4.32715], [115.27635, 4.32699], [115.27704, 4.32525], [115.2862, 4.32435], [115.28981, 4.316], [115.29413, 4.31494], [115.29861, 4.30989], [115.31655, 4.29785], [115.32521, 4.2992], [115.32591, 4.30111], [115.32763, 4.30041], [115.32482, 4.28792], [115.32602, 4.28444], [115.33068, 4.2813], [115.32981, 4.27974], [115.33325, 4.27521], [115.33427, 4.27087], [115.33046, 4.27054], [115.32994, 4.26845], [115.32613, 4.2676], [115.32338, 4.27334], [115.3208, 4.27526], [115.32026, 4.27127], [115.31784, 4.27232], [115.31801, 4.27041], [115.3149, 4.2699], [115.31523, 4.26608], [115.30969, 4.26592], [115.30726, 4.26368], [115.30356, 4.24546], [115.30736, 4.24214], [115.30872, 4.23728], [115.30767, 4.23416], [115.30612, 4.23382], [115.3025, 4.23834], [115.30094, 4.23852], [115.30024, 4.23661], [115.29385, 4.23907], [115.29419, 4.23612], [115.28899, 4.23336], [115.28781, 4.22767], [115.28557, 4.22553], [115.28566, 4.22367], [115.28741, 4.22406], [115.2873, 4.22181], [115.29052, 4.22424], [115.29012, 4.22033], [115.29295, 4.22257], [115.2945, 4.22071], [115.29448, 4.21641], [115.2975, 4.21767], [115.29739, 4.21396], [115.29534, 4.21104], [115.30224, 4.20935], [115.3027, 4.2029], [115.30718, 4.20426], [115.30854, 4.20239], [115.31204, 4.20228], [115.31154, 4.19936], [115.31696, 4.18996], [115.31726, 4.19377], [115.32497, 4.19872], [115.32787, 4.19529], [115.33031, 4.19509], [115.33234, 4.19293], [115.33281, 4.18883], [115.32929, 4.18367], [115.3319, 4.17838], [115.33442, 4.17681], [115.34007, 4.17718], [115.34329, 4.18059], [115.34582, 4.18058], [115.3531, 4.17655], [115.35544, 4.17878], [115.3606, 4.17876], [115.36205, 4.17661], [115.36184, 4.17134], [115.3669, 4.17229], [115.36835, 4.16995], [115.37604, 4.1705], [115.37895, 4.16922], [115.38849, 4.17124], [115.38342, 4.1642], [115.39695, 4.16396], [115.40392, 4.15779], [115.4113, 4.16205], [115.41633, 4.16807], [115.42522, 4.16215], [115.43934, 4.15956], [115.44437, 4.15218], [115.44986, 4.14978], [115.45932, 4.14071], [115.47176, 4.11497], [115.47938, 4.11048], [115.48118, 4.10372], [115.47796, 4.09527], [115.49199, 4.08966], [115.49287, 4.08138], [115.49796, 4.07778], [115.50433, 4.06613], [115.50444, 4.05084], [115.50074, 4.04799], [115.49952, 4.04277], [115.49612, 4.04068], [115.49477, 4.03332], [115.49171, 4.03035], [115.49106, 4.02299], [115.49607, 4.01795], [115.48582, 4.01136], [115.47982, 3.98477], [115.49104, 3.98176], [115.49363, 3.9776], [115.50396, 3.97681], [115.50378, 3.97294], [115.50084, 3.97351], [115.49986, 3.97169], [115.49723, 3.95847], [115.50204, 3.95427], [115.50026, 3.94684], [115.50144, 3.94044], [115.51042, 3.931], [115.50963, 3.92395], [115.50374, 3.91973], [115.50379, 3.91586], [115.51123, 3.9115], [115.51962, 3.9114], [115.50421, 3.89989], [115.50167, 3.89268], [115.49455, 3.89075], [115.48904, 3.88558], [115.4889, 3.88277], [115.49468, 3.88119], [115.50491, 3.87214], [115.50478, 3.86776], [115.50762, 3.8643], [115.50388, 3.86226], [115.50261, 3.8581], [115.49806, 3.85439], [115.49583, 3.84919], [115.48504, 3.83788], [115.48456, 3.83531], [115.48729, 3.83245], [115.48528, 3.82296], [115.44832, 3.7879], [115.43827, 3.79051], [115.43398, 3.80608], [115.42884, 3.80878], [115.42182, 3.80611], [115.40605, 3.80636], [115.40136, 3.80525], [115.39801, 3.80236], [115.39285, 3.80388], [115.386, 3.80063], [115.37066, 3.78891], [115.36362, 3.79023], [115.36231, 3.78684], [115.35842, 3.78439], [115.34844, 3.78742], [115.34638, 3.78951], [115.34417, 3.78769], [115.33392, 3.78656], [115.32681, 3.79127], [115.3198, 3.79], [115.31501, 3.7921], [115.3141, 3.79028], [115.30959, 3.79746], [115.30735, 3.78822], [115.30579, 3.78705], [115.30359, 3.78927], [115.30752, 3.79929], [115.31142, 3.80305], [115.31052, 3.80487], [115.3165, 3.80811], [115.31919, 3.81273], [115.31988, 3.82193], [115.31134, 3.83084], [115.30298, 3.82598], [115.29789, 3.83054], [115.29184, 3.83063], [115.28922, 3.83218], [115.28804, 3.82874], [115.28257, 3.8292], [115.28178, 3.83199], [115.27755, 3.83274], [115.27406, 3.83597], [115.27266, 3.83187], [115.26573, 3.83139], [115.26132, 3.84232], [115.25729, 3.83706], [115.25452, 3.83604], [115.25321, 3.83912], [115.25512, 3.84117], [115.25491, 3.8438], [115.25113, 3.84726], [115.25648, 3.85479], [115.25408, 3.85809], [115.2532, 3.85714], [115.25073, 3.85847], [115.25177, 3.86528], [115.24684, 3.87277], [115.24955, 3.87547], [115.24767, 3.88857], [115.24104, 3.89158], [115.23913, 3.89506], [115.23456, 3.89835], [115.22242, 3.8992], [115.22172, 3.91111], [115.21112, 3.91271], [115.20209, 3.92127], [115.19579, 3.9239], [115.18922, 3.93748], [115.18513, 3.93466], [115.18524, 3.93745], [115.17703, 3.943], [115.1732, 3.94342], [115.17555, 3.94456], [115.17293, 3.94868], [115.17341, 3.95222], [115.17126, 3.95134], [115.17193, 3.95587], [115.16799, 3.95662], [115.16759, 3.966], [115.16607, 3.96857], [115.1633, 3.96924], [115.16141, 3.97364], [115.1623, 3.97708], [115.16449, 3.97809], [115.15596, 3.97974], [115.15752, 3.98647], [115.15979, 3.98837], [115.16146, 3.98785], [115.16578, 3.99237], [115.16653, 3.99764], [115.16486, 3.99934], [115.16589, 4.00138], [115.16998, 4.00342], [115.17267, 4.00216], [115.17302, 4.00512], [115.16842, 4.00713], [115.16356, 4.01214], [115.15218, 4.01229], [115.15398, 4.01424], [115.1528, 4.01831], [115.1494, 4.02156], [115.15124, 4.02347], [115.15047, 4.0278], [115.149, 4.03021], [115.14333, 4.03064], [115.14229, 4.03424], [115.13782, 4.03851], [115.13601, 4.03967], [115.13094, 4.03864], [115.12904, 4.04275], [115.12569, 4.04225], [115.12466, 4.03969], [115.11948, 4.04022], [115.12087, 4.04285], [115.11973, 4.0504], [115.115, 4.05481], [115.1169, 4.06169], [115.11544, 4.069], [115.1052, 4.07224], [115.10148, 4.07905], [115.08827, 4.08785], [115.0803, 4.09992], [115.07082, 4.1026], [115.05741, 4.10954], [115.04748, 4.10852], [115.04517, 4.10564], [115.03631, 4.10354], [115.01491, 4.11422], [115.00832, 4.11237], [114.99978, 4.10418], [114.98991, 4.10483], [114.98876, 4.09612], [114.98228, 4.08981], [114.97862, 4.09077], [114.96446, 4.10394], [114.95804, 4.1055], [114.95048, 4.10505], [114.9458, 4.1091], [114.93857, 4.10964], [114.93238, 4.12111], [114.9208, 4.12698], [114.9143, 4.12162], [114.90684, 4.12534], [114.90173, 4.12491], [114.89719, 4.12788], [114.89117, 4.12845], [114.88028, 4.12502], [114.85691, 4.12829], [114.83731, 4.13391], [114.82997, 4.13759], [114.82635, 4.14376], [114.82206, 4.14461], [114.81409, 4.13781], [114.80817, 4.13967], [114.79173, 4.13645], [114.78671, 4.13328], [114.79302, 4.14674], [114.79859, 4.15255], [114.79878, 4.16228], [114.79408, 4.16279], [114.78474, 4.15991], [114.78379, 4.16166], [114.78908, 4.17234], [114.79057, 4.17977], [114.79773, 4.19227], [114.82157, 4.22021], [114.84646, 4.26981], [114.84832, 4.27418], [114.84723, 4.27795], [114.8462, 4.27996], [114.84307, 4.28019], [114.82597, 4.26195], [114.81691, 4.2605], [114.80795, 4.2526], [114.80559, 4.25347], [114.80487, 4.25859], [114.86217, 4.34036], [114.87098, 4.37433], [114.86934, 4.39542], [114.87407, 4.40386], [114.87326, 4.40546], [114.87651, 4.41239], [114.87562, 4.4163], [114.87758, 4.42319], [114.87605, 4.42932], [114.87046, 4.42751], [114.86333, 4.43001], [114.8589, 4.42442], [114.85371, 4.42183], [114.84658, 4.42342], [114.8406, 4.422], [114.8349, 4.4228], [114.82907, 4.42725], [114.82667, 4.44939], [114.81954, 4.45111], [114.81464, 4.46232], [114.81396, 4.47529], [114.81104, 4.47757], [114.8125, 4.50122], [114.81003, 4.50533], [114.81289, 4.50921], [114.81301, 4.52027], [114.81477, 4.52232], [114.81244, 4.5236], [114.8142, 4.52613], [114.81275, 4.53112], [114.81635, 4.53189], [114.81403, 4.53443], [114.81423, 4.53902], [114.81133, 4.54313], [114.81446, 4.54849], [114.81185, 4.55495], [114.81351, 4.55826], [114.80877, 4.5689], [114.81141, 4.57143], [114.81044, 4.57525], [114.81201, 4.57827], [114.81173, 4.58247], [114.81115, 4.58491], [114.80708, 4.58863], [114.8066, 4.59254], [114.79919, 4.59582], [114.79831, 4.6167], [114.79385, 4.63067], [114.78948, 4.63554], [114.78782, 4.66374], [114.79017, 4.66961], [114.78415, 4.67485], [114.78347, 4.67788], [114.77615, 4.67964], [114.77497, 4.69024], [114.77003, 4.69059], [114.7671, 4.69537], [114.76767, 4.70118], [114.77281, 4.7034], [114.7736, 4.71213], [114.77331, 4.7174], [114.76644, 4.72185], [114.76754, 4.72939], [114.77055, 4.72723], [114.77132, 4.72361], [114.77901, 4.72515], [114.78358, 4.72152], [114.78082, 4.71255], [114.78657, 4.71204], [114.78949, 4.71233], [114.79248, 4.71529], [114.79664, 4.71385], [114.80168, 4.7145], [114.80531, 4.71932], [114.81675, 4.71618], [114.82203, 4.72024], [114.82787, 4.7211], [114.83249, 4.71978], [114.83335, 4.71273], [114.83709, 4.71143], [114.83575, 4.72835], [114.84035, 4.73305], [114.83999, 4.73485], [114.84514, 4.73479], [114.84924, 4.73892], [114.85299, 4.73973], [114.86077, 4.73564]]]]}}, {"type": "Feature", "properties": {"state": "Sarawak", "seat": "N.81 Ba'kelalan", "seat_name": "Ba'kelalan"}, "geometry": {"type": "MultiPolygon", "coordinates": [[[[115.58956, 4.98947], [115.60166, 4.97632], [115.61141, 4.97101], [115.61749, 4.9604], [115.6227, 4.95922], [115.62705, 4.9554], [115.63277, 4.9456], [115.63646, 4.91208], [115.64827, 4.88046], [115.64144, 4.8738], [115.64537, 4.8628], [115.64332, 4.84674], [115.64467, 4.83667], [115.6488, 4.82903], [115.65877, 4.82087], [115.65763, 4.79616], [115.66266, 4.78659], [115.66136, 4.77749], [115.6625, 4.76531], [115.66024, 4.75233], [115.66137, 4.74522], [115.65652, 4.74293], [115.65392, 4.7443], [115.64864, 4.74375], [115.63803, 4.73421], [115.63366, 4.72065], [115.61965, 4.69961], [115.6223, 4.69163], [115.61713, 4.68578], [115.6141, 4.66905], [115.61064, 4.66403], [115.60673, 4.65271], [115.59788, 4.64534], [115.59443, 4.63922], [115.58645, 4.63107], [115.58112, 4.62848], [115.57869, 4.62377], [115.56978, 4.61995], [115.56267, 4.60548], [115.56229, 4.59912], [115.55898, 4.59517], [115.54947, 4.57497], [115.55051, 4.56741], [115.56242, 4.55605], [115.56605, 4.54653], [115.57385, 4.54325], [115.57074, 4.53006], [115.56643, 4.5246], [115.57153, 4.51707], [115.57816, 4.51138], [115.57744, 4.5001], [115.58303, 4.4963], [115.58337, 4.49139], [115.57851, 4.48235], [115.58083, 4.4772], [115.58074, 4.47248], [115.57403, 4.46939], [115.57167, 4.46454], [115.56317, 4.46219], [115.56288, 4.45727], [115.56505, 4.45124], [115.57509, 4.442], [115.57745, 4.43352], [115.58093, 4.43111], [115.58233, 4.42003], [115.58497, 4.41751], [115.58946, 4.41628], [115.59062, 4.4073], [115.59466, 4.40173], [115.59847, 4.39134], [115.59668, 4.37675], [115.59082, 4.36629], [115.59243, 4.36105], [115.58941, 4.34109], [115.5916, 4.33857], [115.5967, 4.33669], [115.61048, 4.33528], [115.60858, 4.32314], [115.61412, 4.31744], [115.62203, 4.31655], [115.63533, 4.32723], [115.63684, 4.32675], [115.63694, 4.32235], [115.63901, 4.31985], [115.64429, 4.31812], [115.64615, 4.31918], [115.65182, 4.3144], [115.65885, 4.31535], [115.66929, 4.30546], [115.66834, 4.28958], [115.67414, 4.27429], [115.66876, 4.26777], [115.66962, 4.26364], [115.6672, 4.26131], [115.66627, 4.2573], [115.66719, 4.25142], [115.6601, 4.24669], [115.65938, 4.24179], [115.65577, 4.24065], [115.6521, 4.23671], [115.65156, 4.22886], [115.64767, 4.22663], [115.63885, 4.21638], [115.63898, 4.21343], [115.64387, 4.21099], [115.6449, 4.20388], [115.64104, 4.20025], [115.64043, 4.19487], [115.6418, 4.18878], [115.64036, 4.18196], [115.64376, 4.17192], [115.63762, 4.16616], [115.63627, 4.16317], [115.63697, 4.16016], [115.63129, 4.15422], [115.63049, 4.14358], [115.63198, 4.14147], [115.63903, 4.14064], [115.64162, 4.13678], [115.64149, 4.12805], [115.64804, 4.12554], [115.64969, 4.12303], [115.65094, 4.1143], [115.64744, 4.1091], [115.64589, 4.10229], [115.64691, 4.10027], [115.65546, 4.09528], [115.6628, 4.09862], [115.66606, 4.09817], [115.66998, 4.09486], [115.67102, 4.09021], [115.66722, 4.08145], [115.66756, 4.07915], [115.66457, 4.07682], [115.66443, 4.07202], [115.65965, 4.0651], [115.66012, 4.06307], [115.65685, 4.06016], [115.6575, 4.05694], [115.6551, 4.05282], [115.65292, 4.04117], [115.65089, 4.03753], [115.64663, 4.03562], [115.6457, 4.03344], [115.64752, 4.02882], [115.64606, 4.01975], [115.64369, 4.01771], [115.64506, 4.01501], [115.64434, 4.01192], [115.64252, 4.01035], [115.64307, 3.98754], [115.63918, 3.98131], [115.6399, 3.97879], [115.63679, 3.97232], [115.63407, 3.97081], [115.63364, 3.96214], [115.62637, 3.95821], [115.62149, 3.9469], [115.61116, 3.93707], [115.60293, 3.93982], [115.59123, 3.9392], [115.58348, 3.9436], [115.5771, 3.93977], [115.57372, 3.94059], [115.57197, 3.93572], [115.56033, 3.91982], [115.5521, 3.91831], [115.55912, 3.90883], [115.56835, 3.90128], [115.56873, 3.89802], [115.55913, 3.89803], [115.55467, 3.90234], [115.55016, 3.91059], [115.54146, 3.91513], [115.51868, 3.91106], [115.51123, 3.9115], [115.50379, 3.91586], [115.50374, 3.91973], [115.50963, 3.92395], [115.51042, 3.931], [115.50144, 3.94044], [115.50026, 3.94684], [115.50204, 3.95427], [115.49723, 3.95847], [115.49986, 3.97169], [115.50084, 3.97351], [115.50378, 3.97294], [115.50396, 3.97681], [115.49363, 3.9776], [115.49104, 3.98176], [115.47982, 3.98477], [115.48582, 4.01136], [115.49607, 4.01795], [115.49106, 4.02299], [115.49171, 4.03035], [115.49477, 4.03332], [115.49612, 4.04068], [115.49952, 4.04277], [115.50074, 4.04799], [115.50444, 4.05084], [115.50433, 4.06613], [115.49796, 4.07778], [115.49287, 4.08138], [115.49123, 4.0905], [115.48923, 4.08997], [115.47796, 4.09527], [115.48118, 4.10372], [115.47938, 4.11048], [115.47176, 4.11497], [115.45932, 4.14071], [115.44986, 4.14978], [115.44437, 4.15218], [115.43934, 4.15956], [115.42522, 4.16215], [115.41933, 4.16723], [115.41808, 4.16625], [115.41633, 4.16807], [115.4113, 4.16205], [115.40392, 4.15779], [115.39695, 4.16396], [115.38342, 4.1642], [115.38849, 4.17124], [115.37895, 4.16922], [115.37604, 4.1705], [115.36835, 4.16995], [115.3669, 4.17229], [115.36184, 4.17134], [115.36205, 4.17661], [115.3606, 4.17876], [115.35544, 4.17878], [115.3531, 4.17655], [115.34582, 4.18058], [115.34329, 4.18059], [115.34007, 4.17718], [115.33442, 4.17681], [115.3319, 4.17838], [115.32929, 4.18367], [115.33281, 4.18883], [115.33234, 4.19293], [115.33031, 4.19509], [115.32787, 4.19529], [115.32497, 4.19872], [115.31726, 4.19377], [115.31696, 4.18996], [115.31154, 4.19936], [115.31204, 4.20228], [115.30854, 4.20239], [115.30718, 4.20426], [115.3027, 4.2029], [115.30224, 4.20935], [115.29534, 4.21104], [115.29739, 4.21396], [115.2975, 4.21767], [115.29448, 4.21641], [115.2945, 4.22071], [115.29295, 4.22257], [115.29012, 4.22033], [115.29052, 4.22424], [115.2876, 4.22181], [115.28741, 4.22406], [115.28566, 4.22367], [115.28899, 4.23336], [115.29419, 4.23612], [115.29385, 4.23907], [115.30024, 4.23661], [115.30094, 4.23852], [115.3025, 4.23834], [115.30612, 4.23382], [115.30767, 4.23416], [115.30872, 4.23728], [115.30736, 4.24214], [115.30356, 4.24546], [115.30726, 4.26368], [115.30969, 4.26592], [115.31523, 4.26608], [115.3149, 4.2699], [115.31801, 4.27041], [115.31784, 4.27232], [115.32026, 4.27127], [115.3208, 4.27526], [115.32338, 4.27334], [115.32613, 4.2676], [115.32994, 4.26845], [115.33046, 4.27054], [115.33427, 4.27087], [115.33325, 4.27521], [115.32981, 4.27974], [115.33068, 4.2813], [115.32602, 4.28444], [115.32482, 4.28792], [115.3278, 4.29885], [115.32591, 4.30111], [115.33754, 4.30983], [115.3395, 4.31501], [115.34675, 4.3199], [115.3498, 4.32429], [115.34998, 4.32774], [115.35446, 4.33191], [115.35701, 4.33908], [115.35415, 4.34774], [115.34427, 4.35062], [115.33964, 4.35917], [115.33565, 4.36308], [115.33069, 4.37832], [115.32835, 4.37958], [115.32777, 4.3864], [115.32268, 4.38524], [115.31773, 4.39121], [115.29792, 4.39828], [115.29479, 4.40299], [115.29288, 4.41151], [115.27349, 4.43293], [115.26702, 4.44682], [115.27379, 4.47265], [115.26843, 4.47957], [115.26755, 4.48635], [115.27076, 4.51064], [115.26255, 4.51079], [115.26133, 4.53122], [115.26516, 4.53541], [115.26114, 4.54684], [115.26577, 4.55257], [115.26813, 4.56891], [115.27934, 4.57284], [115.27884, 4.58084], [115.28086, 4.58765], [115.27846, 4.5951], [115.28336, 4.60592], [115.28345, 4.61428], [115.27923, 4.62135], [115.28014, 4.63243], [115.27479, 4.63589], [115.27566, 4.63802], [115.26663, 4.6425], [115.25873, 4.65084], [115.25452, 4.64977], [115.24969, 4.65069], [115.25989, 4.66599], [115.26394, 4.68337], [115.25272, 4.69088], [115.24913, 4.6905], [115.24295, 4.69296], [115.23737, 4.70035], [115.24898, 4.71261], [115.25343, 4.72569], [115.25077, 4.73122], [115.24473, 4.73282], [115.24131, 4.73761], [115.23565, 4.7384], [115.2363, 4.7419], [115.23382, 4.74934], [115.22237, 4.75843], [115.23122, 4.79674], [115.23146, 4.80222], [115.22551, 4.80785], [115.22697, 4.80956], [115.24407, 4.81441], [115.24527, 4.81615], [115.25852, 4.81119], [115.26292, 4.80738], [115.26054, 4.80483], [115.25657, 4.80411], [115.2568, 4.80046], [115.26042, 4.79917], [115.26153, 4.79676], [115.25793, 4.78975], [115.25924, 4.78847], [115.26457, 4.78844], [115.26417, 4.78344], [115.26636, 4.78187], [115.2744, 4.79507], [115.2835, 4.80103], [115.28998, 4.82], [115.30651, 4.82223], [115.3148, 4.83029], [115.32465, 4.83686], [115.33755, 4.84176], [115.34074, 4.84622], [115.34895, 4.84808], [115.35572, 4.84685], [115.35402, 4.84999], [115.36385, 4.852], [115.36401, 4.83824], [115.36613, 4.83701], [115.36475, 4.83321], [115.3659, 4.8311], [115.36124, 4.82839], [115.36774, 4.81915], [115.37302, 4.81473], [115.37325, 4.81916], [115.37552, 4.82092], [115.37898, 4.81896], [115.38325, 4.81969], [115.39699, 4.81535], [115.40088, 4.81679], [115.39773, 4.81918], [115.39738, 4.82164], [115.40348, 4.82246], [115.41106, 4.8206], [115.4191, 4.81169], [115.4258, 4.81469], [115.42992, 4.81444], [115.43224, 4.81909], [115.43482, 4.81973], [115.43753, 4.81709], [115.44203, 4.81972], [115.44361, 4.82536], [115.44742, 4.82674], [115.44763, 4.8317], [115.44957, 4.82998], [115.45512, 4.82918], [115.45692, 4.83053], [115.45616, 4.84239], [115.45327, 4.84777], [115.45426, 4.85392], [115.44795, 4.85961], [115.44765, 4.86165], [115.45008, 4.86087], [115.45126, 4.86261], [115.45245, 4.86834], [115.45097, 4.87331], [115.45497, 4.87631], [115.45468, 4.88313], [115.45718, 4.89708], [115.46123, 4.90543], [115.47036, 4.91348], [115.48966, 4.9135], [115.49177, 4.91553], [115.49957, 4.91759], [115.49972, 4.91394], [115.5029, 4.91361], [115.5101, 4.91864], [115.51664, 4.91671], [115.52684, 4.91819], [115.52859, 4.92016], [115.52531, 4.92785], [115.53066, 4.92958], [115.53405, 4.92724], [115.5402, 4.92902], [115.53666, 4.93458], [115.53632, 4.94078], [115.5309, 4.94668], [115.53052, 4.94799], [115.5333, 4.94958], [115.52889, 4.95493], [115.52932, 4.9577], [115.53787, 4.95673], [115.541, 4.95551], [115.54235, 4.95311], [115.54632, 4.95377], [115.54653, 4.9568], [115.54984, 4.95393], [115.5557, 4.9627], [115.56919, 4.96593], [115.56431, 4.96803], [115.56563, 4.97225], [115.56447, 4.97317], [115.56661, 4.9753], [115.57449, 4.97521], [115.57403, 4.97787], [115.57947, 4.9815], [115.57766, 4.98377], [115.57822, 4.98834], [115.5845, 4.99194], [115.58956, 4.98947]]]]}}, {"type": "Feature", "properties": {"state": "Sarawak", "seat": "N.82 Bukit Sari", "seat_name": "Bukit Sari"}, "geometry": {"type": "MultiPolygon", "coordinates": [[[[115.5749, 4.98819], [115.57839, 4.98823], [115.57763, 4.98394], [115.5794, 4.98139], [115.57403, 4.97787], [115.5741, 4.97483], [115.56661, 4.9753], [115.56447, 4.97317], [115.56563, 4.97225], [115.56431, 4.96803], [115.56919, 4.96593], [115.5557, 4.9627], [115.54984, 4.95393], [115.54653, 4.9568], [115.54632, 4.95377], [115.54235, 4.95311], [115.54087, 4.95561], [115.53483, 4.95778], [115.52914, 4.95745], [115.52889, 4.95493], [115.5333, 4.94958], [115.53052, 4.94799], [115.5309, 4.94668], [115.53632, 4.94078], [115.53666, 4.93458], [115.5402, 4.92902], [115.53405, 4.92724], [115.53066, 4.92958], [115.52531, 4.92785], [115.52859, 4.92016], [115.52695, 4.91827], [115.51703, 4.9167], [115.5101, 4.91864], [115.5029, 4.91361], [115.49972, 4.91394], [115.49957, 4.91759], [115.49177, 4.91553], [115.48966, 4.9135], [115.47036, 4.91348], [115.46123, 4.90543], [115.45718, 4.89708], [115.45468, 4.88313], [115.45497, 4.87631], [115.45097, 4.87331], [115.45245, 4.86834], [115.45126, 4.86261], [115.45008, 4.86087], [115.44765, 4.86165], [115.44795, 4.85961], [115.45426, 4.85392], [115.45327, 4.84777], [115.45616, 4.84239], [115.45692, 4.83053], [115.45512, 4.82918], [115.44957, 4.82998], [115.44763, 4.8317], [115.44742, 4.82674], [115.44361, 4.82536], [115.44276, 4.8203], [115.43753, 4.81709], [115.43482, 4.81973], [115.43224, 4.81909], [115.42984, 4.81441], [115.4258, 4.81469], [115.4191, 4.81169], [115.41106, 4.8206], [115.40348, 4.82246], [115.39738, 4.82164], [115.39773, 4.81918], [115.40088, 4.81679], [115.39699, 4.81535], [115.38325, 4.81969], [115.37898, 4.81896], [115.37552, 4.82092], [115.37325, 4.81916], [115.37302, 4.81473], [115.36774, 4.81915], [115.36124, 4.82839], [115.3659, 4.8311], [115.36475, 4.83321], [115.36613, 4.83701], [115.36401, 4.83824], [115.36385, 4.852], [115.35402, 4.84999], [115.35572, 4.84685], [115.34895, 4.84808], [115.34074, 4.84622], [115.33755, 4.84176], [115.32416, 4.83657], [115.31438, 4.82999], [115.30627, 4.82212], [115.29037, 4.82029], [115.2835, 4.80103], [115.27451, 4.79519], [115.26543, 4.78171], [115.26406, 4.78402], [115.26457, 4.78844], [115.25924, 4.78847], [115.25793, 4.78975], [115.26153, 4.79676], [115.26042, 4.79917], [115.2568, 4.80046], [115.25657, 4.80411], [115.26054, 4.80483], [115.26292, 4.80738], [115.25852, 4.81119], [115.24527, 4.81615], [115.24407, 4.81441], [115.22697, 4.80956], [115.22551, 4.80785], [115.2276, 4.80624], [115.22239, 4.8083], [115.21629, 4.81265], [115.21728, 4.81546], [115.18485, 4.84063], [115.18017, 4.84853], [115.17762, 4.8499], [115.17978, 4.85363], [115.17546, 4.85848], [115.17864, 4.86128], [115.17933, 4.86733], [115.17112, 4.8688], [115.1663, 4.86662], [115.16224, 4.87343], [115.15245, 4.86912], [115.14319, 4.87264], [115.14429, 4.87807], [115.14708, 4.88009], [115.14615, 4.88647], [115.14908, 4.88798], [115.15321, 4.88664], [115.15382, 4.88822], [115.15234, 4.8965], [115.14816, 4.90027], [115.15003, 4.90584], [115.14854, 4.91245], [115.16103, 4.91593], [115.17493, 4.92653], [115.18104, 4.92588], [115.18671, 4.92849], [115.18871, 4.9314], [115.19052, 4.94273], [115.18348, 4.95722], [115.18325, 4.96052], [115.18956, 4.96642], [115.19467, 4.96411], [115.19945, 4.96499], [115.20334, 4.96287], [115.21436, 4.96203], [115.21645, 4.96688], [115.21908, 4.96295], [115.22253, 4.96131], [115.23014, 4.95016], [115.22844, 4.94633], [115.2329, 4.9449], [115.23096, 4.93701], [115.2347, 4.92906], [115.23627, 4.92976], [115.23668, 4.92665], [115.23919, 4.92573], [115.23733, 4.92197], [115.24238, 4.92072], [115.23898, 4.91958], [115.24069, 4.91507], [115.25081, 4.91842], [115.25872, 4.91628], [115.26599, 4.91183], [115.26944, 4.91306], [115.27082, 4.9155], [115.28097, 4.91324], [115.28913, 4.90729], [115.29208, 4.90923], [115.30739, 4.89494], [115.31738, 4.89081], [115.32279, 4.89291], [115.33802, 4.89339], [115.34738, 4.89582], [115.34811, 4.89754], [115.35055, 4.8968], [115.36218, 4.90102], [115.36558, 4.90406], [115.37028, 4.90393], [115.37353, 4.90796], [115.3756, 4.9071], [115.37576, 4.91008], [115.37947, 4.91039], [115.38313, 4.9146], [115.38231, 4.91797], [115.38464, 4.92379], [115.38624, 4.92599], [115.38855, 4.92572], [115.38951, 4.9321], [115.38819, 4.93414], [115.38357, 4.9359], [115.38239, 4.94117], [115.38813, 4.94541], [115.39087, 4.94013], [115.39831, 4.9411], [115.40037, 4.94841], [115.40298, 4.95305], [115.40476, 4.95354], [115.40566, 4.96803], [115.41188, 4.97323], [115.41392, 4.97708], [115.42085, 4.97454], [115.42631, 4.9753], [115.43268, 4.9788], [115.44043, 4.9799], [115.44729, 4.98544], [115.447, 4.98028], [115.44346, 4.97462], [115.45602, 4.96623], [115.49784, 4.95952], [115.50292, 4.96018], [115.56034, 4.98368], [115.56986, 4.99274], [115.5749, 4.98819]]]]}}], "_provenance": {"source": "https://github.com/atifmustaffa/malaysia-geojson (malaysia.dun.geojson)", "licence": "MIT (c) 2026 Atif Mustaffa — see LICENSE in this directory", "downloaded": "2026-08-29", "simplification": "none (original coordinates)", "modified_by": "HitungKerusi 222 research pipeline (seat-name normalisation, per-state split)"}}